instrument_code,valuation_date,price,volume
SC00.INE,6/22/2026,503.0,437.0
SC00.INE,6/23/2026,486.8,828.0
SC00.INE,6/24/2026,481.1,900.0
SC00.INE,6/25/2026,459.3,169.0
SC00.INE,6/26/2026,458.9,117.0
SC00.INE,6/29/2026,457.1,60.0
SC00.INE,6/30/2026,457.2,24.0
SC00.INE,7/1/2026,451.3,61455.0
SC00.INE,7/2/2026,434.3,66647.0
SC00.INE,7/3/2026,441.3,58298.0
SC00.INE,7/6/2026,438.6,48995.0
SC00.INE,7/7/2026,443.0,43078.0
SC00.INE,7/8/2026,466.8,81529.0
SC00.INE,7/9/2026,473.6,147207.0
SC00.INE,7/10/2026,466.6,76811.0
SC00.INE,7/13/2026,478.0,84420.0
SC00.INE,7/14/2026,516.0,112516.0
SC00.INE,7/15/2026,515.7,100689.0
SC00.INE,7/16/2026,509.0,51015.0
SC00.INE,7/17/2026,508.1,37000.0
SC00.INE,7/20/2026,544.0,25392.0
SC00.INE,7/21/2026,534.2,10369.0
SC00.INE,7/22/2026,582.6,1546.0
SC00.INE,7/23/2026,577.2,699.0
SC00.INE,7/24/2026,594.8,1098.0
SC00.INE,7/27/2026,568.0,283.0
SC00.INE,7/28/2026,555.2,304.0
SC00.INE,7/29/2026,580.0,13.0
SC00.INE,7/30/2026,575.0,1.0
SC00.INE,7/31/2026,540.0,5.0
SC00.INE,8/3/2026,530.2,156099.0
SC00.INE,8/4/2026,538.0,101034.0
SC00.INE,8/5/2026,505.7,142382.0
SC00.INE,8/6/2026,515.2,131989.0
SC00.INE,8/7/2026,531.4,117633.0
SC00.INE,8/10/2026,531.1,106018.0
SC00.INE,8/11/2026,563.8,111220.0
SC00.INE,8/12/2026,556.1,102791.0
SC00.INE,8/13/2026,557.5,93954.0
SC00.INE,8/14/2026,562.6,108837.0
SC00.INE,8/17/2026,574.7,83410.0
SC00.INE,8/18/2026,601.0,63223.0
SC00.INE,8/19/2026,606.8,19877.0
SC00.INE,8/20/2026,611.0,1065.0
SC00.INE,8/21/2026,616.1,1054.0
SC00.INE,8/24/2026,623.8,702.0
SC00.INE,8/25/2026,661.2,502.0
SC00.INE,8/26/2026,628.9,1013.0
SC00.INE,8/27/2026,625.0,43.0
SC00.INE,8/28/2026,581.0,17.0
SC01.INE,6/22/2026,507.2,24743.0
SC01.INE,6/23/2026,491.4,39809.0
SC01.INE,6/24/2026,486.1,38415.0
SC01.INE,6/25/2026,463.7,61958.0
SC01.INE,6/26/2026,467.2,65508.0
SC01.INE,6/29/2026,464.3,75240.0
SC01.INE,6/30/2026,460.3,54282.0
SC01.INE,7/1/2026,454.9,25044.0
SC01.INE,7/2/2026,437.9,27360.0
SC01.INE,7/3/2026,444.2,25316.0
SC01.INE,7/6/2026,441.5,25616.0
SC01.INE,7/7/2026,446.7,25498.0
SC01.INE,7/8/2026,470.0,56171.0
SC01.INE,7/9/2026,478.2,91848.0
SC01.INE,7/10/2026,471.2,51443.0
SC01.INE,7/13/2026,482.6,65832.0
SC01.INE,7/14/2026,519.4,101073.0
SC01.INE,7/15/2026,521.1,91301.0
SC01.INE,7/16/2026,514.7,86724.0
SC01.INE,7/17/2026,510.5,120468.0
SC01.INE,7/20/2026,548.4,150761.0
SC01.INE,7/21/2026,531.0,120941.0
SC01.INE,7/22/2026,559.4,140296.0
SC01.INE,7/23/2026,573.0,145690.0
SC01.INE,7/24/2026,589.4,214567.0
SC01.INE,7/27/2026,542.1,205192.0
SC01.INE,7/28/2026,532.7,159533.0
SC01.INE,7/29/2026,544.2,163392.0
SC01.INE,7/30/2026,568.2,161907.0
SC01.INE,7/31/2026,546.1,145351.0
SC01.INE,8/3/2026,519.7,32248.0
SC01.INE,8/4/2026,527.1,24429.0
SC01.INE,8/5/2026,500.0,43521.0
SC01.INE,8/6/2026,507.4,39853.0
SC01.INE,8/7/2026,521.5,35807.0
SC01.INE,8/10/2026,523.4,33873.0
SC01.INE,8/11/2026,556.6,47852.0
SC01.INE,8/12/2026,552.1,49557.0
SC01.INE,8/13/2026,553.5,46990.0
SC01.INE,8/14/2026,556.2,76261.0
SC01.INE,8/17/2026,561.6,77604.0
SC01.INE,8/18/2026,584.8,98703.0
SC01.INE,8/19/2026,585.8,115650.0
SC01.INE,8/20/2026,583.4,145376.0
SC01.INE,8/21/2026,592.9,132364.0
SC01.INE,8/24/2026,587.8,152210.0
SC01.INE,8/25/2026,584.1,165640.0
SC01.INE,8/26/2026,556.4,149462.0
SC01.INE,8/27/2026,576.5,166524.0
SC01.INE,8/28/2026,596.5,153166.0
SC02.INE,6/22/2026,510.9,10464.0
SC02.INE,6/23/2026,495.0,17825.0
SC02.INE,6/24/2026,490.0,18190.0
SC02.INE,6/25/2026,466.9,28223.0
SC02.INE,6/26/2026,471.5,25234.0
SC02.INE,6/29/2026,468.4,29473.0
SC02.INE,6/30/2026,464.4,23620.0
SC02.INE,7/1/2026,460.0,5774.0
SC02.INE,7/2/2026,442.7,8430.0
SC02.INE,7/3/2026,449.0,10004.0
SC02.INE,7/6/2026,445.7,9252.0
SC02.INE,7/7/2026,451.3,6222.0
SC02.INE,7/8/2026,472.6,13883.0
SC02.INE,7/9/2026,482.0,18372.0
SC02.INE,7/10/2026,474.9,10574.0
SC02.INE,7/13/2026,486.5,13063.0
SC02.INE,7/14/2026,521.9,19183.0
SC02.INE,7/15/2026,524.3,16737.0
SC02.INE,7/16/2026,518.1,12790.0
SC02.INE,7/17/2026,514.4,19243.0
SC02.INE,7/20/2026,550.8,22388.0
SC02.INE,7/21/2026,534.1,18902.0
SC02.INE,7/22/2026,558.4,23492.0
SC02.INE,7/23/2026,570.8,25649.0
SC02.INE,7/24/2026,583.2,36528.0
SC02.INE,7/27/2026,537.8,45029.0
SC02.INE,7/28/2026,524.2,32011.0
SC02.INE,7/29/2026,534.9,29621.0
SC02.INE,7/30/2026,552.8,32012.0
SC02.INE,7/31/2026,531.3,27708.0
SC02.INE,8/3/2026,515.7,8155.0
SC02.INE,8/4/2026,522.9,6910.0
SC02.INE,8/5/2026,496.7,10982.0
SC02.INE,8/6/2026,502.9,9255.0
SC02.INE,8/7/2026,516.1,8403.0
SC02.INE,8/10/2026,518.0,6773.0
SC02.INE,8/11/2026,549.5,8250.0
SC02.INE,8/12/2026,545.3,9852.0
SC02.INE,8/13/2026,544.6,8979.0
SC02.INE,8/14/2026,547.1,9477.0
SC02.INE,8/17/2026,551.5,9817.0
SC02.INE,8/18/2026,574.3,11006.0
SC02.INE,8/19/2026,575.0,12311.0
SC02.INE,8/20/2026,572.4,20233.0
SC02.INE,8/21/2026,581.1,15835.0
SC02.INE,8/24/2026,576.6,19059.0
SC02.INE,8/25/2026,575.4,27219.0
SC02.INE,8/26/2026,547.7,26566.0
SC02.INE,8/27/2026,563.0,30187.0
SC02.INE,8/28/2026,580.8,30033.0
SC03.INE,6/22/2026,511.5,1731.0
SC03.INE,6/23/2026,496.8,4198.0
SC03.INE,6/24/2026,493.0,6137.0
SC03.INE,6/25/2026,471.3,11116.0
SC03.INE,6/26/2026,475.7,9732.0
SC03.INE,6/29/2026,473.0,9508.0
SC03.INE,6/30/2026,469.9,5665.0
SC03.INE,7/1/2026,464.1,858.0
SC03.INE,7/2/2026,447.4,1486.0
SC03.INE,7/3/2026,452.5,2406.0
SC03.INE,7/6/2026,449.1,2389.0
SC03.INE,7/7/2026,454.7,1273.0
SC03.INE,7/8/2026,476.0,2012.0
SC03.INE,7/9/2026,484.3,3850.0
SC03.INE,7/10/2026,477.1,1816.0
SC03.INE,7/13/2026,489.7,1889.0
SC03.INE,7/14/2026,524.5,2448.0
SC03.INE,7/15/2026,526.5,1870.0
SC03.INE,7/16/2026,520.7,1474.0
SC03.INE,7/17/2026,515.0,2269.0
SC03.INE,7/20/2026,551.4,2683.0
SC03.INE,7/21/2026,535.7,1821.0
SC03.INE,7/22/2026,557.3,3616.0
SC03.INE,7/23/2026,567.6,5598.0
SC03.INE,7/24/2026,576.4,7497.0
SC03.INE,7/27/2026,533.9,11501.0
SC03.INE,7/28/2026,520.2,8178.0
SC03.INE,7/29/2026,529.9,8354.0
SC03.INE,7/30/2026,546.0,8813.0
SC03.INE,7/31/2026,525.4,8505.0
SC03.INE,8/3/2026,513.8,4074.0
SC03.INE,8/4/2026,520.4,2784.0
SC03.INE,8/5/2026,495.5,5292.0
SC03.INE,8/6/2026,500.8,4879.0
SC03.INE,8/7/2026,512.7,3766.0
SC03.INE,8/10/2026,515.5,3569.0
SC03.INE,8/11/2026,546.0,3629.0
SC03.INE,8/12/2026,541.4,3780.0
SC03.INE,8/13/2026,540.0,3923.0
SC03.INE,8/14/2026,541.8,5339.0
SC03.INE,8/17/2026,545.1,4664.0
SC03.INE,8/18/2026,567.3,4983.0
SC03.INE,8/19/2026,568.7,5471.0
SC03.INE,8/20/2026,564.6,8598.0
SC03.INE,8/21/2026,573.8,6035.0
SC03.INE,8/24/2026,569.9,7610.0
SC03.INE,8/25/2026,568.5,9916.0
SC03.INE,8/26/2026,541.5,8696.0
SC03.INE,8/27/2026,553.5,8833.0
SC03.INE,8/28/2026,567.0,8357.0
SC2707.INE,6/22/2026,503.0,437.0
SC2707.INE,6/23/2026,486.8,828.0
SC2707.INE,6/24/2026,481.1,900.0
SC2707.INE,6/25/2026,459.3,169.0
SC2707.INE,6/26/2026,458.9,117.0
SC2707.INE,6/29/2026,457.1,60.0
SC2707.INE,6/30/2026,457.2,24.0
SC2708.INE,6/22/2026,507.2,24743.0
SC2708.INE,6/23/2026,491.4,39809.0
SC2708.INE,6/24/2026,486.1,38415.0
SC2708.INE,6/25/2026,463.7,61958.0
SC2708.INE,6/26/2026,467.2,65508.0
SC2708.INE,6/29/2026,464.3,75240.0
SC2708.INE,6/30/2026,460.3,54282.0
SC2708.INE,7/1/2026,451.3,61455.0
SC2708.INE,7/2/2026,434.3,66647.0
SC2708.INE,7/3/2026,441.3,58298.0
SC2708.INE,7/6/2026,438.6,48995.0
SC2708.INE,7/7/2026,443.0,43078.0
SC2708.INE,7/8/2026,466.8,81529.0
SC2708.INE,7/9/2026,473.6,147207.0
SC2708.INE,7/10/2026,466.6,76811.0
SC2708.INE,7/13/2026,478.0,84420.0
SC2708.INE,7/14/2026,516.0,112516.0
SC2708.INE,7/15/2026,515.7,100689.0
SC2708.INE,7/16/2026,509.0,51015.0
SC2708.INE,7/17/2026,508.1,37000.0
SC2708.INE,7/20/2026,544.0,25392.0
SC2708.INE,7/21/2026,534.2,10369.0
SC2708.INE,7/22/2026,582.6,1546.0
SC2708.INE,7/23/2026,577.2,699.0
SC2708.INE,7/24/2026,594.8,1098.0
SC2708.INE,7/27/2026,568.0,283.0
SC2708.INE,7/28/2026,555.2,304.0
SC2708.INE,7/29/2026,580.0,13.0
SC2708.INE,7/30/2026,575.0,1.0
SC2708.INE,7/31/2026,540.0,5.0
SC2609.INE,6/22/2026,510.9,10464.0
SC2609.INE,6/23/2026,495.0,17825.0
SC2609.INE,6/24/2026,490.0,18190.0
SC2609.INE,6/25/2026,466.9,28223.0
SC2609.INE,6/26/2026,471.5,25234.0
SC2609.INE,6/29/2026,468.4,29473.0
SC2609.INE,6/30/2026,464.4,23620.0
SC2609.INE,7/1/2026,454.9,25044.0
SC2609.INE,7/2/2026,437.9,27360.0
SC2609.INE,7/3/2026,444.2,25316.0
SC2609.INE,7/6/2026,441.5,25616.0
SC2609.INE,7/7/2026,446.7,25498.0
SC2609.INE,7/8/2026,470.0,56171.0
SC2609.INE,7/9/2026,478.2,91848.0
SC2609.INE,7/10/2026,471.2,51443.0
SC2609.INE,7/13/2026,482.6,65832.0
SC2609.INE,7/14/2026,519.4,101073.0
SC2609.INE,7/15/2026,521.1,91301.0
SC2609.INE,7/16/2026,514.7,86724.0
SC2609.INE,7/17/2026,510.5,120468.0
SC2609.INE,7/20/2026,548.4,150761.0
SC2609.INE,7/21/2026,531.0,120941.0
SC2609.INE,7/22/2026,559.4,140296.0
SC2609.INE,7/23/2026,573.0,145690.0
SC2609.INE,7/24/2026,589.4,214567.0
SC2609.INE,7/27/2026,542.1,205192.0
SC2609.INE,7/28/2026,532.7,159533.0
SC2609.INE,7/29/2026,544.2,163392.0
SC2609.INE,7/30/2026,568.2,161907.0
SC2609.INE,7/31/2026,546.1,145351.0
SC2609.INE,8/3/2026,530.2,156099.0
SC2609.INE,8/4/2026,538.0,101034.0
SC2609.INE,8/5/2026,505.7,142382.0
SC2609.INE,8/6/2026,515.2,131989.0
SC2609.INE,8/7/2026,531.4,117633.0
SC2609.INE,8/10/2026,531.1,106018.0
SC2609.INE,8/11/2026,563.8,111220.0
SC2609.INE,8/12/2026,556.1,102791.0
SC2609.INE,8/13/2026,557.5,93954.0
SC2609.INE,8/14/2026,562.6,108837.0
SC2609.INE,8/17/2026,574.7,83410.0
SC2609.INE,8/18/2026,601.0,63223.0
SC2609.INE,8/19/2026,606.8,19877.0
SC2609.INE,8/20/2026,611.0,1065.0
SC2609.INE,8/21/2026,616.1,1054.0
SC2609.INE,8/24/2026,623.8,702.0
SC2609.INE,8/25/2026,661.2,502.0
SC2609.INE,8/26/2026,628.9,1013.0
SC2609.INE,8/27/2026,625.0,43.0
SC2609.INE,8/28/2026,581.0,17.0
SC2610.INE,6/22/2026,511.5,1731.0
SC2610.INE,6/23/2026,496.8,4198.0
SC2610.INE,6/24/2026,493.0,6137.0
SC2610.INE,6/25/2026,471.3,11116.0
SC2610.INE,6/26/2026,475.7,9732.0
SC2610.INE,6/29/2026,473.0,9508.0
SC2610.INE,6/30/2026,469.9,5665.0
SC2610.INE,7/1/2026,460.0,5774.0
SC2610.INE,7/2/2026,442.7,8430.0
SC2610.INE,7/3/2026,449.0,10004.0
SC2610.INE,7/6/2026,445.7,9252.0
SC2610.INE,7/7/2026,451.3,6222.0
SC2610.INE,7/8/2026,472.6,13883.0
SC2610.INE,7/9/2026,482.0,18372.0
SC2610.INE,7/10/2026,474.9,10574.0
SC2610.INE,7/13/2026,486.5,13063.0
SC2610.INE,7/14/2026,521.9,19183.0
SC2610.INE,7/15/2026,524.3,16737.0
SC2610.INE,7/16/2026,518.1,12790.0
SC2610.INE,7/17/2026,514.4,19243.0
SC2610.INE,7/20/2026,550.8,22388.0
SC2610.INE,7/21/2026,534.1,18902.0
SC2610.INE,7/22/2026,558.4,23492.0
SC2610.INE,7/23/2026,570.8,25649.0
SC2610.INE,7/24/2026,583.2,36528.0
SC2610.INE,7/27/2026,537.8,45029.0
SC2610.INE,7/28/2026,524.2,32011.0
SC2610.INE,7/29/2026,534.9,29621.0
SC2610.INE,7/30/2026,552.8,32012.0
SC2610.INE,7/31/2026,531.3,27708.0
SC2610.INE,8/3/2026,519.7,32248.0
SC2610.INE,8/4/2026,527.1,24429.0
SC2610.INE,8/5/2026,500.0,43521.0
SC2610.INE,8/6/2026,507.4,39853.0
SC2610.INE,8/7/2026,521.5,35807.0
SC2610.INE,8/10/2026,523.4,33873.0
SC2610.INE,8/11/2026,556.6,47852.0
SC2610.INE,8/12/2026,552.1,49557.0
SC2610.INE,8/13/2026,553.5,46990.0
SC2610.INE,8/14/2026,556.2,76261.0
SC2610.INE,8/17/2026,561.6,77604.0
SC2610.INE,8/18/2026,584.8,98703.0
SC2610.INE,8/19/2026,585.8,115650.0
SC2610.INE,8/20/2026,583.4,145376.0
SC2610.INE,8/21/2026,592.9,132364.0
SC2610.INE,8/24/2026,587.8,152210.0
SC2610.INE,8/25/2026,584.1,165640.0
SC2610.INE,8/26/2026,556.4,149462.0
SC2610.INE,8/27/2026,576.5,166524.0
SC2610.INE,8/28/2026,596.5,153166.0
SC2611.INE,6/22/2026,511.9,191.0
SC2611.INE,6/23/2026,499.1,1224.0
SC2611.INE,6/24/2026,495.0,1788.0
SC2611.INE,6/25/2026,474.5,2209.0
SC2611.INE,6/26/2026,480.2,2139.0
SC2611.INE,6/29/2026,477.7,1443.0
SC2611.INE,6/30/2026,474.0,348.0
SC2611.INE,7/1/2026,464.1,858.0
SC2611.INE,7/2/2026,447.4,1486.0
SC2611.INE,7/3/2026,452.5,2406.0
SC2611.INE,7/6/2026,449.1,2389.0
SC2611.INE,7/7/2026,454.7,1273.0
SC2611.INE,7/8/2026,476.0,2012.0
SC2611.INE,7/9/2026,484.3,3850.0
SC2611.INE,7/10/2026,477.1,1816.0
SC2611.INE,7/13/2026,489.7,1889.0
SC2611.INE,7/14/2026,524.5,2448.0
SC2611.INE,7/15/2026,526.5,1870.0
SC2611.INE,7/16/2026,520.7,1474.0
SC2611.INE,7/17/2026,515.0,2269.0
SC2611.INE,7/20/2026,551.4,2683.0
SC2611.INE,7/21/2026,535.7,1821.0
SC2611.INE,7/22/2026,557.3,3616.0
SC2611.INE,7/23/2026,567.6,5598.0
SC2611.INE,7/24/2026,576.4,7497.0
SC2611.INE,7/27/2026,533.9,11501.0
SC2611.INE,7/28/2026,520.2,8178.0
SC2611.INE,7/29/2026,529.9,8354.0
SC2611.INE,7/30/2026,546.0,8813.0
SC2611.INE,7/31/2026,525.4,8505.0
SC2611.INE,8/3/2026,515.7,8155.0
SC2611.INE,8/4/2026,522.9,6910.0
SC2611.INE,8/5/2026,496.7,10982.0
SC2611.INE,8/6/2026,502.9,9255.0
SC2611.INE,8/7/2026,516.1,8403.0
SC2611.INE,8/10/2026,518.0,6773.0
SC2611.INE,8/11/2026,549.5,8250.0
SC2611.INE,8/12/2026,545.3,9852.0
SC2611.INE,8/13/2026,544.6,8979.0
SC2611.INE,8/14/2026,547.1,9477.0
SC2611.INE,8/17/2026,551.5,9817.0
SC2611.INE,8/18/2026,574.3,11006.0
SC2611.INE,8/19/2026,575.0,12311.0
SC2611.INE,8/20/2026,572.4,20233.0
SC2611.INE,8/21/2026,581.1,15835.0
SC2611.INE,8/24/2026,576.6,19059.0
SC2611.INE,8/25/2026,575.4,27219.0
SC2611.INE,8/26/2026,547.7,26566.0
SC2611.INE,8/27/2026,563.0,30187.0
SC2611.INE,8/28/2026,580.8,30033.0
SC2612.INE,6/22/2026,512.0,716.0
SC2612.INE,6/23/2026,499.7,1790.0
SC2612.INE,6/24/2026,496.6,2001.0
SC2612.INE,6/25/2026,476.7,5327.0
SC2612.INE,6/26/2026,483.8,3354.0
SC2612.INE,6/29/2026,481.5,2917.0
SC2612.INE,6/30/2026,477.6,1919.0
SC2612.INE,7/1/2026,468.7,2421.0
SC2612.INE,7/2/2026,451.7,3139.0
SC2612.INE,7/3/2026,457.0,2800.0
SC2612.INE,7/6/2026,453.0,2610.0
SC2612.INE,7/7/2026,458.7,1609.0
SC2612.INE,7/8/2026,478.7,3397.0
SC2612.INE,7/9/2026,487.5,5633.0
SC2612.INE,7/10/2026,480.8,2399.0
SC2612.INE,7/13/2026,492.8,3158.0
SC2612.INE,7/14/2026,526.0,4787.0
SC2612.INE,7/15/2026,528.6,3292.0
SC2612.INE,7/16/2026,522.6,2620.0
SC2612.INE,7/17/2026,517.5,3575.0
SC2612.INE,7/20/2026,551.2,4692.0
SC2612.INE,7/21/2026,536.2,3970.0
SC2612.INE,7/22/2026,556.1,5192.0
SC2612.INE,7/23/2026,564.5,5219.0
SC2612.INE,7/24/2026,570.8,6698.0
SC2612.INE,7/27/2026,532.8,7452.0
SC2612.INE,7/28/2026,517.8,4880.0
SC2612.INE,7/29/2026,527.2,4563.0
SC2612.INE,7/30/2026,541.7,4652.0
SC2612.INE,7/31/2026,523.4,3110.0
SC2612.INE,8/3/2026,513.8,4074.0
SC2612.INE,8/4/2026,520.4,2784.0
SC2612.INE,8/5/2026,495.5,5292.0
SC2612.INE,8/6/2026,500.8,4879.0
SC2612.INE,8/7/2026,512.7,3766.0
SC2612.INE,8/10/2026,515.5,3569.0
SC2612.INE,8/11/2026,546.0,3629.0
SC2612.INE,8/12/2026,541.4,3780.0
SC2612.INE,8/13/2026,540.0,3923.0
SC2612.INE,8/14/2026,541.8,5339.0
SC2612.INE,8/17/2026,545.1,4664.0
SC2612.INE,8/18/2026,567.3,4983.0
SC2612.INE,8/19/2026,568.7,5471.0
SC2612.INE,8/20/2026,564.6,8598.0
SC2612.INE,8/21/2026,573.8,6035.0
SC2612.INE,8/24/2026,569.9,7610.0
SC2612.INE,8/25/2026,568.5,9916.0
SC2612.INE,8/26/2026,541.5,8696.0
SC2612.INE,8/27/2026,553.5,8833.0
SC2612.INE,8/28/2026,567.0,8357.0
SC2701.INE,6/22/2026,509.8,45.0
SC2701.INE,6/23/2026,496.6,78.0
SC2701.INE,6/24/2026,495.8,75.0
SC2701.INE,6/25/2026,479.0,445.0
SC2701.INE,6/26/2026,485.7,162.0
SC2701.INE,6/29/2026,484.0,126.0
SC2701.INE,6/30/2026,479.8,42.0
SC2701.INE,7/1/2026,471.4,50.0
SC2701.INE,7/2/2026,453.9,145.0
SC2701.INE,7/3/2026,459.7,121.0
SC2701.INE,7/6/2026,456.4,78.0
SC2701.INE,7/7/2026,461.6,89.0
SC2701.INE,7/8/2026,479.7,258.0
SC2701.INE,7/9/2026,488.3,328.0
SC2701.INE,7/10/2026,481.9,182.0
SC2701.INE,7/13/2026,494.8,370.0
SC2701.INE,7/14/2026,527.1,402.0
SC2701.INE,7/15/2026,528.4,391.0
SC2701.INE,7/16/2026,523.4,427.0
SC2701.INE,7/17/2026,518.5,349.0
SC2701.INE,7/20/2026,550.6,384.0
SC2701.INE,7/21/2026,536.6,382.0
SC2701.INE,7/22/2026,554.7,1101.0
SC2701.INE,7/23/2026,561.1,1678.0
SC2701.INE,7/24/2026,565.7,2686.0
SC2701.INE,7/27/2026,530.7,2109.0
SC2701.INE,7/28/2026,515.3,908.0
SC2701.INE,7/29/2026,525.1,745.0
SC2701.INE,7/30/2026,537.4,1171.0
SC2701.INE,7/31/2026,521.0,598.0
SC2701.INE,8/3/2026,511.5,735.0
SC2701.INE,8/4/2026,517.4,445.0
SC2701.INE,8/5/2026,495.1,927.0
SC2701.INE,8/6/2026,498.5,643.0
SC2701.INE,8/7/2026,509.8,798.0
SC2701.INE,8/10/2026,513.2,935.0
SC2701.INE,8/11/2026,542.7,1235.0
SC2701.INE,8/12/2026,538.0,1608.0
SC2701.INE,8/13/2026,535.0,1264.0
SC2701.INE,8/14/2026,537.3,1432.0
SC2701.INE,8/17/2026,539.7,1754.0
SC2701.INE,8/18/2026,561.2,1796.0
SC2701.INE,8/19/2026,562.6,1374.0
SC2701.INE,8/20/2026,558.0,1935.0
SC2701.INE,8/21/2026,566.4,1837.0
SC2701.INE,8/24/2026,563.7,1999.0
SC2701.INE,8/25/2026,562.8,2688.0
SC2701.INE,8/26/2026,536.6,1795.0
SC2701.INE,8/27/2026,545.9,2113.0
SC2701.INE,8/28/2026,555.0,2861.0
SC2702.INE,6/22/2026,508.8,17.0
SC2702.INE,6/23/2026,495.9,37.0
SC2702.INE,6/24/2026,493.4,30.0
SC2702.INE,6/25/2026,480.6,199.0
SC2702.INE,6/26/2026,486.5,65.0
SC2702.INE,6/29/2026,484.8,63.0
SC2702.INE,6/30/2026,480.7,23.0
SC2702.INE,7/1/2026,473.6,107.0
SC2702.INE,7/2/2026,457.2,100.0
SC2702.INE,7/3/2026,462.5,121.0
SC2702.INE,7/6/2026,458.2,28.0
SC2702.INE,7/7/2026,463.0,63.0
SC2702.INE,7/8/2026,481.2,31.0
SC2702.INE,7/9/2026,490.3,83.0
SC2702.INE,7/10/2026,485.5,23.0
SC2702.INE,7/13/2026,497.0,39.0
SC2702.INE,7/14/2026,527.0,187.0
SC2702.INE,7/15/2026,528.0,58.0
SC2702.INE,7/16/2026,523.8,105.0
SC2702.INE,7/17/2026,517.7,51.0
SC2702.INE,7/20/2026,551.0,163.0
SC2702.INE,7/21/2026,535.6,41.0
SC2702.INE,7/22/2026,552.2,282.0
SC2702.INE,7/23/2026,558.4,249.0
SC2702.INE,7/24/2026,560.6,701.0
SC2702.INE,7/27/2026,529.3,406.0
SC2702.INE,7/28/2026,512.7,188.0
SC2702.INE,7/29/2026,520.9,175.0
SC2702.INE,7/30/2026,532.7,468.0
SC2702.INE,7/31/2026,519.0,90.0
SC2702.INE,8/3/2026,509.4,93.0
SC2702.INE,8/4/2026,514.0,45.0
SC2702.INE,8/5/2026,495.8,101.0
SC2702.INE,8/6/2026,497.5,47.0
SC2702.INE,8/7/2026,506.4,100.0
SC2702.INE,8/10/2026,511.3,88.0
SC2702.INE,8/11/2026,537.7,103.0
SC2702.INE,8/12/2026,535.4,246.0
SC2702.INE,8/13/2026,533.1,110.0
SC2702.INE,8/14/2026,533.6,216.0
SC2702.INE,8/17/2026,534.2,262.0
SC2702.INE,8/18/2026,556.1,155.0
SC2702.INE,8/19/2026,557.1,163.0
SC2702.INE,8/20/2026,552.5,153.0
SC2702.INE,8/21/2026,559.5,83.0
SC2702.INE,8/24/2026,556.9,437.0
SC2702.INE,8/25/2026,558.0,240.0
SC2702.INE,8/26/2026,532.0,362.0
SC2702.INE,8/27/2026,539.2,258.0
SC2702.INE,8/28/2026,546.7,233.0
SC2703.INE,6/22/2026,506.5,37.0
SC2703.INE,6/23/2026,500.4,6.0
SC2703.INE,6/24/2026,495.7,52.0
SC2703.INE,6/25/2026,481.0,28.0
SC2703.INE,6/26/2026,487.5,66.0
SC2703.INE,6/29/2026,484.8,92.0
SC2703.INE,6/30/2026,480.3,51.0
SC2703.INE,7/1/2026,475.8,148.0
SC2703.INE,7/2/2026,459.2,81.0
SC2703.INE,7/3/2026,464.7,223.0
SC2703.INE,7/6/2026,462.8,69.0
SC2703.INE,7/7/2026,466.8,170.0
SC2703.INE,7/8/2026,481.9,73.0
SC2703.INE,7/9/2026,491.7,107.0
SC2703.INE,7/10/2026,487.5,86.0
SC2703.INE,7/13/2026,497.1,81.0
SC2703.INE,7/14/2026,525.7,318.0
SC2703.INE,7/15/2026,528.3,190.0
SC2703.INE,7/16/2026,523.2,136.0
SC2703.INE,7/17/2026,517.8,137.0
SC2703.INE,7/20/2026,548.8,179.0
SC2703.INE,7/21/2026,533.8,148.0
SC2703.INE,7/22/2026,549.8,796.0
SC2703.INE,7/23/2026,556.0,512.0
SC2703.INE,7/24/2026,554.7,712.0
SC2703.INE,7/27/2026,528.6,441.0
SC2703.INE,7/28/2026,509.5,299.0
SC2703.INE,7/29/2026,519.7,240.0
SC2703.INE,7/30/2026,530.3,315.0
SC2703.INE,7/31/2026,516.0,135.0
SC2703.INE,8/3/2026,507.3,182.0
SC2703.INE,8/4/2026,511.7,206.0
SC2703.INE,8/5/2026,491.3,348.0
SC2703.INE,8/6/2026,494.7,189.0
SC2703.INE,8/7/2026,503.4,213.0
SC2703.INE,8/10/2026,509.1,282.0
SC2703.INE,8/11/2026,535.5,278.0
SC2703.INE,8/12/2026,532.4,332.0
SC2703.INE,8/13/2026,527.7,190.0
SC2703.INE,8/14/2026,528.2,366.0
SC2703.INE,8/17/2026,529.9,560.0
SC2703.INE,8/18/2026,549.8,401.0
SC2703.INE,8/19/2026,551.7,419.0
SC2703.INE,8/20/2026,544.7,489.0
SC2703.INE,8/21/2026,554.2,455.0
SC2703.INE,8/24/2026,552.0,587.0
SC2703.INE,8/25/2026,553.4,558.0
SC2703.INE,8/26/2026,528.2,482.0
SC2703.INE,8/27/2026,533.8,404.0
SC2703.INE,8/28/2026,537.8,379.0
SC2704.INE,6/22/2026,503.0,3.0
SC2704.INE,6/23/2026,495.4,2.0
SC2704.INE,6/24/2026,495.7,0.0
SC2704.INE,6/25/2026,481.4,4.0
SC2704.INE,6/26/2026,485.3,0.0
SC2704.INE,6/29/2026,483.5,24.0
SC2704.INE,6/30/2026,484.8,0.0
SC2704.INE,7/1/2026,476.9,0.0
SC2704.INE,7/2/2026,464.9,8.0
SC2704.INE,7/3/2026,467.9,5.0
SC2704.INE,7/6/2026,464.6,0.0
SC2704.INE,7/7/2026,469.5,16.0
SC2704.INE,7/8/2026,480.1,6.0
SC2704.INE,7/9/2026,491.1,3.0
SC2704.INE,7/10/2026,485.8,1.0
SC2704.INE,7/13/2026,498.2,3.0
SC2704.INE,7/14/2026,525.9,23.0
SC2704.INE,7/15/2026,527.0,25.0
SC2704.INE,7/16/2026,522.1,31.0
SC2704.INE,7/17/2026,515.0,20.0
SC2704.INE,7/20/2026,543.0,9.0
SC2704.INE,7/21/2026,532.0,2.0
SC2704.INE,7/22/2026,546.3,16.0
SC2704.INE,7/23/2026,552.1,19.0
SC2704.INE,7/24/2026,553.7,41.0
SC2704.INE,7/27/2026,531.9,22.0
SC2704.INE,7/28/2026,509.0,17.0
SC2704.INE,7/29/2026,517.0,11.0
SC2704.INE,7/30/2026,525.1,22.0
SC2704.INE,7/31/2026,512.6,3.0
SC2704.INE,8/3/2026,507.8,10.0
SC2704.INE,8/4/2026,515.0,4.0
SC2704.INE,8/5/2026,493.4,39.0
SC2704.INE,8/6/2026,488.0,8.0
SC2704.INE,8/7/2026,500.4,6.0
SC2704.INE,8/10/2026,504.0,3.0
SC2704.INE,8/11/2026,532.0,10.0
SC2704.INE,8/12/2026,528.8,18.0
SC2704.INE,8/13/2026,525.0,53.0
SC2704.INE,8/14/2026,525.0,11.0
SC2704.INE,8/17/2026,522.2,15.0
SC2704.INE,8/18/2026,543.2,173.0
SC2704.INE,8/19/2026,546.3,28.0
SC2704.INE,8/20/2026,538.5,78.0
SC2704.INE,8/21/2026,548.3,216.0
SC2704.INE,8/24/2026,545.5,379.0
SC2704.INE,8/25/2026,549.1,276.0
SC2704.INE,8/26/2026,525.1,235.0
SC2704.INE,8/27/2026,527.8,54.0
SC2704.INE,8/28/2026,532.6,26.0
SC2705.INE,6/22/2026,505.7,1.0
SC2705.INE,6/23/2026,499.9,0.0
SC2705.INE,6/24/2026,487.3,1.0
SC2705.INE,6/25/2026,481.4,8.0
SC2705.INE,6/26/2026,488.2,1.0
SC2705.INE,6/29/2026,484.5,12.0
SC2705.INE,6/30/2026,482.0,2.0
SC2705.INE,7/1/2026,479.0,0.0
SC2705.INE,7/2/2026,466.3,0.0
SC2705.INE,7/3/2026,466.3,0.0
SC2705.INE,7/6/2026,466.3,0.0
SC2705.INE,7/7/2026,473.0,2.0
SC2705.INE,7/8/2026,486.8,6.0
SC2705.INE,7/9/2026,491.7,3.0
SC2705.INE,7/10/2026,484.6,1.0
SC2705.INE,7/13/2026,492.9,0.0
SC2705.INE,7/14/2026,522.5,61.0
SC2705.INE,7/15/2026,525.7,1.0
SC2705.INE,7/16/2026,520.0,38.0
SC2705.INE,7/17/2026,524.9,4.0
SC2705.INE,7/20/2026,542.4,2.0
SC2705.INE,7/21/2026,527.8,23.0
SC2705.INE,7/22/2026,541.6,14.0
SC2705.INE,7/23/2026,548.2,12.0
SC2705.INE,7/24/2026,548.0,15.0
SC2705.INE,7/27/2026,523.7,9.0
SC2705.INE,7/28/2026,507.4,7.0
SC2705.INE,7/29/2026,513.0,43.0
SC2705.INE,7/30/2026,520.1,23.0
SC2705.INE,7/31/2026,512.3,5.0
SC2705.INE,8/3/2026,506.9,6.0
SC2705.INE,8/4/2026,515.2,0.0
SC2705.INE,8/5/2026,488.9,67.0
SC2705.INE,8/6/2026,489.0,6.0
SC2705.INE,8/7/2026,500.4,4.0
SC2705.INE,8/10/2026,503.0,0.0
SC2705.INE,8/11/2026,528.4,4.0
SC2705.INE,8/12/2026,527.3,2.0
SC2705.INE,8/13/2026,518.4,1.0
SC2705.INE,8/14/2026,522.3,4.0
SC2705.INE,8/17/2026,519.2,13.0
SC2705.INE,8/18/2026,536.9,8.0
SC2705.INE,8/19/2026,540.7,6.0
SC2705.INE,8/20/2026,536.1,1.0
SC2705.INE,8/21/2026,540.0,2.0
SC2705.INE,8/24/2026,541.0,4.0
SC2705.INE,8/25/2026,543.7,8.0
SC2705.INE,8/26/2026,520.0,19.0
SC2705.INE,8/27/2026,529.6,14.0
SC2705.INE,8/28/2026,523.9,5.0
SC2706.INE,6/22/2026,506.0,0.0
SC2706.INE,6/23/2026,493.8,3.0
SC2706.INE,6/24/2026,489.6,6.0
SC2706.INE,6/25/2026,479.5,6.0
SC2706.INE,6/26/2026,482.8,1.0
SC2706.INE,6/29/2026,484.5,65.0
SC2706.INE,6/30/2026,480.5,8.0
SC2706.INE,7/1/2026,477.0,1.0
SC2706.INE,7/2/2026,463.0,19.0
SC2706.INE,7/3/2026,470.0,12.0
SC2706.INE,7/6/2026,467.2,0.0
SC2706.INE,7/7/2026,473.9,5.0
SC2706.INE,7/8/2026,484.2,30.0
SC2706.INE,7/9/2026,490.0,7.0
SC2706.INE,7/10/2026,489.0,0.0
SC2706.INE,7/13/2026,486.5,1.0
SC2706.INE,7/14/2026,524.1,86.0
SC2706.INE,7/15/2026,527.8,16.0
SC2706.INE,7/16/2026,520.2,4.0
SC2706.INE,7/17/2026,515.5,7.0
SC2706.INE,7/20/2026,542.8,6.0
SC2706.INE,7/21/2026,526.4,9.0
SC2706.INE,7/22/2026,540.2,5.0
SC2706.INE,7/23/2026,549.3,22.0
SC2706.INE,7/24/2026,540.3,69.0
SC2706.INE,7/27/2026,526.3,46.0
SC2706.INE,7/28/2026,503.7,15.0
SC2706.INE,7/29/2026,509.0,32.0
SC2706.INE,7/30/2026,515.7,30.0
SC2706.INE,7/31/2026,510.9,11.0
SC2706.INE,8/3/2026,502.0,16.0
SC2706.INE,8/4/2026,505.7,0.0
SC2706.INE,8/5/2026,488.8,21.0
SC2706.INE,8/6/2026,488.8,16.0
SC2706.INE,8/7/2026,498.0,2.0
SC2706.INE,8/10/2026,502.2,4.0
SC2706.INE,8/11/2026,525.0,6.0
SC2706.INE,8/12/2026,528.9,15.0
SC2706.INE,8/13/2026,515.3,11.0
SC2706.INE,8/14/2026,519.9,7.0
SC2706.INE,8/17/2026,519.0,10.0
SC2706.INE,8/18/2026,536.4,12.0
SC2706.INE,8/19/2026,534.9,6.0
SC2706.INE,8/20/2026,526.0,4.0
SC2706.INE,8/21/2026,539.1,14.0
SC2706.INE,8/24/2026,542.7,11.0
SC2706.INE,8/25/2026,534.7,21.0
SC2706.INE,8/26/2026,521.9,31.0
SC2706.INE,8/27/2026,519.2,34.0
SC2706.INE,8/28/2026,522.0,23.0
SC2707.INE,7/1/2026,484.8,8.0
SC2707.INE,7/2/2026,469.0,0.0
SC2707.INE,7/3/2026,469.0,0.0
SC2707.INE,7/6/2026,469.0,0.0
SC2707.INE,7/7/2026,464.4,2.0
SC2707.INE,7/8/2026,486.7,3.0
SC2707.INE,7/9/2026,486.5,0.0
SC2707.INE,7/10/2026,486.5,0.0
SC2707.INE,7/13/2026,490.7,0.0
SC2707.INE,7/14/2026,515.8,0.0
SC2707.INE,7/15/2026,516.2,0.0
SC2707.INE,7/16/2026,516.2,0.0
SC2707.INE,7/17/2026,533.4,3.0
SC2707.INE,7/20/2026,539.0,1.0
SC2707.INE,7/21/2026,529.4,0.0
SC2707.INE,7/22/2026,535.8,0.0
SC2707.INE,7/23/2026,540.3,0.0
SC2707.INE,7/24/2026,537.0,3.0
SC2707.INE,7/27/2026,525.4,7.0
SC2707.INE,7/28/2026,510.0,1.0
SC2707.INE,7/29/2026,509.1,1.0
SC2707.INE,7/30/2026,519.2,2.0
SC2707.INE,7/31/2026,512.1,0.0
SC2707.INE,8/3/2026,515.0,1.0
SC2707.INE,8/4/2026,510.5,0.0
SC2707.INE,8/5/2026,496.2,2.0
SC2707.INE,8/6/2026,491.2,6.0
SC2707.INE,8/7/2026,499.0,2.0
SC2707.INE,8/10/2026,497.0,0.0
SC2707.INE,8/11/2026,515.0,0.0
SC2707.INE,8/12/2026,516.2,0.0
SC2707.INE,8/13/2026,516.2,0.0
SC2707.INE,8/14/2026,516.0,1.0
SC2707.INE,8/17/2026,515.5,1.0
SC2707.INE,8/18/2026,525.0,1.0
SC2707.INE,8/19/2026,527.0,0.0
SC2707.INE,8/20/2026,530.5,4.0
SC2707.INE,8/21/2026,530.1,0.0
SC2707.INE,8/24/2026,539.0,2.0
SC2707.INE,8/25/2026,530.0,1.0
SC2707.INE,8/26/2026,528.0,0.0
SC2707.INE,8/27/2026,519.2,0.0
SC2707.INE,8/28/2026,519.2,0.0
SC2708.INE,8/3/2026,504.7,0.0
SC2708.INE,8/4/2026,504.7,0.0
SC2708.INE,8/5/2026,497.7,0.0
SC2708.INE,8/6/2026,488.0,3.0
SC2708.INE,8/7/2026,495.6,0.0
SC2708.INE,8/10/2026,495.6,0.0
SC2708.INE,8/11/2026,513.0,0.0
SC2708.INE,8/12/2026,513.0,0.0
SC2708.INE,8/13/2026,510.5,2.0
SC2708.INE,8/14/2026,510.2,0.0
SC2708.INE,8/17/2026,514.1,5.0
SC2708.INE,8/18/2026,520.2,1.0
SC2708.INE,8/19/2026,521.8,0.0
SC2708.INE,8/20/2026,521.8,0.0
SC2708.INE,8/21/2026,522.5,0.0
SC2708.INE,8/24/2026,522.5,0.0
SC2708.INE,8/25/2026,522.5,0.0
SC2708.INE,8/26/2026,518.7,0.0
SC2708.INE,8/27/2026,518.0,2.0
SC2708.INE,8/28/2026,517.3,0.0
SC2709.INE,6/22/2026,510.0,0.0
SC2709.INE,6/23/2026,500.1,0.0
SC2709.INE,6/24/2026,493.0,1.0
SC2709.INE,6/25/2026,481.1,4.0
SC2709.INE,6/26/2026,482.0,1.0
SC2709.INE,6/29/2026,485.2,3.0
SC2709.INE,6/30/2026,484.6,0.0
SC2709.INE,7/1/2026,483.4,1.0
SC2709.INE,7/2/2026,466.1,17.0
SC2709.INE,7/3/2026,461.3,1.0
SC2709.INE,7/6/2026,463.6,6.0
SC2709.INE,7/7/2026,471.0,11.0
SC2709.INE,7/8/2026,471.0,1.0
SC2709.INE,7/9/2026,501.4,5.0
SC2709.INE,7/10/2026,493.1,1.0
SC2709.INE,7/13/2026,493.1,0.0
SC2709.INE,7/14/2026,514.1,0.0
SC2709.INE,7/15/2026,520.9,3.0
SC2709.INE,7/16/2026,516.6,0.0
SC2709.INE,7/17/2026,511.8,9.0
SC2709.INE,7/20/2026,537.3,12.0
SC2709.INE,7/21/2026,524.0,3.0
SC2709.INE,7/22/2026,535.0,1.0
SC2709.INE,7/23/2026,535.0,3.0
SC2709.INE,7/24/2026,533.9,6.0
SC2709.INE,7/27/2026,526.6,3.0
SC2709.INE,7/28/2026,505.8,3.0
SC2709.INE,7/29/2026,505.5,10.0
SC2709.INE,7/30/2026,514.0,4.0
SC2709.INE,7/31/2026,515.5,2.0
SC2709.INE,8/3/2026,502.4,3.0
SC2709.INE,8/4/2026,503.0,0.0
SC2709.INE,8/5/2026,486.9,9.0
SC2709.INE,8/6/2026,489.2,8.0
SC2709.INE,8/7/2026,493.6,0.0
SC2709.INE,8/10/2026,501.7,2.0
SC2709.INE,8/11/2026,520.3,3.0
SC2709.INE,8/12/2026,520.5,0.0
SC2709.INE,8/13/2026,518.0,0.0
SC2709.INE,8/14/2026,515.0,0.0
SC2709.INE,8/17/2026,514.3,0.0
SC2709.INE,8/18/2026,522.1,1.0
SC2709.INE,8/19/2026,522.7,0.0
SC2709.INE,8/20/2026,522.7,0.0
SC2709.INE,8/21/2026,538.2,5.0
SC2709.INE,8/24/2026,530.5,5.0
SC2709.INE,8/25/2026,532.6,0.0
SC2709.INE,8/26/2026,511.3,1.0
SC2709.INE,8/27/2026,523.8,4.0
SC2709.INE,8/28/2026,514.9,5.0
SC2712.INE,6/22/2026,502.5,0.0
SC2712.INE,6/23/2026,487.0,5.0
SC2712.INE,6/24/2026,490.9,3.0
SC2712.INE,6/25/2026,475.0,13.0
SC2712.INE,6/26/2026,481.4,1.0
SC2712.INE,6/29/2026,485.3,6.0
SC2712.INE,6/30/2026,478.0,4.0
SC2712.INE,7/1/2026,477.2,4.0
SC2712.INE,7/2/2026,462.1,10.0
SC2712.INE,7/3/2026,470.0,30.0
SC2712.INE,7/6/2026,465.1,0.0
SC2712.INE,7/7/2026,469.1,2.0
SC2712.INE,7/8/2026,485.7,8.0
SC2712.INE,7/9/2026,495.4,10.0
SC2712.INE,7/10/2026,487.0,2.0
SC2712.INE,7/13/2026,496.6,8.0
SC2712.INE,7/14/2026,516.6,16.0
SC2712.INE,7/15/2026,514.5,15.0
SC2712.INE,7/16/2026,511.0,10.0
SC2712.INE,7/17/2026,504.3,22.0
SC2712.INE,7/20/2026,533.6,26.0
SC2712.INE,7/21/2026,522.0,1.0
SC2712.INE,7/22/2026,533.5,7.0
SC2712.INE,7/23/2026,536.0,14.0
SC2712.INE,7/24/2026,528.0,62.0
SC2712.INE,7/27/2026,517.0,29.0
SC2712.INE,7/28/2026,501.3,4.0
SC2712.INE,7/29/2026,503.7,8.0
SC2712.INE,7/30/2026,515.0,7.0
SC2712.INE,7/31/2026,495.3,2.0
SC2712.INE,8/3/2026,496.8,1.0
SC2712.INE,8/4/2026,496.8,2.0
SC2712.INE,8/5/2026,488.9,4.0
SC2712.INE,8/6/2026,488.8,6.0
SC2712.INE,8/7/2026,498.1,2.0
SC2712.INE,8/10/2026,502.0,2.0
SC2712.INE,8/11/2026,514.3,8.0
SC2712.INE,8/12/2026,516.0,3.0
SC2712.INE,8/13/2026,513.7,0.0
SC2712.INE,8/14/2026,511.9,6.0
SC2712.INE,8/17/2026,510.8,8.0
SC2712.INE,8/18/2026,521.2,3.0
SC2712.INE,8/19/2026,522.8,18.0
SC2712.INE,8/20/2026,525.0,2.0
SC2712.INE,8/21/2026,527.7,7.0
SC2712.INE,8/24/2026,526.5,7.0
SC2712.INE,8/25/2026,525.4,2.0
SC2712.INE,8/26/2026,505.0,6.0
SC2712.INE,8/27/2026,510.5,8.0
SC2712.INE,8/28/2026,507.9,15.0
SC2803.INE,6/22/2026,504.0,0.0
SC2803.INE,6/23/2026,495.9,0.0
SC2803.INE,6/24/2026,495.9,0.0
SC2803.INE,6/25/2026,485.0,17.0
SC2803.INE,6/26/2026,485.0,1.0
SC2803.INE,6/29/2026,485.0,0.0
SC2803.INE,6/30/2026,484.3,0.0
SC2803.INE,7/1/2026,475.6,4.0
SC2803.INE,7/2/2026,475.0,2.0
SC2803.INE,7/3/2026,465.0,1.0
SC2803.INE,7/6/2026,465.0,0.0
SC2803.INE,7/7/2026,470.1,3.0
SC2803.INE,7/8/2026,481.6,2.0
SC2803.INE,7/9/2026,485.7,0.0
SC2803.INE,7/10/2026,485.7,0.0
SC2803.INE,7/13/2026,487.2,0.0
SC2803.INE,7/14/2026,509.2,0.0
SC2803.INE,7/15/2026,509.2,0.0
SC2803.INE,7/16/2026,510.0,1.0
SC2803.INE,7/17/2026,507.0,3.0
SC2803.INE,7/20/2026,518.7,3.0
SC2803.INE,7/21/2026,517.4,0.0
SC2803.INE,7/22/2026,529.5,0.0
SC2803.INE,7/23/2026,528.5,23.0
SC2803.INE,7/24/2026,519.6,65.0
SC2803.INE,7/27/2026,513.9,7.0
SC2803.INE,7/28/2026,495.0,6.0
SC2803.INE,7/29/2026,499.2,1.0
SC2803.INE,7/30/2026,509.0,3.0
SC2803.INE,7/31/2026,503.6,0.0
SC2803.INE,8/3/2026,493.1,8.0
SC2803.INE,8/4/2026,498.3,4.0
SC2803.INE,8/5/2026,495.8,0.0
SC2803.INE,8/6/2026,484.2,1.0
SC2803.INE,8/7/2026,499.3,1.0
SC2803.INE,8/10/2026,499.3,0.0
SC2803.INE,8/11/2026,510.8,0.0
SC2803.INE,8/12/2026,510.8,0.0
SC2803.INE,8/13/2026,510.8,0.0
SC2803.INE,8/14/2026,510.8,0.0
SC2803.INE,8/17/2026,510.8,2.0
SC2803.INE,8/18/2026,516.0,10.0
SC2803.INE,8/19/2026,514.0,12.0
SC2803.INE,8/20/2026,515.0,1.0
SC2803.INE,8/21/2026,515.0,0.0
SC2803.INE,8/24/2026,518.8,4.0
SC2803.INE,8/25/2026,516.6,2.0
SC2803.INE,8/26/2026,498.3,2.0
SC2803.INE,8/27/2026,502.0,0.0
SC2803.INE,8/28/2026,501.0,8.0
SC2806.INE,6/22/2026,504.0,0.0
SC2806.INE,6/23/2026,490.0,1.0
SC2806.INE,6/24/2026,490.0,0.0
SC2806.INE,6/25/2026,476.1,2.0
SC2806.INE,6/26/2026,492.4,1.0
SC2806.INE,6/29/2026,489.7,0.0
SC2806.INE,6/30/2026,483.8,0.0
SC2806.INE,7/1/2026,480.0,0.0
SC2806.INE,7/2/2026,472.9,0.0
SC2806.INE,7/3/2026,472.9,0.0
SC2806.INE,7/6/2026,472.9,0.0
SC2806.INE,7/7/2026,468.8,2.0
SC2806.INE,7/8/2026,480.1,25.0
SC2806.INE,7/9/2026,493.0,5.0
SC2806.INE,7/10/2026,486.5,0.0
SC2806.INE,7/13/2026,486.5,0.0
SC2806.INE,7/14/2026,509.6,0.0
SC2806.INE,7/15/2026,509.6,0.0
SC2806.INE,7/16/2026,509.6,0.0
SC2806.INE,7/17/2026,515.3,2.0
SC2806.INE,7/20/2026,514.7,1.0
SC2806.INE,7/21/2026,514.7,0.0
SC2806.INE,7/22/2026,527.9,0.0
SC2806.INE,7/23/2026,529.4,3.0
SC2806.INE,7/24/2026,518.9,5.0
SC2806.INE,7/27/2026,514.9,2.0
SC2806.INE,7/28/2026,510.0,0.0
SC2806.INE,7/29/2026,510.0,0.0
SC2806.INE,7/30/2026,510.0,0.0
SC2806.INE,7/31/2026,504.9,0.0
SC2806.INE,8/3/2026,498.8,0.0
SC2806.INE,8/4/2026,498.8,0.0
SC2806.INE,8/5/2026,498.2,0.0
SC2806.INE,8/6/2026,498.2,0.0
SC2806.INE,8/7/2026,498.8,1.0
SC2806.INE,8/10/2026,498.8,0.0
SC2806.INE,8/11/2026,510.3,3.0
SC2806.INE,8/12/2026,510.5,0.0
SC2806.INE,8/13/2026,510.5,0.0
SC2806.INE,8/14/2026,507.0,2.0
SC2806.INE,8/17/2026,505.6,0.0
SC2806.INE,8/18/2026,515.4,2.0
SC2806.INE,8/19/2026,515.3,0.0
SC2806.INE,8/20/2026,514.9,0.0
SC2806.INE,8/21/2026,515.0,3.0
SC2806.INE,8/24/2026,515.0,0.0
SC2806.INE,8/25/2026,514.7,0.0
SC2806.INE,8/26/2026,509.8,0.0
SC2806.INE,8/27/2026,508.5,0.0
SC2806.INE,8/28/2026,506.5,0.0
SC2809.INE,6/22/2026,509.8,0.0
SC2809.INE,6/23/2026,494.7,0.0
SC2809.INE,6/24/2026,491.0,3.0
SC2809.INE,6/25/2026,480.0,14.0
SC2809.INE,6/26/2026,502.2,1.0
SC2809.INE,6/29/2026,480.9,1.0
SC2809.INE,6/30/2026,480.9,0.0
SC2809.INE,7/1/2026,480.9,0.0
SC2809.INE,7/2/2026,475.0,4.0
SC2809.INE,7/3/2026,470.0,1.0
SC2809.INE,7/6/2026,470.0,0.0
SC2809.INE,7/7/2026,469.9,3.0
SC2809.INE,7/8/2026,481.2,4.0
SC2809.INE,7/9/2026,486.6,0.0
SC2809.INE,7/10/2026,487.1,3.0
SC2809.INE,7/13/2026,487.0,0.0
SC2809.INE,7/14/2026,515.5,1.0
SC2809.INE,7/15/2026,503.0,4.0
SC2809.INE,7/16/2026,509.5,0.0
SC2809.INE,7/17/2026,503.1,4.0
SC2809.INE,7/20/2026,520.2,3.0
SC2809.INE,7/21/2026,518.2,0.0
SC2809.INE,7/22/2026,529.0,1.0
SC2809.INE,7/23/2026,529.0,0.0
SC2809.INE,7/24/2026,513.2,28.0
SC2809.INE,7/27/2026,506.0,1.0
SC2809.INE,7/28/2026,506.0,0.0
SC2809.INE,7/29/2026,506.0,0.0
SC2809.INE,7/30/2026,506.0,0.0
SC2809.INE,7/31/2026,502.9,0.0
SC2809.INE,8/3/2026,496.6,2.0
SC2809.INE,8/4/2026,497.0,1.0
SC2809.INE,8/5/2026,494.3,4.0
SC2809.INE,8/6/2026,494.6,1.0
SC2809.INE,8/7/2026,495.7,2.0
SC2809.INE,8/10/2026,495.6,0.0
SC2809.INE,8/11/2026,507.0,3.0
SC2809.INE,8/12/2026,495.0,2.0
SC2809.INE,8/13/2026,502.5,0.0
SC2809.INE,8/14/2026,502.5,1.0
SC2809.INE,8/17/2026,507.0,7.0
SC2809.INE,8/18/2026,510.2,7.0
SC2809.INE,8/19/2026,509.6,0.0
SC2809.INE,8/20/2026,510.0,5.0
SC2809.INE,8/21/2026,509.8,1.0
SC2809.INE,8/24/2026,509.9,1.0
SC2809.INE,8/25/2026,509.6,0.0
SC2809.INE,8/26/2026,498.8,2.0
SC2809.INE,8/27/2026,505.0,15.0
SC2809.INE,8/28/2026,501.6,0.0
SC2812.INE,6/22/2026,501.0,0.0
SC2812.INE,6/23/2026,490.1,2.0
SC2812.INE,6/24/2026,490.5,1.0
SC2812.INE,6/25/2026,479.0,4.0
SC2812.INE,6/26/2026,484.2,0.0
SC2812.INE,6/29/2026,487.4,11.0
SC2812.INE,6/30/2026,479.6,3.0
SC2812.INE,7/1/2026,478.5,0.0
SC2812.INE,7/2/2026,473.0,8.0
SC2812.INE,7/3/2026,474.8,0.0
SC2812.INE,7/6/2026,474.8,0.0
SC2812.INE,7/7/2026,480.9,2.0
SC2812.INE,7/8/2026,480.9,1.0
SC2812.INE,7/9/2026,482.4,0.0
SC2812.INE,7/10/2026,484.5,5.0
SC2812.INE,7/13/2026,484.3,0.0
SC2812.INE,7/14/2026,510.0,1.0
SC2812.INE,7/15/2026,509.1,11.0
SC2812.INE,7/16/2026,503.8,1.0
SC2812.INE,7/17/2026,506.0,7.0
SC2812.INE,7/20/2026,530.5,5.0
SC2812.INE,7/21/2026,519.0,1.0
SC2812.INE,7/22/2026,527.1,0.0
SC2812.INE,7/23/2026,527.1,0.0
SC2812.INE,7/24/2026,515.0,6.0
SC2812.INE,7/27/2026,502.0,4.0
SC2812.INE,7/28/2026,495.0,1.0
SC2812.INE,7/29/2026,495.0,0.0
SC2812.INE,7/30/2026,510.5,1.0
SC2812.INE,7/31/2026,504.9,0.0
SC2812.INE,8/3/2026,492.0,6.0
SC2812.INE,8/4/2026,497.0,1.0
SC2812.INE,8/5/2026,497.0,0.0
SC2812.INE,8/6/2026,488.8,2.0
SC2812.INE,8/7/2026,497.1,0.0
SC2812.INE,8/10/2026,498.5,3.0
SC2812.INE,8/11/2026,510.0,4.0
SC2812.INE,8/12/2026,506.0,1.0
SC2812.INE,8/13/2026,506.0,0.0
SC2812.INE,8/14/2026,501.0,1.0
SC2812.INE,8/17/2026,511.4,1.0
SC2812.INE,8/18/2026,511.9,4.0
SC2812.INE,8/19/2026,510.0,1.0
SC2812.INE,8/20/2026,511.9,2.0
SC2812.INE,8/21/2026,510.0,4.0
SC2812.INE,8/24/2026,511.0,1.0
SC2812.INE,8/25/2026,511.0,0.0
SC2812.INE,8/26/2026,499.6,3.0
SC2812.INE,8/27/2026,499.7,4.0
SC2812.INE,8/28/2026,499.5,6.0
SC2903.INE,6/22/2026,499.0,0.0
SC2903.INE,6/23/2026,492.0,0.0
SC2903.INE,6/24/2026,492.0,0.0
SC2903.INE,6/25/2026,484.9,11.0
SC2903.INE,6/26/2026,491.5,1.0
SC2903.INE,6/29/2026,491.5,0.0
SC2903.INE,6/30/2026,488.9,0.0
SC2903.INE,7/1/2026,477.0,8.0
SC2903.INE,7/2/2026,474.0,5.0
SC2903.INE,7/3/2026,474.0,0.0
SC2903.INE,7/6/2026,474.0,0.0
SC2903.INE,7/7/2026,478.9,1.0
SC2903.INE,7/8/2026,487.0,1.0
SC2903.INE,7/9/2026,490.1,0.0
SC2903.INE,7/10/2026,488.9,3.0
SC2903.INE,7/13/2026,488.9,0.0
SC2903.INE,7/14/2026,506.1,0.0
SC2903.INE,7/15/2026,506.1,0.0
SC2903.INE,7/16/2026,506.1,0.0
SC2903.INE,7/17/2026,503.8,5.0
SC2903.INE,7/20/2026,513.0,1.0
SC2903.INE,7/21/2026,516.2,3.0
SC2903.INE,7/22/2026,525.1,0.0
SC2903.INE,7/23/2026,520.6,2.0
SC2903.INE,7/24/2026,513.2,8.0
SC2903.INE,7/27/2026,512.9,0.0
SC2903.INE,7/28/2026,499.3,3.0
SC2903.INE,7/29/2026,493.6,3.0
SC2903.INE,7/30/2026,500.1,0.0
SC2903.INE,7/31/2026,500.1,0.0
SC2903.INE,8/3/2026,489.6,7.0
SC2903.INE,8/4/2026,492.5,5.0
SC2903.INE,8/5/2026,488.1,2.0
SC2903.INE,8/6/2026,489.5,0.0
SC2903.INE,8/7/2026,495.5,2.0
SC2903.INE,8/10/2026,497.9,1.0
SC2903.INE,8/11/2026,505.3,2.0
SC2903.INE,8/12/2026,509.5,1.0
SC2903.INE,8/13/2026,506.7,1.0
SC2903.INE,8/14/2026,506.5,0.0
SC2903.INE,8/17/2026,506.1,5.0
SC2903.INE,8/18/2026,507.9,18.0
SC2903.INE,8/19/2026,507.3,6.0
SC2903.INE,8/20/2026,510.0,11.0
SC2903.INE,8/21/2026,509.8,5.0
SC2903.INE,8/24/2026,505.7,2.0
SC2903.INE,8/25/2026,506.5,0.0
SC2903.INE,8/26/2026,497.2,4.0
SC2903.INE,8/27/2026,498.5,1.0
SC2903.INE,8/28/2026,498.5,0.0
SC2906.INE,6/22/2026,493.0,5.0
SC2906.INE,6/23/2026,487.1,6.0
SC2906.INE,6/24/2026,487.0,0.0
SC2906.INE,6/25/2026,480.6,9.0
SC2906.INE,6/26/2026,489.3,4.0
SC2906.INE,6/29/2026,486.5,2.0
SC2906.INE,6/30/2026,488.0,2.0
SC2906.INE,7/1/2026,477.2,4.0
SC2906.INE,7/2/2026,469.0,8.0
SC2906.INE,7/3/2026,473.0,3.0
SC2906.INE,7/6/2026,473.0,0.0
SC2906.INE,7/7/2026,475.8,7.0
SC2906.INE,7/8/2026,486.0,6.0
SC2906.INE,7/9/2026,488.7,1.0
SC2906.INE,7/10/2026,485.0,10.0
SC2906.INE,7/13/2026,489.3,0.0
SC2906.INE,7/14/2026,503.6,0.0
SC2906.INE,7/15/2026,503.6,0.0
SC2906.INE,7/16/2026,503.6,0.0
SC2906.INE,7/17/2026,497.1,8.0
SC2906.INE,7/20/2026,529.2,1.0
SC2906.INE,7/21/2026,515.9,7.0
SC2906.INE,7/22/2026,523.4,0.0
SC2906.INE,7/23/2026,520.1,8.0
SC2906.INE,7/24/2026,512.8,15.0
SC2906.INE,7/27/2026,514.5,0.0
SC2906.INE,7/28/2026,502.8,4.0
SC2906.INE,7/29/2026,500.0,14.0
SC2906.INE,7/30/2026,500.1,2.0
SC2906.INE,7/31/2026,495.5,8.0
SC2906.INE,8/3/2026,489.1,4.0
SC2906.INE,8/4/2026,493.0,2.0
SC2906.INE,8/5/2026,490.0,2.0
SC2906.INE,8/6/2026,490.0,5.0
SC2906.INE,8/7/2026,496.0,1.0
SC2906.INE,8/10/2026,498.5,2.0
SC2906.INE,8/11/2026,512.0,2.0
SC2906.INE,8/12/2026,505.0,3.0
SC2906.INE,8/13/2026,506.2,1.0
SC2906.INE,8/14/2026,506.2,0.0
SC2906.INE,8/17/2026,506.9,9.0
SC2906.INE,8/18/2026,506.5,19.0
SC2906.INE,8/19/2026,507.8,2.0
SC2906.INE,8/20/2026,507.7,3.0
SC2906.INE,8/21/2026,505.8,10.0
SC2906.INE,8/24/2026,508.1,0.0
SC2906.INE,8/25/2026,508.1,0.0
SC2906.INE,8/26/2026,497.0,11.0
SC2906.INE,8/27/2026,498.2,0.0
SC2906.INE,8/28/2026,497.2,1.0
SC8888.INE,6/22/2026,508.8,38390.0
SC8888.INE,6/23/2026,493.5,65814.0
SC8888.INE,6/24/2026,488.8,67603.0
SC8888.INE,6/25/2026,466.8,109766.0
SC8888.INE,6/26/2026,471.2,106389.0
SC8888.INE,6/29/2026,468.6,119046.0
SC8888.INE,6/30/2026,464.8,85993.0
SC8888.INE,7/1/2026,455.6,95887.0
SC8888.INE,7/2/2026,438.6,107469.0
SC8888.INE,7/3/2026,445.3,99342.0
SC8888.INE,7/6/2026,442.4,89043.0
SC8888.INE,7/7/2026,447.5,78058.0
SC8888.INE,7/8/2026,470.3,157447.0
SC8888.INE,7/9/2026,478.3,267462.0
SC8888.INE,7/10/2026,471.5,143360.0
SC8888.INE,7/13/2026,483.1,168864.0
SC8888.INE,7/14/2026,519.8,241102.0
SC8888.INE,7/15/2026,521.3,214603.0
SC8888.INE,7/16/2026,515.4,155376.0
SC8888.INE,7/17/2026,511.9,183186.0
SC8888.INE,7/20/2026,548.8,206712.0
SC8888.INE,7/21/2026,532.5,156623.0
SC8888.INE,7/22/2026,558.8,176365.0
SC8888.INE,7/23/2026,570.7,185400.0
SC8888.INE,7/24/2026,583.9,270810.0
SC8888.INE,7/27/2026,539.0,272543.0
SC8888.INE,7/28/2026,527.0,206362.0
SC8888.INE,7/29/2026,537.4,207226.0
SC8888.INE,7/30/2026,557.0,209433.0
SC8888.INE,7/31/2026,535.5,185533.0
SC8888.INE,8/3/2026,522.4,201650.0
SC8888.INE,8/4/2026,529.6,135872.0
SC8888.INE,8/5/2026,501.0,203703.0
SC8888.INE,8/6/2026,508.5,186917.0
SC8888.INE,8/7/2026,522.9,166743.0
SC8888.INE,8/10/2026,523.8,151555.0
SC8888.INE,8/11/2026,555.8,172612.0
SC8888.INE,8/12/2026,550.0,168211.0
SC8888.INE,8/13/2026,550.2,155479.0
SC8888.INE,8/14/2026,552.9,201961.0
SC8888.INE,8/17/2026,558.1,178147.0
SC8888.INE,8/18/2026,579.9,180526.0
SC8888.INE,8/19/2026,579.6,155344.0
SC8888.INE,8/20/2026,576.7,177960.0
SC8888.INE,8/21/2026,585.4,157930.0
SC8888.INE,8/24/2026,580.5,183020.0
SC8888.INE,8/25/2026,578.1,207073.0
SC8888.INE,8/26/2026,549.9,188690.0
SC8888.INE,8/27/2026,566.1,208498.0
SC8888.INE,8/28/2026,582.8,195135.0
SCZL1.INE,6/22/2026,507.2,24743.0
SCZL1.INE,6/23/2026,491.4,39809.0
SCZL1.INE,6/24/2026,486.1,38415.0
SCZL1.INE,6/25/2026,463.7,61958.0
SCZL1.INE,6/26/2026,467.2,65508.0
SCZL1.INE,6/29/2026,464.3,75240.0
SCZL1.INE,6/30/2026,460.3,54282.0
SCZL1.INE,7/1/2026,451.3,61455.0
SCZL1.INE,7/2/2026,434.3,66647.0
SCZL1.INE,7/3/2026,441.3,58298.0
SCZL1.INE,7/6/2026,438.6,48995.0
SCZL1.INE,7/7/2026,443.0,43078.0
SCZL1.INE,7/8/2026,466.8,81529.0
SCZL1.INE,7/9/2026,473.6,147207.0
SCZL1.INE,7/10/2026,466.6,76811.0
SCZL1.INE,7/13/2026,478.0,84420.0
SCZL1.INE,7/14/2026,516.0,112516.0
SCZL1.INE,7/15/2026,515.7,100689.0
SCZL1.INE,7/16/2026,514.7,86724.0
SCZL1.INE,7/17/2026,510.5,120468.0
SCZL1.INE,7/20/2026,548.4,150761.0
SCZL1.INE,7/21/2026,531.0,120941.0
SCZL1.INE,7/22/2026,559.4,140296.0
SCZL1.INE,7/23/2026,573.0,145690.0
SCZL1.INE,7/24/2026,589.4,214567.0
SCZL1.INE,7/27/2026,542.1,205192.0
SCZL1.INE,7/28/2026,532.7,159533.0
SCZL1.INE,7/29/2026,544.2,163392.0
SCZL1.INE,7/30/2026,568.2,161907.0
SCZL1.INE,7/31/2026,546.1,145351.0
SCZL1.INE,8/3/2026,530.2,156099.0
SCZL1.INE,8/4/2026,538.0,101034.0
SCZL1.INE,8/5/2026,505.7,142382.0
SCZL1.INE,8/6/2026,515.2,131989.0
SCZL1.INE,8/7/2026,531.4,117633.0
SCZL1.INE,8/10/2026,531.1,106018.0
SCZL1.INE,8/11/2026,563.8,111220.0
SCZL1.INE,8/12/2026,556.1,102791.0
SCZL1.INE,8/13/2026,557.5,93954.0
SCZL1.INE,8/14/2026,562.6,108837.0
SCZL1.INE,8/17/2026,574.7,83410.0
SCZL1.INE,8/18/2026,584.8,98703.0
SCZL1.INE,8/19/2026,585.8,115650.0
SCZL1.INE,8/20/2026,583.4,145376.0
SCZL1.INE,8/21/2026,592.9,132364.0
SCZL1.INE,8/24/2026,587.8,152210.0
SCZL1.INE,8/25/2026,584.1,165640.0
SCZL1.INE,8/26/2026,556.4,149462.0
SCZL1.INE,8/27/2026,576.5,166524.0
SCZL1.INE,8/28/2026,596.5,153166.0
SCZL2.INE,6/22/2026,507.2,24743.0
SCZL2.INE,6/23/2026,491.4,39809.0
SCZL2.INE,6/24/2026,486.1,38415.0
SCZL2.INE,6/25/2026,463.7,61958.0
SCZL2.INE,6/26/2026,467.2,65508.0
SCZL2.INE,6/29/2026,464.3,75240.0
SCZL2.INE,6/30/2026,460.3,54282.0
SCZL2.INE,7/1/2026,451.3,61455.0
SCZL2.INE,7/2/2026,434.3,66647.0
SCZL2.INE,7/3/2026,441.3,58298.0
SCZL2.INE,7/6/2026,438.6,48995.0
SCZL2.INE,7/7/2026,443.0,43078.0
SCZL2.INE,7/8/2026,466.8,81529.0
SCZL2.INE,7/9/2026,478.2,91848.0
SCZL2.INE,7/10/2026,471.2,51443.0
SCZL2.INE,7/13/2026,482.6,65832.0
SCZL2.INE,7/14/2026,519.4,101073.0
SCZL2.INE,7/15/2026,521.1,91301.0
SCZL2.INE,7/16/2026,514.7,86724.0
SCZL2.INE,7/17/2026,510.5,120468.0
SCZL2.INE,7/20/2026,548.4,150761.0
SCZL2.INE,7/21/2026,531.0,120941.0
SCZL2.INE,7/22/2026,559.4,140296.0
SCZL2.INE,7/23/2026,573.0,145690.0
SCZL2.INE,7/24/2026,589.4,214567.0
SCZL2.INE,7/27/2026,542.1,205192.0
SCZL2.INE,7/28/2026,532.7,159533.0
SCZL2.INE,7/29/2026,544.2,163392.0
SCZL2.INE,7/30/2026,568.2,161907.0
SCZL2.INE,7/31/2026,546.1,145351.0
SCZL2.INE,8/3/2026,530.2,156099.0
SCZL2.INE,8/4/2026,538.0,101034.0
SCZL2.INE,8/5/2026,505.7,142382.0
SCZL2.INE,8/6/2026,515.2,131989.0
SCZL2.INE,8/7/2026,531.4,117633.0
SCZL2.INE,8/10/2026,531.1,106018.0
SCZL2.INE,8/11/2026,563.8,111220.0
SCZL2.INE,8/12/2026,552.1,49557.0
SCZL2.INE,8/13/2026,553.5,46990.0
SCZL2.INE,8/14/2026,556.2,76261.0
SCZL2.INE,8/17/2026,561.6,77604.0
SCZL2.INE,8/18/2026,584.8,98703.0
SCZL2.INE,8/19/2026,585.8,115650.0
SCZL2.INE,8/20/2026,583.4,145376.0
SCZL2.INE,8/21/2026,592.9,132364.0
SCZL2.INE,8/24/2026,587.8,152210.0
SCZL2.INE,8/25/2026,584.1,165640.0
SCZL2.INE,8/26/2026,556.4,149462.0
SCZL2.INE,8/27/2026,576.5,166524.0
SCZL2.INE,8/28/2026,596.5,153166.0
SCZL.INE,6/22/2026,507.2,24743.0
SCZL.INE,6/23/2026,491.4,39809.0
SCZL.INE,6/24/2026,486.1,38415.0
SCZL.INE,6/25/2026,463.7,61958.0
SCZL.INE,6/26/2026,467.2,65508.0
SCZL.INE,6/29/2026,464.3,75240.0
SCZL.INE,6/30/2026,460.3,54282.0
SCZL.INE,7/1/2026,451.3,61455.0
SCZL.INE,7/2/2026,434.3,66647.0
SCZL.INE,7/3/2026,441.3,58298.0
SCZL.INE,7/6/2026,438.6,48995.0
SCZL.INE,7/7/2026,443.0,43078.0
SCZL.INE,7/8/2026,466.8,81529.0
SCZL.INE,7/9/2026,473.6,147207.0
SCZL.INE,7/10/2026,466.6,76811.0
SCZL.INE,7/13/2026,478.0,84420.0
SCZL.INE,7/14/2026,516.0,112516.0
SCZL.INE,7/15/2026,515.7,100689.0
SCZL.INE,7/16/2026,509.0,51015.0
SCZL.INE,7/17/2026,510.5,120468.0
SCZL.INE,7/20/2026,548.4,150761.0
SCZL.INE,7/21/2026,531.0,120941.0
SCZL.INE,7/22/2026,559.4,140296.0
SCZL.INE,7/23/2026,573.0,145690.0
SCZL.INE,7/24/2026,589.4,214567.0
SCZL.INE,7/27/2026,542.1,205192.0
SCZL.INE,7/28/2026,532.7,159533.0
SCZL.INE,7/29/2026,544.2,163392.0
SCZL.INE,7/30/2026,568.2,161907.0
SCZL.INE,7/31/2026,546.1,145351.0
SCZL.INE,8/3/2026,530.2,156099.0
SCZL.INE,8/4/2026,538.0,101034.0
SCZL.INE,8/5/2026,505.7,142382.0
SCZL.INE,8/6/2026,515.2,131989.0
SCZL.INE,8/7/2026,531.4,117633.0
SCZL.INE,8/10/2026,531.1,106018.0
SCZL.INE,8/11/2026,563.8,111220.0
SCZL.INE,8/12/2026,556.1,102791.0
SCZL.INE,8/13/2026,557.5,93954.0
SCZL.INE,8/14/2026,562.6,108837.0
SCZL.INE,8/17/2026,574.7,83410.0
SCZL.INE,8/18/2026,601.0,63223.0
SCZL.INE,8/19/2026,585.8,115650.0
SCZL.INE,8/20/2026,583.4,145376.0
SCZL.INE,8/21/2026,592.9,132364.0
SCZL.INE,8/24/2026,587.8,152210.0
SCZL.INE,8/25/2026,584.1,165640.0
SCZL.INE,8/26/2026,556.4,149462.0
SCZL.INE,8/27/2026,576.5,166524.0
SCZL.INE,8/28/2026,596.5,153166.0
AU00.SHF,6/22/2026,915.8,2821.0
AU00.SHF,6/23/2026,897.44,2532.0
AU00.SHF,6/24/2026,895.12,8162.0
AU00.SHF,6/25/2026,870.7,5246.0
AU00.SHF,6/26/2026,881.84,2522.0
AU00.SHF,6/29/2026,887.84,1124.0
AU00.SHF,6/30/2026,879.1,858.0
AU00.SHF,7/1/2026,869.28,219.0
AU00.SHF,7/2/2026,888.0,81.0
AU00.SHF,7/3/2026,910.46,162.0
AU00.SHF,7/6/2026,907.16,72.0
AU00.SHF,7/7/2026,904.46,57.0
AU00.SHF,7/8/2026,902.52,66.0
AU00.SHF,7/9/2026,900.8,0.0
AU00.SHF,7/10/2026,900.8,0.0
AU00.SHF,7/13/2026,893.9,3.0
AU00.SHF,7/14/2026,890.68,0.0
AU00.SHF,7/15/2026,877.0,12.0
AU00.SHF,7/16/2026,879.18,177790.0
AU00.SHF,7/17/2026,873.72,227207.0
AU00.SHF,7/20/2026,874.24,192507.0
AU00.SHF,7/21/2026,889.66,169410.0
AU00.SHF,7/22/2026,899.16,162942.0
AU00.SHF,7/23/2026,899.08,146508.0
AU00.SHF,7/24/2026,881.18,155207.0
AU00.SHF,7/27/2026,893.12,113544.0
AU00.SHF,7/28/2026,882.46,77164.0
AU00.SHF,7/29/2026,881.44,55175.0
AU00.SHF,7/30/2026,878.66,48195.0
AU00.SHF,7/31/2026,886.48,32004.0
AU00.SHF,8/3/2026,884.68,2764.0
AU00.SHF,8/4/2026,883.66,4461.0
AU00.SHF,8/5/2026,907.88,2778.0
AU00.SHF,8/6/2026,924.2,2436.0
AU00.SHF,8/7/2026,933.8,762.0
AU00.SHF,8/10/2026,944.96,1611.0
AU00.SHF,8/11/2026,946.54,123.0
AU00.SHF,8/12/2026,955.0,120.0
AU00.SHF,8/13/2026,948.72,42.0
AU00.SHF,8/14/2026,935.68,21.0
AU00.SHF,8/17/2026,950.9,63.0
AU00.SHF,8/18/2026,954.58,3219.0
AU00.SHF,8/19/2026,943.64,5418.0
AU00.SHF,8/20/2026,970.68,6749.0
AU00.SHF,8/21/2026,985.7,4717.0
AU00.SHF,8/24/2026,1004.54,7970.0
AU00.SHF,8/25/2026,1000.7,20860.0
AU00.SHF,8/26/2026,999.78,6042.0
AU00.SHF,8/27/2026,994.12,6127.0
AU00.SHF,8/28/2026,999.02,3173.0
AU01.SHF,6/22/2026,916.92,110330.0
AU01.SHF,6/23/2026,897.9,212566.0
AU01.SHF,6/24/2026,896.04,241146.0
AU01.SHF,6/25/2026,872.0,341068.0
AU01.SHF,6/26/2026,883.3,272086.0
AU01.SHF,6/29/2026,888.72,233900.0
AU01.SHF,6/30/2026,881.24,257048.0
AU01.SHF,7/1/2026,869.82,212970.0
AU01.SHF,7/2/2026,890.66,284908.0
AU01.SHF,7/3/2026,911.4,271945.0
AU01.SHF,7/6/2026,907.82,158114.0
AU01.SHF,7/7/2026,903.76,155508.0
AU01.SHF,7/8/2026,902.76,188949.0
AU01.SHF,7/9/2026,898.86,243897.0
AU01.SHF,7/10/2026,897.94,159989.0
AU01.SHF,7/13/2026,885.94,185696.0
AU01.SHF,7/14/2026,880.26,209039.0
AU01.SHF,7/15/2026,880.1,195411.0
AU01.SHF,7/16/2026,880.42,712.0
AU01.SHF,7/17/2026,874.68,1063.0
AU01.SHF,7/20/2026,875.44,1047.0
AU01.SHF,7/21/2026,891.64,2534.0
AU01.SHF,7/22/2026,900.84,1982.0
AU01.SHF,7/23/2026,900.42,1727.0
AU01.SHF,7/24/2026,882.72,2993.0
AU01.SHF,7/27/2026,894.72,1991.0
AU01.SHF,7/28/2026,884.02,1799.0
AU01.SHF,7/29/2026,882.86,3161.0
AU01.SHF,7/30/2026,880.02,5242.0
AU01.SHF,7/31/2026,887.58,2693.0
AU01.SHF,8/3/2026,885.94,2306.0
AU01.SHF,8/4/2026,885.46,1869.0
AU01.SHF,8/5/2026,909.44,4485.0
AU01.SHF,8/6/2026,926.0,6668.0
AU01.SHF,8/7/2026,935.84,4426.0
AU01.SHF,8/10/2026,947.2,4419.0
AU01.SHF,8/11/2026,948.92,5488.0
AU01.SHF,8/12/2026,957.1,4395.0
AU01.SHF,8/13/2026,951.24,5975.0
AU01.SHF,8/14/2026,941.4,4496.0
AU01.SHF,8/17/2026,954.06,3856.0
AU01.SHF,8/18/2026,956.4,240020.0
AU01.SHF,8/19/2026,945.56,285920.0
AU01.SHF,8/20/2026,972.94,363693.0
AU01.SHF,8/21/2026,987.44,336058.0
AU01.SHF,8/24/2026,1006.82,380414.0
AU01.SHF,8/25/2026,1004.22,431132.0
AU01.SHF,8/26/2026,1003.0,318276.0
AU01.SHF,8/27/2026,995.3,333445.0
AU01.SHF,8/28/2026,999.28,271842.0
AU02.SHF,6/22/2026,918.06,283.0
AU02.SHF,6/23/2026,899.98,413.0
AU02.SHF,6/24/2026,897.08,276.0
AU02.SHF,6/25/2026,873.52,838.0
AU02.SHF,6/26/2026,884.32,638.0
AU02.SHF,6/29/2026,889.92,692.0
AU02.SHF,6/30/2026,882.32,586.0
AU02.SHF,7/1/2026,870.68,543.0
AU02.SHF,7/2/2026,892.04,666.0
AU02.SHF,7/3/2026,912.6,795.0
AU02.SHF,7/6/2026,909.06,626.0
AU02.SHF,7/7/2026,904.66,479.0
AU02.SHF,7/8/2026,903.98,385.0
AU02.SHF,7/9/2026,900.36,926.0
AU02.SHF,7/10/2026,899.08,525.0
AU02.SHF,7/13/2026,887.36,476.0
AU02.SHF,7/14/2026,881.48,945.0
AU02.SHF,7/15/2026,880.84,1247.0
AU02.SHF,7/16/2026,881.6,58348.0
AU02.SHF,7/17/2026,876.24,99264.0
AU02.SHF,7/20/2026,876.64,86455.0
AU02.SHF,7/21/2026,892.4,101420.0
AU02.SHF,7/22/2026,901.74,116815.0
AU02.SHF,7/23/2026,901.76,119093.0
AU02.SHF,7/24/2026,883.8,146094.0
AU02.SHF,7/27/2026,895.78,135540.0
AU02.SHF,7/28/2026,885.1,175293.0
AU02.SHF,7/29/2026,884.2,189457.0
AU02.SHF,7/30/2026,881.4,282457.0
AU02.SHF,7/31/2026,888.3,279829.0
AU02.SHF,8/3/2026,886.64,206131.0
AU02.SHF,8/4/2026,886.48,163863.0
AU02.SHF,8/5/2026,910.4,295465.0
AU02.SHF,8/6/2026,926.9,383203.0
AU02.SHF,8/7/2026,936.76,302385.0
AU02.SHF,8/10/2026,948.2,318936.0
AU02.SHF,8/11/2026,949.94,317478.0
AU02.SHF,8/12/2026,958.54,236520.0
AU02.SHF,8/13/2026,952.96,307720.0
AU02.SHF,8/14/2026,943.16,280768.0
AU02.SHF,8/17/2026,955.72,227870.0
AU02.SHF,8/18/2026,957.74,532.0
AU02.SHF,8/19/2026,946.74,429.0
AU02.SHF,8/20/2026,973.86,1040.0
AU02.SHF,8/21/2026,988.38,568.0
AU02.SHF,8/24/2026,1008.36,1154.0
AU02.SHF,8/25/2026,1005.46,970.0
AU02.SHF,8/26/2026,1004.48,682.0
AU02.SHF,8/27/2026,996.18,812.0
AU02.SHF,8/28/2026,999.84,905.0
AU03.SHF,6/22/2026,919.08,18365.0
AU03.SHF,6/23/2026,899.88,37060.0
AU03.SHF,6/24/2026,897.92,43986.0
AU03.SHF,6/25/2026,873.56,59043.0
AU03.SHF,6/26/2026,885.1,44204.0
AU03.SHF,6/29/2026,890.86,41388.0
AU03.SHF,6/30/2026,883.54,55162.0
AU03.SHF,7/1/2026,871.98,46678.0
AU03.SHF,7/2/2026,892.86,66803.0
AU03.SHF,7/3/2026,913.52,58336.0
AU03.SHF,7/6/2026,909.68,33639.0
AU03.SHF,7/7/2026,906.04,34140.0
AU03.SHF,7/8/2026,904.76,42452.0
AU03.SHF,7/9/2026,901.44,62101.0
AU03.SHF,7/10/2026,900.0,43078.0
AU03.SHF,7/13/2026,888.0,55294.0
AU03.SHF,7/14/2026,882.4,66697.0
AU03.SHF,7/15/2026,882.2,59628.0
AU03.SHF,7/16/2026,883.74,12671.0
AU03.SHF,7/17/2026,878.22,19791.0
AU03.SHF,7/20/2026,878.86,12967.0
AU03.SHF,7/21/2026,894.32,14083.0
AU03.SHF,7/22/2026,903.82,18421.0
AU03.SHF,7/23/2026,904.16,13866.0
AU03.SHF,7/24/2026,886.44,25925.0
AU03.SHF,7/27/2026,898.06,15304.0
AU03.SHF,7/28/2026,887.5,16151.0
AU03.SHF,7/29/2026,886.46,19614.0
AU03.SHF,7/30/2026,883.5,30303.0
AU03.SHF,7/31/2026,890.28,31750.0
AU03.SHF,8/3/2026,888.72,21603.0
AU03.SHF,8/4/2026,888.34,22017.0
AU03.SHF,8/5/2026,912.28,46683.0
AU03.SHF,8/6/2026,928.94,56174.0
AU03.SHF,8/7/2026,938.74,46971.0
AU03.SHF,8/10/2026,950.5,45405.0
AU03.SHF,8/11/2026,952.24,46902.0
AU03.SHF,8/12/2026,960.76,36039.0
AU03.SHF,8/13/2026,955.28,40455.0
AU03.SHF,8/14/2026,945.18,42872.0
AU03.SHF,8/17/2026,957.96,30344.0
AU03.SHF,8/18/2026,958.2,40333.0
AU03.SHF,8/19/2026,947.3,50050.0
AU03.SHF,8/20/2026,974.78,70014.0
AU03.SHF,8/21/2026,989.32,62340.0
AU03.SHF,8/24/2026,1009.06,75555.0
AU03.SHF,8/25/2026,1006.6,87227.0
AU03.SHF,8/26/2026,1005.2,60877.0
AU03.SHF,8/27/2026,997.34,63713.0
AU03.SHF,8/28/2026,1001.56,51565.0
AU2607.SHF,6/22/2026,915.8,2821.0
AU2607.SHF,6/23/2026,897.44,2532.0
AU2607.SHF,6/24/2026,895.12,8162.0
AU2607.SHF,6/25/2026,870.7,5246.0
AU2607.SHF,6/26/2026,881.84,2522.0
AU2607.SHF,6/29/2026,887.84,1124.0
AU2607.SHF,6/30/2026,879.1,858.0
AU2607.SHF,7/1/2026,869.28,219.0
AU2607.SHF,7/2/2026,888.0,81.0
AU2607.SHF,7/3/2026,910.46,162.0
AU2607.SHF,7/6/2026,907.16,72.0
AU2607.SHF,7/7/2026,904.46,57.0
AU2607.SHF,7/8/2026,902.52,66.0
AU2607.SHF,7/9/2026,900.8,0.0
AU2607.SHF,7/10/2026,900.8,0.0
AU2607.SHF,7/13/2026,893.9,3.0
AU2607.SHF,7/14/2026,890.68,0.0
AU2607.SHF,7/15/2026,877.0,12.0
AU2608.SHF,6/22/2026,916.92,110330.0
AU2608.SHF,6/23/2026,897.9,212566.0
AU2608.SHF,6/24/2026,896.04,241146.0
AU2608.SHF,6/25/2026,872.0,341068.0
AU2608.SHF,6/26/2026,883.3,272086.0
AU2608.SHF,6/29/2026,888.72,233900.0
AU2608.SHF,6/30/2026,881.24,257048.0
AU2608.SHF,7/1/2026,869.82,212970.0
AU2608.SHF,7/2/2026,890.66,284908.0
AU2608.SHF,7/3/2026,911.4,271945.0
AU2608.SHF,7/6/2026,907.82,158114.0
AU2608.SHF,7/7/2026,903.76,155508.0
AU2608.SHF,7/8/2026,902.76,188949.0
AU2608.SHF,7/9/2026,898.86,243897.0
AU2608.SHF,7/10/2026,897.94,159989.0
AU2608.SHF,7/13/2026,885.94,185696.0
AU2608.SHF,7/14/2026,880.26,209039.0
AU2608.SHF,7/15/2026,880.1,195411.0
AU2608.SHF,7/16/2026,879.18,177790.0
AU2608.SHF,7/17/2026,873.72,227207.0
AU2608.SHF,7/20/2026,874.24,192507.0
AU2608.SHF,7/21/2026,889.66,169410.0
AU2608.SHF,7/22/2026,899.16,162942.0
AU2608.SHF,7/23/2026,899.08,146508.0
AU2608.SHF,7/24/2026,881.18,155207.0
AU2608.SHF,7/27/2026,893.12,113544.0
AU2608.SHF,7/28/2026,882.46,77164.0
AU2608.SHF,7/29/2026,881.44,55175.0
AU2608.SHF,7/30/2026,878.66,48195.0
AU2608.SHF,7/31/2026,886.48,32004.0
AU2608.SHF,8/3/2026,884.68,2764.0
AU2608.SHF,8/4/2026,883.66,4461.0
AU2608.SHF,8/5/2026,907.88,2778.0
AU2608.SHF,8/6/2026,924.2,2436.0
AU2608.SHF,8/7/2026,933.8,762.0
AU2608.SHF,8/10/2026,944.96,1611.0
AU2608.SHF,8/11/2026,946.54,123.0
AU2608.SHF,8/12/2026,955.0,120.0
AU2608.SHF,8/13/2026,948.72,42.0
AU2608.SHF,8/14/2026,935.68,21.0
AU2608.SHF,8/17/2026,950.9,63.0
AU2609.SHF,6/22/2026,918.06,283.0
AU2609.SHF,6/23/2026,899.98,413.0
AU2609.SHF,6/24/2026,897.08,276.0
AU2609.SHF,6/25/2026,873.52,838.0
AU2609.SHF,6/26/2026,884.32,638.0
AU2609.SHF,6/29/2026,889.92,692.0
AU2609.SHF,6/30/2026,882.32,586.0
AU2609.SHF,7/1/2026,870.68,543.0
AU2609.SHF,7/2/2026,892.04,666.0
AU2609.SHF,7/3/2026,912.6,795.0
AU2609.SHF,7/6/2026,909.06,626.0
AU2609.SHF,7/7/2026,904.66,479.0
AU2609.SHF,7/8/2026,903.98,385.0
AU2609.SHF,7/9/2026,900.36,926.0
AU2609.SHF,7/10/2026,899.08,525.0
AU2609.SHF,7/13/2026,887.36,476.0
AU2609.SHF,7/14/2026,881.48,945.0
AU2609.SHF,7/15/2026,880.84,1247.0
AU2609.SHF,7/16/2026,880.42,712.0
AU2609.SHF,7/17/2026,874.68,1063.0
AU2609.SHF,7/20/2026,875.44,1047.0
AU2609.SHF,7/21/2026,891.64,2534.0
AU2609.SHF,7/22/2026,900.84,1982.0
AU2609.SHF,7/23/2026,900.42,1727.0
AU2609.SHF,7/24/2026,882.72,2993.0
AU2609.SHF,7/27/2026,894.72,1991.0
AU2609.SHF,7/28/2026,884.02,1799.0
AU2609.SHF,7/29/2026,882.86,3161.0
AU2609.SHF,7/30/2026,880.02,5242.0
AU2609.SHF,7/31/2026,887.58,2693.0
AU2609.SHF,8/3/2026,885.94,2306.0
AU2609.SHF,8/4/2026,885.46,1869.0
AU2609.SHF,8/5/2026,909.44,4485.0
AU2609.SHF,8/6/2026,926.0,6668.0
AU2609.SHF,8/7/2026,935.84,4426.0
AU2609.SHF,8/10/2026,947.2,4419.0
AU2609.SHF,8/11/2026,948.92,5488.0
AU2609.SHF,8/12/2026,957.1,4395.0
AU2609.SHF,8/13/2026,951.24,5975.0
AU2609.SHF,8/14/2026,941.4,4496.0
AU2609.SHF,8/17/2026,954.06,3856.0
AU2609.SHF,8/18/2026,954.58,3219.0
AU2609.SHF,8/19/2026,943.64,5418.0
AU2609.SHF,8/20/2026,970.68,6749.0
AU2609.SHF,8/21/2026,985.7,4717.0
AU2609.SHF,8/24/2026,1004.54,7970.0
AU2609.SHF,8/25/2026,1000.7,20860.0
AU2609.SHF,8/26/2026,999.78,6042.0
AU2609.SHF,8/27/2026,994.12,6127.0
AU2609.SHF,8/28/2026,999.02,3173.0
AU2610.SHF,6/22/2026,919.08,18365.0
AU2610.SHF,6/23/2026,899.88,37060.0
AU2610.SHF,6/24/2026,897.92,43986.0
AU2610.SHF,6/25/2026,873.56,59043.0
AU2610.SHF,6/26/2026,885.1,44204.0
AU2610.SHF,6/29/2026,890.86,41388.0
AU2610.SHF,6/30/2026,883.54,55162.0
AU2610.SHF,7/1/2026,871.98,46678.0
AU2610.SHF,7/2/2026,892.86,66803.0
AU2610.SHF,7/3/2026,913.52,58336.0
AU2610.SHF,7/6/2026,909.68,33639.0
AU2610.SHF,7/7/2026,906.04,34140.0
AU2610.SHF,7/8/2026,904.76,42452.0
AU2610.SHF,7/9/2026,901.44,62101.0
AU2610.SHF,7/10/2026,900.0,43078.0
AU2610.SHF,7/13/2026,888.0,55294.0
AU2610.SHF,7/14/2026,882.4,66697.0
AU2610.SHF,7/15/2026,882.2,59628.0
AU2610.SHF,7/16/2026,881.6,58348.0
AU2610.SHF,7/17/2026,876.24,99264.0
AU2610.SHF,7/20/2026,876.64,86455.0
AU2610.SHF,7/21/2026,892.4,101420.0
AU2610.SHF,7/22/2026,901.74,116815.0
AU2610.SHF,7/23/2026,901.76,119093.0
AU2610.SHF,7/24/2026,883.8,146094.0
AU2610.SHF,7/27/2026,895.78,135540.0
AU2610.SHF,7/28/2026,885.1,175293.0
AU2610.SHF,7/29/2026,884.2,189457.0
AU2610.SHF,7/30/2026,881.4,282457.0
AU2610.SHF,7/31/2026,888.3,279829.0
AU2610.SHF,8/3/2026,886.64,206131.0
AU2610.SHF,8/4/2026,886.48,163863.0
AU2610.SHF,8/5/2026,910.4,295465.0
AU2610.SHF,8/6/2026,926.9,383203.0
AU2610.SHF,8/7/2026,936.76,302385.0
AU2610.SHF,8/10/2026,948.2,318936.0
AU2610.SHF,8/11/2026,949.94,317478.0
AU2610.SHF,8/12/2026,958.54,236520.0
AU2610.SHF,8/13/2026,952.96,307720.0
AU2610.SHF,8/14/2026,943.16,280768.0
AU2610.SHF,8/17/2026,955.72,227870.0
AU2610.SHF,8/18/2026,956.4,240020.0
AU2610.SHF,8/19/2026,945.56,285920.0
AU2610.SHF,8/20/2026,972.94,363693.0
AU2610.SHF,8/21/2026,987.44,336058.0
AU2610.SHF,8/24/2026,1006.82,380414.0
AU2610.SHF,8/25/2026,1004.22,431132.0
AU2610.SHF,8/26/2026,1003.0,318276.0
AU2610.SHF,8/27/2026,995.3,333445.0
AU2610.SHF,8/28/2026,999.28,271842.0
AU2611.SHF,8/18/2026,957.74,532.0
AU2611.SHF,8/19/2026,946.74,429.0
AU2611.SHF,8/20/2026,973.86,1040.0
AU2611.SHF,8/21/2026,988.38,568.0
AU2611.SHF,8/24/2026,1008.36,1154.0
AU2611.SHF,8/25/2026,1005.46,970.0
AU2611.SHF,8/26/2026,1004.48,682.0
AU2611.SHF,8/27/2026,996.18,812.0
AU2611.SHF,8/28/2026,999.84,905.0
AU2612.SHF,6/22/2026,921.02,5282.0
AU2612.SHF,6/23/2026,902.22,11336.0
AU2612.SHF,6/24/2026,900.2,11544.0
AU2612.SHF,6/25/2026,876.08,21052.0
AU2612.SHF,6/26/2026,887.4,13948.0
AU2612.SHF,6/29/2026,893.3,9671.0
AU2612.SHF,6/30/2026,885.56,15030.0
AU2612.SHF,7/1/2026,874.46,15305.0
AU2612.SHF,7/2/2026,895.08,20181.0
AU2612.SHF,7/3/2026,915.66,15279.0
AU2612.SHF,7/6/2026,912.12,8417.0
AU2612.SHF,7/7/2026,908.1,7230.0
AU2612.SHF,7/8/2026,907.14,9668.0
AU2612.SHF,7/9/2026,903.38,21800.0
AU2612.SHF,7/10/2026,902.34,10381.0
AU2612.SHF,7/13/2026,890.32,14251.0
AU2612.SHF,7/14/2026,884.54,13828.0
AU2612.SHF,7/15/2026,884.68,13259.0
AU2612.SHF,7/16/2026,883.74,12671.0
AU2612.SHF,7/17/2026,878.22,19791.0
AU2612.SHF,7/20/2026,878.86,12967.0
AU2612.SHF,7/21/2026,894.32,14083.0
AU2612.SHF,7/22/2026,903.82,18421.0
AU2612.SHF,7/23/2026,904.16,13866.0
AU2612.SHF,7/24/2026,886.44,25925.0
AU2612.SHF,7/27/2026,898.06,15304.0
AU2612.SHF,7/28/2026,887.5,16151.0
AU2612.SHF,7/29/2026,886.46,19614.0
AU2612.SHF,7/30/2026,883.5,30303.0
AU2612.SHF,7/31/2026,890.28,31750.0
AU2612.SHF,8/3/2026,888.72,21603.0
AU2612.SHF,8/4/2026,888.34,22017.0
AU2612.SHF,8/5/2026,912.28,46683.0
AU2612.SHF,8/6/2026,928.94,56174.0
AU2612.SHF,8/7/2026,938.74,46971.0
AU2612.SHF,8/10/2026,950.5,45405.0
AU2612.SHF,8/11/2026,952.24,46902.0
AU2612.SHF,8/12/2026,960.76,36039.0
AU2612.SHF,8/13/2026,955.28,40455.0
AU2612.SHF,8/14/2026,945.18,42872.0
AU2612.SHF,8/17/2026,957.96,30344.0
AU2612.SHF,8/18/2026,958.2,40333.0
AU2612.SHF,8/19/2026,947.3,50050.0
AU2612.SHF,8/20/2026,974.78,70014.0
AU2612.SHF,8/21/2026,989.32,62340.0
AU2612.SHF,8/24/2026,1009.06,75555.0
AU2612.SHF,8/25/2026,1006.6,87227.0
AU2612.SHF,8/26/2026,1005.2,60877.0
AU2612.SHF,8/27/2026,997.34,63713.0
AU2612.SHF,8/28/2026,1001.56,51565.0
AU2702.SHF,6/22/2026,923.48,1068.0
AU2702.SHF,6/23/2026,904.22,803.0
AU2702.SHF,6/24/2026,901.88,997.0
AU2702.SHF,6/25/2026,878.28,1767.0
AU2702.SHF,6/26/2026,889.24,1158.0
AU2702.SHF,6/29/2026,894.96,1119.0
AU2702.SHF,6/30/2026,887.62,2177.0
AU2702.SHF,7/1/2026,876.0,1326.0
AU2702.SHF,7/2/2026,897.5,1649.0
AU2702.SHF,7/3/2026,917.74,2089.0
AU2702.SHF,7/6/2026,914.46,1284.0
AU2702.SHF,7/7/2026,910.36,958.0
AU2702.SHF,7/8/2026,909.58,797.0
AU2702.SHF,7/9/2026,905.74,2642.0
AU2702.SHF,7/10/2026,902.4,1348.0
AU2702.SHF,7/13/2026,892.54,1173.0
AU2702.SHF,7/14/2026,887.2,2027.0
AU2702.SHF,7/15/2026,886.72,1196.0
AU2702.SHF,7/16/2026,885.84,1720.0
AU2702.SHF,7/17/2026,880.7,4647.0
AU2702.SHF,7/20/2026,881.1,2424.0
AU2702.SHF,7/21/2026,896.64,2220.0
AU2702.SHF,7/22/2026,906.1,1613.0
AU2702.SHF,7/23/2026,906.38,1513.0
AU2702.SHF,7/24/2026,888.46,2422.0
AU2702.SHF,7/27/2026,900.34,2738.0
AU2702.SHF,7/28/2026,889.62,2676.0
AU2702.SHF,7/29/2026,888.64,2992.0
AU2702.SHF,7/30/2026,885.9,7731.0
AU2702.SHF,7/31/2026,892.58,7618.0
AU2702.SHF,8/3/2026,890.84,5826.0
AU2702.SHF,8/4/2026,890.46,3894.0
AU2702.SHF,8/5/2026,914.8,8091.0
AU2702.SHF,8/6/2026,931.36,11962.0
AU2702.SHF,8/7/2026,941.02,8820.0
AU2702.SHF,8/10/2026,952.68,12833.0
AU2702.SHF,8/11/2026,954.06,12695.0
AU2702.SHF,8/12/2026,962.92,8524.0
AU2702.SHF,8/13/2026,957.64,15620.0
AU2702.SHF,8/14/2026,947.58,13969.0
AU2702.SHF,8/17/2026,960.2,10759.0
AU2702.SHF,8/18/2026,960.42,11180.0
AU2702.SHF,8/19/2026,949.46,14237.0
AU2702.SHF,8/20/2026,977.18,21396.0
AU2702.SHF,8/21/2026,991.52,20943.0
AU2702.SHF,8/24/2026,1010.96,23362.0
AU2702.SHF,8/25/2026,1008.56,30303.0
AU2702.SHF,8/26/2026,1007.26,19828.0
AU2702.SHF,8/27/2026,999.38,27996.0
AU2702.SHF,8/28/2026,1003.5,17777.0
AU2704.SHF,6/22/2026,925.26,551.0
AU2704.SHF,6/23/2026,906.66,461.0
AU2704.SHF,6/24/2026,903.86,342.0
AU2704.SHF,6/25/2026,880.14,719.0
AU2704.SHF,6/26/2026,891.08,592.0
AU2704.SHF,6/29/2026,896.9,630.0
AU2704.SHF,6/30/2026,889.34,593.0
AU2704.SHF,7/1/2026,877.96,396.0
AU2704.SHF,7/2/2026,898.78,764.0
AU2704.SHF,7/3/2026,919.4,612.0
AU2704.SHF,7/6/2026,916.2,1454.0
AU2704.SHF,7/7/2026,912.52,469.0
AU2704.SHF,7/8/2026,911.68,513.0
AU2704.SHF,7/9/2026,907.38,697.0
AU2704.SHF,7/10/2026,906.48,774.0
AU2704.SHF,7/13/2026,894.58,1233.0
AU2704.SHF,7/14/2026,888.96,975.0
AU2704.SHF,7/15/2026,888.72,421.0
AU2704.SHF,7/16/2026,887.84,409.0
AU2704.SHF,7/17/2026,883.32,3557.0
AU2704.SHF,7/20/2026,883.9,2456.0
AU2704.SHF,7/21/2026,899.3,4031.0
AU2704.SHF,7/22/2026,908.88,1096.0
AU2704.SHF,7/23/2026,908.42,1076.0
AU2704.SHF,7/24/2026,891.16,2900.0
AU2704.SHF,7/27/2026,902.88,1704.0
AU2704.SHF,7/28/2026,892.38,838.0
AU2704.SHF,7/29/2026,891.08,2097.0
AU2704.SHF,7/30/2026,887.94,1422.0
AU2704.SHF,7/31/2026,895.0,607.0
AU2704.SHF,8/3/2026,893.32,948.0
AU2704.SHF,8/4/2026,892.56,628.0
AU2704.SHF,8/5/2026,916.56,670.0
AU2704.SHF,8/6/2026,933.24,1236.0
AU2704.SHF,8/7/2026,943.32,959.0
AU2704.SHF,8/10/2026,955.3,1992.0
AU2704.SHF,8/11/2026,956.14,2047.0
AU2704.SHF,8/12/2026,965.1,1865.0
AU2704.SHF,8/13/2026,959.34,1253.0
AU2704.SHF,8/14/2026,949.84,1489.0
AU2704.SHF,8/17/2026,962.44,830.0
AU2704.SHF,8/18/2026,962.98,627.0
AU2704.SHF,8/19/2026,952.06,884.0
AU2704.SHF,8/20/2026,979.32,3364.0
AU2704.SHF,8/21/2026,993.68,3079.0
AU2704.SHF,8/24/2026,1013.0,4495.0
AU2704.SHF,8/25/2026,1010.5,2701.0
AU2704.SHF,8/26/2026,1009.04,5698.0
AU2704.SHF,8/27/2026,1001.36,4441.0
AU2704.SHF,8/28/2026,1004.92,3666.0
AU2706.SHF,6/22/2026,928.18,228.0
AU2706.SHF,6/23/2026,910.34,423.0
AU2706.SHF,6/24/2026,907.16,519.0
AU2706.SHF,6/25/2026,883.42,664.0
AU2706.SHF,6/26/2026,893.8,634.0
AU2706.SHF,6/29/2026,899.76,503.0
AU2706.SHF,6/30/2026,891.56,795.0
AU2706.SHF,7/1/2026,880.5,674.0
AU2706.SHF,7/2/2026,901.08,1341.0
AU2706.SHF,7/3/2026,921.9,704.0
AU2706.SHF,7/6/2026,918.06,612.0
AU2706.SHF,7/7/2026,914.32,425.0
AU2706.SHF,7/8/2026,913.5,489.0
AU2706.SHF,7/9/2026,908.98,786.0
AU2706.SHF,7/10/2026,908.16,463.0
AU2706.SHF,7/13/2026,896.7,1224.0
AU2706.SHF,7/14/2026,890.92,1254.0
AU2706.SHF,7/15/2026,890.66,534.0
AU2706.SHF,7/16/2026,889.66,459.0
AU2706.SHF,7/17/2026,885.64,2148.0
AU2706.SHF,7/20/2026,885.84,2239.0
AU2706.SHF,7/21/2026,901.52,825.0
AU2706.SHF,7/22/2026,910.84,911.0
AU2706.SHF,7/23/2026,910.24,978.0
AU2706.SHF,7/24/2026,893.12,3505.0
AU2706.SHF,7/27/2026,904.96,2273.0
AU2706.SHF,7/28/2026,894.02,1208.0
AU2706.SHF,7/29/2026,893.3,1541.0
AU2706.SHF,7/30/2026,890.24,1470.0
AU2706.SHF,7/31/2026,897.4,1083.0
AU2706.SHF,8/3/2026,895.7,791.0
AU2706.SHF,8/4/2026,894.88,1329.0
AU2706.SHF,8/5/2026,918.6,1108.0
AU2706.SHF,8/6/2026,935.0,1234.0
AU2706.SHF,8/7/2026,945.26,614.0
AU2706.SHF,8/10/2026,956.88,784.0
AU2706.SHF,8/11/2026,958.64,865.0
AU2706.SHF,8/12/2026,967.12,312.0
AU2706.SHF,8/13/2026,961.98,868.0
AU2706.SHF,8/14/2026,951.98,928.0
AU2706.SHF,8/17/2026,964.72,835.0
AU2706.SHF,8/18/2026,964.92,916.0
AU2706.SHF,8/19/2026,953.82,928.0
AU2706.SHF,8/20/2026,981.72,1162.0
AU2706.SHF,8/21/2026,996.2,2908.0
AU2706.SHF,8/24/2026,1015.18,2507.0
AU2706.SHF,8/25/2026,1012.58,1260.0
AU2706.SHF,8/26/2026,1011.52,1887.0
AU2706.SHF,8/27/2026,1003.66,790.0
AU2706.SHF,8/28/2026,1007.94,733.0
AU2708.SHF,7/16/2026,891.62,65.0
AU2708.SHF,7/17/2026,887.66,146.0
AU2708.SHF,7/20/2026,888.3,101.0
AU2708.SHF,7/21/2026,904.32,129.0
AU2708.SHF,7/22/2026,913.0,92.0
AU2708.SHF,7/23/2026,913.86,81.0
AU2708.SHF,7/24/2026,895.66,273.0
AU2708.SHF,7/27/2026,907.6,393.0
AU2708.SHF,7/28/2026,896.86,129.0
AU2708.SHF,7/29/2026,896.12,338.0
AU2708.SHF,7/30/2026,892.92,331.0
AU2708.SHF,7/31/2026,900.16,289.0
AU2708.SHF,8/3/2026,898.56,408.0
AU2708.SHF,8/4/2026,897.38,1279.0
AU2708.SHF,8/5/2026,921.06,710.0
AU2708.SHF,8/6/2026,937.3,513.0
AU2708.SHF,8/7/2026,947.06,438.0
AU2708.SHF,8/10/2026,959.04,352.0
AU2708.SHF,8/11/2026,960.16,583.0
AU2708.SHF,8/12/2026,969.36,254.0
AU2708.SHF,8/13/2026,964.26,385.0
AU2708.SHF,8/14/2026,954.38,1161.0
AU2708.SHF,8/17/2026,966.92,219.0
AU2708.SHF,8/18/2026,967.68,228.0
AU2708.SHF,8/19/2026,956.88,406.0
AU2708.SHF,8/20/2026,983.88,531.0
AU2708.SHF,8/21/2026,998.84,655.0
AU2708.SHF,8/24/2026,1017.86,776.0
AU2708.SHF,8/25/2026,1015.0,604.0
AU2708.SHF,8/26/2026,1013.98,1357.0
AU2708.SHF,8/27/2026,1006.86,824.0
AU2708.SHF,8/28/2026,1009.58,731.0
AU8888.SHF,6/22/2026,918.21,138928.0
AU8888.SHF,6/23/2026,899.19,265594.0
AU8888.SHF,6/24/2026,897.31,306972.0
AU8888.SHF,6/25/2026,873.24,430397.0
AU8888.SHF,6/26/2026,884.64,335782.0
AU8888.SHF,6/29/2026,890.26,289027.0
AU8888.SHF,6/30/2026,882.83,332249.0
AU8888.SHF,7/1/2026,871.47,278111.0
AU8888.SHF,7/2/2026,892.32,376393.0
AU8888.SHF,7/3/2026,913.0,349922.0
AU8888.SHF,7/6/2026,909.37,204218.0
AU8888.SHF,7/7/2026,905.46,199266.0
AU8888.SHF,7/8/2026,904.43,243319.0
AU8888.SHF,7/9/2026,900.82,332849.0
AU8888.SHF,7/10/2026,899.66,216558.0
AU8888.SHF,7/13/2026,887.77,259350.0
AU8888.SHF,7/14/2026,882.15,294765.0
AU8888.SHF,7/15/2026,882.04,271708.0
AU8888.SHF,7/16/2026,881.3,252174.0
AU8888.SHF,7/17/2026,876.05,357823.0
AU8888.SHF,7/20/2026,876.68,300196.0
AU8888.SHF,7/21/2026,892.36,294652.0
AU8888.SHF,7/22/2026,901.87,303872.0
AU8888.SHF,7/23/2026,901.99,284842.0
AU8888.SHF,7/24/2026,884.28,339319.0
AU8888.SHF,7/27/2026,896.3,273487.0
AU8888.SHF,7/28/2026,885.83,275258.0
AU8888.SHF,7/29/2026,885.04,274375.0
AU8888.SHF,7/30/2026,882.32,377151.0
AU8888.SHF,7/31/2026,889.34,355873.0
AU8888.SHF,8/3/2026,887.73,240777.0
AU8888.SHF,8/4/2026,887.49,199340.0
AU8888.SHF,8/5/2026,911.42,359990.0
AU8888.SHF,8/6/2026,927.98,463426.0
AU8888.SHF,8/7/2026,937.83,365375.0
AU8888.SHF,8/10/2026,949.42,386332.0
AU8888.SHF,8/11/2026,951.16,386181.0
AU8888.SHF,8/12/2026,959.78,288029.0
AU8888.SHF,8/13/2026,954.27,372318.0
AU8888.SHF,8/14/2026,944.39,345704.0
AU8888.SHF,8/17/2026,957.05,274776.0
AU8888.SHF,8/18/2026,957.61,297055.0
AU8888.SHF,8/19/2026,946.76,358272.0
AU8888.SHF,8/20/2026,974.17,467949.0
AU8888.SHF,8/21/2026,988.73,431268.0
AU8888.SHF,8/24/2026,1008.22,496233.0
AU8888.SHF,8/25/2026,1005.7,575057.0
AU8888.SHF,8/26/2026,1004.51,414647.0
AU8888.SHF,8/27/2026,996.86,438148.0
AU8888.SHF,8/28/2026,1000.98,350392.0
AUZL1.SHF,6/22/2026,916.92,110330.0
AUZL1.SHF,6/23/2026,897.9,212566.0
AUZL1.SHF,6/24/2026,896.04,241146.0
AUZL1.SHF,6/25/2026,872.0,341068.0
AUZL1.SHF,6/26/2026,883.3,272086.0
AUZL1.SHF,6/29/2026,888.72,233900.0
AUZL1.SHF,6/30/2026,881.24,257048.0
AUZL1.SHF,7/1/2026,869.82,212970.0
AUZL1.SHF,7/2/2026,890.66,284908.0
AUZL1.SHF,7/3/2026,911.4,271945.0
AUZL1.SHF,7/6/2026,907.82,158114.0
AUZL1.SHF,7/7/2026,903.76,155508.0
AUZL1.SHF,7/8/2026,902.76,188949.0
AUZL1.SHF,7/9/2026,898.86,243897.0
AUZL1.SHF,7/10/2026,897.94,159989.0
AUZL1.SHF,7/13/2026,885.94,185696.0
AUZL1.SHF,7/14/2026,880.26,209039.0
AUZL1.SHF,7/15/2026,880.1,195411.0
AUZL1.SHF,7/16/2026,879.18,177790.0
AUZL1.SHF,7/17/2026,873.72,227207.0
AUZL1.SHF,7/20/2026,874.24,192507.0
AUZL1.SHF,7/21/2026,889.66,169410.0
AUZL1.SHF,7/22/2026,899.16,162942.0
AUZL1.SHF,7/23/2026,899.08,146508.0
AUZL1.SHF,7/24/2026,881.18,155207.0
AUZL1.SHF,7/27/2026,895.78,135540.0
AUZL1.SHF,7/28/2026,885.1,175293.0
AUZL1.SHF,7/29/2026,884.2,189457.0
AUZL1.SHF,7/30/2026,881.4,282457.0
AUZL1.SHF,7/31/2026,888.3,279829.0
AUZL1.SHF,8/3/2026,886.64,206131.0
AUZL1.SHF,8/4/2026,886.48,163863.0
AUZL1.SHF,8/5/2026,910.4,295465.0
AUZL1.SHF,8/6/2026,926.9,383203.0
AUZL1.SHF,8/7/2026,936.76,302385.0
AUZL1.SHF,8/10/2026,948.2,318936.0
AUZL1.SHF,8/11/2026,949.94,317478.0
AUZL1.SHF,8/12/2026,958.54,236520.0
AUZL1.SHF,8/13/2026,952.96,307720.0
AUZL1.SHF,8/14/2026,943.16,280768.0
AUZL1.SHF,8/17/2026,955.72,227870.0
AUZL1.SHF,8/18/2026,956.4,240020.0
AUZL1.SHF,8/19/2026,945.56,285920.0
AUZL1.SHF,8/20/2026,972.94,363693.0
AUZL1.SHF,8/21/2026,987.44,336058.0
AUZL1.SHF,8/24/2026,1006.82,380414.0
AUZL1.SHF,8/25/2026,1004.22,431132.0
AUZL1.SHF,8/26/2026,1003.0,318276.0
AUZL1.SHF,8/27/2026,995.3,333445.0
AUZL1.SHF,8/28/2026,999.28,271842.0
AUZL2.SHF,6/22/2026,916.92,110330.0
AUZL2.SHF,6/23/2026,897.9,212566.0
AUZL2.SHF,6/24/2026,896.04,241146.0
AUZL2.SHF,6/25/2026,872.0,341068.0
AUZL2.SHF,6/26/2026,883.3,272086.0
AUZL2.SHF,6/29/2026,888.72,233900.0
AUZL2.SHF,6/30/2026,881.24,257048.0
AUZL2.SHF,7/1/2026,869.82,212970.0
AUZL2.SHF,7/2/2026,890.66,284908.0
AUZL2.SHF,7/3/2026,911.4,271945.0
AUZL2.SHF,7/6/2026,907.82,158114.0
AUZL2.SHF,7/7/2026,903.76,155508.0
AUZL2.SHF,7/8/2026,902.76,188949.0
AUZL2.SHF,7/9/2026,898.86,243897.0
AUZL2.SHF,7/10/2026,897.94,159989.0
AUZL2.SHF,7/13/2026,885.94,185696.0
AUZL2.SHF,7/14/2026,880.26,209039.0
AUZL2.SHF,7/15/2026,880.1,195411.0
AUZL2.SHF,7/16/2026,881.6,58348.0
AUZL2.SHF,7/17/2026,876.24,99264.0
AUZL2.SHF,7/20/2026,876.64,86455.0
AUZL2.SHF,7/21/2026,892.4,101420.0
AUZL2.SHF,7/22/2026,901.74,116815.0
AUZL2.SHF,7/23/2026,901.76,119093.0
AUZL2.SHF,7/24/2026,883.8,146094.0
AUZL2.SHF,7/27/2026,895.78,135540.0
AUZL2.SHF,7/28/2026,885.1,175293.0
AUZL2.SHF,7/29/2026,884.2,189457.0
AUZL2.SHF,7/30/2026,881.4,282457.0
AUZL2.SHF,7/31/2026,888.3,279829.0
AUZL2.SHF,8/3/2026,886.64,206131.0
AUZL2.SHF,8/4/2026,886.48,163863.0
AUZL2.SHF,8/5/2026,910.4,295465.0
AUZL2.SHF,8/6/2026,926.9,383203.0
AUZL2.SHF,8/7/2026,936.76,302385.0
AUZL2.SHF,8/10/2026,948.2,318936.0
AUZL2.SHF,8/11/2026,949.94,317478.0
AUZL2.SHF,8/12/2026,958.54,236520.0
AUZL2.SHF,8/13/2026,952.96,307720.0
AUZL2.SHF,8/14/2026,943.16,280768.0
AUZL2.SHF,8/17/2026,955.72,227870.0
AUZL2.SHF,8/18/2026,956.4,240020.0
AUZL2.SHF,8/19/2026,945.56,285920.0
AUZL2.SHF,8/20/2026,972.94,363693.0
AUZL2.SHF,8/21/2026,987.44,336058.0
AUZL2.SHF,8/24/2026,1006.82,380414.0
AUZL2.SHF,8/25/2026,1004.22,431132.0
AUZL2.SHF,8/26/2026,1003.0,318276.0
AUZL2.SHF,8/27/2026,995.3,333445.0
AUZL2.SHF,8/28/2026,999.28,271842.0
AUZL.SHF,6/22/2026,916.92,110330.0
AUZL.SHF,6/23/2026,897.9,212566.0
AUZL.SHF,6/24/2026,896.04,241146.0
AUZL.SHF,6/25/2026,872.0,341068.0
AUZL.SHF,6/26/2026,883.3,272086.0
AUZL.SHF,6/29/2026,888.72,233900.0
AUZL.SHF,6/30/2026,881.24,257048.0
AUZL.SHF,7/1/2026,869.82,212970.0
AUZL.SHF,7/2/2026,890.66,284908.0
AUZL.SHF,7/3/2026,911.4,271945.0
AUZL.SHF,7/6/2026,907.82,158114.0
AUZL.SHF,7/7/2026,903.76,155508.0
AUZL.SHF,7/8/2026,902.76,188949.0
AUZL.SHF,7/9/2026,898.86,243897.0
AUZL.SHF,7/10/2026,897.94,159989.0
AUZL.SHF,7/13/2026,885.94,185696.0
AUZL.SHF,7/14/2026,880.26,209039.0
AUZL.SHF,7/15/2026,880.1,195411.0
AUZL.SHF,7/16/2026,879.18,177790.0
AUZL.SHF,7/17/2026,873.72,227207.0
AUZL.SHF,7/20/2026,874.24,192507.0
AUZL.SHF,7/21/2026,889.66,169410.0
AUZL.SHF,7/22/2026,899.16,162942.0
AUZL.SHF,7/23/2026,899.08,146508.0
AUZL.SHF,7/24/2026,881.18,155207.0
AUZL.SHF,7/27/2026,893.12,113544.0
AUZL.SHF,7/28/2026,885.1,175293.0
AUZL.SHF,7/29/2026,884.2,189457.0
AUZL.SHF,7/30/2026,881.4,282457.0
AUZL.SHF,7/31/2026,888.3,279829.0
AUZL.SHF,8/3/2026,886.64,206131.0
AUZL.SHF,8/4/2026,886.48,163863.0
AUZL.SHF,8/5/2026,910.4,295465.0
AUZL.SHF,8/6/2026,926.9,383203.0
AUZL.SHF,8/7/2026,936.76,302385.0
AUZL.SHF,8/10/2026,948.2,318936.0
AUZL.SHF,8/11/2026,949.94,317478.0
AUZL.SHF,8/12/2026,958.54,236520.0
AUZL.SHF,8/13/2026,952.96,307720.0
AUZL.SHF,8/14/2026,943.16,280768.0
AUZL.SHF,8/17/2026,955.72,227870.0
AUZL.SHF,8/18/2026,956.4,240020.0
AUZL.SHF,8/19/2026,945.56,285920.0
AUZL.SHF,8/20/2026,972.94,363693.0
AUZL.SHF,8/21/2026,987.44,336058.0
AUZL.SHF,8/24/2026,1006.82,380414.0
AUZL.SHF,8/25/2026,1004.22,431132.0
AUZL.SHF,8/26/2026,1003.0,318276.0
AUZL.SHF,8/27/2026,995.3,333445.0
AUZL.SHF,8/28/2026,999.28,271842.0
AG00.SHF,6/22/2026,16035.0,15526.0
AG00.SHF,6/23/2026,14985.0,27660.0
AG00.SHF,6/24/2026,14940.0,47119.0
AG00.SHF,6/25/2026,13791.0,21327.0
AG00.SHF,6/26/2026,14191.0,10261.0
AG00.SHF,6/29/2026,14235.0,6094.0
AG00.SHF,6/30/2026,14347.0,3837.0
AG00.SHF,7/1/2026,14002.0,1282.0
AG00.SHF,7/2/2026,14622.0,748.0
AG00.SHF,7/3/2026,15207.0,490.0
AG00.SHF,7/6/2026,15061.0,514.0
AG00.SHF,7/7/2026,14855.0,584.0
AG00.SHF,7/8/2026,14840.0,1408.0
AG00.SHF,7/9/2026,14350.0,46.0
AG00.SHF,7/10/2026,14670.0,108.0
AG00.SHF,7/13/2026,14160.0,46.0
AG00.SHF,7/14/2026,14180.0,64.0
AG00.SHF,7/15/2026,14017.0,98.0
AG00.SHF,7/16/2026,13916.0,523881.0
AG00.SHF,7/17/2026,13522.0,572807.0
AG00.SHF,7/20/2026,13722.0,368201.0
AG00.SHF,7/21/2026,14381.0,252413.0
AG00.SHF,7/22/2026,14493.0,210665.0
AG00.SHF,7/23/2026,14573.0,178457.0
AG00.SHF,7/24/2026,14118.0,178637.0
AG00.SHF,7/27/2026,14508.0,158149.0
AG00.SHF,7/28/2026,14045.0,98394.0
AG00.SHF,7/29/2026,14230.0,72776.0
AG00.SHF,7/30/2026,13997.0,74346.0
AG00.SHF,7/31/2026,14208.0,44640.0
AG00.SHF,8/3/2026,14175.0,8096.0
AG00.SHF,8/4/2026,14330.0,9252.0
AG00.SHF,8/5/2026,15050.0,10130.0
AG00.SHF,8/6/2026,15045.0,7976.0
AG00.SHF,8/7/2026,15583.0,7872.0
AG00.SHF,8/10/2026,15645.0,7356.0
AG00.SHF,8/11/2026,15756.0,1068.0
AG00.SHF,8/12/2026,16128.0,320.0
AG00.SHF,8/13/2026,15792.0,578.0
AG00.SHF,8/14/2026,15621.0,80.0
AG00.SHF,8/17/2026,16048.0,176.0
AG00.SHF,8/18/2026,15937.0,26002.0
AG00.SHF,8/19/2026,15402.0,30231.0
AG00.SHF,8/20/2026,16325.0,37406.0
AG00.SHF,8/21/2026,16734.0,37189.0
AG00.SHF,8/24/2026,16798.0,34505.0
AG00.SHF,8/25/2026,16587.0,56852.0
AG00.SHF,8/26/2026,16720.0,26903.0
AG00.SHF,8/27/2026,16692.0,11378.0
AG00.SHF,8/28/2026,17171.0,8921.0
AG01.SHF,6/22/2026,16063.0,316935.0
AG01.SHF,6/23/2026,14997.0,738956.0
AG01.SHF,6/24/2026,14950.0,676228.0
AG01.SHF,6/25/2026,13811.0,985009.0
AG01.SHF,6/26/2026,14212.0,1056428.0
AG01.SHF,6/29/2026,14272.0,809674.0
AG01.SHF,6/30/2026,14410.0,792215.0
AG01.SHF,7/1/2026,14032.0,724166.0
AG01.SHF,7/2/2026,14650.0,795213.0
AG01.SHF,7/3/2026,15256.0,742273.0
AG01.SHF,7/6/2026,15083.0,461522.0
AG01.SHF,7/7/2026,14880.0,497006.0
AG01.SHF,7/8/2026,14860.0,536399.0
AG01.SHF,7/9/2026,14403.0,656545.0
AG01.SHF,7/10/2026,14656.0,489325.0
AG01.SHF,7/13/2026,14135.0,491789.0
AG01.SHF,7/14/2026,14217.0,469117.0
AG01.SHF,7/15/2026,14241.0,454923.0
AG01.SHF,7/16/2026,13928.0,38959.0
AG01.SHF,7/17/2026,13536.0,45951.0
AG01.SHF,7/20/2026,13736.0,39485.0
AG01.SHF,7/21/2026,14396.0,36042.0
AG01.SHF,7/22/2026,14515.0,37002.0
AG01.SHF,7/23/2026,14594.0,31173.0
AG01.SHF,7/24/2026,14140.0,34856.0
AG01.SHF,7/27/2026,14543.0,27760.0
AG01.SHF,7/28/2026,14068.0,34366.0
AG01.SHF,7/29/2026,14248.0,28618.0
AG01.SHF,7/30/2026,14011.0,38841.0
AG01.SHF,7/31/2026,14242.0,31395.0
AG01.SHF,8/3/2026,14201.0,24965.0
AG01.SHF,8/4/2026,14349.0,32191.0
AG01.SHF,8/5/2026,15075.0,30956.0
AG01.SHF,8/6/2026,15073.0,35506.0
AG01.SHF,8/7/2026,15617.0,27659.0
AG01.SHF,8/10/2026,15683.0,31210.0
AG01.SHF,8/11/2026,15715.0,37004.0
AG01.SHF,8/12/2026,16126.0,26005.0
AG01.SHF,8/13/2026,15802.0,30860.0
AG01.SHF,8/14/2026,15698.0,27528.0
AG01.SHF,8/17/2026,16112.0,22369.0
AG01.SHF,8/18/2026,15961.0,669549.0
AG01.SHF,8/19/2026,15432.0,685304.0
AG01.SHF,8/20/2026,16361.0,759355.0
AG01.SHF,8/21/2026,16771.0,773038.0
AG01.SHF,8/24/2026,16843.0,757231.0
AG01.SHF,8/25/2026,16631.0,752304.0
AG01.SHF,8/26/2026,16756.0,643479.0
AG01.SHF,8/27/2026,16728.0,672442.0
AG01.SHF,8/28/2026,17215.0,765356.0
AG02.SHF,6/22/2026,16078.0,34001.0
AG02.SHF,6/23/2026,15022.0,70294.0
AG02.SHF,6/24/2026,14975.0,63459.0
AG02.SHF,6/25/2026,13863.0,103605.0
AG02.SHF,6/26/2026,14239.0,105890.0
AG02.SHF,6/29/2026,14297.0,89216.0
AG02.SHF,6/30/2026,14431.0,83213.0
AG02.SHF,7/1/2026,14055.0,62504.0
AG02.SHF,7/2/2026,14675.0,59920.0
AG02.SHF,7/3/2026,15280.0,54686.0
AG02.SHF,7/6/2026,15105.0,32054.0
AG02.SHF,7/7/2026,14894.0,32199.0
AG02.SHF,7/8/2026,14878.0,34151.0
AG02.SHF,7/9/2026,14414.0,44976.0
AG02.SHF,7/10/2026,14675.0,28369.0
AG02.SHF,7/13/2026,14149.0,31140.0
AG02.SHF,7/14/2026,14230.0,33975.0
AG02.SHF,7/15/2026,14245.0,33361.0
AG02.SHF,7/16/2026,13937.0,505936.0
AG02.SHF,7/17/2026,13545.0,603692.0
AG02.SHF,7/20/2026,13753.0,646870.0
AG02.SHF,7/21/2026,14420.0,702545.0
AG02.SHF,7/22/2026,14531.0,731628.0
AG02.SHF,7/23/2026,14614.0,787649.0
AG02.SHF,7/24/2026,14154.0,813225.0
AG02.SHF,7/27/2026,14558.0,747713.0
AG02.SHF,7/28/2026,14088.0,773705.0
AG02.SHF,7/29/2026,14268.0,745286.0
AG02.SHF,7/30/2026,14032.0,984527.0
AG02.SHF,7/31/2026,14264.0,827922.0
AG02.SHF,8/3/2026,14218.0,651016.0
AG02.SHF,8/4/2026,14373.0,663932.0
AG02.SHF,8/5/2026,15105.0,709794.0
AG02.SHF,8/6/2026,15091.0,838090.0
AG02.SHF,8/7/2026,15635.0,743843.0
AG02.SHF,8/10/2026,15705.0,799758.0
AG02.SHF,8/11/2026,15748.0,846185.0
AG02.SHF,8/12/2026,16154.0,642956.0
AG02.SHF,8/13/2026,15823.0,784877.0
AG02.SHF,8/14/2026,15722.0,657498.0
AG02.SHF,8/17/2026,16143.0,588026.0
AG02.SHF,8/18/2026,15973.0,62969.0
AG02.SHF,8/19/2026,15447.0,69243.0
AG02.SHF,8/20/2026,16374.0,74908.0
AG02.SHF,8/21/2026,16781.0,76010.0
AG02.SHF,8/24/2026,16854.0,75190.0
AG02.SHF,8/25/2026,16646.0,81649.0
AG02.SHF,8/26/2026,16773.0,68859.0
AG02.SHF,8/27/2026,16740.0,73238.0
AG02.SHF,8/28/2026,17231.0,77271.0
AG03.SHF,6/22/2026,16098.0,153676.0
AG03.SHF,6/23/2026,15030.0,357111.0
AG03.SHF,6/24/2026,14976.0,333523.0
AG03.SHF,6/25/2026,13844.0,453086.0
AG03.SHF,6/26/2026,14248.0,501718.0
AG03.SHF,6/29/2026,14305.0,415081.0
AG03.SHF,6/30/2026,14448.0,424491.0
AG03.SHF,7/1/2026,14072.0,414344.0
AG03.SHF,7/2/2026,14686.0,448737.0
AG03.SHF,7/3/2026,15285.0,443625.0
AG03.SHF,7/6/2026,15112.0,313431.0
AG03.SHF,7/7/2026,14911.0,345752.0
AG03.SHF,7/8/2026,14888.0,396893.0
AG03.SHF,7/9/2026,14436.0,482038.0
AG03.SHF,7/10/2026,14687.0,374474.0
AG03.SHF,7/13/2026,14162.0,388901.0
AG03.SHF,7/14/2026,14239.0,385838.0
AG03.SHF,7/15/2026,14253.0,409478.0
AG03.SHF,7/16/2026,13962.0,7105.0
AG03.SHF,7/17/2026,13566.0,6461.0
AG03.SHF,7/20/2026,13765.0,7239.0
AG03.SHF,7/21/2026,14433.0,7729.0
AG03.SHF,7/22/2026,14548.0,8124.0
AG03.SHF,7/23/2026,14633.0,7406.0
AG03.SHF,7/24/2026,14178.0,9283.0
AG03.SHF,7/27/2026,14582.0,7297.0
AG03.SHF,7/28/2026,14102.0,6764.0
AG03.SHF,7/29/2026,14286.0,8403.0
AG03.SHF,7/30/2026,14051.0,12270.0
AG03.SHF,7/31/2026,14283.0,9849.0
AG03.SHF,8/3/2026,14235.0,14901.0
AG03.SHF,8/4/2026,14393.0,23665.0
AG03.SHF,8/5/2026,15122.0,27599.0
AG03.SHF,8/6/2026,15112.0,37951.0
AG03.SHF,8/7/2026,15657.0,42594.0
AG03.SHF,8/10/2026,15720.0,55634.0
AG03.SHF,8/11/2026,15771.0,61849.0
AG03.SHF,8/12/2026,16178.0,53632.0
AG03.SHF,8/13/2026,15842.0,64673.0
AG03.SHF,8/14/2026,15743.0,60750.0
AG03.SHF,8/17/2026,16164.0,55608.0
AG03.SHF,8/18/2026,15994.0,99354.0
AG03.SHF,8/19/2026,15463.0,109663.0
AG03.SHF,8/20/2026,16396.0,123088.0
AG03.SHF,8/21/2026,16800.0,116658.0
AG03.SHF,8/24/2026,16882.0,120531.0
AG03.SHF,8/25/2026,16673.0,131835.0
AG03.SHF,8/26/2026,16790.0,106041.0
AG03.SHF,8/27/2026,16758.0,112922.0
AG03.SHF,8/28/2026,17255.0,141834.0
AG2607.SHF,6/22/2026,16035.0,15526.0
AG2607.SHF,6/23/2026,14985.0,27660.0
AG2607.SHF,6/24/2026,14940.0,47119.0
AG2607.SHF,6/25/2026,13791.0,21327.0
AG2607.SHF,6/26/2026,14191.0,10261.0
AG2607.SHF,6/29/2026,14235.0,6094.0
AG2607.SHF,6/30/2026,14347.0,3837.0
AG2607.SHF,7/1/2026,14002.0,1282.0
AG2607.SHF,7/2/2026,14622.0,748.0
AG2607.SHF,7/3/2026,15207.0,490.0
AG2607.SHF,7/6/2026,15061.0,514.0
AG2607.SHF,7/7/2026,14855.0,584.0
AG2607.SHF,7/8/2026,14840.0,1408.0
AG2607.SHF,7/9/2026,14350.0,46.0
AG2607.SHF,7/10/2026,14670.0,108.0
AG2607.SHF,7/13/2026,14160.0,46.0
AG2607.SHF,7/14/2026,14180.0,64.0
AG2607.SHF,7/15/2026,14017.0,98.0
AG2608.SHF,6/22/2026,16063.0,316935.0
AG2608.SHF,6/23/2026,14997.0,738956.0
AG2608.SHF,6/24/2026,14950.0,676228.0
AG2608.SHF,6/25/2026,13811.0,985009.0
AG2608.SHF,6/26/2026,14212.0,1056428.0
AG2608.SHF,6/29/2026,14272.0,809674.0
AG2608.SHF,6/30/2026,14410.0,792215.0
AG2608.SHF,7/1/2026,14032.0,724166.0
AG2608.SHF,7/2/2026,14650.0,795213.0
AG2608.SHF,7/3/2026,15256.0,742273.0
AG2608.SHF,7/6/2026,15083.0,461522.0
AG2608.SHF,7/7/2026,14880.0,497006.0
AG2608.SHF,7/8/2026,14860.0,536399.0
AG2608.SHF,7/9/2026,14403.0,656545.0
AG2608.SHF,7/10/2026,14656.0,489325.0
AG2608.SHF,7/13/2026,14135.0,491789.0
AG2608.SHF,7/14/2026,14217.0,469117.0
AG2608.SHF,7/15/2026,14241.0,454923.0
AG2608.SHF,7/16/2026,13916.0,523881.0
AG2608.SHF,7/17/2026,13522.0,572807.0
AG2608.SHF,7/20/2026,13722.0,368201.0
AG2608.SHF,7/21/2026,14381.0,252413.0
AG2608.SHF,7/22/2026,14493.0,210665.0
AG2608.SHF,7/23/2026,14573.0,178457.0
AG2608.SHF,7/24/2026,14118.0,178637.0
AG2608.SHF,7/27/2026,14508.0,158149.0
AG2608.SHF,7/28/2026,14045.0,98394.0
AG2608.SHF,7/29/2026,14230.0,72776.0
AG2608.SHF,7/30/2026,13997.0,74346.0
AG2608.SHF,7/31/2026,14208.0,44640.0
AG2608.SHF,8/3/2026,14175.0,8096.0
AG2608.SHF,8/4/2026,14330.0,9252.0
AG2608.SHF,8/5/2026,15050.0,10130.0
AG2608.SHF,8/6/2026,15045.0,7976.0
AG2608.SHF,8/7/2026,15583.0,7872.0
AG2608.SHF,8/10/2026,15645.0,7356.0
AG2608.SHF,8/11/2026,15756.0,1068.0
AG2608.SHF,8/12/2026,16128.0,320.0
AG2608.SHF,8/13/2026,15792.0,578.0
AG2608.SHF,8/14/2026,15621.0,80.0
AG2608.SHF,8/17/2026,16048.0,176.0
AG2609.SHF,6/22/2026,16078.0,34001.0
AG2609.SHF,6/23/2026,15022.0,70294.0
AG2609.SHF,6/24/2026,14975.0,63459.0
AG2609.SHF,6/25/2026,13863.0,103605.0
AG2609.SHF,6/26/2026,14239.0,105890.0
AG2609.SHF,6/29/2026,14297.0,89216.0
AG2609.SHF,6/30/2026,14431.0,83213.0
AG2609.SHF,7/1/2026,14055.0,62504.0
AG2609.SHF,7/2/2026,14675.0,59920.0
AG2609.SHF,7/3/2026,15280.0,54686.0
AG2609.SHF,7/6/2026,15105.0,32054.0
AG2609.SHF,7/7/2026,14894.0,32199.0
AG2609.SHF,7/8/2026,14878.0,34151.0
AG2609.SHF,7/9/2026,14414.0,44976.0
AG2609.SHF,7/10/2026,14675.0,28369.0
AG2609.SHF,7/13/2026,14149.0,31140.0
AG2609.SHF,7/14/2026,14230.0,33975.0
AG2609.SHF,7/15/2026,14245.0,33361.0
AG2609.SHF,7/16/2026,13928.0,38959.0
AG2609.SHF,7/17/2026,13536.0,45951.0
AG2609.SHF,7/20/2026,13736.0,39485.0
AG2609.SHF,7/21/2026,14396.0,36042.0
AG2609.SHF,7/22/2026,14515.0,37002.0
AG2609.SHF,7/23/2026,14594.0,31173.0
AG2609.SHF,7/24/2026,14140.0,34856.0
AG2609.SHF,7/27/2026,14543.0,27760.0
AG2609.SHF,7/28/2026,14068.0,34366.0
AG2609.SHF,7/29/2026,14248.0,28618.0
AG2609.SHF,7/30/2026,14011.0,38841.0
AG2609.SHF,7/31/2026,14242.0,31395.0
AG2609.SHF,8/3/2026,14201.0,24965.0
AG2609.SHF,8/4/2026,14349.0,32191.0
AG2609.SHF,8/5/2026,15075.0,30956.0
AG2609.SHF,8/6/2026,15073.0,35506.0
AG2609.SHF,8/7/2026,15617.0,27659.0
AG2609.SHF,8/10/2026,15683.0,31210.0
AG2609.SHF,8/11/2026,15715.0,37004.0
AG2609.SHF,8/12/2026,16126.0,26005.0
AG2609.SHF,8/13/2026,15802.0,30860.0
AG2609.SHF,8/14/2026,15698.0,27528.0
AG2609.SHF,8/17/2026,16112.0,22369.0
AG2609.SHF,8/18/2026,15937.0,26002.0
AG2609.SHF,8/19/2026,15402.0,30231.0
AG2609.SHF,8/20/2026,16325.0,37406.0
AG2609.SHF,8/21/2026,16734.0,37189.0
AG2609.SHF,8/24/2026,16798.0,34505.0
AG2609.SHF,8/25/2026,16587.0,56852.0
AG2609.SHF,8/26/2026,16720.0,26903.0
AG2609.SHF,8/27/2026,16692.0,11378.0
AG2609.SHF,8/28/2026,17171.0,8921.0
AG2610.SHF,6/22/2026,16098.0,153676.0
AG2610.SHF,6/23/2026,15030.0,357111.0
AG2610.SHF,6/24/2026,14976.0,333523.0
AG2610.SHF,6/25/2026,13844.0,453086.0
AG2610.SHF,6/26/2026,14248.0,501718.0
AG2610.SHF,6/29/2026,14305.0,415081.0
AG2610.SHF,6/30/2026,14448.0,424491.0
AG2610.SHF,7/1/2026,14072.0,414344.0
AG2610.SHF,7/2/2026,14686.0,448737.0
AG2610.SHF,7/3/2026,15285.0,443625.0
AG2610.SHF,7/6/2026,15112.0,313431.0
AG2610.SHF,7/7/2026,14911.0,345752.0
AG2610.SHF,7/8/2026,14888.0,396893.0
AG2610.SHF,7/9/2026,14436.0,482038.0
AG2610.SHF,7/10/2026,14687.0,374474.0
AG2610.SHF,7/13/2026,14162.0,388901.0
AG2610.SHF,7/14/2026,14239.0,385838.0
AG2610.SHF,7/15/2026,14253.0,409478.0
AG2610.SHF,7/16/2026,13937.0,505936.0
AG2610.SHF,7/17/2026,13545.0,603692.0
AG2610.SHF,7/20/2026,13753.0,646870.0
AG2610.SHF,7/21/2026,14420.0,702545.0
AG2610.SHF,7/22/2026,14531.0,731628.0
AG2610.SHF,7/23/2026,14614.0,787649.0
AG2610.SHF,7/24/2026,14154.0,813225.0
AG2610.SHF,7/27/2026,14558.0,747713.0
AG2610.SHF,7/28/2026,14088.0,773705.0
AG2610.SHF,7/29/2026,14268.0,745286.0
AG2610.SHF,7/30/2026,14032.0,984527.0
AG2610.SHF,7/31/2026,14264.0,827922.0
AG2610.SHF,8/3/2026,14218.0,651016.0
AG2610.SHF,8/4/2026,14373.0,663932.0
AG2610.SHF,8/5/2026,15105.0,709794.0
AG2610.SHF,8/6/2026,15091.0,838090.0
AG2610.SHF,8/7/2026,15635.0,743843.0
AG2610.SHF,8/10/2026,15705.0,799758.0
AG2610.SHF,8/11/2026,15748.0,846185.0
AG2610.SHF,8/12/2026,16154.0,642956.0
AG2610.SHF,8/13/2026,15823.0,784877.0
AG2610.SHF,8/14/2026,15722.0,657498.0
AG2610.SHF,8/17/2026,16143.0,588026.0
AG2610.SHF,8/18/2026,15961.0,669549.0
AG2610.SHF,8/19/2026,15432.0,685304.0
AG2610.SHF,8/20/2026,16361.0,759355.0
AG2610.SHF,8/21/2026,16771.0,773038.0
AG2610.SHF,8/24/2026,16843.0,757231.0
AG2610.SHF,8/25/2026,16631.0,752304.0
AG2610.SHF,8/26/2026,16756.0,643479.0
AG2610.SHF,8/27/2026,16728.0,672442.0
AG2610.SHF,8/28/2026,17215.0,765356.0
AG2611.SHF,6/22/2026,16125.0,3199.0
AG2611.SHF,6/23/2026,15052.0,5105.0
AG2611.SHF,6/24/2026,14996.0,5742.0
AG2611.SHF,6/25/2026,13860.0,9117.0
AG2611.SHF,6/26/2026,14256.0,8725.0
AG2611.SHF,6/29/2026,14329.0,5784.0
AG2611.SHF,6/30/2026,14470.0,5209.0
AG2611.SHF,7/1/2026,14088.0,4029.0
AG2611.SHF,7/2/2026,14710.0,4814.0
AG2611.SHF,7/3/2026,15304.0,5621.0
AG2611.SHF,7/6/2026,15117.0,3787.0
AG2611.SHF,7/7/2026,14933.0,4078.0
AG2611.SHF,7/8/2026,14900.0,3687.0
AG2611.SHF,7/9/2026,14445.0,7425.0
AG2611.SHF,7/10/2026,14710.0,4800.0
AG2611.SHF,7/13/2026,14183.0,4816.0
AG2611.SHF,7/14/2026,14275.0,4778.0
AG2611.SHF,7/15/2026,14275.0,6572.0
AG2611.SHF,7/16/2026,13962.0,7105.0
AG2611.SHF,7/17/2026,13566.0,6461.0
AG2611.SHF,7/20/2026,13765.0,7239.0
AG2611.SHF,7/21/2026,14433.0,7729.0
AG2611.SHF,7/22/2026,14548.0,8124.0
AG2611.SHF,7/23/2026,14633.0,7406.0
AG2611.SHF,7/24/2026,14178.0,9283.0
AG2611.SHF,7/27/2026,14582.0,7297.0
AG2611.SHF,7/28/2026,14102.0,6764.0
AG2611.SHF,7/29/2026,14286.0,8403.0
AG2611.SHF,7/30/2026,14051.0,12270.0
AG2611.SHF,7/31/2026,14283.0,9849.0
AG2611.SHF,8/3/2026,14235.0,14901.0
AG2611.SHF,8/4/2026,14393.0,23665.0
AG2611.SHF,8/5/2026,15122.0,27599.0
AG2611.SHF,8/6/2026,15112.0,37951.0
AG2611.SHF,8/7/2026,15657.0,42594.0
AG2611.SHF,8/10/2026,15720.0,55634.0
AG2611.SHF,8/11/2026,15771.0,61849.0
AG2611.SHF,8/12/2026,16178.0,53632.0
AG2611.SHF,8/13/2026,15842.0,64673.0
AG2611.SHF,8/14/2026,15743.0,60750.0
AG2611.SHF,8/17/2026,16164.0,55608.0
AG2611.SHF,8/18/2026,15973.0,62969.0
AG2611.SHF,8/19/2026,15447.0,69243.0
AG2611.SHF,8/20/2026,16374.0,74908.0
AG2611.SHF,8/21/2026,16781.0,76010.0
AG2611.SHF,8/24/2026,16854.0,75190.0
AG2611.SHF,8/25/2026,16646.0,81649.0
AG2611.SHF,8/26/2026,16773.0,68859.0
AG2611.SHF,8/27/2026,16740.0,73238.0
AG2611.SHF,8/28/2026,17231.0,77271.0
AG2612.SHF,6/22/2026,16121.0,27184.0
AG2612.SHF,6/23/2026,15051.0,51063.0
AG2612.SHF,6/24/2026,15010.0,41285.0
AG2612.SHF,6/25/2026,13872.0,67451.0
AG2612.SHF,6/26/2026,14278.0,75928.0
AG2612.SHF,6/29/2026,14334.0,47607.0
AG2612.SHF,6/30/2026,14481.0,50547.0
AG2612.SHF,7/1/2026,14102.0,44936.0
AG2612.SHF,7/2/2026,14714.0,50964.0
AG2612.SHF,7/3/2026,15325.0,49749.0
AG2612.SHF,7/6/2026,15142.0,29809.0
AG2612.SHF,7/7/2026,14947.0,35989.0
AG2612.SHF,7/8/2026,14925.0,37107.0
AG2612.SHF,7/9/2026,14470.0,53399.0
AG2612.SHF,7/10/2026,14721.0,37436.0
AG2612.SHF,7/13/2026,14200.0,39325.0
AG2612.SHF,7/14/2026,14274.0,43347.0
AG2612.SHF,7/15/2026,14284.0,48706.0
AG2612.SHF,7/16/2026,13967.0,50580.0
AG2612.SHF,7/17/2026,13568.0,71293.0
AG2612.SHF,7/20/2026,13785.0,59911.0
AG2612.SHF,7/21/2026,14444.0,53561.0
AG2612.SHF,7/22/2026,14567.0,57817.0
AG2612.SHF,7/23/2026,14640.0,54974.0
AG2612.SHF,7/24/2026,14188.0,66436.0
AG2612.SHF,7/27/2026,14595.0,53219.0
AG2612.SHF,7/28/2026,14120.0,57156.0
AG2612.SHF,7/29/2026,14306.0,56357.0
AG2612.SHF,7/30/2026,14067.0,88128.0
AG2612.SHF,7/31/2026,14299.0,81375.0
AG2612.SHF,8/3/2026,14249.0,73531.0
AG2612.SHF,8/4/2026,14399.0,90854.0
AG2612.SHF,8/5/2026,15131.0,101671.0
AG2612.SHF,8/6/2026,15126.0,128548.0
AG2612.SHF,8/7/2026,15664.0,106188.0
AG2612.SHF,8/10/2026,15735.0,120645.0
AG2612.SHF,8/11/2026,15779.0,133272.0
AG2612.SHF,8/12/2026,16182.0,94290.0
AG2612.SHF,8/13/2026,15861.0,110280.0
AG2612.SHF,8/14/2026,15754.0,92376.0
AG2612.SHF,8/17/2026,16177.0,83485.0
AG2612.SHF,8/18/2026,15994.0,99354.0
AG2612.SHF,8/19/2026,15463.0,109663.0
AG2612.SHF,8/20/2026,16396.0,123088.0
AG2612.SHF,8/21/2026,16800.0,116658.0
AG2612.SHF,8/24/2026,16882.0,120531.0
AG2612.SHF,8/25/2026,16673.0,131835.0
AG2612.SHF,8/26/2026,16790.0,106041.0
AG2612.SHF,8/27/2026,16758.0,112922.0
AG2612.SHF,8/28/2026,17255.0,141834.0
AG2701.SHF,6/22/2026,16136.0,1651.0
AG2701.SHF,6/23/2026,15071.0,3598.0
AG2701.SHF,6/24/2026,15024.0,3505.0
AG2701.SHF,6/25/2026,13890.0,5932.0
AG2701.SHF,6/26/2026,14277.0,5762.0
AG2701.SHF,6/29/2026,14349.0,5095.0
AG2701.SHF,6/30/2026,14497.0,4408.0
AG2701.SHF,7/1/2026,14121.0,4009.0
AG2701.SHF,7/2/2026,14733.0,4637.0
AG2701.SHF,7/3/2026,15345.0,5117.0
AG2701.SHF,7/6/2026,15166.0,3213.0
AG2701.SHF,7/7/2026,14966.0,3555.0
AG2701.SHF,7/8/2026,14937.0,3541.0
AG2701.SHF,7/9/2026,14481.0,4126.0
AG2701.SHF,7/10/2026,14731.0,3328.0
AG2701.SHF,7/13/2026,14211.0,3716.0
AG2701.SHF,7/14/2026,14294.0,4100.0
AG2701.SHF,7/15/2026,14303.0,5123.0
AG2701.SHF,7/16/2026,13988.0,5633.0
AG2701.SHF,7/17/2026,13596.0,8300.0
AG2701.SHF,7/20/2026,13811.0,7400.0
AG2701.SHF,7/21/2026,14467.0,6785.0
AG2701.SHF,7/22/2026,14574.0,6028.0
AG2701.SHF,7/23/2026,14667.0,5276.0
AG2701.SHF,7/24/2026,14212.0,6017.0
AG2701.SHF,7/27/2026,14622.0,5321.0
AG2701.SHF,7/28/2026,14144.0,5320.0
AG2701.SHF,7/29/2026,14320.0,4797.0
AG2701.SHF,7/30/2026,14081.0,6806.0
AG2701.SHF,7/31/2026,14320.0,4442.0
AG2701.SHF,8/3/2026,14265.0,4130.0
AG2701.SHF,8/4/2026,14414.0,5374.0
AG2701.SHF,8/5/2026,15153.0,6102.0
AG2701.SHF,8/6/2026,15138.0,7238.0
AG2701.SHF,8/7/2026,15699.0,5797.0
AG2701.SHF,8/10/2026,15746.0,9756.0
AG2701.SHF,8/11/2026,15796.0,11234.0
AG2701.SHF,8/12/2026,16200.0,8861.0
AG2701.SHF,8/13/2026,15881.0,9177.0
AG2701.SHF,8/14/2026,15776.0,8692.0
AG2701.SHF,8/17/2026,16193.0,7781.0
AG2701.SHF,8/18/2026,16001.0,8315.0
AG2701.SHF,8/19/2026,15481.0,11452.0
AG2701.SHF,8/20/2026,16414.0,11848.0
AG2701.SHF,8/21/2026,16818.0,11720.0
AG2701.SHF,8/24/2026,16897.0,12631.0
AG2701.SHF,8/25/2026,16684.0,14109.0
AG2701.SHF,8/26/2026,16811.0,11101.0
AG2701.SHF,8/27/2026,16778.0,12605.0
AG2701.SHF,8/28/2026,17280.0,17754.0
AG2702.SHF,6/22/2026,16158.0,2237.0
AG2702.SHF,6/23/2026,15085.0,3945.0
AG2702.SHF,6/24/2026,15019.0,4655.0
AG2702.SHF,6/25/2026,13891.0,7332.0
AG2702.SHF,6/26/2026,14292.0,8005.0
AG2702.SHF,6/29/2026,14369.0,7015.0
AG2702.SHF,6/30/2026,14499.0,9192.0
AG2702.SHF,7/1/2026,14119.0,11442.0
AG2702.SHF,7/2/2026,14745.0,11355.0
AG2702.SHF,7/3/2026,15360.0,9853.0
AG2702.SHF,7/6/2026,15149.0,5333.0
AG2702.SHF,7/7/2026,14986.0,6134.0
AG2702.SHF,7/8/2026,14957.0,9130.0
AG2702.SHF,7/9/2026,14497.0,8521.0
AG2702.SHF,7/10/2026,14740.0,5881.0
AG2702.SHF,7/13/2026,14225.0,7387.0
AG2702.SHF,7/14/2026,14295.0,6183.0
AG2702.SHF,7/15/2026,14306.0,8496.0
AG2702.SHF,7/16/2026,13989.0,11379.0
AG2702.SHF,7/17/2026,13603.0,15694.0
AG2702.SHF,7/20/2026,13827.0,11570.0
AG2702.SHF,7/21/2026,14489.0,14532.0
AG2702.SHF,7/22/2026,14595.0,10864.0
AG2702.SHF,7/23/2026,14675.0,12290.0
AG2702.SHF,7/24/2026,14230.0,14491.0
AG2702.SHF,7/27/2026,14623.0,13204.0
AG2702.SHF,7/28/2026,14146.0,16594.0
AG2702.SHF,7/29/2026,14329.0,15949.0
AG2702.SHF,7/30/2026,14088.0,29697.0
AG2702.SHF,7/31/2026,14328.0,23007.0
AG2702.SHF,8/3/2026,14270.0,34142.0
AG2702.SHF,8/4/2026,14429.0,55243.0
AG2702.SHF,8/5/2026,15161.0,72566.0
AG2702.SHF,8/6/2026,15152.0,95775.0
AG2702.SHF,8/7/2026,15686.0,93825.0
AG2702.SHF,8/10/2026,15757.0,108633.0
AG2702.SHF,8/11/2026,15800.0,113360.0
AG2702.SHF,8/12/2026,16206.0,102352.0
AG2702.SHF,8/13/2026,15881.0,145778.0
AG2702.SHF,8/14/2026,15779.0,128648.0
AG2702.SHF,8/17/2026,16200.0,116223.0
AG2702.SHF,8/18/2026,16017.0,137845.0
AG2702.SHF,8/19/2026,15484.0,151797.0
AG2702.SHF,8/20/2026,16421.0,170991.0
AG2702.SHF,8/21/2026,16823.0,171589.0
AG2702.SHF,8/24/2026,16911.0,171995.0
AG2702.SHF,8/25/2026,16693.0,192449.0
AG2702.SHF,8/26/2026,16823.0,163298.0
AG2702.SHF,8/27/2026,16791.0,170822.0
AG2702.SHF,8/28/2026,17289.0,200251.0
AG2703.SHF,6/22/2026,16158.0,340.0
AG2703.SHF,6/23/2026,15129.0,756.0
AG2703.SHF,6/24/2026,15024.0,908.0
AG2703.SHF,6/25/2026,13896.0,1543.0
AG2703.SHF,6/26/2026,14327.0,1100.0
AG2703.SHF,6/29/2026,14378.0,1005.0
AG2703.SHF,6/30/2026,14526.0,1313.0
AG2703.SHF,7/1/2026,14154.0,1080.0
AG2703.SHF,7/2/2026,14770.0,1313.0
AG2703.SHF,7/3/2026,15361.0,1424.0
AG2703.SHF,7/6/2026,15194.0,941.0
AG2703.SHF,7/7/2026,15016.0,1124.0
AG2703.SHF,7/8/2026,14966.0,966.0
AG2703.SHF,7/9/2026,14518.0,1584.0
AG2703.SHF,7/10/2026,14768.0,898.0
AG2703.SHF,7/13/2026,14248.0,1173.0
AG2703.SHF,7/14/2026,14327.0,1319.0
AG2703.SHF,7/15/2026,14353.0,1311.0
AG2703.SHF,7/16/2026,14027.0,1182.0
AG2703.SHF,7/17/2026,13635.0,1829.0
AG2703.SHF,7/20/2026,13841.0,1327.0
AG2703.SHF,7/21/2026,14500.0,1558.0
AG2703.SHF,7/22/2026,14615.0,1311.0
AG2703.SHF,7/23/2026,14696.0,1388.0
AG2703.SHF,7/24/2026,14243.0,1525.0
AG2703.SHF,7/27/2026,14641.0,1359.0
AG2703.SHF,7/28/2026,14168.0,1765.0
AG2703.SHF,7/29/2026,14355.0,1439.0
AG2703.SHF,7/30/2026,14104.0,4113.0
AG2703.SHF,7/31/2026,14344.0,2189.0
AG2703.SHF,8/3/2026,14298.0,2468.0
AG2703.SHF,8/4/2026,14451.0,2113.0
AG2703.SHF,8/5/2026,15175.0,1876.0
AG2703.SHF,8/6/2026,15167.0,2128.0
AG2703.SHF,8/7/2026,15691.0,1420.0
AG2703.SHF,8/10/2026,15769.0,1958.0
AG2703.SHF,8/11/2026,15808.0,2502.0
AG2703.SHF,8/12/2026,16225.0,1405.0
AG2703.SHF,8/13/2026,15890.0,2255.0
AG2703.SHF,8/14/2026,15791.0,1803.0
AG2703.SHF,8/17/2026,16219.0,1347.0
AG2703.SHF,8/18/2026,16021.0,1643.0
AG2703.SHF,8/19/2026,15508.0,1655.0
AG2703.SHF,8/20/2026,16434.0,2271.0
AG2703.SHF,8/21/2026,16847.0,1667.0
AG2703.SHF,8/24/2026,16909.0,2434.0
AG2703.SHF,8/25/2026,16702.0,2792.0
AG2703.SHF,8/26/2026,16835.0,2166.0
AG2703.SHF,8/27/2026,16813.0,2807.0
AG2703.SHF,8/28/2026,17305.0,2411.0
AG2704.SHF,6/22/2026,16190.0,1017.0
AG2704.SHF,6/23/2026,15125.0,1544.0
AG2704.SHF,6/24/2026,15046.0,2537.0
AG2704.SHF,6/25/2026,13920.0,2201.0
AG2704.SHF,6/26/2026,14310.0,2021.0
AG2704.SHF,6/29/2026,14397.0,1113.0
AG2704.SHF,6/30/2026,14533.0,2407.0
AG2704.SHF,7/1/2026,14153.0,1307.0
AG2704.SHF,7/2/2026,14760.0,1505.0
AG2704.SHF,7/3/2026,15374.0,699.0
AG2704.SHF,7/6/2026,15195.0,996.0
AG2704.SHF,7/7/2026,15013.0,1022.0
AG2704.SHF,7/8/2026,14995.0,908.0
AG2704.SHF,7/9/2026,14540.0,1227.0
AG2704.SHF,7/10/2026,14788.0,536.0
AG2704.SHF,7/13/2026,14263.0,903.0
AG2704.SHF,7/14/2026,14328.0,1282.0
AG2704.SHF,7/15/2026,14349.0,651.0
AG2704.SHF,7/16/2026,14030.0,846.0
AG2704.SHF,7/17/2026,13636.0,5120.0
AG2704.SHF,7/20/2026,13845.0,1677.0
AG2704.SHF,7/21/2026,14517.0,1969.0
AG2704.SHF,7/22/2026,14645.0,1449.0
AG2704.SHF,7/23/2026,14704.0,1552.0
AG2704.SHF,7/24/2026,14260.0,1605.0
AG2704.SHF,7/27/2026,14657.0,1350.0
AG2704.SHF,7/28/2026,14178.0,1613.0
AG2704.SHF,7/29/2026,14368.0,2247.0
AG2704.SHF,7/30/2026,14120.0,2256.0
AG2704.SHF,7/31/2026,14359.0,1856.0
AG2704.SHF,8/3/2026,14319.0,2363.0
AG2704.SHF,8/4/2026,14459.0,2296.0
AG2704.SHF,8/5/2026,15185.0,3748.0
AG2704.SHF,8/6/2026,15173.0,3214.0
AG2704.SHF,8/7/2026,15706.0,2271.0
AG2704.SHF,8/10/2026,15791.0,5129.0
AG2704.SHF,8/11/2026,15823.0,3966.0
AG2704.SHF,8/12/2026,16231.0,2241.0
AG2704.SHF,8/13/2026,15911.0,4680.0
AG2704.SHF,8/14/2026,15806.0,3188.0
AG2704.SHF,8/17/2026,16225.0,2254.0
AG2704.SHF,8/18/2026,16051.0,3739.0
AG2704.SHF,8/19/2026,15518.0,4175.0
AG2704.SHF,8/20/2026,16448.0,5465.0
AG2704.SHF,8/21/2026,16851.0,8302.0
AG2704.SHF,8/24/2026,16937.0,5631.0
AG2704.SHF,8/25/2026,16721.0,6218.0
AG2704.SHF,8/26/2026,16859.0,7085.0
AG2704.SHF,8/27/2026,16822.0,7444.0
AG2704.SHF,8/28/2026,17314.0,18010.0
AG2705.SHF,6/22/2026,16229.0,991.0
AG2705.SHF,6/23/2026,15160.0,1188.0
AG2705.SHF,6/24/2026,15079.0,1898.0
AG2705.SHF,6/25/2026,13960.0,2296.0
AG2705.SHF,6/26/2026,14353.0,2763.0
AG2705.SHF,6/29/2026,14416.0,1503.0
AG2705.SHF,6/30/2026,14549.0,2138.0
AG2705.SHF,7/1/2026,14161.0,1266.0
AG2705.SHF,7/2/2026,14793.0,1416.0
AG2705.SHF,7/3/2026,15411.0,1202.0
AG2705.SHF,7/6/2026,15222.0,724.0
AG2705.SHF,7/7/2026,15042.0,932.0
AG2705.SHF,7/8/2026,15020.0,1134.0
AG2705.SHF,7/9/2026,14561.0,1258.0
AG2705.SHF,7/10/2026,14816.0,649.0
AG2705.SHF,7/13/2026,14283.0,945.0
AG2705.SHF,7/14/2026,14360.0,1390.0
AG2705.SHF,7/15/2026,14384.0,1167.0
AG2705.SHF,7/16/2026,14071.0,1019.0
AG2705.SHF,7/17/2026,13678.0,1449.0
AG2705.SHF,7/20/2026,13874.0,921.0
AG2705.SHF,7/21/2026,14546.0,879.0
AG2705.SHF,7/22/2026,14650.0,834.0
AG2705.SHF,7/23/2026,14739.0,1908.0
AG2705.SHF,7/24/2026,14265.0,2092.0
AG2705.SHF,7/27/2026,14670.0,1073.0
AG2705.SHF,7/28/2026,14204.0,2130.0
AG2705.SHF,7/29/2026,14392.0,1180.0
AG2705.SHF,7/30/2026,14142.0,1807.0
AG2705.SHF,7/31/2026,14379.0,1097.0
AG2705.SHF,8/3/2026,14327.0,1279.0
AG2705.SHF,8/4/2026,14482.0,1181.0
AG2705.SHF,8/5/2026,15195.0,2309.0
AG2705.SHF,8/6/2026,15175.0,2051.0
AG2705.SHF,8/7/2026,15741.0,1522.0
AG2705.SHF,8/10/2026,15804.0,2448.0
AG2705.SHF,8/11/2026,15849.0,2579.0
AG2705.SHF,8/12/2026,16249.0,1060.0
AG2705.SHF,8/13/2026,15926.0,2104.0
AG2705.SHF,8/14/2026,15817.0,1302.0
AG2705.SHF,8/17/2026,16240.0,1602.0
AG2705.SHF,8/18/2026,16062.0,1982.0
AG2705.SHF,8/19/2026,15532.0,2015.0
AG2705.SHF,8/20/2026,16450.0,2527.0
AG2705.SHF,8/21/2026,16870.0,5769.0
AG2705.SHF,8/24/2026,16938.0,2363.0
AG2705.SHF,8/25/2026,16730.0,1840.0
AG2705.SHF,8/26/2026,16853.0,826.0
AG2705.SHF,8/27/2026,16832.0,1114.0
AG2705.SHF,8/28/2026,17341.0,5115.0
AG2706.SHF,6/22/2026,16270.0,181.0
AG2706.SHF,6/23/2026,15163.0,571.0
AG2706.SHF,6/24/2026,15087.0,603.0
AG2706.SHF,6/25/2026,13972.0,1142.0
AG2706.SHF,6/26/2026,14353.0,1443.0
AG2706.SHF,6/29/2026,14416.0,1516.0
AG2706.SHF,6/30/2026,14559.0,1101.0
AG2706.SHF,7/1/2026,14188.0,977.0
AG2706.SHF,7/2/2026,14795.0,1457.0
AG2706.SHF,7/3/2026,15419.0,1819.0
AG2706.SHF,7/6/2026,15226.0,1096.0
AG2706.SHF,7/7/2026,15048.0,1054.0
AG2706.SHF,7/8/2026,15010.0,1135.0
AG2706.SHF,7/9/2026,14566.0,1454.0
AG2706.SHF,7/10/2026,14812.0,843.0
AG2706.SHF,7/13/2026,14277.0,1585.0
AG2706.SHF,7/14/2026,14359.0,1337.0
AG2706.SHF,7/15/2026,14389.0,865.0
AG2706.SHF,7/16/2026,14072.0,1018.0
AG2706.SHF,7/17/2026,13681.0,4140.0
AG2706.SHF,7/20/2026,13877.0,1808.0
AG2706.SHF,7/21/2026,14555.0,1714.0
AG2706.SHF,7/22/2026,14655.0,1385.0
AG2706.SHF,7/23/2026,14733.0,1820.0
AG2706.SHF,7/24/2026,14274.0,1816.0
AG2706.SHF,7/27/2026,14690.0,1293.0
AG2706.SHF,7/28/2026,14209.0,1537.0
AG2706.SHF,7/29/2026,14383.0,1115.0
AG2706.SHF,7/30/2026,14146.0,2201.0
AG2706.SHF,7/31/2026,14377.0,963.0
AG2706.SHF,8/3/2026,14351.0,1731.0
AG2706.SHF,8/4/2026,14492.0,2303.0
AG2706.SHF,8/5/2026,15203.0,2743.0
AG2706.SHF,8/6/2026,15195.0,3431.0
AG2706.SHF,8/7/2026,15746.0,2951.0
AG2706.SHF,8/10/2026,15819.0,6548.0
AG2706.SHF,8/11/2026,15870.0,6063.0
AG2706.SHF,8/12/2026,16262.0,2960.0
AG2706.SHF,8/13/2026,15949.0,4730.0
AG2706.SHF,8/14/2026,15825.0,3221.0
AG2706.SHF,8/17/2026,16259.0,2710.0
AG2706.SHF,8/18/2026,16079.0,4044.0
AG2706.SHF,8/19/2026,15534.0,4818.0
AG2706.SHF,8/20/2026,16464.0,6400.0
AG2706.SHF,8/21/2026,16893.0,4999.0
AG2706.SHF,8/24/2026,16951.0,5573.0
AG2706.SHF,8/25/2026,16746.0,4713.0
AG2706.SHF,8/26/2026,16877.0,2861.0
AG2706.SHF,8/27/2026,16838.0,3354.0
AG2706.SHF,8/28/2026,17334.0,4334.0
AG2707.SHF,7/16/2026,14070.0,90.0
AG2707.SHF,7/17/2026,13703.0,192.0
AG2707.SHF,7/20/2026,13944.0,228.0
AG2707.SHF,7/21/2026,14567.0,185.0
AG2707.SHF,7/22/2026,14662.0,237.0
AG2707.SHF,7/23/2026,14771.0,297.0
AG2707.SHF,7/24/2026,14305.0,428.0
AG2707.SHF,7/27/2026,14705.0,449.0
AG2707.SHF,7/28/2026,14237.0,739.0
AG2707.SHF,7/29/2026,14424.0,724.0
AG2707.SHF,7/30/2026,14190.0,1088.0
AG2707.SHF,7/31/2026,14419.0,721.0
AG2707.SHF,8/3/2026,14359.0,1174.0
AG2707.SHF,8/4/2026,14506.0,2123.0
AG2707.SHF,8/5/2026,15205.0,2798.0
AG2707.SHF,8/6/2026,15198.0,2482.0
AG2707.SHF,8/7/2026,15753.0,2549.0
AG2707.SHF,8/10/2026,15828.0,3420.0
AG2707.SHF,8/11/2026,15874.0,4430.0
AG2707.SHF,8/12/2026,16282.0,1932.0
AG2707.SHF,8/13/2026,15958.0,2775.0
AG2707.SHF,8/14/2026,15836.0,2480.0
AG2707.SHF,8/17/2026,16260.0,2206.0
AG2707.SHF,8/18/2026,16079.0,2679.0
AG2707.SHF,8/19/2026,15563.0,3155.0
AG2707.SHF,8/20/2026,16481.0,4376.0
AG2707.SHF,8/21/2026,16900.0,5238.0
AG2707.SHF,8/24/2026,16967.0,3526.0
AG2707.SHF,8/25/2026,16752.0,4747.0
AG2707.SHF,8/26/2026,16881.0,4505.0
AG2707.SHF,8/27/2026,16858.0,4188.0
AG2707.SHF,8/28/2026,17357.0,7344.0
AG2708.SHF,8/18/2026,16097.0,274.0
AG2708.SHF,8/19/2026,15574.0,692.0
AG2708.SHF,8/20/2026,16505.0,1043.0
AG2708.SHF,8/21/2026,16920.0,972.0
AG2708.SHF,8/24/2026,16987.0,1582.0
AG2708.SHF,8/25/2026,16780.0,2653.0
AG2708.SHF,8/26/2026,16918.0,2520.0
AG2708.SHF,8/27/2026,16881.0,3267.0
AG2708.SHF,8/28/2026,17367.0,4949.0
AG8888.SHF,6/22/2026,16084.0,556938.0
AG8888.SHF,6/23/2026,15017.0,1261791.0
AG8888.SHF,6/24/2026,14969.0,1181462.0
AG8888.SHF,6/25/2026,13834.0,1660041.0
AG8888.SHF,6/26/2026,14236.0,1780044.0
AG8888.SHF,6/29/2026,14295.0,1390703.0
AG8888.SHF,6/30/2026,14436.0,1380071.0
AG8888.SHF,7/1/2026,14060.0,1271342.0
AG8888.SHF,7/2/2026,14676.0,1382079.0
AG8888.SHF,7/3/2026,15281.0,1316558.0
AG8888.SHF,7/6/2026,15106.0,853420.0
AG8888.SHF,7/7/2026,14906.0,929429.0
AG8888.SHF,7/8/2026,14885.0,1026459.0
AG8888.SHF,7/9/2026,14430.0,1262599.0
AG8888.SHF,7/10/2026,14683.0,946647.0
AG8888.SHF,7/13/2026,14161.0,971726.0
AG8888.SHF,7/14/2026,14239.0,952730.0
AG8888.SHF,7/15/2026,14256.0,970751.0
AG8888.SHF,7/16/2026,13938.0,1147628.0
AG8888.SHF,7/17/2026,13545.0,1336928.0
AG8888.SHF,7/20/2026,13754.0,1146637.0
AG8888.SHF,7/21/2026,14419.0,1079912.0
AG8888.SHF,7/22/2026,14534.0,1067344.0
AG8888.SHF,7/23/2026,14615.0,1084190.0
AG8888.SHF,7/24/2026,14160.0,1130411.0
AG8888.SHF,7/27/2026,14563.0,1018187.0
AG8888.SHF,7/28/2026,14094.0,1000083.0
AG8888.SHF,7/29/2026,14277.0,938891.0
AG8888.SHF,7/30/2026,14042.0,1246080.0
AG8888.SHF,7/31/2026,14275.0,1029456.0
AG8888.SHF,8/3/2026,14229.0,819796.0
AG8888.SHF,8/4/2026,14383.0,890527.0
AG8888.SHF,8/5/2026,15114.0,972292.0
AG8888.SHF,8/6/2026,15104.0,1164390.0
AG8888.SHF,8/7/2026,15647.0,1038491.0
AG8888.SHF,8/10/2026,15717.0,1152495.0
AG8888.SHF,8/11/2026,15762.0,1223512.0
AG8888.SHF,8/12/2026,16167.0,938014.0
AG8888.SHF,8/13/2026,15840.0,1162767.0
AG8888.SHF,8/14/2026,15736.0,987566.0
AG8888.SHF,8/17/2026,16158.0,883787.0
AG8888.SHF,8/18/2026,15977.0,1018395.0
AG8888.SHF,8/19/2026,15448.0,1074200.0
AG8888.SHF,8/20/2026,16378.0,1199678.0
AG8888.SHF,8/21/2026,16787.0,1213151.0
AG8888.SHF,8/24/2026,16864.0,1193192.0
AG8888.SHF,8/25/2026,16653.0,1252161.0
AG8888.SHF,8/26/2026,16780.0,1039644.0
AG8888.SHF,8/27/2026,16751.0,1075581.0
AG8888.SHF,8/28/2026,17244.0,1253550.0
AGZL1.SHF,6/22/2026,16063.0,316935.0
AGZL1.SHF,6/23/2026,14997.0,738956.0
AGZL1.SHF,6/24/2026,14950.0,676228.0
AGZL1.SHF,6/25/2026,13811.0,985009.0
AGZL1.SHF,6/26/2026,14212.0,1056428.0
AGZL1.SHF,6/29/2026,14272.0,809674.0
AGZL1.SHF,6/30/2026,14410.0,792215.0
AGZL1.SHF,7/1/2026,14032.0,724166.0
AGZL1.SHF,7/2/2026,14650.0,795213.0
AGZL1.SHF,7/3/2026,15256.0,742273.0
AGZL1.SHF,7/6/2026,15083.0,461522.0
AGZL1.SHF,7/7/2026,14880.0,497006.0
AGZL1.SHF,7/8/2026,14860.0,536399.0
AGZL1.SHF,7/9/2026,14403.0,656545.0
AGZL1.SHF,7/10/2026,14656.0,489325.0
AGZL1.SHF,7/13/2026,14135.0,491789.0
AGZL1.SHF,7/14/2026,14217.0,469117.0
AGZL1.SHF,7/15/2026,14241.0,454923.0
AGZL1.SHF,7/16/2026,13916.0,523881.0
AGZL1.SHF,7/17/2026,13545.0,603692.0
AGZL1.SHF,7/20/2026,13753.0,646870.0
AGZL1.SHF,7/21/2026,14420.0,702545.0
AGZL1.SHF,7/22/2026,14531.0,731628.0
AGZL1.SHF,7/23/2026,14614.0,787649.0
AGZL1.SHF,7/24/2026,14154.0,813225.0
AGZL1.SHF,7/27/2026,14558.0,747713.0
AGZL1.SHF,7/28/2026,14088.0,773705.0
AGZL1.SHF,7/29/2026,14268.0,745286.0
AGZL1.SHF,7/30/2026,14032.0,984527.0
AGZL1.SHF,7/31/2026,14264.0,827922.0
AGZL1.SHF,8/3/2026,14218.0,651016.0
AGZL1.SHF,8/4/2026,14373.0,663932.0
AGZL1.SHF,8/5/2026,15105.0,709794.0
AGZL1.SHF,8/6/2026,15091.0,838090.0
AGZL1.SHF,8/7/2026,15635.0,743843.0
AGZL1.SHF,8/10/2026,15705.0,799758.0
AGZL1.SHF,8/11/2026,15748.0,846185.0
AGZL1.SHF,8/12/2026,16154.0,642956.0
AGZL1.SHF,8/13/2026,15823.0,784877.0
AGZL1.SHF,8/14/2026,15722.0,657498.0
AGZL1.SHF,8/17/2026,16143.0,588026.0
AGZL1.SHF,8/18/2026,15961.0,669549.0
AGZL1.SHF,8/19/2026,15432.0,685304.0
AGZL1.SHF,8/20/2026,16361.0,759355.0
AGZL1.SHF,8/21/2026,16771.0,773038.0
AGZL1.SHF,8/24/2026,16843.0,757231.0
AGZL1.SHF,8/25/2026,16631.0,752304.0
AGZL1.SHF,8/26/2026,16756.0,643479.0
AGZL1.SHF,8/27/2026,16728.0,672442.0
AGZL1.SHF,8/28/2026,17215.0,765356.0
AGZL2.SHF,6/22/2026,16063.0,316935.0
AGZL2.SHF,6/23/2026,14997.0,738956.0
AGZL2.SHF,6/24/2026,14950.0,676228.0
AGZL2.SHF,6/25/2026,13811.0,985009.0
AGZL2.SHF,6/26/2026,14212.0,1056428.0
AGZL2.SHF,6/29/2026,14272.0,809674.0
AGZL2.SHF,6/30/2026,14410.0,792215.0
AGZL2.SHF,7/1/2026,14032.0,724166.0
AGZL2.SHF,7/2/2026,14650.0,795213.0
AGZL2.SHF,7/3/2026,15256.0,742273.0
AGZL2.SHF,7/6/2026,15083.0,461522.0
AGZL2.SHF,7/7/2026,14880.0,497006.0
AGZL2.SHF,7/8/2026,14860.0,536399.0
AGZL2.SHF,7/9/2026,14403.0,656545.0
AGZL2.SHF,7/10/2026,14656.0,489325.0
AGZL2.SHF,7/13/2026,14135.0,491789.0
AGZL2.SHF,7/14/2026,14217.0,469117.0
AGZL2.SHF,7/15/2026,14253.0,409478.0
AGZL2.SHF,7/16/2026,13937.0,505936.0
AGZL2.SHF,7/17/2026,13545.0,603692.0
AGZL2.SHF,7/20/2026,13753.0,646870.0
AGZL2.SHF,7/21/2026,14420.0,702545.0
AGZL2.SHF,7/22/2026,14531.0,731628.0
AGZL2.SHF,7/23/2026,14614.0,787649.0
AGZL2.SHF,7/24/2026,14154.0,813225.0
AGZL2.SHF,7/27/2026,14558.0,747713.0
AGZL2.SHF,7/28/2026,14088.0,773705.0
AGZL2.SHF,7/29/2026,14268.0,745286.0
AGZL2.SHF,7/30/2026,14032.0,984527.0
AGZL2.SHF,7/31/2026,14264.0,827922.0
AGZL2.SHF,8/3/2026,14218.0,651016.0
AGZL2.SHF,8/4/2026,14373.0,663932.0
AGZL2.SHF,8/5/2026,15105.0,709794.0
AGZL2.SHF,8/6/2026,15091.0,838090.0
AGZL2.SHF,8/7/2026,15635.0,743843.0
AGZL2.SHF,8/10/2026,15705.0,799758.0
AGZL2.SHF,8/11/2026,15748.0,846185.0
AGZL2.SHF,8/12/2026,16154.0,642956.0
AGZL2.SHF,8/13/2026,15823.0,784877.0
AGZL2.SHF,8/14/2026,15722.0,657498.0
AGZL2.SHF,8/17/2026,16143.0,588026.0
AGZL2.SHF,8/18/2026,15961.0,669549.0
AGZL2.SHF,8/19/2026,15432.0,685304.0
AGZL2.SHF,8/20/2026,16361.0,759355.0
AGZL2.SHF,8/21/2026,16771.0,773038.0
AGZL2.SHF,8/24/2026,16843.0,757231.0
AGZL2.SHF,8/25/2026,16631.0,752304.0
AGZL2.SHF,8/26/2026,16756.0,643479.0
AGZL2.SHF,8/27/2026,16728.0,672442.0
AGZL2.SHF,8/28/2026,17215.0,765356.0
AGZL.SHF,6/22/2026,16063.0,316935.0
AGZL.SHF,6/23/2026,14997.0,738956.0
AGZL.SHF,6/24/2026,14950.0,676228.0
AGZL.SHF,6/25/2026,13811.0,985009.0
AGZL.SHF,6/26/2026,14212.0,1056428.0
AGZL.SHF,6/29/2026,14272.0,809674.0
AGZL.SHF,6/30/2026,14410.0,792215.0
AGZL.SHF,7/1/2026,14032.0,724166.0
AGZL.SHF,7/2/2026,14650.0,795213.0
AGZL.SHF,7/3/2026,15256.0,742273.0
AGZL.SHF,7/6/2026,15083.0,461522.0
AGZL.SHF,7/7/2026,14880.0,497006.0
AGZL.SHF,7/8/2026,14860.0,536399.0
AGZL.SHF,7/9/2026,14403.0,656545.0
AGZL.SHF,7/10/2026,14656.0,489325.0
AGZL.SHF,7/13/2026,14135.0,491789.0
AGZL.SHF,7/14/2026,14217.0,469117.0
AGZL.SHF,7/15/2026,14241.0,454923.0
AGZL.SHF,7/16/2026,13916.0,523881.0
AGZL.SHF,7/17/2026,13522.0,572807.0
AGZL.SHF,7/20/2026,13753.0,646870.0
AGZL.SHF,7/21/2026,14420.0,702545.0
AGZL.SHF,7/22/2026,14531.0,731628.0
AGZL.SHF,7/23/2026,14614.0,787649.0
AGZL.SHF,7/24/2026,14154.0,813225.0
AGZL.SHF,7/27/2026,14558.0,747713.0
AGZL.SHF,7/28/2026,14088.0,773705.0
AGZL.SHF,7/29/2026,14268.0,745286.0
AGZL.SHF,7/30/2026,14032.0,984527.0
AGZL.SHF,7/31/2026,14264.0,827922.0
AGZL.SHF,8/3/2026,14218.0,651016.0
AGZL.SHF,8/4/2026,14373.0,663932.0
AGZL.SHF,8/5/2026,15105.0,709794.0
AGZL.SHF,8/6/2026,15091.0,838090.0
AGZL.SHF,8/7/2026,15635.0,743843.0
AGZL.SHF,8/10/2026,15705.0,799758.0
AGZL.SHF,8/11/2026,15748.0,846185.0
AGZL.SHF,8/12/2026,16154.0,642956.0
AGZL.SHF,8/13/2026,15823.0,784877.0
AGZL.SHF,8/14/2026,15722.0,657498.0
AGZL.SHF,8/17/2026,16143.0,588026.0
AGZL.SHF,8/18/2026,15961.0,669549.0
AGZL.SHF,8/19/2026,15432.0,685304.0
AGZL.SHF,8/20/2026,16361.0,759355.0
AGZL.SHF,8/21/2026,16771.0,773038.0
AGZL.SHF,8/24/2026,16843.0,757231.0
AGZL.SHF,8/25/2026,16631.0,752304.0
AGZL.SHF,8/26/2026,16756.0,643479.0
AGZL.SHF,8/27/2026,16728.0,672442.0
AGZL.SHF,8/28/2026,17215.0,765356.0
CU00.SHF,6/22/2026,104890.0,52280.0
CU00.SHF,6/23/2026,103580.0,72857.0
CU00.SHF,6/24/2026,103520.0,70240.0
CU00.SHF,6/25/2026,101200.0,74479.0
CU00.SHF,6/26/2026,101530.0,43745.0
CU00.SHF,6/29/2026,103100.0,34834.0
CU00.SHF,6/30/2026,103160.0,23802.0
CU00.SHF,7/1/2026,101900.0,15210.0
CU00.SHF,7/2/2026,101940.0,12750.0
CU00.SHF,7/3/2026,103000.0,15480.0
CU00.SHF,7/6/2026,102990.0,16830.0
CU00.SHF,7/7/2026,102920.0,13660.0
CU00.SHF,7/8/2026,102850.0,13080.0
CU00.SHF,7/9/2026,103250.0,14155.0
CU00.SHF,7/10/2026,103730.0,11910.0
CU00.SHF,7/13/2026,103320.0,9460.0
CU00.SHF,7/14/2026,104900.0,6810.0
CU00.SHF,7/15/2026,104500.0,2595.0
CU00.SHF,7/16/2026,104440.0,54433.0
CU00.SHF,7/17/2026,103550.0,63668.0
CU00.SHF,7/20/2026,104020.0,55695.0
CU00.SHF,7/21/2026,105580.0,63659.0
CU00.SHF,7/22/2026,105950.0,54264.0
CU00.SHF,7/23/2026,106020.0,30626.0
CU00.SHF,7/24/2026,104930.0,54495.0
CU00.SHF,7/27/2026,105180.0,45168.0
CU00.SHF,7/28/2026,104980.0,33130.0
CU00.SHF,7/29/2026,105050.0,24606.0
CU00.SHF,7/30/2026,104900.0,27702.0
CU00.SHF,7/31/2026,105750.0,23628.0
CU00.SHF,8/3/2026,106280.0,18742.0
CU00.SHF,8/4/2026,106800.0,14655.0
CU00.SHF,8/5/2026,107450.0,14260.0
CU00.SHF,8/6/2026,107470.0,14905.0
CU00.SHF,8/7/2026,108600.0,17335.0
CU00.SHF,8/10/2026,108150.0,18920.0
CU00.SHF,8/11/2026,108300.0,14660.0
CU00.SHF,8/12/2026,108880.0,12010.0
CU00.SHF,8/13/2026,108200.0,16025.0
CU00.SHF,8/14/2026,108300.0,7775.0
CU00.SHF,8/17/2026,109800.0,1905.0
CU00.SHF,8/18/2026,107930.0,106456.0
CU00.SHF,8/19/2026,106850.0,97104.0
CU00.SHF,8/20/2026,107200.0,67532.0
CU00.SHF,8/21/2026,107750.0,73275.0
CU00.SHF,8/24/2026,108110.0,74677.0
CU00.SHF,8/25/2026,108180.0,76348.0
CU00.SHF,8/26/2026,109050.0,56943.0
CU00.SHF,8/27/2026,108730.0,34962.0
CU00.SHF,8/28/2026,109240.0,29550.0
CU01.SHF,6/22/2026,105000.0,43535.0
CU01.SHF,6/23/2026,103580.0,74840.0
CU01.SHF,6/24/2026,103550.0,97561.0
CU01.SHF,6/25/2026,101220.0,160226.0
CU01.SHF,6/26/2026,101560.0,119672.0
CU01.SHF,6/29/2026,103160.0,105473.0
CU01.SHF,6/30/2026,103290.0,88240.0
CU01.SHF,7/1/2026,101920.0,84616.0
CU01.SHF,7/2/2026,101950.0,88329.0
CU01.SHF,7/3/2026,102980.0,80011.0
CU01.SHF,7/6/2026,102960.0,60586.0
CU01.SHF,7/7/2026,102970.0,58519.0
CU01.SHF,7/8/2026,102850.0,67529.0
CU01.SHF,7/9/2026,103160.0,90906.0
CU01.SHF,7/10/2026,103710.0,82908.0
CU01.SHF,7/13/2026,103100.0,69346.0
CU01.SHF,7/14/2026,104390.0,91035.0
CU01.SHF,7/15/2026,104220.0,77726.0
CU01.SHF,7/16/2026,104350.0,49016.0
CU01.SHF,7/17/2026,103370.0,69929.0
CU01.SHF,7/20/2026,103790.0,79025.0
CU01.SHF,7/21/2026,105460.0,109881.0
CU01.SHF,7/22/2026,105820.0,120893.0
CU01.SHF,7/23/2026,105890.0,66804.0
CU01.SHF,7/24/2026,104750.0,109798.0
CU01.SHF,7/27/2026,105050.0,76057.0
CU01.SHF,7/28/2026,104810.0,81835.0
CU01.SHF,7/29/2026,104890.0,62091.0
CU01.SHF,7/30/2026,104690.0,89003.0
CU01.SHF,7/31/2026,105460.0,85907.0
CU01.SHF,8/3/2026,106120.0,82699.0
CU01.SHF,8/4/2026,106650.0,79450.0
CU01.SHF,8/5/2026,107340.0,99814.0
CU01.SHF,8/6/2026,107330.0,100106.0
CU01.SHF,8/7/2026,108400.0,113481.0
CU01.SHF,8/10/2026,107850.0,96220.0
CU01.SHF,8/11/2026,107950.0,87926.0
CU01.SHF,8/12/2026,108390.0,67201.0
CU01.SHF,8/13/2026,107410.0,90642.0
CU01.SHF,8/14/2026,107690.0,75051.0
CU01.SHF,8/17/2026,109540.0,100823.0
CU01.SHF,8/18/2026,107690.0,80510.0
CU01.SHF,8/19/2026,106490.0,79351.0
CU01.SHF,8/20/2026,106860.0,55760.0
CU01.SHF,8/21/2026,107520.0,66412.0
CU01.SHF,8/24/2026,107910.0,77057.0
CU01.SHF,8/25/2026,107980.0,78507.0
CU01.SHF,8/26/2026,108750.0,127341.0
CU01.SHF,8/27/2026,108300.0,83805.0
CU01.SHF,8/28/2026,108900.0,73402.0
CU02.SHF,6/22/2026,104980.0,16007.0
CU02.SHF,6/23/2026,103620.0,25980.0
CU02.SHF,6/24/2026,103560.0,28544.0
CU02.SHF,6/25/2026,101200.0,60394.0
CU02.SHF,6/26/2026,101570.0,43673.0
CU02.SHF,6/29/2026,103280.0,41194.0
CU02.SHF,6/30/2026,103340.0,34730.0
CU02.SHF,7/1/2026,101930.0,31170.0
CU02.SHF,7/2/2026,101990.0,35493.0
CU02.SHF,7/3/2026,103010.0,31479.0
CU02.SHF,7/6/2026,103000.0,31898.0
CU02.SHF,7/7/2026,102990.0,25800.0
CU02.SHF,7/8/2026,102850.0,32278.0
CU02.SHF,7/9/2026,103170.0,53328.0
CU02.SHF,7/10/2026,103710.0,60056.0
CU02.SHF,7/13/2026,103060.0,52760.0
CU02.SHF,7/14/2026,104340.0,74063.0
CU02.SHF,7/15/2026,104140.0,72344.0
CU02.SHF,7/16/2026,104220.0,11277.0
CU02.SHF,7/17/2026,103160.0,16536.0
CU02.SHF,7/20/2026,103540.0,19784.0
CU02.SHF,7/21/2026,105150.0,24691.0
CU02.SHF,7/22/2026,105560.0,32294.0
CU02.SHF,7/23/2026,105660.0,16423.0
CU02.SHF,7/24/2026,104600.0,27313.0
CU02.SHF,7/27/2026,104810.0,22749.0
CU02.SHF,7/28/2026,104640.0,23438.0
CU02.SHF,7/29/2026,104730.0,20141.0
CU02.SHF,7/30/2026,104530.0,30690.0
CU02.SHF,7/31/2026,105300.0,29442.0
CU02.SHF,8/3/2026,105950.0,33557.0
CU02.SHF,8/4/2026,106500.0,33351.0
CU02.SHF,8/5/2026,107230.0,48662.0
CU02.SHF,8/6/2026,107200.0,48300.0
CU02.SHF,8/7/2026,108260.0,49297.0
CU02.SHF,8/10/2026,107660.0,48739.0
CU02.SHF,8/11/2026,107770.0,48328.0
CU02.SHF,8/12/2026,108210.0,38734.0
CU02.SHF,8/13/2026,107200.0,56521.0
CU02.SHF,8/14/2026,107460.0,41170.0
CU02.SHF,8/17/2026,109340.0,73495.0
CU02.SHF,8/18/2026,107480.0,20837.0
CU02.SHF,8/19/2026,106340.0,19156.0
CU02.SHF,8/20/2026,106620.0,12471.0
CU02.SHF,8/21/2026,107280.0,14899.0
CU02.SHF,8/24/2026,107720.0,22805.0
CU02.SHF,8/25/2026,107810.0,20978.0
CU02.SHF,8/26/2026,108560.0,33829.0
CU02.SHF,8/27/2026,108130.0,22194.0
CU02.SHF,8/28/2026,108660.0,21624.0
CU03.SHF,6/22/2026,104960.0,3918.0
CU03.SHF,6/23/2026,103570.0,6050.0
CU03.SHF,6/24/2026,103540.0,8137.0
CU03.SHF,6/25/2026,101370.0,14963.0
CU03.SHF,6/26/2026,101520.0,7717.0
CU03.SHF,6/29/2026,103170.0,8697.0
CU03.SHF,6/30/2026,103250.0,8437.0
CU03.SHF,7/1/2026,101870.0,10239.0
CU03.SHF,7/2/2026,101880.0,11172.0
CU03.SHF,7/3/2026,102960.0,7338.0
CU03.SHF,7/6/2026,102930.0,6050.0
CU03.SHF,7/7/2026,102910.0,6109.0
CU03.SHF,7/8/2026,102800.0,6641.0
CU03.SHF,7/9/2026,103100.0,11383.0
CU03.SHF,7/10/2026,103640.0,12218.0
CU03.SHF,7/13/2026,102990.0,9953.0
CU03.SHF,7/14/2026,104200.0,18592.0
CU03.SHF,7/15/2026,103980.0,14768.0
CU03.SHF,7/16/2026,104100.0,2905.0
CU03.SHF,7/17/2026,103200.0,5181.0
CU03.SHF,7/20/2026,103360.0,6246.0
CU03.SHF,7/21/2026,104850.0,7827.0
CU03.SHF,7/22/2026,105350.0,8668.0
CU03.SHF,7/23/2026,105460.0,3853.0
CU03.SHF,7/24/2026,104350.0,6370.0
CU03.SHF,7/27/2026,104700.0,7921.0
CU03.SHF,7/28/2026,104450.0,4806.0
CU03.SHF,7/29/2026,104500.0,3373.0
CU03.SHF,7/30/2026,104310.0,6852.0
CU03.SHF,7/31/2026,105100.0,6972.0
CU03.SHF,8/3/2026,105740.0,7096.0
CU03.SHF,8/4/2026,106300.0,7322.0
CU03.SHF,8/5/2026,107100.0,11311.0
CU03.SHF,8/6/2026,106990.0,8702.0
CU03.SHF,8/7/2026,108050.0,10423.0
CU03.SHF,8/10/2026,107490.0,9006.0
CU03.SHF,8/11/2026,107610.0,7204.0
CU03.SHF,8/12/2026,108060.0,5415.0
CU03.SHF,8/13/2026,107030.0,11732.0
CU03.SHF,8/14/2026,107260.0,7977.0
CU03.SHF,8/17/2026,109120.0,20219.0
CU03.SHF,8/18/2026,107360.0,14739.0
CU03.SHF,8/19/2026,106160.0,9875.0
CU03.SHF,8/20/2026,106430.0,6961.0
CU03.SHF,8/21/2026,107130.0,7447.0
CU03.SHF,8/24/2026,107550.0,8039.0
CU03.SHF,8/25/2026,107650.0,9469.0
CU03.SHF,8/26/2026,108400.0,17124.0
CU03.SHF,8/27/2026,107890.0,9973.0
CU03.SHF,8/28/2026,108410.0,9052.0
CU2607.SHF,6/22/2026,104890.0,52280.0
CU2607.SHF,6/23/2026,103580.0,72857.0
CU2607.SHF,6/24/2026,103520.0,70240.0
CU2607.SHF,6/25/2026,101200.0,74479.0
CU2607.SHF,6/26/2026,101530.0,43745.0
CU2607.SHF,6/29/2026,103100.0,34834.0
CU2607.SHF,6/30/2026,103160.0,23802.0
CU2607.SHF,7/1/2026,101900.0,15210.0
CU2607.SHF,7/2/2026,101940.0,12750.0
CU2607.SHF,7/3/2026,103000.0,15480.0
CU2607.SHF,7/6/2026,102990.0,16830.0
CU2607.SHF,7/7/2026,102920.0,13660.0
CU2607.SHF,7/8/2026,102850.0,13080.0
CU2607.SHF,7/9/2026,103250.0,14155.0
CU2607.SHF,7/10/2026,103730.0,11910.0
CU2607.SHF,7/13/2026,103320.0,9460.0
CU2607.SHF,7/14/2026,104900.0,6810.0
CU2607.SHF,7/15/2026,104500.0,2595.0
CU2608.SHF,6/22/2026,105000.0,43535.0
CU2608.SHF,6/23/2026,103580.0,74840.0
CU2608.SHF,6/24/2026,103550.0,97561.0
CU2608.SHF,6/25/2026,101220.0,160226.0
CU2608.SHF,6/26/2026,101560.0,119672.0
CU2608.SHF,6/29/2026,103160.0,105473.0
CU2608.SHF,6/30/2026,103290.0,88240.0
CU2608.SHF,7/1/2026,101920.0,84616.0
CU2608.SHF,7/2/2026,101950.0,88329.0
CU2608.SHF,7/3/2026,102980.0,80011.0
CU2608.SHF,7/6/2026,102960.0,60586.0
CU2608.SHF,7/7/2026,102970.0,58519.0
CU2608.SHF,7/8/2026,102850.0,67529.0
CU2608.SHF,7/9/2026,103160.0,90906.0
CU2608.SHF,7/10/2026,103710.0,82908.0
CU2608.SHF,7/13/2026,103100.0,69346.0
CU2608.SHF,7/14/2026,104390.0,91035.0
CU2608.SHF,7/15/2026,104220.0,77726.0
CU2608.SHF,7/16/2026,104440.0,54433.0
CU2608.SHF,7/17/2026,103550.0,63668.0
CU2608.SHF,7/20/2026,104020.0,55695.0
CU2608.SHF,7/21/2026,105580.0,63659.0
CU2608.SHF,7/22/2026,105950.0,54264.0
CU2608.SHF,7/23/2026,106020.0,30626.0
CU2608.SHF,7/24/2026,104930.0,54495.0
CU2608.SHF,7/27/2026,105180.0,45168.0
CU2608.SHF,7/28/2026,104980.0,33130.0
CU2608.SHF,7/29/2026,105050.0,24606.0
CU2608.SHF,7/30/2026,104900.0,27702.0
CU2608.SHF,7/31/2026,105750.0,23628.0
CU2608.SHF,8/3/2026,106280.0,18742.0
CU2608.SHF,8/4/2026,106800.0,14655.0
CU2608.SHF,8/5/2026,107450.0,14260.0
CU2608.SHF,8/6/2026,107470.0,14905.0
CU2608.SHF,8/7/2026,108600.0,17335.0
CU2608.SHF,8/10/2026,108150.0,18920.0
CU2608.SHF,8/11/2026,108300.0,14660.0
CU2608.SHF,8/12/2026,108880.0,12010.0
CU2608.SHF,8/13/2026,108200.0,16025.0
CU2608.SHF,8/14/2026,108300.0,7775.0
CU2608.SHF,8/17/2026,109800.0,1905.0
CU2609.SHF,6/22/2026,104980.0,16007.0
CU2609.SHF,6/23/2026,103620.0,25980.0
CU2609.SHF,6/24/2026,103560.0,28544.0
CU2609.SHF,6/25/2026,101200.0,60394.0
CU2609.SHF,6/26/2026,101570.0,43673.0
CU2609.SHF,6/29/2026,103280.0,41194.0
CU2609.SHF,6/30/2026,103340.0,34730.0
CU2609.SHF,7/1/2026,101930.0,31170.0
CU2609.SHF,7/2/2026,101990.0,35493.0
CU2609.SHF,7/3/2026,103010.0,31479.0
CU2609.SHF,7/6/2026,103000.0,31898.0
CU2609.SHF,7/7/2026,102990.0,25800.0
CU2609.SHF,7/8/2026,102850.0,32278.0
CU2609.SHF,7/9/2026,103170.0,53328.0
CU2609.SHF,7/10/2026,103710.0,60056.0
CU2609.SHF,7/13/2026,103060.0,52760.0
CU2609.SHF,7/14/2026,104340.0,74063.0
CU2609.SHF,7/15/2026,104140.0,72344.0
CU2609.SHF,7/16/2026,104350.0,49016.0
CU2609.SHF,7/17/2026,103370.0,69929.0
CU2609.SHF,7/20/2026,103790.0,79025.0
CU2609.SHF,7/21/2026,105460.0,109881.0
CU2609.SHF,7/22/2026,105820.0,120893.0
CU2609.SHF,7/23/2026,105890.0,66804.0
CU2609.SHF,7/24/2026,104750.0,109798.0
CU2609.SHF,7/27/2026,105050.0,76057.0
CU2609.SHF,7/28/2026,104810.0,81835.0
CU2609.SHF,7/29/2026,104890.0,62091.0
CU2609.SHF,7/30/2026,104690.0,89003.0
CU2609.SHF,7/31/2026,105460.0,85907.0
CU2609.SHF,8/3/2026,106120.0,82699.0
CU2609.SHF,8/4/2026,106650.0,79450.0
CU2609.SHF,8/5/2026,107340.0,99814.0
CU2609.SHF,8/6/2026,107330.0,100106.0
CU2609.SHF,8/7/2026,108400.0,113481.0
CU2609.SHF,8/10/2026,107850.0,96220.0
CU2609.SHF,8/11/2026,107950.0,87926.0
CU2609.SHF,8/12/2026,108390.0,67201.0
CU2609.SHF,8/13/2026,107410.0,90642.0
CU2609.SHF,8/14/2026,107690.0,75051.0
CU2609.SHF,8/17/2026,109540.0,100823.0
CU2609.SHF,8/18/2026,107930.0,106456.0
CU2609.SHF,8/19/2026,106850.0,97104.0
CU2609.SHF,8/20/2026,107200.0,67532.0
CU2609.SHF,8/21/2026,107750.0,73275.0
CU2609.SHF,8/24/2026,108110.0,74677.0
CU2609.SHF,8/25/2026,108180.0,76348.0
CU2609.SHF,8/26/2026,109050.0,56943.0
CU2609.SHF,8/27/2026,108730.0,34962.0
CU2609.SHF,8/28/2026,109240.0,29550.0
CU2610.SHF,6/22/2026,104960.0,3918.0
CU2610.SHF,6/23/2026,103570.0,6050.0
CU2610.SHF,6/24/2026,103540.0,8137.0
CU2610.SHF,6/25/2026,101370.0,14963.0
CU2610.SHF,6/26/2026,101520.0,7717.0
CU2610.SHF,6/29/2026,103170.0,8697.0
CU2610.SHF,6/30/2026,103250.0,8437.0
CU2610.SHF,7/1/2026,101870.0,10239.0
CU2610.SHF,7/2/2026,101880.0,11172.0
CU2610.SHF,7/3/2026,102960.0,7338.0
CU2610.SHF,7/6/2026,102930.0,6050.0
CU2610.SHF,7/7/2026,102910.0,6109.0
CU2610.SHF,7/8/2026,102800.0,6641.0
CU2610.SHF,7/9/2026,103100.0,11383.0
CU2610.SHF,7/10/2026,103640.0,12218.0
CU2610.SHF,7/13/2026,102990.0,9953.0
CU2610.SHF,7/14/2026,104200.0,18592.0
CU2610.SHF,7/15/2026,103980.0,14768.0
CU2610.SHF,7/16/2026,104220.0,11277.0
CU2610.SHF,7/17/2026,103160.0,16536.0
CU2610.SHF,7/20/2026,103540.0,19784.0
CU2610.SHF,7/21/2026,105150.0,24691.0
CU2610.SHF,7/22/2026,105560.0,32294.0
CU2610.SHF,7/23/2026,105660.0,16423.0
CU2610.SHF,7/24/2026,104600.0,27313.0
CU2610.SHF,7/27/2026,104810.0,22749.0
CU2610.SHF,7/28/2026,104640.0,23438.0
CU2610.SHF,7/29/2026,104730.0,20141.0
CU2610.SHF,7/30/2026,104530.0,30690.0
CU2610.SHF,7/31/2026,105300.0,29442.0
CU2610.SHF,8/3/2026,105950.0,33557.0
CU2610.SHF,8/4/2026,106500.0,33351.0
CU2610.SHF,8/5/2026,107230.0,48662.0
CU2610.SHF,8/6/2026,107200.0,48300.0
CU2610.SHF,8/7/2026,108260.0,49297.0
CU2610.SHF,8/10/2026,107660.0,48739.0
CU2610.SHF,8/11/2026,107770.0,48328.0
CU2610.SHF,8/12/2026,108210.0,38734.0
CU2610.SHF,8/13/2026,107200.0,56521.0
CU2610.SHF,8/14/2026,107460.0,41170.0
CU2610.SHF,8/17/2026,109340.0,73495.0
CU2610.SHF,8/18/2026,107690.0,80510.0
CU2610.SHF,8/19/2026,106490.0,79351.0
CU2610.SHF,8/20/2026,106860.0,55760.0
CU2610.SHF,8/21/2026,107520.0,66412.0
CU2610.SHF,8/24/2026,107910.0,77057.0
CU2610.SHF,8/25/2026,107980.0,78507.0
CU2610.SHF,8/26/2026,108750.0,127341.0
CU2610.SHF,8/27/2026,108300.0,83805.0
CU2610.SHF,8/28/2026,108900.0,73402.0
CU2611.SHF,6/22/2026,104990.0,1428.0
CU2611.SHF,6/23/2026,103510.0,2178.0
CU2611.SHF,6/24/2026,103480.0,2615.0
CU2611.SHF,6/25/2026,101160.0,7069.0
CU2611.SHF,6/26/2026,101520.0,3241.0
CU2611.SHF,6/29/2026,103090.0,3228.0
CU2611.SHF,6/30/2026,103200.0,4914.0
CU2611.SHF,7/1/2026,101940.0,4195.0
CU2611.SHF,7/2/2026,101880.0,4048.0
CU2611.SHF,7/3/2026,102930.0,2865.0
CU2611.SHF,7/6/2026,102860.0,1816.0
CU2611.SHF,7/7/2026,102870.0,2290.0
CU2611.SHF,7/8/2026,102750.0,2235.0
CU2611.SHF,7/9/2026,103040.0,3710.0
CU2611.SHF,7/10/2026,103590.0,3877.0
CU2611.SHF,7/13/2026,102910.0,3330.0
CU2611.SHF,7/14/2026,104300.0,4285.0
CU2611.SHF,7/15/2026,103870.0,3751.0
CU2611.SHF,7/16/2026,104100.0,2905.0
CU2611.SHF,7/17/2026,103200.0,5181.0
CU2611.SHF,7/20/2026,103360.0,6246.0
CU2611.SHF,7/21/2026,104850.0,7827.0
CU2611.SHF,7/22/2026,105350.0,8668.0
CU2611.SHF,7/23/2026,105460.0,3853.0
CU2611.SHF,7/24/2026,104350.0,6370.0
CU2611.SHF,7/27/2026,104700.0,7921.0
CU2611.SHF,7/28/2026,104450.0,4806.0
CU2611.SHF,7/29/2026,104500.0,3373.0
CU2611.SHF,7/30/2026,104310.0,6852.0
CU2611.SHF,7/31/2026,105100.0,6972.0
CU2611.SHF,8/3/2026,105740.0,7096.0
CU2611.SHF,8/4/2026,106300.0,7322.0
CU2611.SHF,8/5/2026,107100.0,11311.0
CU2611.SHF,8/6/2026,106990.0,8702.0
CU2611.SHF,8/7/2026,108050.0,10423.0
CU2611.SHF,8/10/2026,107490.0,9006.0
CU2611.SHF,8/11/2026,107610.0,7204.0
CU2611.SHF,8/12/2026,108060.0,5415.0
CU2611.SHF,8/13/2026,107030.0,11732.0
CU2611.SHF,8/14/2026,107260.0,7977.0
CU2611.SHF,8/17/2026,109120.0,20219.0
CU2611.SHF,8/18/2026,107480.0,20837.0
CU2611.SHF,8/19/2026,106340.0,19156.0
CU2611.SHF,8/20/2026,106620.0,12471.0
CU2611.SHF,8/21/2026,107280.0,14899.0
CU2611.SHF,8/24/2026,107720.0,22805.0
CU2611.SHF,8/25/2026,107810.0,20978.0
CU2611.SHF,8/26/2026,108560.0,33829.0
CU2611.SHF,8/27/2026,108130.0,22194.0
CU2611.SHF,8/28/2026,108660.0,21624.0
CU2612.SHF,6/22/2026,104900.0,2758.0
CU2612.SHF,6/23/2026,103560.0,3537.0
CU2612.SHF,6/24/2026,103510.0,4125.0
CU2612.SHF,6/25/2026,101140.0,8461.0
CU2612.SHF,6/26/2026,101490.0,3601.0
CU2612.SHF,6/29/2026,103180.0,5569.0
CU2612.SHF,6/30/2026,103190.0,5770.0
CU2612.SHF,7/1/2026,101840.0,3983.0
CU2612.SHF,7/2/2026,101860.0,4543.0
CU2612.SHF,7/3/2026,102860.0,4547.0
CU2612.SHF,7/6/2026,102840.0,3828.0
CU2612.SHF,7/7/2026,102840.0,3337.0
CU2612.SHF,7/8/2026,102700.0,3493.0
CU2612.SHF,7/9/2026,102940.0,7158.0
CU2612.SHF,7/10/2026,103550.0,5579.0
CU2612.SHF,7/13/2026,102800.0,5073.0
CU2612.SHF,7/14/2026,103970.0,5316.0
CU2612.SHF,7/15/2026,103850.0,6226.0
CU2612.SHF,7/16/2026,104050.0,3113.0
CU2612.SHF,7/17/2026,103080.0,5766.0
CU2612.SHF,7/20/2026,103330.0,7744.0
CU2612.SHF,7/21/2026,104700.0,9920.0
CU2612.SHF,7/22/2026,105220.0,10686.0
CU2612.SHF,7/23/2026,105370.0,3329.0
CU2612.SHF,7/24/2026,104210.0,8047.0
CU2612.SHF,7/27/2026,104550.0,5891.0
CU2612.SHF,7/28/2026,104380.0,4168.0
CU2612.SHF,7/29/2026,104370.0,2545.0
CU2612.SHF,7/30/2026,104420.0,6216.0
CU2612.SHF,7/31/2026,104880.0,5331.0
CU2612.SHF,8/3/2026,105570.0,6373.0
CU2612.SHF,8/4/2026,106090.0,5593.0
CU2612.SHF,8/5/2026,106950.0,8569.0
CU2612.SHF,8/6/2026,106860.0,8012.0
CU2612.SHF,8/7/2026,107880.0,8580.0
CU2612.SHF,8/10/2026,107370.0,7033.0
CU2612.SHF,8/11/2026,107420.0,6420.0
CU2612.SHF,8/12/2026,107710.0,4646.0
CU2612.SHF,8/13/2026,106870.0,7328.0
CU2612.SHF,8/14/2026,107110.0,5180.0
CU2612.SHF,8/17/2026,108970.0,12869.0
CU2612.SHF,8/18/2026,107360.0,14739.0
CU2612.SHF,8/19/2026,106160.0,9875.0
CU2612.SHF,8/20/2026,106430.0,6961.0
CU2612.SHF,8/21/2026,107130.0,7447.0
CU2612.SHF,8/24/2026,107550.0,8039.0
CU2612.SHF,8/25/2026,107650.0,9469.0
CU2612.SHF,8/26/2026,108400.0,17124.0
CU2612.SHF,8/27/2026,107890.0,9973.0
CU2612.SHF,8/28/2026,108410.0,9052.0
CU2701.SHF,6/22/2026,104870.0,398.0
CU2701.SHF,6/23/2026,103540.0,1034.0
CU2701.SHF,6/24/2026,103460.0,982.0
CU2701.SHF,6/25/2026,101270.0,2650.0
CU2701.SHF,6/26/2026,101510.0,1055.0
CU2701.SHF,6/29/2026,103110.0,877.0
CU2701.SHF,6/30/2026,103240.0,1568.0
CU2701.SHF,7/1/2026,101850.0,1514.0
CU2701.SHF,7/2/2026,101860.0,1350.0
CU2701.SHF,7/3/2026,102960.0,1875.0
CU2701.SHF,7/6/2026,102840.0,1852.0
CU2701.SHF,7/7/2026,102840.0,1176.0
CU2701.SHF,7/8/2026,102750.0,729.0
CU2701.SHF,7/9/2026,103000.0,1619.0
CU2701.SHF,7/10/2026,103540.0,1092.0
CU2701.SHF,7/13/2026,102870.0,1384.0
CU2701.SHF,7/14/2026,103950.0,1106.0
CU2701.SHF,7/15/2026,103810.0,929.0
CU2701.SHF,7/16/2026,104030.0,607.0
CU2701.SHF,7/17/2026,102930.0,1574.0
CU2701.SHF,7/20/2026,103230.0,2007.0
CU2701.SHF,7/21/2026,104650.0,2545.0
CU2701.SHF,7/22/2026,105150.0,1972.0
CU2701.SHF,7/23/2026,105250.0,1225.0
CU2701.SHF,7/24/2026,104120.0,3424.0
CU2701.SHF,7/27/2026,104350.0,2868.0
CU2701.SHF,7/28/2026,104170.0,2454.0
CU2701.SHF,7/29/2026,104200.0,2347.0
CU2701.SHF,7/30/2026,103880.0,2655.0
CU2701.SHF,7/31/2026,104720.0,1673.0
CU2701.SHF,8/3/2026,105330.0,2126.0
CU2701.SHF,8/4/2026,105870.0,2162.0
CU2701.SHF,8/5/2026,106660.0,2696.0
CU2701.SHF,8/6/2026,106740.0,1985.0
CU2701.SHF,8/7/2026,107650.0,2799.0
CU2701.SHF,8/10/2026,107170.0,3658.0
CU2701.SHF,8/11/2026,107260.0,2460.0
CU2701.SHF,8/12/2026,107740.0,1089.0
CU2701.SHF,8/13/2026,106720.0,3706.0
CU2701.SHF,8/14/2026,106920.0,2022.0
CU2701.SHF,8/17/2026,108820.0,3912.0
CU2701.SHF,8/18/2026,107140.0,5170.0
CU2701.SHF,8/19/2026,106050.0,3925.0
CU2701.SHF,8/20/2026,106250.0,2351.0
CU2701.SHF,8/21/2026,106950.0,2945.0
CU2701.SHF,8/24/2026,107400.0,3632.0
CU2701.SHF,8/25/2026,107510.0,2944.0
CU2701.SHF,8/26/2026,108170.0,5148.0
CU2701.SHF,8/27/2026,107720.0,4472.0
CU2701.SHF,8/28/2026,108230.0,4447.0
CU2702.SHF,6/22/2026,104840.0,209.0
CU2702.SHF,6/23/2026,103560.0,419.0
CU2702.SHF,6/24/2026,103490.0,345.0
CU2702.SHF,6/25/2026,101280.0,1132.0
CU2702.SHF,6/26/2026,101560.0,348.0
CU2702.SHF,6/29/2026,103120.0,314.0
CU2702.SHF,6/30/2026,103190.0,330.0
CU2702.SHF,7/1/2026,101950.0,243.0
CU2702.SHF,7/2/2026,101910.0,279.0
CU2702.SHF,7/3/2026,102980.0,724.0
CU2702.SHF,7/6/2026,102880.0,675.0
CU2702.SHF,7/7/2026,102890.0,123.0
CU2702.SHF,7/8/2026,102710.0,290.0
CU2702.SHF,7/9/2026,103010.0,973.0
CU2702.SHF,7/10/2026,103540.0,641.0
CU2702.SHF,7/13/2026,102930.0,327.0
CU2702.SHF,7/14/2026,103970.0,782.0
CU2702.SHF,7/15/2026,103810.0,858.0
CU2702.SHF,7/16/2026,104000.0,298.0
CU2702.SHF,7/17/2026,103080.0,367.0
CU2702.SHF,7/20/2026,103250.0,501.0
CU2702.SHF,7/21/2026,104630.0,985.0
CU2702.SHF,7/22/2026,105160.0,1043.0
CU2702.SHF,7/23/2026,105180.0,624.0
CU2702.SHF,7/24/2026,104110.0,750.0
CU2702.SHF,7/27/2026,104400.0,418.0
CU2702.SHF,7/28/2026,104150.0,666.0
CU2702.SHF,7/29/2026,104180.0,521.0
CU2702.SHF,7/30/2026,103860.0,1214.0
CU2702.SHF,7/31/2026,104550.0,866.0
CU2702.SHF,8/3/2026,105240.0,1857.0
CU2702.SHF,8/4/2026,105730.0,1505.0
CU2702.SHF,8/5/2026,106680.0,1990.0
CU2702.SHF,8/6/2026,106660.0,862.0
CU2702.SHF,8/7/2026,107580.0,1396.0
CU2702.SHF,8/10/2026,106980.0,501.0
CU2702.SHF,8/11/2026,107130.0,585.0
CU2702.SHF,8/12/2026,107580.0,418.0
CU2702.SHF,8/13/2026,106670.0,1111.0
CU2702.SHF,8/14/2026,106800.0,1117.0
CU2702.SHF,8/17/2026,108650.0,1808.0
CU2702.SHF,8/18/2026,107070.0,1177.0
CU2702.SHF,8/19/2026,105900.0,1229.0
CU2702.SHF,8/20/2026,106120.0,1747.0
CU2702.SHF,8/21/2026,106760.0,620.0
CU2702.SHF,8/24/2026,107250.0,499.0
CU2702.SHF,8/25/2026,107390.0,958.0
CU2702.SHF,8/26/2026,108120.0,1134.0
CU2702.SHF,8/27/2026,107620.0,2076.0
CU2702.SHF,8/28/2026,108010.0,1731.0
CU2703.SHF,6/22/2026,104760.0,389.0
CU2703.SHF,6/23/2026,103590.0,817.0
CU2703.SHF,6/24/2026,103520.0,530.0
CU2703.SHF,6/25/2026,101410.0,1230.0
CU2703.SHF,6/26/2026,101650.0,472.0
CU2703.SHF,6/29/2026,103440.0,474.0
CU2703.SHF,6/30/2026,103290.0,337.0
CU2703.SHF,7/1/2026,101930.0,513.0
CU2703.SHF,7/2/2026,101870.0,1363.0
CU2703.SHF,7/3/2026,102930.0,625.0
CU2703.SHF,7/6/2026,102910.0,844.0
CU2703.SHF,7/7/2026,102860.0,270.0
CU2703.SHF,7/8/2026,102770.0,304.0
CU2703.SHF,7/9/2026,103030.0,788.0
CU2703.SHF,7/10/2026,103610.0,602.0
CU2703.SHF,7/13/2026,102850.0,264.0
CU2703.SHF,7/14/2026,103950.0,488.0
CU2703.SHF,7/15/2026,103800.0,2239.0
CU2703.SHF,7/16/2026,104000.0,472.0
CU2703.SHF,7/17/2026,102940.0,335.0
CU2703.SHF,7/20/2026,103220.0,469.0
CU2703.SHF,7/21/2026,104530.0,2059.0
CU2703.SHF,7/22/2026,105080.0,823.0
CU2703.SHF,7/23/2026,105200.0,473.0
CU2703.SHF,7/24/2026,104050.0,1390.0
CU2703.SHF,7/27/2026,104310.0,523.0
CU2703.SHF,7/28/2026,104120.0,1084.0
CU2703.SHF,7/29/2026,104140.0,495.0
CU2703.SHF,7/30/2026,103790.0,1051.0
CU2703.SHF,7/31/2026,104530.0,1213.0
CU2703.SHF,8/3/2026,105120.0,1127.0
CU2703.SHF,8/4/2026,105690.0,766.0
CU2703.SHF,8/5/2026,106710.0,1932.0
CU2703.SHF,8/6/2026,106530.0,681.0
CU2703.SHF,8/7/2026,107480.0,847.0
CU2703.SHF,8/10/2026,106990.0,606.0
CU2703.SHF,8/11/2026,107090.0,900.0
CU2703.SHF,8/12/2026,107520.0,1462.0
CU2703.SHF,8/13/2026,106530.0,2008.0
CU2703.SHF,8/14/2026,106770.0,883.0
CU2703.SHF,8/17/2026,108600.0,749.0
CU2703.SHF,8/18/2026,107040.0,630.0
CU2703.SHF,8/19/2026,105760.0,2072.0
CU2703.SHF,8/20/2026,105970.0,1638.0
CU2703.SHF,8/21/2026,106680.0,1513.0
CU2703.SHF,8/24/2026,107170.0,2005.0
CU2703.SHF,8/25/2026,107320.0,1658.0
CU2703.SHF,8/26/2026,108040.0,819.0
CU2703.SHF,8/27/2026,107590.0,1395.0
CU2703.SHF,8/28/2026,107960.0,1583.0
CU2704.SHF,6/22/2026,104730.0,526.0
CU2704.SHF,6/23/2026,103570.0,314.0
CU2704.SHF,6/24/2026,103580.0,238.0
CU2704.SHF,6/25/2026,101400.0,567.0
CU2704.SHF,6/26/2026,101610.0,203.0
CU2704.SHF,6/29/2026,103200.0,141.0
CU2704.SHF,6/30/2026,103360.0,79.0
CU2704.SHF,7/1/2026,101950.0,321.0
CU2704.SHF,7/2/2026,101950.0,128.0
CU2704.SHF,7/3/2026,102880.0,200.0
CU2704.SHF,7/6/2026,102800.0,215.0
CU2704.SHF,7/7/2026,102850.0,174.0
CU2704.SHF,7/8/2026,102820.0,113.0
CU2704.SHF,7/9/2026,103000.0,529.0
CU2704.SHF,7/10/2026,103580.0,436.0
CU2704.SHF,7/13/2026,102920.0,199.0
CU2704.SHF,7/14/2026,103980.0,217.0
CU2704.SHF,7/15/2026,103820.0,356.0
CU2704.SHF,7/16/2026,103970.0,130.0
CU2704.SHF,7/17/2026,102980.0,412.0
CU2704.SHF,7/20/2026,103170.0,190.0
CU2704.SHF,7/21/2026,104500.0,1144.0
CU2704.SHF,7/22/2026,105050.0,677.0
CU2704.SHF,7/23/2026,105130.0,362.0
CU2704.SHF,7/24/2026,103980.0,693.0
CU2704.SHF,7/27/2026,104260.0,207.0
CU2704.SHF,7/28/2026,104030.0,355.0
CU2704.SHF,7/29/2026,104030.0,112.0
CU2704.SHF,7/30/2026,103800.0,342.0
CU2704.SHF,7/31/2026,104510.0,601.0
CU2704.SHF,8/3/2026,105100.0,270.0
CU2704.SHF,8/4/2026,105570.0,432.0
CU2704.SHF,8/5/2026,106550.0,909.0
CU2704.SHF,8/6/2026,106570.0,439.0
CU2704.SHF,8/7/2026,107310.0,755.0
CU2704.SHF,8/10/2026,106930.0,247.0
CU2704.SHF,8/11/2026,106980.0,274.0
CU2704.SHF,8/12/2026,107490.0,162.0
CU2704.SHF,8/13/2026,106530.0,337.0
CU2704.SHF,8/14/2026,106700.0,126.0
CU2704.SHF,8/17/2026,108590.0,554.0
CU2704.SHF,8/18/2026,106960.0,382.0
CU2704.SHF,8/19/2026,105780.0,713.0
CU2704.SHF,8/20/2026,105930.0,1067.0
CU2704.SHF,8/21/2026,106650.0,826.0
CU2704.SHF,8/24/2026,107110.0,2440.0
CU2704.SHF,8/25/2026,107290.0,607.0
CU2704.SHF,8/26/2026,108030.0,443.0
CU2704.SHF,8/27/2026,107500.0,807.0
CU2704.SHF,8/28/2026,107950.0,255.0
CU2705.SHF,6/22/2026,104720.0,543.0
CU2705.SHF,6/23/2026,103520.0,262.0
CU2705.SHF,6/24/2026,103540.0,459.0
CU2705.SHF,6/25/2026,101350.0,769.0
CU2705.SHF,6/26/2026,101690.0,198.0
CU2705.SHF,6/29/2026,103220.0,254.0
CU2705.SHF,6/30/2026,103360.0,69.0
CU2705.SHF,7/1/2026,102000.0,156.0
CU2705.SHF,7/2/2026,101970.0,126.0
CU2705.SHF,7/3/2026,102880.0,213.0
CU2705.SHF,7/6/2026,102880.0,115.0
CU2705.SHF,7/7/2026,102910.0,64.0
CU2705.SHF,7/8/2026,102860.0,167.0
CU2705.SHF,7/9/2026,103080.0,192.0
CU2705.SHF,7/10/2026,103680.0,97.0
CU2705.SHF,7/13/2026,102960.0,113.0
CU2705.SHF,7/14/2026,103890.0,347.0
CU2705.SHF,7/15/2026,103780.0,135.0
CU2705.SHF,7/16/2026,103970.0,216.0
CU2705.SHF,7/17/2026,103000.0,603.0
CU2705.SHF,7/20/2026,103160.0,735.0
CU2705.SHF,7/21/2026,104320.0,316.0
CU2705.SHF,7/22/2026,104960.0,280.0
CU2705.SHF,7/23/2026,105000.0,325.0
CU2705.SHF,7/24/2026,103920.0,610.0
CU2705.SHF,7/27/2026,104250.0,194.0
CU2705.SHF,7/28/2026,103970.0,247.0
CU2705.SHF,7/29/2026,104050.0,148.0
CU2705.SHF,7/30/2026,103770.0,277.0
CU2705.SHF,7/31/2026,104450.0,134.0
CU2705.SHF,8/3/2026,105060.0,103.0
CU2705.SHF,8/4/2026,105540.0,68.0
CU2705.SHF,8/5/2026,106560.0,410.0
CU2705.SHF,8/6/2026,106510.0,254.0
CU2705.SHF,8/7/2026,107300.0,886.0
CU2705.SHF,8/10/2026,106940.0,197.0
CU2705.SHF,8/11/2026,107000.0,192.0
CU2705.SHF,8/12/2026,107400.0,110.0
CU2705.SHF,8/13/2026,106500.0,488.0
CU2705.SHF,8/14/2026,106680.0,156.0
CU2705.SHF,8/17/2026,108490.0,422.0
CU2705.SHF,8/18/2026,106900.0,319.0
CU2705.SHF,8/19/2026,105750.0,258.0
CU2705.SHF,8/20/2026,105900.0,1064.0
CU2705.SHF,8/21/2026,106570.0,300.0
CU2705.SHF,8/24/2026,107050.0,2081.0
CU2705.SHF,8/25/2026,107230.0,437.0
CU2705.SHF,8/26/2026,107900.0,878.0
CU2705.SHF,8/27/2026,107430.0,757.0
CU2705.SHF,8/28/2026,107880.0,388.0
CU2706.SHF,6/22/2026,104690.0,752.0
CU2706.SHF,6/23/2026,103430.0,668.0
CU2706.SHF,6/24/2026,103570.0,307.0
CU2706.SHF,6/25/2026,101270.0,701.0
CU2706.SHF,6/26/2026,101600.0,292.0
CU2706.SHF,6/29/2026,103220.0,163.0
CU2706.SHF,6/30/2026,103350.0,202.0
CU2706.SHF,7/1/2026,102050.0,235.0
CU2706.SHF,7/2/2026,101950.0,203.0
CU2706.SHF,7/3/2026,102890.0,259.0
CU2706.SHF,7/6/2026,102860.0,157.0
CU2706.SHF,7/7/2026,102850.0,137.0
CU2706.SHF,7/8/2026,102800.0,297.0
CU2706.SHF,7/9/2026,103060.0,541.0
CU2706.SHF,7/10/2026,103650.0,313.0
CU2706.SHF,7/13/2026,102860.0,547.0
CU2706.SHF,7/14/2026,103870.0,453.0
CU2706.SHF,7/15/2026,103760.0,417.0
CU2706.SHF,7/16/2026,103910.0,304.0
CU2706.SHF,7/17/2026,102920.0,804.0
CU2706.SHF,7/20/2026,103020.0,663.0
CU2706.SHF,7/21/2026,104320.0,307.0
CU2706.SHF,7/22/2026,104840.0,172.0
CU2706.SHF,7/23/2026,105000.0,354.0
CU2706.SHF,7/24/2026,103840.0,850.0
CU2706.SHF,7/27/2026,104120.0,216.0
CU2706.SHF,7/28/2026,103930.0,382.0
CU2706.SHF,7/29/2026,104020.0,79.0
CU2706.SHF,7/30/2026,103640.0,95.0
CU2706.SHF,7/31/2026,104390.0,182.0
CU2706.SHF,8/3/2026,104960.0,110.0
CU2706.SHF,8/4/2026,105530.0,72.0
CU2706.SHF,8/5/2026,106540.0,360.0
CU2706.SHF,8/6/2026,106500.0,157.0
CU2706.SHF,8/7/2026,107400.0,536.0
CU2706.SHF,8/10/2026,106930.0,109.0
CU2706.SHF,8/11/2026,106900.0,74.0
CU2706.SHF,8/12/2026,107330.0,179.0
CU2706.SHF,8/13/2026,106450.0,145.0
CU2706.SHF,8/14/2026,106700.0,183.0
CU2706.SHF,8/17/2026,108430.0,131.0
CU2706.SHF,8/18/2026,106950.0,269.0
CU2706.SHF,8/19/2026,105660.0,173.0
CU2706.SHF,8/20/2026,105960.0,454.0
CU2706.SHF,8/21/2026,106560.0,274.0
CU2706.SHF,8/24/2026,107070.0,1182.0
CU2706.SHF,8/25/2026,107200.0,185.0
CU2706.SHF,8/26/2026,107890.0,234.0
CU2706.SHF,8/27/2026,107440.0,318.0
CU2706.SHF,8/28/2026,107910.0,134.0
CU2707.SHF,7/16/2026,103900.0,124.0
CU2707.SHF,7/17/2026,102920.0,437.0
CU2707.SHF,7/20/2026,103140.0,407.0
CU2707.SHF,7/21/2026,104290.0,221.0
CU2707.SHF,7/22/2026,104850.0,218.0
CU2707.SHF,7/23/2026,104860.0,207.0
CU2707.SHF,7/24/2026,103750.0,427.0
CU2707.SHF,7/27/2026,103980.0,357.0
CU2707.SHF,7/28/2026,103750.0,554.0
CU2707.SHF,7/29/2026,103890.0,451.0
CU2707.SHF,7/30/2026,103580.0,374.0
CU2707.SHF,7/31/2026,104270.0,90.0
CU2707.SHF,8/3/2026,105000.0,190.0
CU2707.SHF,8/4/2026,105440.0,79.0
CU2707.SHF,8/5/2026,106460.0,469.0
CU2707.SHF,8/6/2026,106440.0,211.0
CU2707.SHF,8/7/2026,107360.0,229.0
CU2707.SHF,8/10/2026,106900.0,212.0
CU2707.SHF,8/11/2026,106880.0,100.0
CU2707.SHF,8/12/2026,107410.0,380.0
CU2707.SHF,8/13/2026,106410.0,397.0
CU2707.SHF,8/14/2026,106600.0,320.0
CU2707.SHF,8/17/2026,108360.0,195.0
CU2707.SHF,8/18/2026,106870.0,278.0
CU2707.SHF,8/19/2026,105590.0,187.0
CU2707.SHF,8/20/2026,105910.0,234.0
CU2707.SHF,8/21/2026,106520.0,510.0
CU2707.SHF,8/24/2026,106980.0,205.0
CU2707.SHF,8/25/2026,107210.0,296.0
CU2707.SHF,8/26/2026,107870.0,323.0
CU2707.SHF,8/27/2026,107460.0,308.0
CU2707.SHF,8/28/2026,107960.0,212.0
CU2708.SHF,8/18/2026,106850.0,358.0
CU2708.SHF,8/19/2026,105640.0,714.0
CU2708.SHF,8/20/2026,105800.0,395.0
CU2708.SHF,8/21/2026,106460.0,497.0
CU2708.SHF,8/24/2026,106910.0,68.0
CU2708.SHF,8/25/2026,107170.0,140.0
CU2708.SHF,8/26/2026,107820.0,342.0
CU2708.SHF,8/27/2026,107450.0,653.0
CU2708.SHF,8/28/2026,107950.0,643.0
CU8888.SHF,6/22/2026,104943.0,122743.0
CU8888.SHF,6/23/2026,103582.0,188956.0
CU8888.SHF,6/24/2026,103537.0,214083.0
CU8888.SHF,6/25/2026,101228.0,332641.0
CU8888.SHF,6/26/2026,101550.0,224217.0
CU8888.SHF,6/29/2026,103190.0,201218.0
CU8888.SHF,6/30/2026,103272.0,168478.0
CU8888.SHF,7/1/2026,101910.0,152395.0
CU8888.SHF,7/2/2026,101936.0,159784.0
CU8888.SHF,7/3/2026,102970.0,145616.0
CU8888.SHF,7/6/2026,102944.0,124866.0
CU8888.SHF,7/7/2026,102938.0,111659.0
CU8888.SHF,7/8/2026,102817.0,127156.0
CU8888.SHF,7/9/2026,103118.0,185282.0
CU8888.SHF,7/10/2026,103668.0,179729.0
CU8888.SHF,7/13/2026,103016.0,152756.0
CU8888.SHF,7/14/2026,104264.0,203494.0
CU8888.SHF,7/15/2026,104066.0,182344.0
CU8888.SHF,7/16/2026,104276.0,122895.0
CU8888.SHF,7/17/2026,103303.0,165612.0
CU8888.SHF,7/20/2026,103670.0,173466.0
CU8888.SHF,7/21/2026,105237.0,223555.0
CU8888.SHF,7/22/2026,105647.0,231990.0
CU8888.SHF,7/23/2026,105729.0,124605.0
CU8888.SHF,7/24/2026,104599.0,214167.0
CU8888.SHF,7/27/2026,104869.0,162569.0
CU8888.SHF,7/28/2026,104648.0,153119.0
CU8888.SHF,7/29/2026,104702.0,116909.0
CU8888.SHF,7/30/2026,104510.0,166471.0
CU8888.SHF,7/31/2026,105253.0,156039.0
CU8888.SHF,8/3/2026,105892.0,154250.0
CU8888.SHF,8/4/2026,106426.0,145455.0
CU8888.SHF,8/5/2026,107176.0,191382.0
CU8888.SHF,8/6/2026,107144.0,184614.0
CU8888.SHF,8/7/2026,108186.0,206564.0
CU8888.SHF,8/10/2026,107633.0,185448.0
CU8888.SHF,8/11/2026,107726.0,169123.0
CU8888.SHF,8/12/2026,108156.0,131806.0
CU8888.SHF,8/13/2026,107168.0,190440.0
CU8888.SHF,8/14/2026,107407.0,141960.0
CU8888.SHF,8/17/2026,109266.0,217082.0
CU8888.SHF,8/18/2026,107620.0,231125.0
CU8888.SHF,8/19/2026,106456.0,214757.0
CU8888.SHF,8/20/2026,106759.0,151674.0
CU8888.SHF,8/21/2026,107386.0,169518.0
CU8888.SHF,8/24/2026,107779.0,194690.0
CU8888.SHF,8/25/2026,107856.0,192527.0
CU8888.SHF,8/26/2026,108621.0,244558.0
CU8888.SHF,8/27/2026,108172.0,161720.0
CU8888.SHF,8/28/2026,108697.0,143021.0
CUZL1.SHF,6/22/2026,104890.0,52280.0
CUZL1.SHF,6/23/2026,103580.0,74840.0
CUZL1.SHF,6/24/2026,103550.0,97561.0
CUZL1.SHF,6/25/2026,101220.0,160226.0
CUZL1.SHF,6/26/2026,101560.0,119672.0
CUZL1.SHF,6/29/2026,103160.0,105473.0
CUZL1.SHF,6/30/2026,103290.0,88240.0
CUZL1.SHF,7/1/2026,101920.0,84616.0
CUZL1.SHF,7/2/2026,101950.0,88329.0
CUZL1.SHF,7/3/2026,102980.0,80011.0
CUZL1.SHF,7/6/2026,102960.0,60586.0
CUZL1.SHF,7/7/2026,102970.0,58519.0
CUZL1.SHF,7/8/2026,102850.0,67529.0
CUZL1.SHF,7/9/2026,103160.0,90906.0
CUZL1.SHF,7/10/2026,103710.0,82908.0
CUZL1.SHF,7/13/2026,103100.0,69346.0
CUZL1.SHF,7/14/2026,104390.0,91035.0
CUZL1.SHF,7/15/2026,104220.0,77726.0
CUZL1.SHF,7/16/2026,104440.0,54433.0
CUZL1.SHF,7/17/2026,103370.0,69929.0
CUZL1.SHF,7/20/2026,103790.0,79025.0
CUZL1.SHF,7/21/2026,105460.0,109881.0
CUZL1.SHF,7/22/2026,105820.0,120893.0
CUZL1.SHF,7/23/2026,105890.0,66804.0
CUZL1.SHF,7/24/2026,104750.0,109798.0
CUZL1.SHF,7/27/2026,105050.0,76057.0
CUZL1.SHF,7/28/2026,104810.0,81835.0
CUZL1.SHF,7/29/2026,104890.0,62091.0
CUZL1.SHF,7/30/2026,104690.0,89003.0
CUZL1.SHF,7/31/2026,105460.0,85907.0
CUZL1.SHF,8/3/2026,106120.0,82699.0
CUZL1.SHF,8/4/2026,106650.0,79450.0
CUZL1.SHF,8/5/2026,107340.0,99814.0
CUZL1.SHF,8/6/2026,107330.0,100106.0
CUZL1.SHF,8/7/2026,108400.0,113481.0
CUZL1.SHF,8/10/2026,107850.0,96220.0
CUZL1.SHF,8/11/2026,107950.0,87926.0
CUZL1.SHF,8/12/2026,108390.0,67201.0
CUZL1.SHF,8/13/2026,107410.0,90642.0
CUZL1.SHF,8/14/2026,107690.0,75051.0
CUZL1.SHF,8/17/2026,109540.0,100823.0
CUZL1.SHF,8/18/2026,107930.0,106456.0
CUZL1.SHF,8/19/2026,106850.0,97104.0
CUZL1.SHF,8/20/2026,107200.0,67532.0
CUZL1.SHF,8/21/2026,107750.0,73275.0
CUZL1.SHF,8/24/2026,107910.0,77057.0
CUZL1.SHF,8/25/2026,107980.0,78507.0
CUZL1.SHF,8/26/2026,108750.0,127341.0
CUZL1.SHF,8/27/2026,108300.0,83805.0
CUZL1.SHF,8/28/2026,108900.0,73402.0
CUZL2.SHF,6/22/2026,105000.0,43535.0
CUZL2.SHF,6/23/2026,103580.0,74840.0
CUZL2.SHF,6/24/2026,103550.0,97561.0
CUZL2.SHF,6/25/2026,101220.0,160226.0
CUZL2.SHF,6/26/2026,101560.0,119672.0
CUZL2.SHF,6/29/2026,103160.0,105473.0
CUZL2.SHF,6/30/2026,103290.0,88240.0
CUZL2.SHF,7/1/2026,101920.0,84616.0
CUZL2.SHF,7/2/2026,101950.0,88329.0
CUZL2.SHF,7/3/2026,102980.0,80011.0
CUZL2.SHF,7/6/2026,102960.0,60586.0
CUZL2.SHF,7/7/2026,102970.0,58519.0
CUZL2.SHF,7/8/2026,102850.0,67529.0
CUZL2.SHF,7/9/2026,103160.0,90906.0
CUZL2.SHF,7/10/2026,103710.0,60056.0
CUZL2.SHF,7/13/2026,103060.0,52760.0
CUZL2.SHF,7/14/2026,104340.0,74063.0
CUZL2.SHF,7/15/2026,104140.0,72344.0
CUZL2.SHF,7/16/2026,104350.0,49016.0
CUZL2.SHF,7/17/2026,103370.0,69929.0
CUZL2.SHF,7/20/2026,103790.0,79025.0
CUZL2.SHF,7/21/2026,105460.0,109881.0
CUZL2.SHF,7/22/2026,105820.0,120893.0
CUZL2.SHF,7/23/2026,105890.0,66804.0
CUZL2.SHF,7/24/2026,104750.0,109798.0
CUZL2.SHF,7/27/2026,105050.0,76057.0
CUZL2.SHF,7/28/2026,104810.0,81835.0
CUZL2.SHF,7/29/2026,104890.0,62091.0
CUZL2.SHF,7/30/2026,104690.0,89003.0
CUZL2.SHF,7/31/2026,105460.0,85907.0
CUZL2.SHF,8/3/2026,106120.0,82699.0
CUZL2.SHF,8/4/2026,106650.0,79450.0
CUZL2.SHF,8/5/2026,107340.0,99814.0
CUZL2.SHF,8/6/2026,107330.0,100106.0
CUZL2.SHF,8/7/2026,108400.0,113481.0
CUZL2.SHF,8/10/2026,107850.0,96220.0
CUZL2.SHF,8/11/2026,107950.0,87926.0
CUZL2.SHF,8/12/2026,108390.0,67201.0
CUZL2.SHF,8/13/2026,107410.0,90642.0
CUZL2.SHF,8/14/2026,107690.0,75051.0
CUZL2.SHF,8/17/2026,109540.0,100823.0
CUZL2.SHF,8/18/2026,107930.0,106456.0
CUZL2.SHF,8/19/2026,106850.0,97104.0
CUZL2.SHF,8/20/2026,106860.0,55760.0
CUZL2.SHF,8/21/2026,107520.0,66412.0
CUZL2.SHF,8/24/2026,107910.0,77057.0
CUZL2.SHF,8/25/2026,107980.0,78507.0
CUZL2.SHF,8/26/2026,108750.0,127341.0
CUZL2.SHF,8/27/2026,108300.0,83805.0
CUZL2.SHF,8/28/2026,108900.0,73402.0
CUZL.SHF,6/22/2026,104890.0,52280.0
CUZL.SHF,6/23/2026,103580.0,72857.0
CUZL.SHF,6/24/2026,103550.0,97561.0
CUZL.SHF,6/25/2026,101220.0,160226.0
CUZL.SHF,6/26/2026,101560.0,119672.0
CUZL.SHF,6/29/2026,103160.0,105473.0
CUZL.SHF,6/30/2026,103290.0,88240.0
CUZL.SHF,7/1/2026,101920.0,84616.0
CUZL.SHF,7/2/2026,101950.0,88329.0
CUZL.SHF,7/3/2026,102980.0,80011.0
CUZL.SHF,7/6/2026,102960.0,60586.0
CUZL.SHF,7/7/2026,102970.0,58519.0
CUZL.SHF,7/8/2026,102850.0,67529.0
CUZL.SHF,7/9/2026,103160.0,90906.0
CUZL.SHF,7/10/2026,103710.0,82908.0
CUZL.SHF,7/13/2026,103100.0,69346.0
CUZL.SHF,7/14/2026,104390.0,91035.0
CUZL.SHF,7/15/2026,104220.0,77726.0
CUZL.SHF,7/16/2026,104440.0,54433.0
CUZL.SHF,7/17/2026,103550.0,63668.0
CUZL.SHF,7/20/2026,103790.0,79025.0
CUZL.SHF,7/21/2026,105460.0,109881.0
CUZL.SHF,7/22/2026,105820.0,120893.0
CUZL.SHF,7/23/2026,105890.0,66804.0
CUZL.SHF,7/24/2026,104750.0,109798.0
CUZL.SHF,7/27/2026,105050.0,76057.0
CUZL.SHF,7/28/2026,104810.0,81835.0
CUZL.SHF,7/29/2026,104890.0,62091.0
CUZL.SHF,7/30/2026,104690.0,89003.0
CUZL.SHF,7/31/2026,105460.0,85907.0
CUZL.SHF,8/3/2026,106120.0,82699.0
CUZL.SHF,8/4/2026,106650.0,79450.0
CUZL.SHF,8/5/2026,107340.0,99814.0
CUZL.SHF,8/6/2026,107330.0,100106.0
CUZL.SHF,8/7/2026,108400.0,113481.0
CUZL.SHF,8/10/2026,107850.0,96220.0
CUZL.SHF,8/11/2026,107950.0,87926.0
CUZL.SHF,8/12/2026,108390.0,67201.0
CUZL.SHF,8/13/2026,107410.0,90642.0
CUZL.SHF,8/14/2026,107690.0,75051.0
CUZL.SHF,8/17/2026,109540.0,100823.0
CUZL.SHF,8/18/2026,107930.0,106456.0
CUZL.SHF,8/19/2026,106850.0,97104.0
CUZL.SHF,8/20/2026,107200.0,67532.0
CUZL.SHF,8/21/2026,107750.0,73275.0
CUZL.SHF,8/24/2026,108110.0,74677.0
CUZL.SHF,8/25/2026,107980.0,78507.0
CUZL.SHF,8/26/2026,108750.0,127341.0
CUZL.SHF,8/27/2026,108300.0,83805.0
CUZL.SHF,8/28/2026,108900.0,73402.0
I00.DCE,6/22/2026,743.5,4128.0
I00.DCE,6/23/2026,745.0,2860.0
I00.DCE,6/24/2026,749.0,1255.0
I00.DCE,6/25/2026,738.0,1951.0
I00.DCE,6/26/2026,749.5,1215.0
I00.DCE,6/29/2026,747.0,505.0
I00.DCE,6/30/2026,741.0,1250.0
I00.DCE,7/1/2026,728.0,20.0
I00.DCE,7/2/2026,747.0,4.0
I00.DCE,7/3/2026,742.5,0.0
I00.DCE,7/6/2026,741.5,0.0
I00.DCE,7/7/2026,740.0,102.0
I00.DCE,7/8/2026,740.0,0.0
I00.DCE,7/9/2026,740.0,0.0
I00.DCE,7/10/2026,740.0,0.0
I00.DCE,7/13/2026,740.0,0.0
I00.DCE,7/14/2026,739.5,42.0
I00.DCE,7/15/2026,763.0,13164.0
I00.DCE,7/16/2026,759.5,46245.0
I00.DCE,7/17/2026,759.0,11304.0
I00.DCE,7/20/2026,756.5,8813.0
I00.DCE,7/21/2026,747.5,3599.0
I00.DCE,7/22/2026,738.0,1406.0
I00.DCE,7/23/2026,745.5,1326.0
I00.DCE,7/24/2026,742.0,628.0
I00.DCE,7/27/2026,737.5,666.0
I00.DCE,7/28/2026,732.5,659.0
I00.DCE,7/29/2026,726.0,660.0
I00.DCE,7/30/2026,702.0,886.0
I00.DCE,7/31/2026,702.5,359.0
I00.DCE,8/3/2026,700.0,172.0
I00.DCE,8/4/2026,700.0,36.0
I00.DCE,8/5/2026,700.0,0.0
I00.DCE,8/6/2026,700.0,0.0
I00.DCE,8/7/2026,705.0,2.0
I00.DCE,8/10/2026,705.0,0.0
I00.DCE,8/11/2026,705.0,0.0
I00.DCE,8/12/2026,705.0,0.0
I00.DCE,8/13/2026,705.0,0.0
I00.DCE,8/14/2026,699.5,0.0
I00.DCE,8/17/2026,721.5,69149.0
I00.DCE,8/18/2026,728.5,155583.0
I00.DCE,8/19/2026,724.5,76496.0
I00.DCE,8/20/2026,721.5,68048.0
I00.DCE,8/21/2026,719.5,32825.0
I00.DCE,8/24/2026,729.5,55408.0
I00.DCE,8/25/2026,725.5,29389.0
I00.DCE,8/26/2026,735.5,37727.0
I00.DCE,8/27/2026,735.5,26671.0
I00.DCE,8/28/2026,741.0,15591.0
I01.DCE,6/22/2026,743.0,12728.0
I01.DCE,6/23/2026,742.0,15557.0
I01.DCE,6/24/2026,747.0,15484.0
I01.DCE,6/25/2026,739.0,15551.0
I01.DCE,6/26/2026,751.5,18723.0
I01.DCE,6/29/2026,749.0,13577.0
I01.DCE,6/30/2026,750.5,19067.0
I01.DCE,7/1/2026,736.5,18156.0
I01.DCE,7/2/2026,744.0,20848.0
I01.DCE,7/3/2026,738.5,15249.0
I01.DCE,7/6/2026,742.0,10554.0
I01.DCE,7/7/2026,738.0,12978.0
I01.DCE,7/8/2026,750.0,23468.0
I01.DCE,7/9/2026,750.5,20516.0
I01.DCE,7/10/2026,754.5,16087.0
I01.DCE,7/13/2026,748.5,16177.0
I01.DCE,7/14/2026,761.5,12263.0
I01.DCE,7/15/2026,762.0,197971.0
I01.DCE,7/16/2026,759.5,168059.0
I01.DCE,7/17/2026,762.0,173672.0
I01.DCE,7/20/2026,758.0,212739.0
I01.DCE,7/21/2026,749.0,262230.0
I01.DCE,7/22/2026,739.5,209611.0
I01.DCE,7/23/2026,747.5,232917.0
I01.DCE,7/24/2026,746.0,154957.0
I01.DCE,7/27/2026,741.0,156270.0
I01.DCE,7/28/2026,741.0,166136.0
I01.DCE,7/29/2026,739.0,202401.0
I01.DCE,7/30/2026,715.0,355918.0
I01.DCE,7/31/2026,716.0,283514.0
I01.DCE,8/3/2026,698.0,331434.0
I01.DCE,8/4/2026,699.5,242803.0
I01.DCE,8/5/2026,706.0,227629.0
I01.DCE,8/6/2026,719.0,304348.0
I01.DCE,8/7/2026,716.5,204880.0
I01.DCE,8/10/2026,713.5,200577.0
I01.DCE,8/11/2026,721.5,239629.0
I01.DCE,8/12/2026,720.5,136341.0
I01.DCE,8/13/2026,721.5,128010.0
I01.DCE,8/14/2026,724.5,97937.0
I01.DCE,8/17/2026,717.5,11865.0
I01.DCE,8/18/2026,724.5,21865.0
I01.DCE,8/19/2026,721.5,21817.0
I01.DCE,8/20/2026,718.0,30754.0
I01.DCE,8/21/2026,717.0,17358.0
I01.DCE,8/24/2026,725.5,26886.0
I01.DCE,8/25/2026,722.5,22854.0
I01.DCE,8/26/2026,730.5,25515.0
I01.DCE,8/27/2026,728.0,19020.0
I01.DCE,8/28/2026,735.5,19143.0
I02.DCE,6/22/2026,739.5,191787.0
I02.DCE,6/23/2026,738.5,209722.0
I02.DCE,6/24/2026,744.0,233032.0
I02.DCE,6/25/2026,735.0,245490.0
I02.DCE,6/26/2026,748.0,348398.0
I02.DCE,6/29/2026,746.0,220870.0
I02.DCE,6/30/2026,747.0,193605.0
I02.DCE,7/1/2026,733.0,289491.0
I02.DCE,7/2/2026,740.0,454959.0
I02.DCE,7/3/2026,734.0,263244.0
I02.DCE,7/6/2026,738.0,187850.0
I02.DCE,7/7/2026,735.5,181197.0
I02.DCE,7/8/2026,746.0,269821.0
I02.DCE,7/9/2026,745.5,181218.0
I02.DCE,7/10/2026,751.5,217730.0
I02.DCE,7/13/2026,744.5,208652.0
I02.DCE,7/14/2026,760.5,280545.0
I02.DCE,7/15/2026,759.0,10856.0
I02.DCE,7/16/2026,757.0,3895.0
I02.DCE,7/17/2026,759.5,5435.0
I02.DCE,7/20/2026,756.0,7263.0
I02.DCE,7/21/2026,747.0,7476.0
I02.DCE,7/22/2026,737.0,9598.0
I02.DCE,7/23/2026,744.5,12585.0
I02.DCE,7/24/2026,743.5,6503.0
I02.DCE,7/27/2026,738.5,8812.0
I02.DCE,7/28/2026,738.5,10328.0
I02.DCE,7/29/2026,737.5,10694.0
I02.DCE,7/30/2026,718.5,29298.0
I02.DCE,7/31/2026,717.0,19140.0
I02.DCE,8/3/2026,699.5,25654.0
I02.DCE,8/4/2026,700.5,17353.0
I02.DCE,8/5/2026,707.0,17340.0
I02.DCE,8/6/2026,717.0,24961.0
I02.DCE,8/7/2026,713.5,20597.0
I02.DCE,8/10/2026,712.0,19010.0
I02.DCE,8/11/2026,717.0,21864.0
I02.DCE,8/12/2026,714.5,15066.0
I02.DCE,8/13/2026,716.0,14948.0
I02.DCE,8/14/2026,720.0,14256.0
I02.DCE,8/17/2026,713.5,7883.0
I02.DCE,8/18/2026,721.0,12421.0
I02.DCE,8/19/2026,719.0,10493.0
I02.DCE,8/20/2026,714.0,20581.0
I02.DCE,8/21/2026,712.5,8211.0
I02.DCE,8/24/2026,722.0,13773.0
I02.DCE,8/25/2026,720.0,9925.0
I02.DCE,8/26/2026,727.0,10650.0
I02.DCE,8/27/2026,724.0,8921.0
I02.DCE,8/28/2026,731.5,9374.0
I03.DCE,6/22/2026,737.0,6912.0
I03.DCE,6/23/2026,736.0,3512.0
I03.DCE,6/24/2026,741.0,10750.0
I03.DCE,6/25/2026,733.5,9775.0
I03.DCE,6/26/2026,744.0,13201.0
I03.DCE,6/29/2026,743.5,10263.0
I03.DCE,6/30/2026,745.0,13629.0
I03.DCE,7/1/2026,730.5,9558.0
I03.DCE,7/2/2026,737.0,15894.0
I03.DCE,7/3/2026,731.5,8418.0
I03.DCE,7/6/2026,735.5,13012.0
I03.DCE,7/7/2026,732.5,10410.0
I03.DCE,7/8/2026,744.5,14220.0
I03.DCE,7/9/2026,741.5,10699.0
I03.DCE,7/10/2026,747.0,13606.0
I03.DCE,7/13/2026,741.0,13950.0
I03.DCE,7/14/2026,757.0,8169.0
I03.DCE,7/15/2026,754.5,7534.0
I03.DCE,7/16/2026,753.5,3364.0
I03.DCE,7/17/2026,756.0,2932.0
I03.DCE,7/20/2026,752.5,3651.0
I03.DCE,7/21/2026,744.5,5892.0
I03.DCE,7/22/2026,734.5,7949.0
I03.DCE,7/23/2026,740.5,8314.0
I03.DCE,7/24/2026,740.0,4791.0
I03.DCE,7/27/2026,736.0,5528.0
I03.DCE,7/28/2026,735.5,7412.0
I03.DCE,7/29/2026,735.5,8819.0
I03.DCE,7/30/2026,715.5,15196.0
I03.DCE,7/31/2026,715.0,12051.0
I03.DCE,8/3/2026,698.0,23340.0
I03.DCE,8/4/2026,699.5,13164.0
I03.DCE,8/5/2026,704.5,13863.0
I03.DCE,8/6/2026,715.0,15175.0
I03.DCE,8/7/2026,709.5,14766.0
I03.DCE,8/10/2026,707.5,14394.0
I03.DCE,8/11/2026,713.5,17962.0
I03.DCE,8/12/2026,711.0,10319.0
I03.DCE,8/13/2026,711.5,10857.0
I03.DCE,8/14/2026,717.0,11742.0
I03.DCE,8/17/2026,710.5,3938.0
I03.DCE,8/18/2026,717.0,5374.0
I03.DCE,8/19/2026,715.5,4953.0
I03.DCE,8/20/2026,710.0,9925.0
I03.DCE,8/21/2026,710.0,3383.0
I03.DCE,8/24/2026,719.5,9675.0
I03.DCE,8/25/2026,716.5,8359.0
I03.DCE,8/26/2026,724.0,5327.0
I03.DCE,8/27/2026,720.0,6992.0
I03.DCE,8/28/2026,728.0,4967.0
I2607.DCE,6/22/2026,743.5,4128.0
I2607.DCE,6/23/2026,745.0,2860.0
I2607.DCE,6/24/2026,749.0,1255.0
I2607.DCE,6/25/2026,738.0,1951.0
I2607.DCE,6/26/2026,749.5,1215.0
I2607.DCE,6/29/2026,747.0,505.0
I2607.DCE,6/30/2026,741.0,1250.0
I2607.DCE,7/1/2026,728.0,20.0
I2607.DCE,7/2/2026,747.0,4.0
I2607.DCE,7/3/2026,742.5,0.0
I2607.DCE,7/6/2026,741.5,0.0
I2607.DCE,7/7/2026,740.0,102.0
I2607.DCE,7/8/2026,740.0,0.0
I2607.DCE,7/9/2026,740.0,0.0
I2607.DCE,7/10/2026,740.0,0.0
I2607.DCE,7/13/2026,740.0,0.0
I2607.DCE,7/14/2026,739.5,42.0
I2608.DCE,6/22/2026,743.0,12728.0
I2608.DCE,6/23/2026,742.0,15557.0
I2608.DCE,6/24/2026,747.0,15484.0
I2608.DCE,6/25/2026,739.0,15551.0
I2608.DCE,6/26/2026,751.5,18723.0
I2608.DCE,6/29/2026,749.0,13577.0
I2608.DCE,6/30/2026,750.5,19067.0
I2608.DCE,7/1/2026,736.5,18156.0
I2608.DCE,7/2/2026,744.0,20848.0
I2608.DCE,7/3/2026,738.5,15249.0
I2608.DCE,7/6/2026,742.0,10554.0
I2608.DCE,7/7/2026,738.0,12978.0
I2608.DCE,7/8/2026,750.0,23468.0
I2608.DCE,7/9/2026,750.5,20516.0
I2608.DCE,7/10/2026,754.5,16087.0
I2608.DCE,7/13/2026,748.5,16177.0
I2608.DCE,7/14/2026,761.5,12263.0
I2608.DCE,7/15/2026,763.0,13164.0
I2608.DCE,7/16/2026,759.5,46245.0
I2608.DCE,7/17/2026,759.0,11304.0
I2608.DCE,7/20/2026,756.5,8813.0
I2608.DCE,7/21/2026,747.5,3599.0
I2608.DCE,7/22/2026,738.0,1406.0
I2608.DCE,7/23/2026,745.5,1326.0
I2608.DCE,7/24/2026,742.0,628.0
I2608.DCE,7/27/2026,737.5,666.0
I2608.DCE,7/28/2026,732.5,659.0
I2608.DCE,7/29/2026,726.0,660.0
I2608.DCE,7/30/2026,702.0,886.0
I2608.DCE,7/31/2026,702.5,359.0
I2608.DCE,8/3/2026,700.0,172.0
I2608.DCE,8/4/2026,700.0,36.0
I2608.DCE,8/5/2026,700.0,0.0
I2608.DCE,8/6/2026,700.0,0.0
I2608.DCE,8/7/2026,705.0,2.0
I2608.DCE,8/10/2026,705.0,0.0
I2608.DCE,8/11/2026,705.0,0.0
I2608.DCE,8/12/2026,705.0,0.0
I2608.DCE,8/13/2026,705.0,0.0
I2608.DCE,8/14/2026,699.5,0.0
I2609.DCE,6/22/2026,739.5,191787.0
I2609.DCE,6/23/2026,738.5,209722.0
I2609.DCE,6/24/2026,744.0,233032.0
I2609.DCE,6/25/2026,735.0,245490.0
I2609.DCE,6/26/2026,748.0,348398.0
I2609.DCE,6/29/2026,746.0,220870.0
I2609.DCE,6/30/2026,747.0,193605.0
I2609.DCE,7/1/2026,733.0,289491.0
I2609.DCE,7/2/2026,740.0,454959.0
I2609.DCE,7/3/2026,734.0,263244.0
I2609.DCE,7/6/2026,738.0,187850.0
I2609.DCE,7/7/2026,735.5,181197.0
I2609.DCE,7/8/2026,746.0,269821.0
I2609.DCE,7/9/2026,745.5,181218.0
I2609.DCE,7/10/2026,751.5,217730.0
I2609.DCE,7/13/2026,744.5,208652.0
I2609.DCE,7/14/2026,760.5,280545.0
I2609.DCE,7/15/2026,762.0,197971.0
I2609.DCE,7/16/2026,759.5,168059.0
I2609.DCE,7/17/2026,762.0,173672.0
I2609.DCE,7/20/2026,758.0,212739.0
I2609.DCE,7/21/2026,749.0,262230.0
I2609.DCE,7/22/2026,739.5,209611.0
I2609.DCE,7/23/2026,747.5,232917.0
I2609.DCE,7/24/2026,746.0,154957.0
I2609.DCE,7/27/2026,741.0,156270.0
I2609.DCE,7/28/2026,741.0,166136.0
I2609.DCE,7/29/2026,739.0,202401.0
I2609.DCE,7/30/2026,715.0,355918.0
I2609.DCE,7/31/2026,716.0,283514.0
I2609.DCE,8/3/2026,698.0,331434.0
I2609.DCE,8/4/2026,699.5,242803.0
I2609.DCE,8/5/2026,706.0,227629.0
I2609.DCE,8/6/2026,719.0,304348.0
I2609.DCE,8/7/2026,716.5,204880.0
I2609.DCE,8/10/2026,713.5,200577.0
I2609.DCE,8/11/2026,721.5,239629.0
I2609.DCE,8/12/2026,720.5,136341.0
I2609.DCE,8/13/2026,721.5,128010.0
I2609.DCE,8/14/2026,724.5,97937.0
I2609.DCE,8/17/2026,721.5,69149.0
I2609.DCE,8/18/2026,728.5,155583.0
I2609.DCE,8/19/2026,724.5,76496.0
I2609.DCE,8/20/2026,721.5,68048.0
I2609.DCE,8/21/2026,719.5,32825.0
I2609.DCE,8/24/2026,729.5,55408.0
I2609.DCE,8/25/2026,725.5,29389.0
I2609.DCE,8/26/2026,735.5,37727.0
I2609.DCE,8/27/2026,735.5,26671.0
I2609.DCE,8/28/2026,741.0,15591.0
I2610.DCE,6/22/2026,737.0,6912.0
I2610.DCE,6/23/2026,736.0,3512.0
I2610.DCE,6/24/2026,741.0,10750.0
I2610.DCE,6/25/2026,733.5,9775.0
I2610.DCE,6/26/2026,744.0,13201.0
I2610.DCE,6/29/2026,743.5,10263.0
I2610.DCE,6/30/2026,745.0,13629.0
I2610.DCE,7/1/2026,730.5,9558.0
I2610.DCE,7/2/2026,737.0,15894.0
I2610.DCE,7/3/2026,731.5,8418.0
I2610.DCE,7/6/2026,735.5,13012.0
I2610.DCE,7/7/2026,732.5,10410.0
I2610.DCE,7/8/2026,744.5,14220.0
I2610.DCE,7/9/2026,741.5,10699.0
I2610.DCE,7/10/2026,747.0,13606.0
I2610.DCE,7/13/2026,741.0,13950.0
I2610.DCE,7/14/2026,757.0,8169.0
I2610.DCE,7/15/2026,759.0,10856.0
I2610.DCE,7/16/2026,757.0,3895.0
I2610.DCE,7/17/2026,759.5,5435.0
I2610.DCE,7/20/2026,756.0,7263.0
I2610.DCE,7/21/2026,747.0,7476.0
I2610.DCE,7/22/2026,737.0,9598.0
I2610.DCE,7/23/2026,744.5,12585.0
I2610.DCE,7/24/2026,743.5,6503.0
I2610.DCE,7/27/2026,738.5,8812.0
I2610.DCE,7/28/2026,738.5,10328.0
I2610.DCE,7/29/2026,737.5,10694.0
I2610.DCE,7/30/2026,718.5,29298.0
I2610.DCE,7/31/2026,717.0,19140.0
I2610.DCE,8/3/2026,699.5,25654.0
I2610.DCE,8/4/2026,700.5,17353.0
I2610.DCE,8/5/2026,707.0,17340.0
I2610.DCE,8/6/2026,717.0,24961.0
I2610.DCE,8/7/2026,713.5,20597.0
I2610.DCE,8/10/2026,712.0,19010.0
I2610.DCE,8/11/2026,717.0,21864.0
I2610.DCE,8/12/2026,714.5,15066.0
I2610.DCE,8/13/2026,716.0,14948.0
I2610.DCE,8/14/2026,720.0,14256.0
I2610.DCE,8/17/2026,717.5,11865.0
I2610.DCE,8/18/2026,724.5,21865.0
I2610.DCE,8/19/2026,721.5,21817.0
I2610.DCE,8/20/2026,718.0,30754.0
I2610.DCE,8/21/2026,717.0,17358.0
I2610.DCE,8/24/2026,725.5,26886.0
I2610.DCE,8/25/2026,722.5,22854.0
I2610.DCE,8/26/2026,730.5,25515.0
I2610.DCE,8/27/2026,728.0,19020.0
I2610.DCE,8/28/2026,735.5,19143.0
I2611.DCE,6/22/2026,735.0,3368.0
I2611.DCE,6/23/2026,733.5,1752.0
I2611.DCE,6/24/2026,738.5,1576.0
I2611.DCE,6/25/2026,731.5,1992.0
I2611.DCE,6/26/2026,741.0,6246.0
I2611.DCE,6/29/2026,740.0,3828.0
I2611.DCE,6/30/2026,742.0,4552.0
I2611.DCE,7/1/2026,728.5,4535.0
I2611.DCE,7/2/2026,734.5,6367.0
I2611.DCE,7/3/2026,730.5,2431.0
I2611.DCE,7/6/2026,732.0,1081.0
I2611.DCE,7/7/2026,730.5,1499.0
I2611.DCE,7/8/2026,740.5,2594.0
I2611.DCE,7/9/2026,739.0,2601.0
I2611.DCE,7/10/2026,743.5,5701.0
I2611.DCE,7/13/2026,738.5,2903.0
I2611.DCE,7/14/2026,753.5,4050.0
I2611.DCE,7/15/2026,754.5,7534.0
I2611.DCE,7/16/2026,753.5,3364.0
I2611.DCE,7/17/2026,756.0,2932.0
I2611.DCE,7/20/2026,752.5,3651.0
I2611.DCE,7/21/2026,744.5,5892.0
I2611.DCE,7/22/2026,734.5,7949.0
I2611.DCE,7/23/2026,740.5,8314.0
I2611.DCE,7/24/2026,740.0,4791.0
I2611.DCE,7/27/2026,736.0,5528.0
I2611.DCE,7/28/2026,735.5,7412.0
I2611.DCE,7/29/2026,735.5,8819.0
I2611.DCE,7/30/2026,715.5,15196.0
I2611.DCE,7/31/2026,715.0,12051.0
I2611.DCE,8/3/2026,698.0,23340.0
I2611.DCE,8/4/2026,699.5,13164.0
I2611.DCE,8/5/2026,704.5,13863.0
I2611.DCE,8/6/2026,715.0,15175.0
I2611.DCE,8/7/2026,709.5,14766.0
I2611.DCE,8/10/2026,707.5,14394.0
I2611.DCE,8/11/2026,713.5,17962.0
I2611.DCE,8/12/2026,711.0,10319.0
I2611.DCE,8/13/2026,711.5,10857.0
I2611.DCE,8/14/2026,717.0,11742.0
I2611.DCE,8/17/2026,713.5,7883.0
I2611.DCE,8/18/2026,721.0,12421.0
I2611.DCE,8/19/2026,719.0,10493.0
I2611.DCE,8/20/2026,714.0,20581.0
I2611.DCE,8/21/2026,712.5,8211.0
I2611.DCE,8/24/2026,722.0,13773.0
I2611.DCE,8/25/2026,720.0,9925.0
I2611.DCE,8/26/2026,727.0,10650.0
I2611.DCE,8/27/2026,724.0,8921.0
I2611.DCE,8/28/2026,731.5,9374.0
I2612.DCE,6/22/2026,733.0,2030.0
I2612.DCE,6/23/2026,732.0,1141.0
I2612.DCE,6/24/2026,736.0,2153.0
I2612.DCE,6/25/2026,730.0,3322.0
I2612.DCE,6/26/2026,738.5,4050.0
I2612.DCE,6/29/2026,738.0,2543.0
I2612.DCE,6/30/2026,740.0,4165.0
I2612.DCE,7/1/2026,726.0,4802.0
I2612.DCE,7/2/2026,731.5,5734.0
I2612.DCE,7/3/2026,728.0,1444.0
I2612.DCE,7/6/2026,729.5,758.0
I2612.DCE,7/7/2026,728.0,694.0
I2612.DCE,7/8/2026,738.0,1616.0
I2612.DCE,7/9/2026,736.5,1115.0
I2612.DCE,7/10/2026,741.0,1570.0
I2612.DCE,7/13/2026,736.0,1720.0
I2612.DCE,7/14/2026,750.0,2127.0
I2612.DCE,7/15/2026,751.0,5094.0
I2612.DCE,7/16/2026,750.0,2359.0
I2612.DCE,7/17/2026,753.0,4187.0
I2612.DCE,7/20/2026,748.5,3973.0
I2612.DCE,7/21/2026,741.5,4346.0
I2612.DCE,7/22/2026,732.0,5710.0
I2612.DCE,7/23/2026,738.5,4122.0
I2612.DCE,7/24/2026,738.0,2074.0
I2612.DCE,7/27/2026,734.0,3581.0
I2612.DCE,7/28/2026,734.0,4641.0
I2612.DCE,7/29/2026,734.0,4037.0
I2612.DCE,7/30/2026,712.5,8512.0
I2612.DCE,7/31/2026,711.5,7000.0
I2612.DCE,8/3/2026,696.0,12432.0
I2612.DCE,8/4/2026,696.0,10061.0
I2612.DCE,8/5/2026,701.5,8851.0
I2612.DCE,8/6/2026,712.5,12120.0
I2612.DCE,8/7/2026,706.5,9023.0
I2612.DCE,8/10/2026,705.0,7109.0
I2612.DCE,8/11/2026,711.0,12506.0
I2612.DCE,8/12/2026,708.0,7726.0
I2612.DCE,8/13/2026,708.0,4963.0
I2612.DCE,8/14/2026,714.0,4966.0
I2612.DCE,8/17/2026,710.5,3938.0
I2612.DCE,8/18/2026,717.0,5374.0
I2612.DCE,8/19/2026,715.5,4953.0
I2612.DCE,8/20/2026,710.0,9925.0
I2612.DCE,8/21/2026,710.0,3383.0
I2612.DCE,8/24/2026,719.5,9675.0
I2612.DCE,8/25/2026,716.5,8359.0
I2612.DCE,8/26/2026,724.0,5327.0
I2612.DCE,8/27/2026,720.0,6992.0
I2612.DCE,8/28/2026,728.0,4967.0
I2701.DCE,6/22/2026,730.0,26284.0
I2701.DCE,6/23/2026,728.0,30003.0
I2701.DCE,6/24/2026,733.0,29304.0
I2701.DCE,6/25/2026,725.5,28917.0
I2701.DCE,6/26/2026,735.5,50351.0
I2701.DCE,6/29/2026,734.5,28472.0
I2701.DCE,6/30/2026,736.5,26147.0
I2701.DCE,7/1/2026,723.0,46743.0
I2701.DCE,7/2/2026,728.0,84827.0
I2701.DCE,7/3/2026,724.0,37252.0
I2701.DCE,7/6/2026,726.5,25771.0
I2701.DCE,7/7/2026,724.5,27101.0
I2701.DCE,7/8/2026,733.5,47201.0
I2701.DCE,7/9/2026,733.5,24719.0
I2701.DCE,7/10/2026,738.0,29277.0
I2701.DCE,7/13/2026,732.0,33139.0
I2701.DCE,7/14/2026,747.0,45303.0
I2701.DCE,7/15/2026,748.0,35389.0
I2701.DCE,7/16/2026,747.0,31900.0
I2701.DCE,7/17/2026,749.0,35609.0
I2701.DCE,7/20/2026,745.5,37807.0
I2701.DCE,7/21/2026,738.0,57510.0
I2701.DCE,7/22/2026,729.5,52493.0
I2701.DCE,7/23/2026,735.5,50467.0
I2701.DCE,7/24/2026,734.5,36942.0
I2701.DCE,7/27/2026,729.5,42753.0
I2701.DCE,7/28/2026,730.0,52255.0
I2701.DCE,7/29/2026,730.0,50313.0
I2701.DCE,7/30/2026,709.5,139621.0
I2701.DCE,7/31/2026,707.5,108516.0
I2701.DCE,8/3/2026,692.0,154140.0
I2701.DCE,8/4/2026,692.0,116955.0
I2701.DCE,8/5/2026,696.0,120417.0
I2701.DCE,8/6/2026,707.0,167735.0
I2701.DCE,8/7/2026,703.0,126235.0
I2701.DCE,8/10/2026,701.5,146818.0
I2701.DCE,8/11/2026,707.5,208885.0
I2701.DCE,8/12/2026,705.5,143061.0
I2701.DCE,8/13/2026,705.0,207232.0
I2701.DCE,8/14/2026,710.5,242135.0
I2701.DCE,8/17/2026,706.5,201863.0
I2701.DCE,8/18/2026,714.0,390414.0
I2701.DCE,8/19/2026,712.0,284551.0
I2701.DCE,8/20/2026,707.0,349652.0
I2701.DCE,8/21/2026,707.5,202518.0
I2701.DCE,8/24/2026,716.0,300058.0
I2701.DCE,8/25/2026,713.5,233317.0
I2701.DCE,8/26/2026,720.0,238458.0
I2701.DCE,8/27/2026,716.5,227347.0
I2701.DCE,8/28/2026,723.0,232135.0
I2702.DCE,6/22/2026,728.0,759.0
I2702.DCE,6/23/2026,726.0,665.0
I2702.DCE,6/24/2026,731.0,1199.0
I2702.DCE,6/25/2026,724.5,1012.0
I2702.DCE,6/26/2026,734.0,1025.0
I2702.DCE,6/29/2026,732.5,729.0
I2702.DCE,6/30/2026,735.5,2172.0
I2702.DCE,7/1/2026,722.5,1141.0
I2702.DCE,7/2/2026,726.5,1524.0
I2702.DCE,7/3/2026,724.0,3202.0
I2702.DCE,7/6/2026,726.0,1223.0
I2702.DCE,7/7/2026,723.5,501.0
I2702.DCE,7/8/2026,732.5,888.0
I2702.DCE,7/9/2026,733.0,841.0
I2702.DCE,7/10/2026,737.5,312.0
I2702.DCE,7/13/2026,731.5,756.0
I2702.DCE,7/14/2026,746.0,1504.0
I2702.DCE,7/15/2026,746.5,857.0
I2702.DCE,7/16/2026,746.0,1024.0
I2702.DCE,7/17/2026,747.0,3145.0
I2702.DCE,7/20/2026,743.5,2236.0
I2702.DCE,7/21/2026,736.5,859.0
I2702.DCE,7/22/2026,728.5,1033.0
I2702.DCE,7/23/2026,733.5,1161.0
I2702.DCE,7/24/2026,733.5,1089.0
I2702.DCE,7/27/2026,728.5,515.0
I2702.DCE,7/28/2026,728.5,421.0
I2702.DCE,7/29/2026,729.0,644.0
I2702.DCE,7/30/2026,710.0,3090.0
I2702.DCE,7/31/2026,707.0,1675.0
I2702.DCE,8/3/2026,690.5,3081.0
I2702.DCE,8/4/2026,689.5,962.0
I2702.DCE,8/5/2026,695.5,1976.0
I2702.DCE,8/6/2026,706.5,3059.0
I2702.DCE,8/7/2026,703.0,2619.0
I2702.DCE,8/10/2026,700.5,2476.0
I2702.DCE,8/11/2026,706.5,3141.0
I2702.DCE,8/12/2026,703.5,1534.0
I2702.DCE,8/13/2026,704.5,2621.0
I2702.DCE,8/14/2026,708.0,4882.0
I2702.DCE,8/17/2026,704.0,1667.0
I2702.DCE,8/18/2026,710.0,5958.0
I2702.DCE,8/19/2026,708.0,2810.0
I2702.DCE,8/20/2026,704.0,6393.0
I2702.DCE,8/21/2026,704.0,1724.0
I2702.DCE,8/24/2026,712.5,3205.0
I2702.DCE,8/25/2026,710.0,5181.0
I2702.DCE,8/26/2026,717.5,1572.0
I2702.DCE,8/27/2026,713.5,4617.0
I2702.DCE,8/28/2026,720.5,2724.0
I2703.DCE,6/22/2026,726.5,976.0
I2703.DCE,6/23/2026,725.0,1289.0
I2703.DCE,6/24/2026,729.5,573.0
I2703.DCE,6/25/2026,723.5,924.0
I2703.DCE,6/26/2026,732.5,1521.0
I2703.DCE,6/29/2026,731.5,902.0
I2703.DCE,6/30/2026,734.0,868.0
I2703.DCE,7/1/2026,721.5,1773.0
I2703.DCE,7/2/2026,725.0,1981.0
I2703.DCE,7/3/2026,723.5,2318.0
I2703.DCE,7/6/2026,725.5,1596.0
I2703.DCE,7/7/2026,723.0,962.0
I2703.DCE,7/8/2026,731.5,945.0
I2703.DCE,7/9/2026,732.0,778.0
I2703.DCE,7/10/2026,735.5,569.0
I2703.DCE,7/13/2026,729.5,966.0
I2703.DCE,7/14/2026,744.5,2402.0
I2703.DCE,7/15/2026,745.5,1614.0
I2703.DCE,7/16/2026,744.0,1322.0
I2703.DCE,7/17/2026,746.0,1462.0
I2703.DCE,7/20/2026,742.0,1945.0
I2703.DCE,7/21/2026,735.0,1412.0
I2703.DCE,7/22/2026,726.5,1498.0
I2703.DCE,7/23/2026,732.0,1550.0
I2703.DCE,7/24/2026,731.5,882.0
I2703.DCE,7/27/2026,727.0,1200.0
I2703.DCE,7/28/2026,726.5,667.0
I2703.DCE,7/29/2026,727.5,485.0
I2703.DCE,7/30/2026,707.5,5451.0
I2703.DCE,7/31/2026,705.5,2602.0
I2703.DCE,8/3/2026,689.5,7823.0
I2703.DCE,8/4/2026,688.5,3446.0
I2703.DCE,8/5/2026,694.0,2014.0
I2703.DCE,8/6/2026,705.0,4891.0
I2703.DCE,8/7/2026,701.0,3556.0
I2703.DCE,8/10/2026,698.5,3446.0
I2703.DCE,8/11/2026,704.0,5566.0
I2703.DCE,8/12/2026,700.5,2787.0
I2703.DCE,8/13/2026,700.5,2767.0
I2703.DCE,8/14/2026,705.0,7105.0
I2703.DCE,8/17/2026,701.0,3845.0
I2703.DCE,8/18/2026,707.0,6476.0
I2703.DCE,8/19/2026,705.5,2971.0
I2703.DCE,8/20/2026,700.5,5697.0
I2703.DCE,8/21/2026,701.0,2204.0
I2703.DCE,8/24/2026,709.0,4353.0
I2703.DCE,8/25/2026,708.0,6567.0
I2703.DCE,8/26/2026,715.0,2485.0
I2703.DCE,8/27/2026,711.0,4840.0
I2703.DCE,8/28/2026,718.0,2660.0
I2704.DCE,6/22/2026,726.0,2002.0
I2704.DCE,6/23/2026,725.0,1389.0
I2704.DCE,6/24/2026,729.5,1333.0
I2704.DCE,6/25/2026,722.0,668.0
I2704.DCE,6/26/2026,732.5,1550.0
I2704.DCE,6/29/2026,730.5,631.0
I2704.DCE,6/30/2026,733.0,799.0
I2704.DCE,7/1/2026,721.0,1759.0
I2704.DCE,7/2/2026,725.0,2753.0
I2704.DCE,7/3/2026,722.0,2180.0
I2704.DCE,7/6/2026,724.5,622.0
I2704.DCE,7/7/2026,721.5,734.0
I2704.DCE,7/8/2026,730.5,1042.0
I2704.DCE,7/9/2026,730.5,942.0
I2704.DCE,7/10/2026,733.0,871.0
I2704.DCE,7/13/2026,728.5,971.0
I2704.DCE,7/14/2026,742.5,2338.0
I2704.DCE,7/15/2026,744.0,839.0
I2704.DCE,7/16/2026,743.0,1135.0
I2704.DCE,7/17/2026,744.0,665.0
I2704.DCE,7/20/2026,741.5,1308.0
I2704.DCE,7/21/2026,734.0,1652.0
I2704.DCE,7/22/2026,726.5,1112.0
I2704.DCE,7/23/2026,731.5,1776.0
I2704.DCE,7/24/2026,730.5,966.0
I2704.DCE,7/27/2026,726.5,778.0
I2704.DCE,7/28/2026,726.5,466.0
I2704.DCE,7/29/2026,727.0,512.0
I2704.DCE,7/30/2026,708.0,4650.0
I2704.DCE,7/31/2026,706.0,3540.0
I2704.DCE,8/3/2026,690.0,8015.0
I2704.DCE,8/4/2026,688.0,3315.0
I2704.DCE,8/5/2026,693.5,1718.0
I2704.DCE,8/6/2026,703.5,4696.0
I2704.DCE,8/7/2026,699.5,2460.0
I2704.DCE,8/10/2026,697.0,2455.0
I2704.DCE,8/11/2026,701.0,3118.0
I2704.DCE,8/12/2026,698.5,2646.0
I2704.DCE,8/13/2026,698.0,2286.0
I2704.DCE,8/14/2026,703.0,2190.0
I2704.DCE,8/17/2026,699.0,2356.0
I2704.DCE,8/18/2026,706.0,3084.0
I2704.DCE,8/19/2026,703.5,1839.0
I2704.DCE,8/20/2026,698.0,3166.0
I2704.DCE,8/21/2026,698.5,1965.0
I2704.DCE,8/24/2026,706.5,1720.0
I2704.DCE,8/25/2026,706.0,2248.0
I2704.DCE,8/26/2026,711.5,1559.0
I2704.DCE,8/27/2026,708.5,1394.0
I2704.DCE,8/28/2026,714.5,911.0
I2705.DCE,6/22/2026,722.5,7785.0
I2705.DCE,6/23/2026,722.0,9635.0
I2705.DCE,6/24/2026,726.5,7128.0
I2705.DCE,6/25/2026,720.0,4677.0
I2705.DCE,6/26/2026,730.0,7483.0
I2705.DCE,6/29/2026,728.0,2642.0
I2705.DCE,6/30/2026,729.5,3923.0
I2705.DCE,7/1/2026,718.0,6122.0
I2705.DCE,7/2/2026,722.0,8998.0
I2705.DCE,7/3/2026,718.5,4773.0
I2705.DCE,7/6/2026,721.0,2800.0
I2705.DCE,7/7/2026,718.5,2813.0
I2705.DCE,7/8/2026,727.5,4410.0
I2705.DCE,7/9/2026,727.0,2588.0
I2705.DCE,7/10/2026,732.0,2184.0
I2705.DCE,7/13/2026,725.5,3037.0
I2705.DCE,7/14/2026,739.5,4549.0
I2705.DCE,7/15/2026,741.0,2310.0
I2705.DCE,7/16/2026,739.5,3333.0
I2705.DCE,7/17/2026,741.5,3802.0
I2705.DCE,7/20/2026,738.5,2998.0
I2705.DCE,7/21/2026,731.5,3897.0
I2705.DCE,7/22/2026,723.5,5001.0
I2705.DCE,7/23/2026,729.0,5558.0
I2705.DCE,7/24/2026,727.0,2248.0
I2705.DCE,7/27/2026,723.5,3031.0
I2705.DCE,7/28/2026,724.0,2019.0
I2705.DCE,7/29/2026,724.0,3249.0
I2705.DCE,7/30/2026,706.5,13580.0
I2705.DCE,7/31/2026,703.0,11133.0
I2705.DCE,8/3/2026,686.0,21830.0
I2705.DCE,8/4/2026,684.0,15267.0
I2705.DCE,8/5/2026,689.0,9910.0
I2705.DCE,8/6/2026,698.0,13676.0
I2705.DCE,8/7/2026,695.0,7320.0
I2705.DCE,8/10/2026,691.5,8821.0
I2705.DCE,8/11/2026,696.5,14612.0
I2705.DCE,8/12/2026,694.0,7782.0
I2705.DCE,8/13/2026,693.5,7473.0
I2705.DCE,8/14/2026,698.5,11084.0
I2705.DCE,8/17/2026,695.5,15509.0
I2705.DCE,8/18/2026,701.5,21137.0
I2705.DCE,8/19/2026,700.0,14537.0
I2705.DCE,8/20/2026,693.5,21031.0
I2705.DCE,8/21/2026,694.0,11879.0
I2705.DCE,8/24/2026,702.0,18048.0
I2705.DCE,8/25/2026,701.0,14868.0
I2705.DCE,8/26/2026,708.0,12894.0
I2705.DCE,8/27/2026,705.5,14920.0
I2705.DCE,8/28/2026,710.5,9820.0
I2706.DCE,6/22/2026,721.0,2339.0
I2706.DCE,6/23/2026,721.0,3149.0
I2706.DCE,6/24/2026,725.5,1000.0
I2706.DCE,6/25/2026,718.5,1102.0
I2706.DCE,6/26/2026,728.5,2564.0
I2706.DCE,6/29/2026,727.0,1250.0
I2706.DCE,6/30/2026,729.0,760.0
I2706.DCE,7/1/2026,717.0,1376.0
I2706.DCE,7/2/2026,721.0,2829.0
I2706.DCE,7/3/2026,717.5,1222.0
I2706.DCE,7/6/2026,720.0,710.0
I2706.DCE,7/7/2026,717.5,505.0
I2706.DCE,7/8/2026,725.0,907.0
I2706.DCE,7/9/2026,726.5,709.0
I2706.DCE,7/10/2026,729.5,735.0
I2706.DCE,7/13/2026,723.5,572.0
I2706.DCE,7/14/2026,737.0,1279.0
I2706.DCE,7/15/2026,738.5,975.0
I2706.DCE,7/16/2026,738.0,770.0
I2706.DCE,7/17/2026,739.0,950.0
I2706.DCE,7/20/2026,737.0,1127.0
I2706.DCE,7/21/2026,729.5,1655.0
I2706.DCE,7/22/2026,722.0,1678.0
I2706.DCE,7/23/2026,727.0,1554.0
I2706.DCE,7/24/2026,725.5,865.0
I2706.DCE,7/27/2026,721.5,972.0
I2706.DCE,7/28/2026,721.5,598.0
I2706.DCE,7/29/2026,721.5,750.0
I2706.DCE,7/30/2026,705.5,2777.0
I2706.DCE,7/31/2026,701.5,2861.0
I2706.DCE,8/3/2026,685.0,4193.0
I2706.DCE,8/4/2026,683.5,2925.0
I2706.DCE,8/5/2026,688.0,2334.0
I2706.DCE,8/6/2026,697.0,2962.0
I2706.DCE,8/7/2026,693.5,2077.0
I2706.DCE,8/10/2026,690.5,2123.0
I2706.DCE,8/11/2026,694.5,4473.0
I2706.DCE,8/12/2026,691.5,2483.0
I2706.DCE,8/13/2026,691.5,2569.0
I2706.DCE,8/14/2026,696.5,1702.0
I2706.DCE,8/17/2026,693.0,2015.0
I2706.DCE,8/18/2026,699.5,3116.0
I2706.DCE,8/19/2026,697.5,1693.0
I2706.DCE,8/20/2026,692.0,2690.0
I2706.DCE,8/21/2026,691.5,865.0
I2706.DCE,8/24/2026,700.5,1298.0
I2706.DCE,8/25/2026,698.5,1047.0
I2706.DCE,8/26/2026,705.5,776.0
I2706.DCE,8/27/2026,703.0,811.0
I2706.DCE,8/28/2026,708.5,775.0
I2707.DCE,7/15/2026,737.5,385.0
I2707.DCE,7/16/2026,736.0,147.0
I2707.DCE,7/17/2026,737.0,198.0
I2707.DCE,7/20/2026,734.5,273.0
I2707.DCE,7/21/2026,727.5,408.0
I2707.DCE,7/22/2026,720.0,469.0
I2707.DCE,7/23/2026,724.5,456.0
I2707.DCE,7/24/2026,723.0,320.0
I2707.DCE,7/27/2026,720.0,237.0
I2707.DCE,7/28/2026,720.0,770.0
I2707.DCE,7/29/2026,720.5,1137.0
I2707.DCE,7/30/2026,703.5,2728.0
I2707.DCE,7/31/2026,700.5,3233.0
I2707.DCE,8/3/2026,684.5,3730.0
I2707.DCE,8/4/2026,681.5,2918.0
I2707.DCE,8/5/2026,686.0,3221.0
I2707.DCE,8/6/2026,696.0,4058.0
I2707.DCE,8/7/2026,691.5,2431.0
I2707.DCE,8/10/2026,689.5,2063.0
I2707.DCE,8/11/2026,693.0,3990.0
I2707.DCE,8/12/2026,690.5,3154.0
I2707.DCE,8/13/2026,690.0,1984.0
I2707.DCE,8/14/2026,694.5,1946.0
I2707.DCE,8/17/2026,692.0,2793.0
I2707.DCE,8/18/2026,697.5,3177.0
I2707.DCE,8/19/2026,696.0,2171.0
I2707.DCE,8/20/2026,690.0,2858.0
I2707.DCE,8/21/2026,690.0,1142.0
I2707.DCE,8/24/2026,698.5,1890.0
I2707.DCE,8/25/2026,697.0,1314.0
I2707.DCE,8/26/2026,704.0,984.0
I2707.DCE,8/27/2026,701.0,1015.0
I2707.DCE,8/28/2026,706.0,770.0
I2708.DCE,8/17/2026,690.0,639.0
I2708.DCE,8/18/2026,696.0,796.0
I2708.DCE,8/19/2026,694.5,489.0
I2708.DCE,8/20/2026,688.5,1112.0
I2708.DCE,8/21/2026,688.5,454.0
I2708.DCE,8/24/2026,696.0,643.0
I2708.DCE,8/25/2026,694.5,478.0
I2708.DCE,8/26/2026,701.5,619.0
I2708.DCE,8/27/2026,698.5,1004.0
I2708.DCE,8/28/2026,704.0,992.0
I8888.DCE,6/22/2026,736.7,261098.0
I8888.DCE,6/23/2026,735.4,280674.0
I8888.DCE,6/24/2026,740.5,304787.0
I8888.DCE,6/25/2026,732.2,315381.0
I8888.DCE,6/26/2026,743.9,456327.0
I8888.DCE,6/29/2026,742.2,286212.0
I8888.DCE,6/30/2026,743.5,270937.0
I8888.DCE,7/1/2026,729.7,385476.0
I8888.DCE,7/2/2026,735.9,606718.0
I8888.DCE,7/3/2026,730.7,341733.0
I8888.DCE,7/6/2026,734.0,245977.0
I8888.DCE,7/7/2026,731.4,239496.0
I8888.DCE,7/8/2026,741.6,367112.0
I8888.DCE,7/9/2026,740.9,246726.0
I8888.DCE,7/10/2026,746.1,288642.0
I8888.DCE,7/13/2026,739.6,282843.0
I8888.DCE,7/14/2026,754.8,364571.0
I8888.DCE,7/15/2026,756.1,276988.0
I8888.DCE,7/16/2026,754.0,263553.0
I8888.DCE,7/17/2026,756.1,243361.0
I8888.DCE,7/20/2026,752.2,284133.0
I8888.DCE,7/21/2026,743.9,350936.0
I8888.DCE,7/22/2026,734.6,297558.0
I8888.DCE,7/23/2026,741.5,321786.0
I8888.DCE,7/24/2026,740.2,212265.0
I8888.DCE,7/27/2026,735.4,224343.0
I8888.DCE,7/28/2026,735.4,246372.0
I8888.DCE,7/29/2026,734.4,283701.0
I8888.DCE,7/30/2026,712.7,581707.0
I8888.DCE,7/31/2026,711.8,455624.0
I8888.DCE,8/3/2026,694.8,595844.0
I8888.DCE,8/4/2026,695.1,429205.0
I8888.DCE,8/5/2026,700.5,409273.0
I8888.DCE,8/6/2026,711.5,557681.0
I8888.DCE,8/7/2026,707.6,395966.0
I8888.DCE,8/10/2026,705.0,409292.0
I8888.DCE,8/11/2026,710.8,535746.0
I8888.DCE,8/12/2026,708.3,332899.0
I8888.DCE,8/13/2026,708.0,385710.0
I8888.DCE,8/14/2026,712.5,399945.0
I8888.DCE,8/17/2026,708.7,323522.0
I8888.DCE,8/18/2026,715.5,629401.0
I8888.DCE,8/19/2026,712.9,424820.0
I8888.DCE,8/20/2026,707.7,521907.0
I8888.DCE,8/21/2026,707.5,284528.0
I8888.DCE,8/24/2026,715.9,436957.0
I8888.DCE,8/25/2026,713.4,335547.0
I8888.DCE,8/26/2026,720.2,338566.0
I8888.DCE,8/27/2026,716.7,317552.0
I8888.DCE,8/28/2026,723.2,299862.0
IZL1.DCE,6/22/2026,739.5,191787.0
IZL1.DCE,6/23/2026,738.5,209722.0
IZL1.DCE,6/24/2026,744.0,233032.0
IZL1.DCE,6/25/2026,735.0,245490.0
IZL1.DCE,6/26/2026,748.0,348398.0
IZL1.DCE,6/29/2026,746.0,220870.0
IZL1.DCE,6/30/2026,747.0,193605.0
IZL1.DCE,7/1/2026,733.0,289491.0
IZL1.DCE,7/2/2026,740.0,454959.0
IZL1.DCE,7/3/2026,734.0,263244.0
IZL1.DCE,7/6/2026,738.0,187850.0
IZL1.DCE,7/7/2026,735.5,181197.0
IZL1.DCE,7/8/2026,746.0,269821.0
IZL1.DCE,7/9/2026,745.5,181218.0
IZL1.DCE,7/10/2026,751.5,217730.0
IZL1.DCE,7/13/2026,744.5,208652.0
IZL1.DCE,7/14/2026,760.5,280545.0
IZL1.DCE,7/15/2026,762.0,197971.0
IZL1.DCE,7/16/2026,759.5,168059.0
IZL1.DCE,7/17/2026,762.0,173672.0
IZL1.DCE,7/20/2026,758.0,212739.0
IZL1.DCE,7/21/2026,749.0,262230.0
IZL1.DCE,7/22/2026,739.5,209611.0
IZL1.DCE,7/23/2026,747.5,232917.0
IZL1.DCE,7/24/2026,746.0,154957.0
IZL1.DCE,7/27/2026,741.0,156270.0
IZL1.DCE,7/28/2026,741.0,166136.0
IZL1.DCE,7/29/2026,739.0,202401.0
IZL1.DCE,7/30/2026,715.0,355918.0
IZL1.DCE,7/31/2026,716.0,283514.0
IZL1.DCE,8/3/2026,698.0,331434.0
IZL1.DCE,8/4/2026,699.5,242803.0
IZL1.DCE,8/5/2026,706.0,227629.0
IZL1.DCE,8/6/2026,719.0,304348.0
IZL1.DCE,8/7/2026,716.5,204880.0
IZL1.DCE,8/10/2026,713.5,200577.0
IZL1.DCE,8/11/2026,721.5,239629.0
IZL1.DCE,8/12/2026,705.5,143061.0
IZL1.DCE,8/13/2026,705.0,207232.0
IZL1.DCE,8/14/2026,710.5,242135.0
IZL1.DCE,8/17/2026,706.5,201863.0
IZL1.DCE,8/18/2026,714.0,390414.0
IZL1.DCE,8/19/2026,712.0,284551.0
IZL1.DCE,8/20/2026,707.0,349652.0
IZL1.DCE,8/21/2026,707.5,202518.0
IZL1.DCE,8/24/2026,716.0,300058.0
IZL1.DCE,8/25/2026,713.5,233317.0
IZL1.DCE,8/26/2026,720.0,238458.0
IZL1.DCE,8/27/2026,716.5,227347.0
IZL1.DCE,8/28/2026,723.0,232135.0
IZL2.DCE,6/22/2026,739.5,191787.0
IZL2.DCE,6/23/2026,738.5,209722.0
IZL2.DCE,6/24/2026,744.0,233032.0
IZL2.DCE,6/25/2026,735.0,245490.0
IZL2.DCE,6/26/2026,748.0,348398.0
IZL2.DCE,6/29/2026,746.0,220870.0
IZL2.DCE,6/30/2026,747.0,193605.0
IZL2.DCE,7/1/2026,733.0,289491.0
IZL2.DCE,7/2/2026,740.0,454959.0
IZL2.DCE,7/3/2026,734.0,263244.0
IZL2.DCE,7/6/2026,738.0,187850.0
IZL2.DCE,7/7/2026,735.5,181197.0
IZL2.DCE,7/8/2026,746.0,269821.0
IZL2.DCE,7/9/2026,745.5,181218.0
IZL2.DCE,7/10/2026,751.5,217730.0
IZL2.DCE,7/13/2026,744.5,208652.0
IZL2.DCE,7/14/2026,760.5,280545.0
IZL2.DCE,7/15/2026,762.0,197971.0
IZL2.DCE,7/16/2026,759.5,168059.0
IZL2.DCE,7/17/2026,762.0,173672.0
IZL2.DCE,7/20/2026,758.0,212739.0
IZL2.DCE,7/21/2026,749.0,262230.0
IZL2.DCE,7/22/2026,739.5,209611.0
IZL2.DCE,7/23/2026,747.5,232917.0
IZL2.DCE,7/24/2026,746.0,154957.0
IZL2.DCE,7/27/2026,741.0,156270.0
IZL2.DCE,7/28/2026,741.0,166136.0
IZL2.DCE,7/29/2026,739.0,202401.0
IZL2.DCE,7/30/2026,715.0,355918.0
IZL2.DCE,7/31/2026,716.0,283514.0
IZL2.DCE,8/3/2026,698.0,331434.0
IZL2.DCE,8/4/2026,699.5,242803.0
IZL2.DCE,8/5/2026,706.0,227629.0
IZL2.DCE,8/6/2026,719.0,304348.0
IZL2.DCE,8/7/2026,703.0,126235.0
IZL2.DCE,8/10/2026,701.5,146818.0
IZL2.DCE,8/11/2026,707.5,208885.0
IZL2.DCE,8/12/2026,705.5,143061.0
IZL2.DCE,8/13/2026,705.0,207232.0
IZL2.DCE,8/14/2026,710.5,242135.0
IZL2.DCE,8/17/2026,706.5,201863.0
IZL2.DCE,8/18/2026,714.0,390414.0
IZL2.DCE,8/19/2026,712.0,284551.0
IZL2.DCE,8/20/2026,707.0,349652.0
IZL2.DCE,8/21/2026,707.5,202518.0
IZL2.DCE,8/24/2026,716.0,300058.0
IZL2.DCE,8/25/2026,713.5,233317.0
IZL2.DCE,8/26/2026,720.0,238458.0
IZL2.DCE,8/27/2026,716.5,227347.0
IZL2.DCE,8/28/2026,723.0,232135.0
IZL.DCE,6/22/2026,739.5,191787.0
IZL.DCE,6/23/2026,738.5,209722.0
IZL.DCE,6/24/2026,744.0,233032.0
IZL.DCE,6/25/2026,735.0,245490.0
IZL.DCE,6/26/2026,748.0,348398.0
IZL.DCE,6/29/2026,746.0,220870.0
IZL.DCE,6/30/2026,747.0,193605.0
IZL.DCE,7/1/2026,733.0,289491.0
IZL.DCE,7/2/2026,740.0,454959.0
IZL.DCE,7/3/2026,734.0,263244.0
IZL.DCE,7/6/2026,738.0,187850.0
IZL.DCE,7/7/2026,735.5,181197.0
IZL.DCE,7/8/2026,746.0,269821.0
IZL.DCE,7/9/2026,745.5,181218.0
IZL.DCE,7/10/2026,751.5,217730.0
IZL.DCE,7/13/2026,744.5,208652.0
IZL.DCE,7/14/2026,760.5,280545.0
IZL.DCE,7/15/2026,762.0,197971.0
IZL.DCE,7/16/2026,759.5,168059.0
IZL.DCE,7/17/2026,762.0,173672.0
IZL.DCE,7/20/2026,758.0,212739.0
IZL.DCE,7/21/2026,749.0,262230.0
IZL.DCE,7/22/2026,739.5,209611.0
IZL.DCE,7/23/2026,747.5,232917.0
IZL.DCE,7/24/2026,746.0,154957.0
IZL.DCE,7/27/2026,741.0,156270.0
IZL.DCE,7/28/2026,741.0,166136.0
IZL.DCE,7/29/2026,739.0,202401.0
IZL.DCE,7/30/2026,715.0,355918.0
IZL.DCE,7/31/2026,716.0,283514.0
IZL.DCE,8/3/2026,698.0,331434.0
IZL.DCE,8/4/2026,699.5,242803.0
IZL.DCE,8/5/2026,706.0,227629.0
IZL.DCE,8/6/2026,719.0,304348.0
IZL.DCE,8/7/2026,716.5,204880.0
IZL.DCE,8/10/2026,713.5,200577.0
IZL.DCE,8/11/2026,721.5,239629.0
IZL.DCE,8/12/2026,720.5,136341.0
IZL.DCE,8/13/2026,705.0,207232.0
IZL.DCE,8/14/2026,710.5,242135.0
IZL.DCE,8/17/2026,706.5,201863.0
IZL.DCE,8/18/2026,714.0,390414.0
IZL.DCE,8/19/2026,712.0,284551.0
IZL.DCE,8/20/2026,707.0,349652.0
IZL.DCE,8/21/2026,707.5,202518.0
IZL.DCE,8/24/2026,716.0,300058.0
IZL.DCE,8/25/2026,713.5,233317.0
IZL.DCE,8/26/2026,720.0,238458.0
IZL.DCE,8/27/2026,716.5,227347.0
IZL.DCE,8/28/2026,723.0,232135.0
RU00.SHF,6/22/2026,17800.0,754.0
RU00.SHF,6/23/2026,17630.0,1617.0
RU00.SHF,6/24/2026,17585.0,2767.0
RU00.SHF,6/25/2026,16660.0,2080.0
RU00.SHF,6/26/2026,16495.0,422.0
RU00.SHF,6/29/2026,16575.0,299.0
RU00.SHF,6/30/2026,16700.0,365.0
RU00.SHF,7/1/2026,16635.0,22.0
RU00.SHF,7/2/2026,16585.0,61.0
RU00.SHF,7/3/2026,16750.0,45.0
RU00.SHF,7/6/2026,16900.0,28.0
RU00.SHF,7/7/2026,16900.0,13.0
RU00.SHF,7/8/2026,16855.0,48.0
RU00.SHF,7/9/2026,16930.0,0.0
RU00.SHF,7/10/2026,16850.0,10.0
RU00.SHF,7/13/2026,16850.0,0.0
RU00.SHF,7/14/2026,17000.0,11.0
RU00.SHF,7/15/2026,17200.0,6.0
RU00.SHF,7/16/2026,16880.0,188.0
RU00.SHF,7/17/2026,16770.0,287.0
RU00.SHF,7/20/2026,16950.0,323.0
RU00.SHF,7/21/2026,16800.0,360.0
RU00.SHF,7/22/2026,16915.0,402.0
RU00.SHF,7/23/2026,17020.0,247.0
RU00.SHF,7/24/2026,16760.0,269.0
RU00.SHF,7/27/2026,16745.0,1155.0
RU00.SHF,7/28/2026,16665.0,1043.0
RU00.SHF,7/29/2026,16345.0,252.0
RU00.SHF,7/30/2026,16335.0,77.0
RU00.SHF,7/31/2026,16370.0,14.0
RU00.SHF,8/3/2026,16390.0,10.0
RU00.SHF,8/4/2026,16710.0,7.0
RU00.SHF,8/5/2026,16700.0,6.0
RU00.SHF,8/6/2026,16885.0,35.0
RU00.SHF,8/7/2026,16820.0,0.0
RU00.SHF,8/10/2026,16830.0,22.0
RU00.SHF,8/11/2026,16880.0,0.0
RU00.SHF,8/12/2026,17000.0,60.0
RU00.SHF,8/13/2026,16990.0,0.0
RU00.SHF,8/14/2026,16990.0,0.0
RU00.SHF,8/17/2026,16990.0,0.0
RU00.SHF,8/18/2026,17090.0,30413.0
RU00.SHF,8/19/2026,17240.0,36719.0
RU00.SHF,8/20/2026,17490.0,40908.0
RU00.SHF,8/21/2026,17505.0,40595.0
RU00.SHF,8/24/2026,17620.0,42454.0
RU00.SHF,8/25/2026,17560.0,42729.0
RU00.SHF,8/26/2026,17555.0,25307.0
RU00.SHF,8/27/2026,17830.0,20399.0
RU00.SHF,8/28/2026,17950.0,18926.0
RU01.SHF,6/22/2026,17780.0,17.0
RU01.SHF,6/23/2026,17610.0,61.0
RU01.SHF,6/24/2026,17580.0,145.0
RU01.SHF,6/25/2026,16660.0,425.0
RU01.SHF,6/26/2026,16535.0,188.0
RU01.SHF,6/29/2026,16630.0,106.0
RU01.SHF,6/30/2026,16735.0,113.0
RU01.SHF,7/1/2026,16655.0,94.0
RU01.SHF,7/2/2026,16580.0,92.0
RU01.SHF,7/3/2026,16735.0,143.0
RU01.SHF,7/6/2026,16935.0,83.0
RU01.SHF,7/7/2026,16980.0,101.0
RU01.SHF,7/8/2026,17000.0,131.0
RU01.SHF,7/9/2026,16940.0,73.0
RU01.SHF,7/10/2026,16930.0,313.0
RU01.SHF,7/13/2026,16930.0,191.0
RU01.SHF,7/14/2026,17090.0,386.0
RU01.SHF,7/15/2026,17170.0,210.0
RU01.SHF,7/16/2026,16905.0,235520.0
RU01.SHF,7/17/2026,16805.0,265355.0
RU01.SHF,7/20/2026,16985.0,260569.0
RU01.SHF,7/21/2026,16815.0,259876.0
RU01.SHF,7/22/2026,16930.0,230082.0
RU01.SHF,7/23/2026,17030.0,192530.0
RU01.SHF,7/24/2026,16765.0,251410.0
RU01.SHF,7/27/2026,16760.0,235582.0
RU01.SHF,7/28/2026,16710.0,267399.0
RU01.SHF,7/29/2026,16370.0,322915.0
RU01.SHF,7/30/2026,16385.0,219962.0
RU01.SHF,7/31/2026,16375.0,221811.0
RU01.SHF,8/3/2026,16295.0,199314.0
RU01.SHF,8/4/2026,16685.0,257314.0
RU01.SHF,8/5/2026,16745.0,136556.0
RU01.SHF,8/6/2026,16895.0,183268.0
RU01.SHF,8/7/2026,16900.0,112401.0
RU01.SHF,8/10/2026,16905.0,103452.0
RU01.SHF,8/11/2026,16960.0,101772.0
RU01.SHF,8/12/2026,17035.0,110658.0
RU01.SHF,8/13/2026,16950.0,69574.0
RU01.SHF,8/14/2026,16880.0,48716.0
RU01.SHF,8/17/2026,17080.0,47945.0
RU01.SHF,8/18/2026,17105.0,263.0
RU01.SHF,8/19/2026,17260.0,263.0
RU01.SHF,8/20/2026,17505.0,323.0
RU01.SHF,8/21/2026,17550.0,332.0
RU01.SHF,8/24/2026,17680.0,387.0
RU01.SHF,8/25/2026,17590.0,316.0
RU01.SHF,8/26/2026,17600.0,397.0
RU01.SHF,8/27/2026,17840.0,368.0
RU01.SHF,8/28/2026,17980.0,455.0
RU02.SHF,6/22/2026,17845.0,192459.0
RU02.SHF,6/23/2026,17675.0,354106.0
RU02.SHF,6/24/2026,17605.0,303855.0
RU02.SHF,6/25/2026,16685.0,542923.0
RU02.SHF,6/26/2026,16530.0,306172.0
RU02.SHF,6/29/2026,16660.0,269024.0
RU02.SHF,6/30/2026,16750.0,247141.0
RU02.SHF,7/1/2026,16655.0,210972.0
RU02.SHF,7/2/2026,16570.0,236497.0
RU02.SHF,7/3/2026,16755.0,245822.0
RU02.SHF,7/6/2026,16910.0,259076.0
RU02.SHF,7/7/2026,16970.0,184168.0
RU02.SHF,7/8/2026,16980.0,256454.0
RU02.SHF,7/9/2026,16920.0,241288.0
RU02.SHF,7/10/2026,16905.0,254333.0
RU02.SHF,7/13/2026,16910.0,228177.0
RU02.SHF,7/14/2026,17065.0,342733.0
RU02.SHF,7/15/2026,17190.0,225986.0
RU02.SHF,7/16/2026,16900.0,99.0
RU02.SHF,7/17/2026,16815.0,133.0
RU02.SHF,7/20/2026,17005.0,205.0
RU02.SHF,7/21/2026,16840.0,136.0
RU02.SHF,7/22/2026,16955.0,218.0
RU02.SHF,7/23/2026,17055.0,138.0
RU02.SHF,7/24/2026,16810.0,74.0
RU02.SHF,7/27/2026,16785.0,214.0
RU02.SHF,7/28/2026,16735.0,147.0
RU02.SHF,7/29/2026,16410.0,197.0
RU02.SHF,7/30/2026,16400.0,127.0
RU02.SHF,7/31/2026,16410.0,486.0
RU02.SHF,8/3/2026,16320.0,307.0
RU02.SHF,8/4/2026,16690.0,300.0
RU02.SHF,8/5/2026,16740.0,340.0
RU02.SHF,8/6/2026,16915.0,221.0
RU02.SHF,8/7/2026,16915.0,197.0
RU02.SHF,8/10/2026,16925.0,146.0
RU02.SHF,8/11/2026,16975.0,128.0
RU02.SHF,8/12/2026,17045.0,213.0
RU02.SHF,8/13/2026,16985.0,239.0
RU02.SHF,8/14/2026,16890.0,219.0
RU02.SHF,8/17/2026,17120.0,173.0
RU02.SHF,8/18/2026,17135.0,1610.0
RU02.SHF,8/19/2026,17285.0,2327.0
RU02.SHF,8/20/2026,17515.0,2398.0
RU02.SHF,8/21/2026,17575.0,3585.0
RU02.SHF,8/24/2026,17690.0,3541.0
RU02.SHF,8/25/2026,17615.0,3422.0
RU02.SHF,8/26/2026,17615.0,3519.0
RU02.SHF,8/27/2026,17875.0,3930.0
RU02.SHF,8/28/2026,17995.0,5344.0
RU03.SHF,6/22/2026,17850.0,77.0
RU03.SHF,6/23/2026,17690.0,100.0
RU03.SHF,6/24/2026,17595.0,121.0
RU03.SHF,6/25/2026,16705.0,366.0
RU03.SHF,6/26/2026,16540.0,206.0
RU03.SHF,6/29/2026,16680.0,74.0
RU03.SHF,6/30/2026,16760.0,51.0
RU03.SHF,7/1/2026,16665.0,48.0
RU03.SHF,7/2/2026,16600.0,29.0
RU03.SHF,7/3/2026,16760.0,59.0
RU03.SHF,7/6/2026,16940.0,75.0
RU03.SHF,7/7/2026,16975.0,53.0
RU03.SHF,7/8/2026,16990.0,44.0
RU03.SHF,7/9/2026,16960.0,58.0
RU03.SHF,7/10/2026,16920.0,52.0
RU03.SHF,7/13/2026,16880.0,78.0
RU03.SHF,7/14/2026,17095.0,93.0
RU03.SHF,7/15/2026,17225.0,106.0
RU03.SHF,7/16/2026,16935.0,2282.0
RU03.SHF,7/17/2026,16835.0,2301.0
RU03.SHF,7/20/2026,16990.0,1459.0
RU03.SHF,7/21/2026,16825.0,1806.0
RU03.SHF,7/22/2026,16940.0,2912.0
RU03.SHF,7/23/2026,17045.0,2547.0
RU03.SHF,7/24/2026,16805.0,2323.0
RU03.SHF,7/27/2026,16785.0,2238.0
RU03.SHF,7/28/2026,16740.0,2986.0
RU03.SHF,7/29/2026,16400.0,5778.0
RU03.SHF,7/30/2026,16410.0,2578.0
RU03.SHF,7/31/2026,16435.0,3963.0
RU03.SHF,8/3/2026,16325.0,3617.0
RU03.SHF,8/4/2026,16700.0,6067.0
RU03.SHF,8/5/2026,16765.0,1996.0
RU03.SHF,8/6/2026,16910.0,4016.0
RU03.SHF,8/7/2026,16930.0,2700.0
RU03.SHF,8/10/2026,16925.0,2216.0
RU03.SHF,8/11/2026,16985.0,1880.0
RU03.SHF,8/12/2026,17070.0,2735.0
RU03.SHF,8/13/2026,17000.0,1611.0
RU03.SHF,8/14/2026,16895.0,2500.0
RU03.SHF,8/17/2026,17125.0,2535.0
RU03.SHF,8/18/2026,18035.0,182424.0
RU03.SHF,8/19/2026,18215.0,220127.0
RU03.SHF,8/20/2026,18460.0,246006.0
RU03.SHF,8/21/2026,18500.0,254864.0
RU03.SHF,8/24/2026,18610.0,280954.0
RU03.SHF,8/25/2026,18545.0,278638.0
RU03.SHF,8/26/2026,18540.0,242342.0
RU03.SHF,8/27/2026,18795.0,270421.0
RU03.SHF,8/28/2026,18940.0,324068.0
RU2607.SHF,6/22/2026,17800.0,754.0
RU2607.SHF,6/23/2026,17630.0,1617.0
RU2607.SHF,6/24/2026,17585.0,2767.0
RU2607.SHF,6/25/2026,16660.0,2080.0
RU2607.SHF,6/26/2026,16495.0,422.0
RU2607.SHF,6/29/2026,16575.0,299.0
RU2607.SHF,6/30/2026,16700.0,365.0
RU2607.SHF,7/1/2026,16635.0,22.0
RU2607.SHF,7/2/2026,16585.0,61.0
RU2607.SHF,7/3/2026,16750.0,45.0
RU2607.SHF,7/6/2026,16900.0,28.0
RU2607.SHF,7/7/2026,16900.0,13.0
RU2607.SHF,7/8/2026,16855.0,48.0
RU2607.SHF,7/9/2026,16930.0,0.0
RU2607.SHF,7/10/2026,16850.0,10.0
RU2607.SHF,7/13/2026,16850.0,0.0
RU2607.SHF,7/14/2026,17000.0,11.0
RU2607.SHF,7/15/2026,17200.0,6.0
RU2608.SHF,6/22/2026,17780.0,17.0
RU2608.SHF,6/23/2026,17610.0,61.0
RU2608.SHF,6/24/2026,17580.0,145.0
RU2608.SHF,6/25/2026,16660.0,425.0
RU2608.SHF,6/26/2026,16535.0,188.0
RU2608.SHF,6/29/2026,16630.0,106.0
RU2608.SHF,6/30/2026,16735.0,113.0
RU2608.SHF,7/1/2026,16655.0,94.0
RU2608.SHF,7/2/2026,16580.0,92.0
RU2608.SHF,7/3/2026,16735.0,143.0
RU2608.SHF,7/6/2026,16935.0,83.0
RU2608.SHF,7/7/2026,16980.0,101.0
RU2608.SHF,7/8/2026,17000.0,131.0
RU2608.SHF,7/9/2026,16940.0,73.0
RU2608.SHF,7/10/2026,16930.0,313.0
RU2608.SHF,7/13/2026,16930.0,191.0
RU2608.SHF,7/14/2026,17090.0,386.0
RU2608.SHF,7/15/2026,17170.0,210.0
RU2608.SHF,7/16/2026,16880.0,188.0
RU2608.SHF,7/17/2026,16770.0,287.0
RU2608.SHF,7/20/2026,16950.0,323.0
RU2608.SHF,7/21/2026,16800.0,360.0
RU2608.SHF,7/22/2026,16915.0,402.0
RU2608.SHF,7/23/2026,17020.0,247.0
RU2608.SHF,7/24/2026,16760.0,269.0
RU2608.SHF,7/27/2026,16745.0,1155.0
RU2608.SHF,7/28/2026,16665.0,1043.0
RU2608.SHF,7/29/2026,16345.0,252.0
RU2608.SHF,7/30/2026,16335.0,77.0
RU2608.SHF,7/31/2026,16370.0,14.0
RU2608.SHF,8/3/2026,16390.0,10.0
RU2608.SHF,8/4/2026,16710.0,7.0
RU2608.SHF,8/5/2026,16700.0,6.0
RU2608.SHF,8/6/2026,16885.0,35.0
RU2608.SHF,8/7/2026,16820.0,0.0
RU2608.SHF,8/10/2026,16830.0,22.0
RU2608.SHF,8/11/2026,16880.0,0.0
RU2608.SHF,8/12/2026,17000.0,60.0
RU2608.SHF,8/13/2026,16990.0,0.0
RU2608.SHF,8/14/2026,16990.0,0.0
RU2608.SHF,8/17/2026,16990.0,0.0
RU2609.SHF,6/22/2026,17845.0,192459.0
RU2609.SHF,6/23/2026,17675.0,354106.0
RU2609.SHF,6/24/2026,17605.0,303855.0
RU2609.SHF,6/25/2026,16685.0,542923.0
RU2609.SHF,6/26/2026,16530.0,306172.0
RU2609.SHF,6/29/2026,16660.0,269024.0
RU2609.SHF,6/30/2026,16750.0,247141.0
RU2609.SHF,7/1/2026,16655.0,210972.0
RU2609.SHF,7/2/2026,16570.0,236497.0
RU2609.SHF,7/3/2026,16755.0,245822.0
RU2609.SHF,7/6/2026,16910.0,259076.0
RU2609.SHF,7/7/2026,16970.0,184168.0
RU2609.SHF,7/8/2026,16980.0,256454.0
RU2609.SHF,7/9/2026,16920.0,241288.0
RU2609.SHF,7/10/2026,16905.0,254333.0
RU2609.SHF,7/13/2026,16910.0,228177.0
RU2609.SHF,7/14/2026,17065.0,342733.0
RU2609.SHF,7/15/2026,17190.0,225986.0
RU2609.SHF,7/16/2026,16905.0,235520.0
RU2609.SHF,7/17/2026,16805.0,265355.0
RU2609.SHF,7/20/2026,16985.0,260569.0
RU2609.SHF,7/21/2026,16815.0,259876.0
RU2609.SHF,7/22/2026,16930.0,230082.0
RU2609.SHF,7/23/2026,17030.0,192530.0
RU2609.SHF,7/24/2026,16765.0,251410.0
RU2609.SHF,7/27/2026,16760.0,235582.0
RU2609.SHF,7/28/2026,16710.0,267399.0
RU2609.SHF,7/29/2026,16370.0,322915.0
RU2609.SHF,7/30/2026,16385.0,219962.0
RU2609.SHF,7/31/2026,16375.0,221811.0
RU2609.SHF,8/3/2026,16295.0,199314.0
RU2609.SHF,8/4/2026,16685.0,257314.0
RU2609.SHF,8/5/2026,16745.0,136556.0
RU2609.SHF,8/6/2026,16895.0,183268.0
RU2609.SHF,8/7/2026,16900.0,112401.0
RU2609.SHF,8/10/2026,16905.0,103452.0
RU2609.SHF,8/11/2026,16960.0,101772.0
RU2609.SHF,8/12/2026,17035.0,110658.0
RU2609.SHF,8/13/2026,16950.0,69574.0
RU2609.SHF,8/14/2026,16880.0,48716.0
RU2609.SHF,8/17/2026,17080.0,47945.0
RU2609.SHF,8/18/2026,17090.0,30413.0
RU2609.SHF,8/19/2026,17240.0,36719.0
RU2609.SHF,8/20/2026,17490.0,40908.0
RU2609.SHF,8/21/2026,17505.0,40595.0
RU2609.SHF,8/24/2026,17620.0,42454.0
RU2609.SHF,8/25/2026,17560.0,42729.0
RU2609.SHF,8/26/2026,17555.0,25307.0
RU2609.SHF,8/27/2026,17830.0,20399.0
RU2609.SHF,8/28/2026,17950.0,18926.0
RU2610.SHF,6/22/2026,17850.0,77.0
RU2610.SHF,6/23/2026,17690.0,100.0
RU2610.SHF,6/24/2026,17595.0,121.0
RU2610.SHF,6/25/2026,16705.0,366.0
RU2610.SHF,6/26/2026,16540.0,206.0
RU2610.SHF,6/29/2026,16680.0,74.0
RU2610.SHF,6/30/2026,16760.0,51.0
RU2610.SHF,7/1/2026,16665.0,48.0
RU2610.SHF,7/2/2026,16600.0,29.0
RU2610.SHF,7/3/2026,16760.0,59.0
RU2610.SHF,7/6/2026,16940.0,75.0
RU2610.SHF,7/7/2026,16975.0,53.0
RU2610.SHF,7/8/2026,16990.0,44.0
RU2610.SHF,7/9/2026,16960.0,58.0
RU2610.SHF,7/10/2026,16920.0,52.0
RU2610.SHF,7/13/2026,16880.0,78.0
RU2610.SHF,7/14/2026,17095.0,93.0
RU2610.SHF,7/15/2026,17225.0,106.0
RU2610.SHF,7/16/2026,16900.0,99.0
RU2610.SHF,7/17/2026,16815.0,133.0
RU2610.SHF,7/20/2026,17005.0,205.0
RU2610.SHF,7/21/2026,16840.0,136.0
RU2610.SHF,7/22/2026,16955.0,218.0
RU2610.SHF,7/23/2026,17055.0,138.0
RU2610.SHF,7/24/2026,16810.0,74.0
RU2610.SHF,7/27/2026,16785.0,214.0
RU2610.SHF,7/28/2026,16735.0,147.0
RU2610.SHF,7/29/2026,16410.0,197.0
RU2610.SHF,7/30/2026,16400.0,127.0
RU2610.SHF,7/31/2026,16410.0,486.0
RU2610.SHF,8/3/2026,16320.0,307.0
RU2610.SHF,8/4/2026,16690.0,300.0
RU2610.SHF,8/5/2026,16740.0,340.0
RU2610.SHF,8/6/2026,16915.0,221.0
RU2610.SHF,8/7/2026,16915.0,197.0
RU2610.SHF,8/10/2026,16925.0,146.0
RU2610.SHF,8/11/2026,16975.0,128.0
RU2610.SHF,8/12/2026,17045.0,213.0
RU2610.SHF,8/13/2026,16985.0,239.0
RU2610.SHF,8/14/2026,16890.0,219.0
RU2610.SHF,8/17/2026,17120.0,173.0
RU2610.SHF,8/18/2026,17105.0,263.0
RU2610.SHF,8/19/2026,17260.0,263.0
RU2610.SHF,8/20/2026,17505.0,323.0
RU2610.SHF,8/21/2026,17550.0,332.0
RU2610.SHF,8/24/2026,17680.0,387.0
RU2610.SHF,8/25/2026,17590.0,316.0
RU2610.SHF,8/26/2026,17600.0,397.0
RU2610.SHF,8/27/2026,17840.0,368.0
RU2610.SHF,8/28/2026,17980.0,455.0
RU2611.SHF,6/22/2026,17845.0,538.0
RU2611.SHF,6/23/2026,17665.0,916.0
RU2611.SHF,6/24/2026,17625.0,928.0
RU2611.SHF,6/25/2026,16670.0,4964.0
RU2611.SHF,6/26/2026,16560.0,3142.0
RU2611.SHF,6/29/2026,16645.0,3364.0
RU2611.SHF,6/30/2026,16740.0,1067.0
RU2611.SHF,7/1/2026,16690.0,1259.0
RU2611.SHF,7/2/2026,16590.0,1313.0
RU2611.SHF,7/3/2026,16770.0,2236.0
RU2611.SHF,7/6/2026,16915.0,1479.0
RU2611.SHF,7/7/2026,16980.0,1057.0
RU2611.SHF,7/8/2026,16970.0,1099.0
RU2611.SHF,7/9/2026,16925.0,1742.0
RU2611.SHF,7/10/2026,16900.0,1244.0
RU2611.SHF,7/13/2026,16925.0,1498.0
RU2611.SHF,7/14/2026,17095.0,3727.0
RU2611.SHF,7/15/2026,17205.0,2803.0
RU2611.SHF,7/16/2026,16935.0,2282.0
RU2611.SHF,7/17/2026,16835.0,2301.0
RU2611.SHF,7/20/2026,16990.0,1459.0
RU2611.SHF,7/21/2026,16825.0,1806.0
RU2611.SHF,7/22/2026,16940.0,2912.0
RU2611.SHF,7/23/2026,17045.0,2547.0
RU2611.SHF,7/24/2026,16805.0,2323.0
RU2611.SHF,7/27/2026,16785.0,2238.0
RU2611.SHF,7/28/2026,16740.0,2986.0
RU2611.SHF,7/29/2026,16400.0,5778.0
RU2611.SHF,7/30/2026,16410.0,2578.0
RU2611.SHF,7/31/2026,16435.0,3963.0
RU2611.SHF,8/3/2026,16325.0,3617.0
RU2611.SHF,8/4/2026,16700.0,6067.0
RU2611.SHF,8/5/2026,16765.0,1996.0
RU2611.SHF,8/6/2026,16910.0,4016.0
RU2611.SHF,8/7/2026,16930.0,2700.0
RU2611.SHF,8/10/2026,16925.0,2216.0
RU2611.SHF,8/11/2026,16985.0,1880.0
RU2611.SHF,8/12/2026,17070.0,2735.0
RU2611.SHF,8/13/2026,17000.0,1611.0
RU2611.SHF,8/14/2026,16895.0,2500.0
RU2611.SHF,8/17/2026,17125.0,2535.0
RU2611.SHF,8/18/2026,17135.0,1610.0
RU2611.SHF,8/19/2026,17285.0,2327.0
RU2611.SHF,8/20/2026,17515.0,2398.0
RU2611.SHF,8/21/2026,17575.0,3585.0
RU2611.SHF,8/24/2026,17690.0,3541.0
RU2611.SHF,8/25/2026,17615.0,3422.0
RU2611.SHF,8/26/2026,17615.0,3519.0
RU2611.SHF,8/27/2026,17875.0,3930.0
RU2611.SHF,8/28/2026,17995.0,5344.0
RU2701.SHF,6/22/2026,18625.0,22650.0
RU2701.SHF,6/23/2026,18460.0,44886.0
RU2701.SHF,6/24/2026,18420.0,32364.0
RU2701.SHF,6/25/2026,17525.0,66037.0
RU2701.SHF,6/26/2026,17370.0,33338.0
RU2701.SHF,6/29/2026,17580.0,33980.0
RU2701.SHF,6/30/2026,17665.0,25927.0
RU2701.SHF,7/1/2026,17550.0,27082.0
RU2701.SHF,7/2/2026,17450.0,33219.0
RU2701.SHF,7/3/2026,17655.0,33550.0
RU2701.SHF,7/6/2026,17800.0,38017.0
RU2701.SHF,7/7/2026,17850.0,30814.0
RU2701.SHF,7/8/2026,17830.0,36266.0
RU2701.SHF,7/9/2026,17780.0,33413.0
RU2701.SHF,7/10/2026,17790.0,29058.0
RU2701.SHF,7/13/2026,17805.0,38306.0
RU2701.SHF,7/14/2026,18005.0,55640.0
RU2701.SHF,7/15/2026,18125.0,36979.0
RU2701.SHF,7/16/2026,17850.0,45379.0
RU2701.SHF,7/17/2026,17745.0,49002.0
RU2701.SHF,7/20/2026,17900.0,43597.0
RU2701.SHF,7/21/2026,17725.0,42415.0
RU2701.SHF,7/22/2026,17835.0,44822.0
RU2701.SHF,7/23/2026,17930.0,37691.0
RU2701.SHF,7/24/2026,17705.0,44654.0
RU2701.SHF,7/27/2026,17680.0,46671.0
RU2701.SHF,7/28/2026,17605.0,57608.0
RU2701.SHF,7/29/2026,17215.0,87681.0
RU2701.SHF,7/30/2026,17230.0,70612.0
RU2701.SHF,7/31/2026,17305.0,76957.0
RU2701.SHF,8/3/2026,17170.0,67377.0
RU2701.SHF,8/4/2026,17570.0,90302.0
RU2701.SHF,8/5/2026,17660.0,60082.0
RU2701.SHF,8/6/2026,17815.0,98941.0
RU2701.SHF,8/7/2026,17840.0,68126.0
RU2701.SHF,8/10/2026,17835.0,78898.0
RU2701.SHF,8/11/2026,17875.0,92303.0
RU2701.SHF,8/12/2026,17950.0,140811.0
RU2701.SHF,8/13/2026,17875.0,140859.0
RU2701.SHF,8/14/2026,17790.0,155968.0
RU2701.SHF,8/17/2026,18030.0,190655.0
RU2701.SHF,8/18/2026,18035.0,182424.0
RU2701.SHF,8/19/2026,18215.0,220127.0
RU2701.SHF,8/20/2026,18460.0,246006.0
RU2701.SHF,8/21/2026,18500.0,254864.0
RU2701.SHF,8/24/2026,18610.0,280954.0
RU2701.SHF,8/25/2026,18545.0,278638.0
RU2701.SHF,8/26/2026,18540.0,242342.0
RU2701.SHF,8/27/2026,18795.0,270421.0
RU2701.SHF,8/28/2026,18940.0,324068.0
RU2703.SHF,6/22/2026,18545.0,14.0
RU2703.SHF,6/23/2026,18475.0,37.0
RU2703.SHF,6/24/2026,18410.0,71.0
RU2703.SHF,6/25/2026,17535.0,350.0
RU2703.SHF,6/26/2026,17385.0,40.0
RU2703.SHF,6/29/2026,17570.0,29.0
RU2703.SHF,6/30/2026,17670.0,31.0
RU2703.SHF,7/1/2026,17580.0,8.0
RU2703.SHF,7/2/2026,17440.0,19.0
RU2703.SHF,7/3/2026,17695.0,9.0
RU2703.SHF,7/6/2026,17915.0,19.0
RU2703.SHF,7/7/2026,17870.0,13.0
RU2703.SHF,7/8/2026,17740.0,6.0
RU2703.SHF,7/9/2026,17795.0,14.0
RU2703.SHF,7/10/2026,17810.0,16.0
RU2703.SHF,7/13/2026,17775.0,30.0
RU2703.SHF,7/14/2026,18030.0,18.0
RU2703.SHF,7/15/2026,18140.0,15.0
RU2703.SHF,7/16/2026,17845.0,18.0
RU2703.SHF,7/17/2026,17745.0,23.0
RU2703.SHF,7/20/2026,17895.0,16.0
RU2703.SHF,7/21/2026,17735.0,19.0
RU2703.SHF,7/22/2026,17870.0,21.0
RU2703.SHF,7/23/2026,17955.0,22.0
RU2703.SHF,7/24/2026,17675.0,39.0
RU2703.SHF,7/27/2026,17680.0,46.0
RU2703.SHF,7/28/2026,17605.0,31.0
RU2703.SHF,7/29/2026,17245.0,75.0
RU2703.SHF,7/30/2026,17240.0,49.0
RU2703.SHF,7/31/2026,17345.0,116.0
RU2703.SHF,8/3/2026,17240.0,55.0
RU2703.SHF,8/4/2026,17585.0,47.0
RU2703.SHF,8/5/2026,17655.0,60.0
RU2703.SHF,8/6/2026,17840.0,44.0
RU2703.SHF,8/7/2026,17840.0,61.0
RU2703.SHF,8/10/2026,17835.0,24.0
RU2703.SHF,8/11/2026,17885.0,35.0
RU2703.SHF,8/12/2026,17945.0,57.0
RU2703.SHF,8/13/2026,17865.0,17.0
RU2703.SHF,8/14/2026,17795.0,8.0
RU2703.SHF,8/17/2026,18015.0,35.0
RU2703.SHF,8/18/2026,18015.0,39.0
RU2703.SHF,8/19/2026,18200.0,26.0
RU2703.SHF,8/20/2026,18470.0,600.0
RU2703.SHF,8/21/2026,18520.0,196.0
RU2703.SHF,8/24/2026,18645.0,309.0
RU2703.SHF,8/25/2026,18555.0,335.0
RU2703.SHF,8/26/2026,18525.0,202.0
RU2703.SHF,8/27/2026,18795.0,453.0
RU2703.SHF,8/28/2026,18925.0,632.0
RU2704.SHF,6/22/2026,18565.0,7.0
RU2704.SHF,6/23/2026,18455.0,20.0
RU2704.SHF,6/24/2026,18400.0,18.0
RU2704.SHF,6/25/2026,17550.0,110.0
RU2704.SHF,6/26/2026,17375.0,21.0
RU2704.SHF,6/29/2026,17585.0,13.0
RU2704.SHF,6/30/2026,17645.0,7.0
RU2704.SHF,7/1/2026,17625.0,5.0
RU2704.SHF,7/2/2026,17400.0,19.0
RU2704.SHF,7/3/2026,17690.0,3.0
RU2704.SHF,7/6/2026,17850.0,5.0
RU2704.SHF,7/7/2026,17830.0,0.0
RU2704.SHF,7/8/2026,17845.0,4.0
RU2704.SHF,7/9/2026,17810.0,6.0
RU2704.SHF,7/10/2026,17800.0,7.0
RU2704.SHF,7/13/2026,17795.0,8.0
RU2704.SHF,7/14/2026,18035.0,17.0
RU2704.SHF,7/15/2026,18150.0,6.0
RU2704.SHF,7/16/2026,17820.0,6.0
RU2704.SHF,7/17/2026,17755.0,30.0
RU2704.SHF,7/20/2026,17880.0,11.0
RU2704.SHF,7/21/2026,17670.0,4.0
RU2704.SHF,7/22/2026,17930.0,5.0
RU2704.SHF,7/23/2026,17950.0,5.0
RU2704.SHF,7/24/2026,17710.0,18.0
RU2704.SHF,7/27/2026,17700.0,4.0
RU2704.SHF,7/28/2026,17625.0,10.0
RU2704.SHF,7/29/2026,17235.0,28.0
RU2704.SHF,7/30/2026,17240.0,27.0
RU2704.SHF,7/31/2026,17355.0,15.0
RU2704.SHF,8/3/2026,17220.0,25.0
RU2704.SHF,8/4/2026,17650.0,18.0
RU2704.SHF,8/5/2026,17665.0,6.0
RU2704.SHF,8/6/2026,17805.0,4.0
RU2704.SHF,8/7/2026,17850.0,7.0
RU2704.SHF,8/10/2026,17825.0,1.0
RU2704.SHF,8/11/2026,17885.0,8.0
RU2704.SHF,8/12/2026,17980.0,22.0
RU2704.SHF,8/13/2026,17890.0,5.0
RU2704.SHF,8/14/2026,17740.0,4.0
RU2704.SHF,8/17/2026,18075.0,2.0
RU2704.SHF,8/18/2026,18055.0,5.0
RU2704.SHF,8/19/2026,18230.0,8.0
RU2704.SHF,8/20/2026,18510.0,16.0
RU2704.SHF,8/21/2026,18525.0,2.0
RU2704.SHF,8/24/2026,18680.0,25.0
RU2704.SHF,8/25/2026,18600.0,12.0
RU2704.SHF,8/26/2026,18505.0,8.0
RU2704.SHF,8/27/2026,18795.0,19.0
RU2704.SHF,8/28/2026,18930.0,16.0
RU2705.SHF,6/22/2026,18660.0,449.0
RU2705.SHF,6/23/2026,18490.0,1213.0
RU2705.SHF,6/24/2026,18445.0,830.0
RU2705.SHF,6/25/2026,17515.0,4801.0
RU2705.SHF,6/26/2026,17380.0,1066.0
RU2705.SHF,6/29/2026,17600.0,834.0
RU2705.SHF,6/30/2026,17700.0,919.0
RU2705.SHF,7/1/2026,17570.0,549.0
RU2705.SHF,7/2/2026,17480.0,885.0
RU2705.SHF,7/3/2026,17690.0,1108.0
RU2705.SHF,7/6/2026,17835.0,1272.0
RU2705.SHF,7/7/2026,17885.0,692.0
RU2705.SHF,7/8/2026,17830.0,914.0
RU2705.SHF,7/9/2026,17795.0,1049.0
RU2705.SHF,7/10/2026,17820.0,778.0
RU2705.SHF,7/13/2026,17835.0,1213.0
RU2705.SHF,7/14/2026,18015.0,1447.0
RU2705.SHF,7/15/2026,18150.0,893.0
RU2705.SHF,7/16/2026,17870.0,1016.0
RU2705.SHF,7/17/2026,17760.0,1746.0
RU2705.SHF,7/20/2026,17890.0,1770.0
RU2705.SHF,7/21/2026,17730.0,1503.0
RU2705.SHF,7/22/2026,17845.0,1089.0
RU2705.SHF,7/23/2026,17935.0,1007.0
RU2705.SHF,7/24/2026,17705.0,1731.0
RU2705.SHF,7/27/2026,17700.0,1114.0
RU2705.SHF,7/28/2026,17625.0,1759.0
RU2705.SHF,7/29/2026,17240.0,2965.0
RU2705.SHF,7/30/2026,17240.0,3613.0
RU2705.SHF,7/31/2026,17335.0,3573.0
RU2705.SHF,8/3/2026,17225.0,3115.0
RU2705.SHF,8/4/2026,17580.0,3605.0
RU2705.SHF,8/5/2026,17665.0,1359.0
RU2705.SHF,8/6/2026,17830.0,2783.0
RU2705.SHF,8/7/2026,17850.0,2662.0
RU2705.SHF,8/10/2026,17825.0,2285.0
RU2705.SHF,8/11/2026,17855.0,2415.0
RU2705.SHF,8/12/2026,17915.0,4543.0
RU2705.SHF,8/13/2026,17860.0,3166.0
RU2705.SHF,8/14/2026,17780.0,3996.0
RU2705.SHF,8/17/2026,18000.0,5491.0
RU2705.SHF,8/18/2026,18030.0,4274.0
RU2705.SHF,8/19/2026,18210.0,5427.0
RU2705.SHF,8/20/2026,18470.0,9159.0
RU2705.SHF,8/21/2026,18520.0,8458.0
RU2705.SHF,8/24/2026,18660.0,14819.0
RU2705.SHF,8/25/2026,18565.0,11308.0
RU2705.SHF,8/26/2026,18545.0,13879.0
RU2705.SHF,8/27/2026,18815.0,14254.0
RU2705.SHF,8/28/2026,18965.0,18240.0
RU2706.SHF,6/22/2026,18650.0,22.0
RU2706.SHF,6/23/2026,18485.0,18.0
RU2706.SHF,6/24/2026,18455.0,14.0
RU2706.SHF,6/25/2026,17550.0,54.0
RU2706.SHF,6/26/2026,17385.0,31.0
RU2706.SHF,6/29/2026,17580.0,10.0
RU2706.SHF,6/30/2026,17670.0,17.0
RU2706.SHF,7/1/2026,17580.0,17.0
RU2706.SHF,7/2/2026,17465.0,27.0
RU2706.SHF,7/3/2026,17685.0,21.0
RU2706.SHF,7/6/2026,17800.0,56.0
RU2706.SHF,7/7/2026,17840.0,24.0
RU2706.SHF,7/8/2026,17800.0,17.0
RU2706.SHF,7/9/2026,17780.0,27.0
RU2706.SHF,7/10/2026,17750.0,30.0
RU2706.SHF,7/13/2026,17810.0,16.0
RU2706.SHF,7/14/2026,17970.0,36.0
RU2706.SHF,7/15/2026,18115.0,22.0
RU2706.SHF,7/16/2026,17810.0,16.0
RU2706.SHF,7/17/2026,17740.0,30.0
RU2706.SHF,7/20/2026,17895.0,19.0
RU2706.SHF,7/21/2026,17700.0,19.0
RU2706.SHF,7/22/2026,17865.0,10.0
RU2706.SHF,7/23/2026,17950.0,5.0
RU2706.SHF,7/24/2026,17720.0,20.0
RU2706.SHF,7/27/2026,17725.0,9.0
RU2706.SHF,7/28/2026,17640.0,14.0
RU2706.SHF,7/29/2026,17345.0,46.0
RU2706.SHF,7/30/2026,17285.0,10.0
RU2706.SHF,7/31/2026,17360.0,14.0
RU2706.SHF,8/3/2026,17410.0,8.0
RU2706.SHF,8/4/2026,17655.0,22.0
RU2706.SHF,8/5/2026,17650.0,8.0
RU2706.SHF,8/6/2026,17810.0,17.0
RU2706.SHF,8/7/2026,17865.0,10.0
RU2706.SHF,8/10/2026,17845.0,4.0
RU2706.SHF,8/11/2026,17885.0,7.0
RU2706.SHF,8/12/2026,17940.0,52.0
RU2706.SHF,8/13/2026,17840.0,15.0
RU2706.SHF,8/14/2026,17770.0,18.0
RU2706.SHF,8/17/2026,18020.0,26.0
RU2706.SHF,8/18/2026,18000.0,16.0
RU2706.SHF,8/19/2026,18190.0,29.0
RU2706.SHF,8/20/2026,18465.0,29.0
RU2706.SHF,8/21/2026,18520.0,25.0
RU2706.SHF,8/24/2026,18665.0,30.0
RU2706.SHF,8/25/2026,18610.0,32.0
RU2706.SHF,8/26/2026,18560.0,12.0
RU2706.SHF,8/27/2026,18705.0,11.0
RU2706.SHF,8/28/2026,18945.0,48.0
RU2707.SHF,7/16/2026,17865.0,2.0
RU2707.SHF,7/17/2026,17745.0,8.0
RU2707.SHF,7/20/2026,18000.0,7.0
RU2707.SHF,7/21/2026,17745.0,8.0
RU2707.SHF,7/22/2026,17870.0,11.0
RU2707.SHF,7/23/2026,17940.0,2.0
RU2707.SHF,7/24/2026,17735.0,4.0
RU2707.SHF,7/27/2026,17690.0,15.0
RU2707.SHF,7/28/2026,17695.0,11.0
RU2707.SHF,7/29/2026,17330.0,22.0
RU2707.SHF,7/30/2026,17300.0,7.0
RU2707.SHF,7/31/2026,17350.0,18.0
RU2707.SHF,8/3/2026,17260.0,19.0
RU2707.SHF,8/4/2026,17610.0,25.0
RU2707.SHF,8/5/2026,17650.0,6.0
RU2707.SHF,8/6/2026,17800.0,12.0
RU2707.SHF,8/7/2026,17810.0,6.0
RU2707.SHF,8/10/2026,17800.0,2.0
RU2707.SHF,8/11/2026,17855.0,1.0
RU2707.SHF,8/12/2026,17900.0,12.0
RU2707.SHF,8/13/2026,17835.0,7.0
RU2707.SHF,8/14/2026,17760.0,7.0
RU2707.SHF,8/17/2026,18005.0,23.0
RU2707.SHF,8/18/2026,17990.0,3.0
RU2707.SHF,8/19/2026,18170.0,27.0
RU2707.SHF,8/20/2026,18450.0,37.0
RU2707.SHF,8/21/2026,18500.0,18.0
RU2707.SHF,8/24/2026,18590.0,26.0
RU2707.SHF,8/25/2026,18530.0,24.0
RU2707.SHF,8/26/2026,18535.0,25.0
RU2707.SHF,8/27/2026,18765.0,9.0
RU2707.SHF,8/28/2026,18925.0,27.0
RU2708.SHF,8/18/2026,17970.0,0.0
RU2708.SHF,8/19/2026,18200.0,11.0
RU2708.SHF,8/20/2026,18500.0,17.0
RU2708.SHF,8/21/2026,18520.0,6.0
RU2708.SHF,8/24/2026,18615.0,21.0
RU2708.SHF,8/25/2026,18550.0,24.0
RU2708.SHF,8/26/2026,18560.0,24.0
RU2708.SHF,8/27/2026,18785.0,14.0
RU2708.SHF,8/28/2026,18905.0,36.0
RU8888.SHF,6/22/2026,17982.0,216987.0
RU8888.SHF,6/23/2026,17823.0,402974.0
RU8888.SHF,6/24/2026,17767.0,341113.0
RU8888.SHF,6/25/2026,16861.0,622110.0
RU8888.SHF,6/26/2026,16715.0,344626.0
RU8888.SHF,6/29/2026,16870.0,307733.0
RU8888.SHF,6/30/2026,16958.0,275638.0
RU8888.SHF,7/1/2026,16863.0,240056.0
RU8888.SHF,7/2/2026,16780.0,272161.0
RU8888.SHF,7/3/2026,16965.0,282996.0
RU8888.SHF,7/6/2026,17125.0,300110.0
RU8888.SHF,7/7/2026,17196.0,216935.0
RU8888.SHF,7/8/2026,17201.0,294983.0
RU8888.SHF,7/9/2026,17146.0,277670.0
RU8888.SHF,7/10/2026,17146.0,285841.0
RU8888.SHF,7/13/2026,17155.0,269517.0
RU8888.SHF,7/14/2026,17336.0,404108.0
RU8888.SHF,7/15/2026,17473.0,267026.0
RU8888.SHF,7/16/2026,17197.0,284526.0
RU8888.SHF,7/17/2026,17099.0,318915.0
RU8888.SHF,7/20/2026,17278.0,307976.0
RU8888.SHF,7/21/2026,17114.0,306146.0
RU8888.SHF,7/22/2026,17227.0,279572.0
RU8888.SHF,7/23/2026,17332.0,234194.0
RU8888.SHF,7/24/2026,17089.0,300542.0
RU8888.SHF,7/27/2026,17094.0,287048.0
RU8888.SHF,7/28/2026,17053.0,331008.0
RU8888.SHF,7/29/2026,16698.0,419959.0
RU8888.SHF,7/30/2026,16746.0,297062.0
RU8888.SHF,7/31/2026,16808.0,306967.0
RU8888.SHF,8/3/2026,16711.0,273847.0
RU8888.SHF,8/4/2026,17134.0,357707.0
RU8888.SHF,8/5/2026,17225.0,200419.0
RU8888.SHF,8/6/2026,17403.0,289341.0
RU8888.SHF,8/7/2026,17447.0,186170.0
RU8888.SHF,8/10/2026,17457.0,187050.0
RU8888.SHF,8/11/2026,17527.0,198549.0
RU8888.SHF,8/12/2026,17630.0,259163.0
RU8888.SHF,8/13/2026,17591.0,215493.0
RU8888.SHF,8/14/2026,17532.0,211436.0
RU8888.SHF,8/17/2026,17793.0,246885.0
RU8888.SHF,8/18/2026,17819.0,219047.0
RU8888.SHF,8/19/2026,18021.0,264964.0
RU8888.SHF,8/20/2026,18291.0,299493.0
RU8888.SHF,8/21/2026,18339.0,308081.0
RU8888.SHF,8/24/2026,18470.0,342566.0
RU8888.SHF,8/25/2026,18412.0,336840.0
RU8888.SHF,8/26/2026,18434.0,285715.0
RU8888.SHF,8/27/2026,18711.0,309878.0
RU8888.SHF,8/28/2026,18871.0,367792.0
RUZL1.SHF,6/22/2026,17845.0,192459.0
RUZL1.SHF,6/23/2026,17675.0,354106.0
RUZL1.SHF,6/24/2026,17605.0,303855.0
RUZL1.SHF,6/25/2026,16685.0,542923.0
RUZL1.SHF,6/26/2026,16530.0,306172.0
RUZL1.SHF,6/29/2026,16660.0,269024.0
RUZL1.SHF,6/30/2026,16750.0,247141.0
RUZL1.SHF,7/1/2026,16655.0,210972.0
RUZL1.SHF,7/2/2026,16570.0,236497.0
RUZL1.SHF,7/3/2026,16755.0,245822.0
RUZL1.SHF,7/6/2026,16910.0,259076.0
RUZL1.SHF,7/7/2026,16970.0,184168.0
RUZL1.SHF,7/8/2026,16980.0,256454.0
RUZL1.SHF,7/9/2026,16920.0,241288.0
RUZL1.SHF,7/10/2026,16905.0,254333.0
RUZL1.SHF,7/13/2026,16910.0,228177.0
RUZL1.SHF,7/14/2026,17065.0,342733.0
RUZL1.SHF,7/15/2026,17190.0,225986.0
RUZL1.SHF,7/16/2026,16905.0,235520.0
RUZL1.SHF,7/17/2026,16805.0,265355.0
RUZL1.SHF,7/20/2026,16985.0,260569.0
RUZL1.SHF,7/21/2026,16815.0,259876.0
RUZL1.SHF,7/22/2026,16930.0,230082.0
RUZL1.SHF,7/23/2026,17030.0,192530.0
RUZL1.SHF,7/24/2026,16765.0,251410.0
RUZL1.SHF,7/27/2026,16760.0,235582.0
RUZL1.SHF,7/28/2026,16710.0,267399.0
RUZL1.SHF,7/29/2026,16370.0,322915.0
RUZL1.SHF,7/30/2026,16385.0,219962.0
RUZL1.SHF,7/31/2026,16375.0,221811.0
RUZL1.SHF,8/3/2026,16295.0,199314.0
RUZL1.SHF,8/4/2026,16685.0,257314.0
RUZL1.SHF,8/5/2026,16745.0,136556.0
RUZL1.SHF,8/6/2026,16895.0,183268.0
RUZL1.SHF,8/7/2026,16900.0,112401.0
RUZL1.SHF,8/10/2026,16905.0,103452.0
RUZL1.SHF,8/11/2026,16960.0,101772.0
RUZL1.SHF,8/12/2026,17950.0,140811.0
RUZL1.SHF,8/13/2026,17875.0,140859.0
RUZL1.SHF,8/14/2026,17790.0,155968.0
RUZL1.SHF,8/17/2026,18030.0,190655.0
RUZL1.SHF,8/18/2026,18035.0,182424.0
RUZL1.SHF,8/19/2026,18215.0,220127.0
RUZL1.SHF,8/20/2026,18460.0,246006.0
RUZL1.SHF,8/21/2026,18500.0,254864.0
RUZL1.SHF,8/24/2026,18610.0,280954.0
RUZL1.SHF,8/25/2026,18545.0,278638.0
RUZL1.SHF,8/26/2026,18540.0,242342.0
RUZL1.SHF,8/27/2026,18795.0,270421.0
RUZL1.SHF,8/28/2026,18940.0,324068.0
RUZL2.SHF,6/22/2026,17845.0,192459.0
RUZL2.SHF,6/23/2026,17675.0,354106.0
RUZL2.SHF,6/24/2026,17605.0,303855.0
RUZL2.SHF,6/25/2026,16685.0,542923.0
RUZL2.SHF,6/26/2026,16530.0,306172.0
RUZL2.SHF,6/29/2026,16660.0,269024.0
RUZL2.SHF,6/30/2026,16750.0,247141.0
RUZL2.SHF,7/1/2026,16655.0,210972.0
RUZL2.SHF,7/2/2026,16570.0,236497.0
RUZL2.SHF,7/3/2026,16755.0,245822.0
RUZL2.SHF,7/6/2026,16910.0,259076.0
RUZL2.SHF,7/7/2026,16970.0,184168.0
RUZL2.SHF,7/8/2026,16980.0,256454.0
RUZL2.SHF,7/9/2026,16920.0,241288.0
RUZL2.SHF,7/10/2026,16905.0,254333.0
RUZL2.SHF,7/13/2026,16910.0,228177.0
RUZL2.SHF,7/14/2026,17065.0,342733.0
RUZL2.SHF,7/15/2026,17190.0,225986.0
RUZL2.SHF,7/16/2026,16905.0,235520.0
RUZL2.SHF,7/17/2026,16805.0,265355.0
RUZL2.SHF,7/20/2026,16985.0,260569.0
RUZL2.SHF,7/21/2026,16815.0,259876.0
RUZL2.SHF,7/22/2026,16930.0,230082.0
RUZL2.SHF,7/23/2026,17030.0,192530.0
RUZL2.SHF,7/24/2026,16765.0,251410.0
RUZL2.SHF,7/27/2026,16760.0,235582.0
RUZL2.SHF,7/28/2026,16710.0,267399.0
RUZL2.SHF,7/29/2026,16370.0,322915.0
RUZL2.SHF,7/30/2026,16385.0,219962.0
RUZL2.SHF,7/31/2026,16375.0,221811.0
RUZL2.SHF,8/3/2026,16295.0,199314.0
RUZL2.SHF,8/4/2026,16685.0,257314.0
RUZL2.SHF,8/5/2026,17660.0,60082.0
RUZL2.SHF,8/6/2026,17815.0,98941.0
RUZL2.SHF,8/7/2026,17840.0,68126.0
RUZL2.SHF,8/10/2026,17835.0,78898.0
RUZL2.SHF,8/11/2026,17875.0,92303.0
RUZL2.SHF,8/12/2026,17950.0,140811.0
RUZL2.SHF,8/13/2026,17875.0,140859.0
RUZL2.SHF,8/14/2026,17790.0,155968.0
RUZL2.SHF,8/17/2026,18030.0,190655.0
RUZL2.SHF,8/18/2026,18035.0,182424.0
RUZL2.SHF,8/19/2026,18215.0,220127.0
RUZL2.SHF,8/20/2026,18460.0,246006.0
RUZL2.SHF,8/21/2026,18500.0,254864.0
RUZL2.SHF,8/24/2026,18610.0,280954.0
RUZL2.SHF,8/25/2026,18545.0,278638.0
RUZL2.SHF,8/26/2026,18540.0,242342.0
RUZL2.SHF,8/27/2026,18795.0,270421.0
RUZL2.SHF,8/28/2026,18940.0,324068.0
RUZL.SHF,6/22/2026,17845.0,192459.0
RUZL.SHF,6/23/2026,17675.0,354106.0
RUZL.SHF,6/24/2026,17605.0,303855.0
RUZL.SHF,6/25/2026,16685.0,542923.0
RUZL.SHF,6/26/2026,16530.0,306172.0
RUZL.SHF,6/29/2026,16660.0,269024.0
RUZL.SHF,6/30/2026,16750.0,247141.0
RUZL.SHF,7/1/2026,16655.0,210972.0
RUZL.SHF,7/2/2026,16570.0,236497.0
RUZL.SHF,7/3/2026,16755.0,245822.0
RUZL.SHF,7/6/2026,16910.0,259076.0
RUZL.SHF,7/7/2026,16970.0,184168.0
RUZL.SHF,7/8/2026,16980.0,256454.0
RUZL.SHF,7/9/2026,16920.0,241288.0
RUZL.SHF,7/10/2026,16905.0,254333.0
RUZL.SHF,7/13/2026,16910.0,228177.0
RUZL.SHF,7/14/2026,17065.0,342733.0
RUZL.SHF,7/15/2026,17190.0,225986.0
RUZL.SHF,7/16/2026,16905.0,235520.0
RUZL.SHF,7/17/2026,16805.0,265355.0
RUZL.SHF,7/20/2026,16985.0,260569.0
RUZL.SHF,7/21/2026,16815.0,259876.0
RUZL.SHF,7/22/2026,16930.0,230082.0
RUZL.SHF,7/23/2026,17030.0,192530.0
RUZL.SHF,7/24/2026,16765.0,251410.0
RUZL.SHF,7/27/2026,16760.0,235582.0
RUZL.SHF,7/28/2026,16710.0,267399.0
RUZL.SHF,7/29/2026,16370.0,322915.0
RUZL.SHF,7/30/2026,16385.0,219962.0
RUZL.SHF,7/31/2026,16375.0,221811.0
RUZL.SHF,8/3/2026,16295.0,199314.0
RUZL.SHF,8/4/2026,16685.0,257314.0
RUZL.SHF,8/5/2026,16745.0,136556.0
RUZL.SHF,8/6/2026,16895.0,183268.0
RUZL.SHF,8/7/2026,16900.0,112401.0
RUZL.SHF,8/10/2026,16905.0,103452.0
RUZL.SHF,8/11/2026,16960.0,101772.0
RUZL.SHF,8/12/2026,17035.0,110658.0
RUZL.SHF,8/13/2026,17875.0,140859.0
RUZL.SHF,8/14/2026,17790.0,155968.0
RUZL.SHF,8/17/2026,18030.0,190655.0
RUZL.SHF,8/18/2026,18035.0,182424.0
RUZL.SHF,8/19/2026,18215.0,220127.0
RUZL.SHF,8/20/2026,18460.0,246006.0
RUZL.SHF,8/21/2026,18500.0,254864.0
RUZL.SHF,8/24/2026,18610.0,280954.0
RUZL.SHF,8/25/2026,18545.0,278638.0
RUZL.SHF,8/26/2026,18540.0,242342.0
RUZL.SHF,8/27/2026,18795.0,270421.0
RUZL.SHF,8/28/2026,18940.0,324068.0
SC00.INE,8/31/2026,623.6,3.0
SC01.INE,8/31/2026,635.1,189512.0
SC02.INE,8/31/2026,609.4,34520.0
SC03.INE,8/31/2026,594.0,13432.0
SC2609.INE,8/31/2026,623.6,3.0
SC2610.INE,8/31/2026,635.1,189512.0
SC2611.INE,8/31/2026,609.4,34520.0
SC2612.INE,8/31/2026,594.0,13432.0
SC2701.INE,8/31/2026,581.0,4015.0
SC2702.INE,8/31/2026,569.3,927.0
SC2703.INE,8/31/2026,559.0,998.0
SC2704.INE,8/31/2026,553.9,44.0
SC2705.INE,8/31/2026,546.4,8.0
SC2706.INE,8/31/2026,535.7,47.0
SC2707.INE,8/31/2026,544.9,1.0
SC2708.INE,8/31/2026,519.5,0.0
SC2709.INE,8/31/2026,526.8,4.0
SC2712.INE,8/31/2026,514.7,6.0
SC2803.INE,8/31/2026,510.0,2.0
SC2806.INE,8/31/2026,508.0,3.0
SC2809.INE,8/31/2026,489.5,2.0
SC2812.INE,8/31/2026,499.7,2.0
SC2903.INE,8/31/2026,495.0,8.0
SC2906.INE,8/31/2026,495.0,18.0
SC8888.INE,8/31/2026,615.1,243552.0
SCZL1.INE,8/31/2026,635.1,189512.0
SCZL2.INE,8/31/2026,635.1,189512.0
SCZL.INE,8/31/2026,635.1,189512.0
AU00.SHF,8/31/2026,958.2,1731.0
AU01.SHF,8/31/2026,961.92,604495.0
AU02.SHF,8/31/2026,963.2,2536.0
AU03.SHF,8/31/2026,964.3,136604.0
AU2609.SHF,8/31/2026,958.2,1731.0
AU2610.SHF,8/31/2026,961.92,604495.0
AU2611.SHF,8/31/2026,963.2,2536.0
AU2612.SHF,8/31/2026,964.3,136604.0
AU2702.SHF,8/31/2026,966.52,46951.0
AU2704.SHF,8/31/2026,968.3,10903.0
AU2706.SHF,8/31/2026,970.78,2321.0
AU2708.SHF,8/31/2026,972.94,1468.0
AU8888.SHF,8/31/2026,963.8,807009.0
AUZL1.SHF,8/31/2026,961.92,604495.0
AUZL2.SHF,8/31/2026,961.92,604495.0
AUZL.SHF,8/31/2026,961.92,604495.0
AG00.SHF,8/31/2026,16360.0,5930.0
AG01.SHF,8/31/2026,16293.0,1214308.0
AG02.SHF,8/31/2026,16323.0,124096.0
AG03.SHF,8/31/2026,16330.0,257003.0
AG2609.SHF,8/31/2026,16360.0,5930.0
AG2610.SHF,8/31/2026,16293.0,1214308.0
AG2611.SHF,8/31/2026,16323.0,124096.0
AG2612.SHF,8/31/2026,16330.0,257003.0
AG2701.SHF,8/31/2026,16363.0,32954.0
AG2702.SHF,8/31/2026,16360.0,312989.0
AG2703.SHF,8/31/2026,16389.0,4298.0
AG2704.SHF,8/31/2026,16389.0,21675.0
AG2705.SHF,8/31/2026,16409.0,4755.0
AG2706.SHF,8/31/2026,16427.0,7688.0
AG2707.SHF,8/31/2026,16431.0,10452.0
AG2708.SHF,8/31/2026,16450.0,9160.0
AG8888.SHF,8/31/2026,16324.0,2005308.0
AGZL1.SHF,8/31/2026,16293.0,1214308.0
AGZL2.SHF,8/31/2026,16293.0,1214308.0
AGZL.SHF,8/31/2026,16293.0,1214308.0
CU00.SHF,8/31/2026,109500.0,41481.0
CU01.SHF,8/31/2026,109100.0,129761.0
CU02.SHF,8/31/2026,108800.0,35519.0
CU03.SHF,8/31/2026,108590.0,15584.0
CU2609.SHF,8/31/2026,109500.0,41481.0
CU2610.SHF,8/31/2026,109100.0,129761.0
CU2611.SHF,8/31/2026,108800.0,35519.0
CU2612.SHF,8/31/2026,108590.0,15584.0
CU2701.SHF,8/31/2026,108300.0,9030.0
CU2702.SHF,8/31/2026,108110.0,3492.0
CU2703.SHF,8/31/2026,108030.0,1275.0
CU2704.SHF,8/31/2026,107920.0,1145.0
CU2705.SHF,8/31/2026,108050.0,812.0
CU2706.SHF,8/31/2026,108010.0,286.0
CU2707.SHF,8/31/2026,108080.0,339.0
CU2708.SHF,8/31/2026,107960.0,246.0
CU8888.SHF,8/31/2026,108848.0,238970.0
CUZL1.SHF,8/31/2026,109100.0,129761.0
CUZL2.SHF,8/31/2026,109100.0,129761.0
CUZL.SHF,8/31/2026,109100.0,129761.0
I00.DCE,8/31/2026,753.0,14101.0
I01.DCE,8/31/2026,741.5,27643.0
I02.DCE,8/31/2026,737.5,10898.0
I03.DCE,8/31/2026,733.0,9961.0
I2609.DCE,8/31/2026,753.0,14101.0
I2610.DCE,8/31/2026,741.5,27643.0
I2611.DCE,8/31/2026,737.5,10898.0
I2612.DCE,8/31/2026,733.0,9961.0
I2701.DCE,8/31/2026,727.0,224375.0
I2702.DCE,8/31/2026,724.5,5983.0
I2703.DCE,8/31/2026,722.0,2551.0
I2704.DCE,8/31/2026,719.0,967.0
I2705.DCE,8/31/2026,715.5,14885.0
I2706.DCE,8/31/2026,712.5,646.0
I2707.DCE,8/31/2026,710.5,1368.0
I2708.DCE,8/31/2026,708.5,1318.0
I8888.DCE,8/31/2026,727.5,314696.0
IZL1.DCE,8/31/2026,727.0,224375.0
IZL2.DCE,8/31/2026,727.0,224375.0
IZL.DCE,8/31/2026,727.0,224375.0
RU00.SHF,8/31/2026,18070.0,8900.0
RU01.SHF,8/31/2026,18065.0,262.0
RU02.SHF,8/31/2026,18095.0,6054.0
RU03.SHF,8/31/2026,18965.0,313026.0
RU2609.SHF,8/31/2026,18070.0,8900.0
RU2610.SHF,8/31/2026,18065.0,262.0
RU2611.SHF,8/31/2026,18095.0,6054.0
RU2701.SHF,8/31/2026,18965.0,313026.0
RU2703.SHF,8/31/2026,18955.0,634.0
RU2704.SHF,8/31/2026,18995.0,21.0
RU2705.SHF,8/31/2026,18975.0,30620.0
RU2706.SHF,8/31/2026,18995.0,14.0
RU2707.SHF,8/31/2026,18960.0,31.0
RU2708.SHF,8/31/2026,18955.0,11.0
RU8888.SHF,8/31/2026,18914.0,359573.0
RUZL1.SHF,8/31/2026,18965.0,313026.0
RUZL2.SHF,8/31/2026,18965.0,313026.0
RUZL.SHF,8/31/2026,18965.0,313026.0
SC00.INE,9/1/2026,637.8,129290.0
SC01.INE,9/1/2026,613.4,25133.0
SC02.INE,9/1/2026,598.8,7736.0
SC03.INE,9/1/2026,586.1,1837.0
SC2610.INE,9/1/2026,637.8,129290.0
SC2611.INE,9/1/2026,613.4,25133.0
SC2612.INE,9/1/2026,598.8,7736.0
SC2701.INE,9/1/2026,586.1,1837.0
SC2702.INE,9/1/2026,575.1,193.0
SC2703.INE,9/1/2026,565.7,509.0
SC2704.INE,9/1/2026,558.8,16.0
SC2705.INE,9/1/2026,550.0,12.0
SC2706.INE,9/1/2026,540.0,8.0
SC2707.INE,9/1/2026,544.0,0.0
SC2708.INE,9/1/2026,521.1,0.0
SC2709.INE,9/1/2026,534.0,1.0
SC2712.INE,9/1/2026,517.9,12.0
SC2803.INE,9/1/2026,511.3,3.0
SC2806.INE,9/1/2026,509.9,3.0
SC2809.INE,9/1/2026,495.5,0.0
SC2812.INE,9/1/2026,498.6,0.0
SC2903.INE,9/1/2026,495.9,0.0
SC2906.INE,9/1/2026,496.0,5.0
SC2909.INE,9/1/2026,494.0,0.0
SC8888.INE,9/1/2026,617.9,164758.0
SCZL1.INE,9/1/2026,637.8,129290.0
SCZL2.INE,9/1/2026,637.8,129290.0
SCZL.INE,9/1/2026,637.8,129290.0
AU00.SHF,9/1/2026,960.22,306.0
AU01.SHF,9/1/2026,959.94,224038.0
AU02.SHF,9/1/2026,961.28,564.0
AU03.SHF,9/1/2026,962.38,41926.0
AU2609.SHF,9/1/2026,960.22,306.0
AU2610.SHF,9/1/2026,959.94,224038.0
AU2611.SHF,9/1/2026,961.28,564.0
AU2612.SHF,9/1/2026,962.38,41926.0
AU2702.SHF,9/1/2026,964.6,16835.0
AU2704.SHF,9/1/2026,966.54,4543.0
AU2706.SHF,9/1/2026,968.94,1814.0
AU2708.SHF,9/1/2026,970.82,694.0
AU8888.SHF,9/1/2026,961.94,290720.0
AUZL1.SHF,9/1/2026,959.94,224038.0
AUZL2.SHF,9/1/2026,959.94,224038.0
AUZL.SHF,9/1/2026,959.94,224038.0
AG00.SHF,9/1/2026,16208.0,1044.0
AG01.SHF,9/1/2026,16245.0,466603.0
AG02.SHF,9/1/2026,16265.0,39448.0
AG03.SHF,9/1/2026,16271.0,91085.0
AG2609.SHF,9/1/2026,16208.0,1044.0
AG2610.SHF,9/1/2026,16245.0,466603.0
AG2611.SHF,9/1/2026,16265.0,39448.0
AG2612.SHF,9/1/2026,16271.0,91085.0
AG2701.SHF,9/1/2026,16289.0,17006.0
AG2702.SHF,9/1/2026,16306.0,142781.0
AG2703.SHF,9/1/2026,16320.0,1899.0
AG2704.SHF,9/1/2026,16326.0,6528.0
AG2705.SHF,9/1/2026,16353.0,2507.0
AG2706.SHF,9/1/2026,16363.0,2953.0
AG2707.SHF,9/1/2026,16372.0,3972.0
AG2708.SHF,9/1/2026,16388.0,4349.0
AG8888.SHF,9/1/2026,16270.0,780175.0
AGZL1.SHF,9/1/2026,16245.0,466603.0
AGZL2.SHF,9/1/2026,16245.0,466603.0
AGZL.SHF,9/1/2026,16245.0,466603.0
CU00.SHF,9/1/2026,109650.0,17490.0
CU01.SHF,9/1/2026,109220.0,97783.0
CU02.SHF,9/1/2026,108930.0,26292.0
CU03.SHF,9/1/2026,108710.0,11438.0
CU2609.SHF,9/1/2026,109650.0,17490.0
CU2610.SHF,9/1/2026,109220.0,97783.0
CU2611.SHF,9/1/2026,108930.0,26292.0
CU2612.SHF,9/1/2026,108710.0,11438.0
CU2701.SHF,9/1/2026,108470.0,5363.0
CU2702.SHF,9/1/2026,108230.0,1988.0
CU2703.SHF,9/1/2026,108180.0,810.0
CU2704.SHF,9/1/2026,108140.0,356.0
CU2705.SHF,9/1/2026,108050.0,427.0
CU2706.SHF,9/1/2026,108200.0,135.0
CU2707.SHF,9/1/2026,108180.0,169.0
CU2708.SHF,9/1/2026,108060.0,240.0
CU8888.SHF,9/1/2026,108974.0,162491.0
CUZL1.SHF,9/1/2026,109220.0,97783.0
CUZL2.SHF,9/1/2026,109220.0,97783.0
CUZL.SHF,9/1/2026,109220.0,97783.0
I00.DCE,9/1/2026,749.0,2212.0
I01.DCE,9/1/2026,741.5,34373.0
I02.DCE,9/1/2026,736.5,9772.0
I03.DCE,9/1/2026,731.5,10654.0
I2609.DCE,9/1/2026,749.0,2212.0
I2610.DCE,9/1/2026,741.5,34373.0
I2611.DCE,9/1/2026,736.5,9772.0
I2612.DCE,9/1/2026,731.5,10654.0
I2701.DCE,9/1/2026,726.5,255263.0
I2702.DCE,9/1/2026,724.5,5245.0
I2703.DCE,9/1/2026,721.0,3035.0
I2704.DCE,9/1/2026,719.0,1354.0
I2705.DCE,9/1/2026,714.0,17673.0
I2706.DCE,9/1/2026,712.0,1233.0
I2707.DCE,9/1/2026,710.0,1347.0
I2708.DCE,9/1/2026,707.5,1191.0
I8888.DCE,9/1/2026,726.7,343352.0
IZL1.DCE,9/1/2026,726.5,255263.0
IZL2.DCE,9/1/2026,726.5,255263.0
IZL.DCE,9/1/2026,726.5,255263.0
RU00.SHF,9/1/2026,17940.0,3658.0
RU01.SHF,9/1/2026,18000.0,577.0
RU02.SHF,9/1/2026,17960.0,5241.0
RU03.SHF,9/1/2026,18790.0,315300.0
RU2609.SHF,9/1/2026,17940.0,3658.0
RU2610.SHF,9/1/2026,18000.0,577.0
RU2611.SHF,9/1/2026,17960.0,5241.0
RU2701.SHF,9/1/2026,18790.0,315300.0
RU2703.SHF,9/1/2026,18795.0,457.0
RU2704.SHF,9/1/2026,18855.0,11.0
RU2705.SHF,9/1/2026,18815.0,33735.0
RU2706.SHF,9/1/2026,18830.0,18.0
RU2707.SHF,9/1/2026,18855.0,40.0
RU2708.SHF,9/1/2026,18735.0,20.0
RU8888.SHF,9/1/2026,18746.0,359057.0
RUZL1.SHF,9/1/2026,18790.0,315300.0
RUZL2.SHF,9/1/2026,18790.0,315300.0
RUZL.SHF,9/1/2026,18790.0,315300.0
SC00.INE,9/2/2026,693.3,245258.0
SC01.INE,9/2/2026,652.3,59487.0
SC02.INE,9/2/2026,627.3,19420.0
SC03.INE,9/2/2026,605.9,5546.0
SC2610.INE,9/2/2026,693.3,245258.0
SC2611.INE,9/2/2026,652.3,59487.0
SC2612.INE,9/2/2026,627.3,19420.0
SC2701.INE,9/2/2026,605.9,5546.0
SC2702.INE,9/2/2026,589.1,819.0
SC2703.INE,9/2/2026,575.2,1669.0
SC2704.INE,9/2/2026,562.3,334.0
SC2705.INE,9/2/2026,551.1,30.0
SC2706.INE,9/2/2026,540.0,50.0
SC2707.INE,9/2/2026,537.3,8.0
SC2708.INE,9/2/2026,533.0,4.0
SC2709.INE,9/2/2026,525.2,5.0
SC2712.INE,9/2/2026,519.7,15.0
SC2803.INE,9/2/2026,516.7,1.0
SC2806.INE,9/2/2026,520.5,3.0
SC2809.INE,9/2/2026,503.1,9.0
SC2812.INE,9/2/2026,515.0,2.0
SC2903.INE,9/2/2026,509.0,16.0
SC2906.INE,9/2/2026,499.0,12.0
SC2909.INE,9/2/2026,501.8,4.0
SC8888.INE,9/2/2026,658.1,332692.0
SCZL1.INE,9/2/2026,693.3,245258.0
SCZL2.INE,9/2/2026,693.3,245258.0
SCZL.INE,9/2/2026,693.3,245258.0
AU00.SHF,9/2/2026,937.56,177.0
AU01.SHF,9/2/2026,938.22,361505.0
AU02.SHF,9/2/2026,939.4,1247.0
AU03.SHF,9/2/2026,940.62,95719.0
AU2609.SHF,9/2/2026,937.56,177.0
AU2610.SHF,9/2/2026,938.22,361505.0
AU2611.SHF,9/2/2026,939.4,1247.0
AU2612.SHF,9/2/2026,940.62,95719.0
AU2702.SHF,9/2/2026,942.88,25525.0
AU2704.SHF,9/2/2026,944.54,7423.0
AU2706.SHF,9/2/2026,946.88,3625.0
AU2708.SHF,9/2/2026,949.08,1567.0
AU8888.SHF,9/2/2026,940.27,496788.0
AUZL1.SHF,9/2/2026,938.22,361505.0
AUZL2.SHF,9/2/2026,938.22,361505.0
AUZL.SHF,9/2/2026,938.22,361505.0
AG00.SHF,9/2/2026,15594.0,820.0
AG01.SHF,9/2/2026,15631.0,564387.0
AG02.SHF,9/2/2026,15640.0,40865.0
AG03.SHF,9/2/2026,15659.0,127619.0
AG2609.SHF,9/2/2026,15594.0,820.0
AG2610.SHF,9/2/2026,15631.0,564387.0
AG2611.SHF,9/2/2026,15640.0,40865.0
AG2612.SHF,9/2/2026,15659.0,127619.0
AG2701.SHF,9/2/2026,15675.0,20240.0
AG2702.SHF,9/2/2026,15688.0,180158.0
AG2703.SHF,9/2/2026,15715.0,2653.0
AG2704.SHF,9/2/2026,15712.0,9977.0
AG2705.SHF,9/2/2026,15740.0,5796.0
AG2706.SHF,9/2/2026,15754.0,3354.0
AG2707.SHF,9/2/2026,15750.0,4448.0
AG2708.SHF,9/2/2026,15775.0,5067.0
AG8888.SHF,9/2/2026,15657.0,965384.0
AGZL1.SHF,9/2/2026,15631.0,564387.0
AGZL2.SHF,9/2/2026,15631.0,564387.0
AGZL.SHF,9/2/2026,15631.0,564387.0
CU00.SHF,9/2/2026,108650.0,30195.0
CU01.SHF,9/2/2026,108040.0,129053.0
CU02.SHF,9/2/2026,107730.0,42212.0
CU03.SHF,9/2/2026,107460.0,19722.0
CU2609.SHF,9/2/2026,108650.0,30195.0
CU2610.SHF,9/2/2026,108040.0,129053.0
CU2611.SHF,9/2/2026,107730.0,42212.0
CU2612.SHF,9/2/2026,107460.0,19722.0
CU2701.SHF,9/2/2026,107220.0,8010.0
CU2702.SHF,9/2/2026,107090.0,3507.0
CU2703.SHF,9/2/2026,106910.0,4056.0
CU2704.SHF,9/2/2026,107000.0,1263.0
CU2705.SHF,9/2/2026,106990.0,741.0
CU2706.SHF,9/2/2026,107030.0,250.0
CU2707.SHF,9/2/2026,107070.0,405.0
CU2708.SHF,9/2/2026,106950.0,290.0
CU8888.SHF,9/2/2026,107766.0,239704.0
CUZL1.SHF,9/2/2026,108040.0,129053.0
CUZL2.SHF,9/2/2026,108040.0,129053.0
CUZL.SHF,9/2/2026,108040.0,129053.0
I00.DCE,9/2/2026,745.0,162.0
I01.DCE,9/2/2026,729.5,32592.0
I02.DCE,9/2/2026,723.5,14498.0
I03.DCE,9/2/2026,719.5,12364.0
I2609.DCE,9/2/2026,745.0,162.0
I2610.DCE,9/2/2026,729.5,32592.0
I2611.DCE,9/2/2026,723.5,14498.0
I2612.DCE,9/2/2026,719.5,12364.0
I2701.DCE,9/2/2026,714.0,312690.0
I2702.DCE,9/2/2026,711.0,2189.0
I2703.DCE,9/2/2026,709.5,1785.0
I2704.DCE,9/2/2026,707.0,755.0
I2705.DCE,9/2/2026,702.0,19697.0
I2706.DCE,9/2/2026,700.5,1048.0
I2707.DCE,9/2/2026,698.5,1902.0
I2708.DCE,9/2/2026,696.0,1761.0
I8888.DCE,9/2/2026,714.2,401443.0
IZL1.DCE,9/2/2026,714.0,312690.0
IZL2.DCE,9/2/2026,714.0,312690.0
IZL.DCE,9/2/2026,714.0,312690.0
RU00.SHF,9/2/2026,17840.0,1736.0
RU01.SHF,9/2/2026,17865.0,567.0
RU02.SHF,9/2/2026,17860.0,4506.0
RU03.SHF,9/2/2026,18655.0,343096.0
RU2609.SHF,9/2/2026,17840.0,1736.0
RU2610.SHF,9/2/2026,17865.0,567.0
RU2611.SHF,9/2/2026,17860.0,4506.0
RU2701.SHF,9/2/2026,18655.0,343096.0
RU2703.SHF,9/2/2026,18655.0,380.0
RU2704.SHF,9/2/2026,18685.0,12.0
RU2705.SHF,9/2/2026,18680.0,36885.0
RU2706.SHF,9/2/2026,18685.0,30.0
RU2707.SHF,9/2/2026,18650.0,10.0
RU2708.SHF,9/2/2026,18645.0,30.0
RU8888.SHF,9/2/2026,18613.0,387252.0
RUZL1.SHF,9/2/2026,18655.0,343096.0
RUZL2.SHF,9/2/2026,18655.0,343096.0
RUZL.SHF,9/2/2026,18655.0,343096.0
SC00.INE,9/3/2026,681.7,201607.0
SC01.INE,9/3/2026,642.3,47291.0
SC02.INE,9/3/2026,615.6,14130.0
SC03.INE,9/3/2026,594.3,5548.0
SC2610.INE,9/3/2026,681.7,201607.0
SC2611.INE,9/3/2026,642.3,47291.0
SC2612.INE,9/3/2026,615.6,14130.0
SC2701.INE,9/3/2026,594.3,5548.0
SC2702.INE,9/3/2026,578.8,782.0
SC2703.INE,9/3/2026,566.3,975.0
SC2704.INE,9/3/2026,554.4,78.0
SC2705.INE,9/3/2026,543.0,50.0
SC2706.INE,9/3/2026,537.1,39.0
SC2707.INE,9/3/2026,534.6,11.0
SC2708.INE,9/3/2026,526.5,6.0
SC2709.INE,9/3/2026,522.1,12.0
SC2712.INE,9/3/2026,515.2,28.0
SC2803.INE,9/3/2026,510.0,8.0
SC2806.INE,9/3/2026,514.5,0.0
SC2809.INE,9/3/2026,500.0,1.0
SC2812.INE,9/3/2026,504.9,0.0
SC2903.INE,9/3/2026,503.9,6.0
SC2906.INE,9/3/2026,496.3,7.0
SC2909.INE,9/3/2026,496.0,4.0
SC8888.INE,9/3/2026,646.5,270583.0
SCZL1.INE,9/3/2026,681.7,201607.0
SCZL2.INE,9/3/2026,681.7,201607.0
SCZL.INE,9/3/2026,681.7,201607.0
AU00.SHF,9/3/2026,957.8,24.0
AU01.SHF,9/3/2026,958.38,303843.0
AU02.SHF,9/3/2026,959.54,665.0
AU03.SHF,9/3/2026,960.88,66396.0
AU2609.SHF,9/3/2026,957.8,24.0
AU2610.SHF,9/3/2026,958.38,303843.0
AU2611.SHF,9/3/2026,959.54,665.0
AU2612.SHF,9/3/2026,960.88,66396.0
AU2702.SHF,9/3/2026,963.22,18142.0
AU2704.SHF,9/3/2026,965.42,5822.0
AU2706.SHF,9/3/2026,967.84,1175.0
AU2708.SHF,9/3/2026,969.88,798.0
AU8888.SHF,9/3/2026,960.61,396865.0
AUZL1.SHF,9/3/2026,958.38,303843.0
AUZL2.SHF,9/3/2026,958.38,303843.0
AUZL.SHF,9/3/2026,958.38,303843.0
AG00.SHF,9/3/2026,16004.0,306.0
AG01.SHF,9/3/2026,16045.0,492625.0
AG02.SHF,9/3/2026,16064.0,29585.0
AG03.SHF,9/3/2026,16082.0,107582.0
AG2609.SHF,9/3/2026,16004.0,306.0
AG2610.SHF,9/3/2026,16045.0,492625.0
AG2611.SHF,9/3/2026,16064.0,29585.0
AG2612.SHF,9/3/2026,16082.0,107582.0
AG2701.SHF,9/3/2026,16097.0,19126.0
AG2702.SHF,9/3/2026,16114.0,163195.0
AG2703.SHF,9/3/2026,16125.0,1755.0
AG2704.SHF,9/3/2026,16141.0,4680.0
AG2705.SHF,9/3/2026,16146.0,1322.0
AG2706.SHF,9/3/2026,16154.0,2536.0
AG2707.SHF,9/3/2026,16171.0,2877.0
AG2708.SHF,9/3/2026,16194.0,3754.0
AG8888.SHF,9/3/2026,16077.0,829343.0
AGZL1.SHF,9/3/2026,16045.0,492625.0
AGZL2.SHF,9/3/2026,16045.0,492625.0
AGZL.SHF,9/3/2026,16045.0,492625.0
CU00.SHF,9/3/2026,108890.0,13055.0
CU01.SHF,9/3/2026,108410.0,64711.0
CU02.SHF,9/3/2026,108080.0,21256.0
CU03.SHF,9/3/2026,107840.0,9552.0
CU2609.SHF,9/3/2026,108890.0,13055.0
CU2610.SHF,9/3/2026,108410.0,64711.0
CU2611.SHF,9/3/2026,108080.0,21256.0
CU2612.SHF,9/3/2026,107840.0,9552.0
CU2701.SHF,9/3/2026,107560.0,3532.0
CU2702.SHF,9/3/2026,107480.0,1705.0
CU2703.SHF,9/3/2026,107340.0,1394.0
CU2704.SHF,9/3/2026,107290.0,135.0
CU2705.SHF,9/3/2026,107280.0,283.0
CU2706.SHF,9/3/2026,107300.0,304.0
CU2707.SHF,9/3/2026,107290.0,124.0
CU2708.SHF,9/3/2026,107280.0,221.0
CU8888.SHF,9/3/2026,108114.0,116272.0
CUZL1.SHF,9/3/2026,108410.0,64711.0
CUZL2.SHF,9/3/2026,108410.0,64711.0
CUZL.SHF,9/3/2026,108410.0,64711.0
I00.DCE,9/3/2026,742.0,147.0
I01.DCE,9/3/2026,744.0,44146.0
I02.DCE,9/3/2026,737.5,15379.0
I03.DCE,9/3/2026,733.0,10554.0
I2609.DCE,9/3/2026,742.0,147.0
I2610.DCE,9/3/2026,744.0,44146.0
I2611.DCE,9/3/2026,737.5,15379.0
I2612.DCE,9/3/2026,733.0,10554.0
I2701.DCE,9/3/2026,726.5,366126.0
I2702.DCE,9/3/2026,723.5,5277.0
I2703.DCE,9/3/2026,720.0,4560.0
I2704.DCE,9/3/2026,717.0,2159.0
I2705.DCE,9/3/2026,712.0,23536.0
I2706.DCE,9/3/2026,710.0,1245.0
I2707.DCE,9/3/2026,708.5,2100.0
I2708.DCE,9/3/2026,706.0,1369.0
I8888.DCE,9/3/2026,726.4,476598.0
IZL1.DCE,9/3/2026,726.5,366126.0
IZL2.DCE,9/3/2026,726.5,366126.0
IZL.DCE,9/3/2026,726.5,366126.0
RU00.SHF,9/3/2026,17820.0,967.0
RU01.SHF,9/3/2026,17835.0,644.0
RU02.SHF,9/3/2026,17860.0,4960.0
RU03.SHF,9/3/2026,18640.0,347739.0
RU2609.SHF,9/3/2026,17820.0,967.0
RU2610.SHF,9/3/2026,17835.0,644.0
RU2611.SHF,9/3/2026,17860.0,4960.0
RU2701.SHF,9/3/2026,18640.0,347739.0
RU2703.SHF,9/3/2026,18635.0,499.0
RU2704.SHF,9/3/2026,18750.0,12.0
RU2705.SHF,9/3/2026,18665.0,32195.0
RU2706.SHF,9/3/2026,18665.0,23.0
RU2707.SHF,9/3/2026,18675.0,28.0
RU2708.SHF,9/3/2026,18610.0,32.0
RU8888.SHF,9/3/2026,18600.0,387099.0
RUZL1.SHF,9/3/2026,18640.0,347739.0
RUZL2.SHF,9/3/2026,18640.0,347739.0
RUZL.SHF,9/3/2026,18640.0,347739.0
SC00.INE,9/4/2026,685.2,161887.0
SC01.INE,9/4/2026,647.1,38358.0
SC02.INE,9/4/2026,621.2,11742.0
SC03.INE,9/4/2026,600.7,2502.0
SC2610.INE,9/4/2026,685.2,161887.0
SC2611.INE,9/4/2026,647.1,38358.0
SC2612.INE,9/4/2026,621.2,11742.0
SC2701.INE,9/4/2026,600.7,2502.0
SC2702.INE,9/4/2026,583.9,320.0
SC2703.INE,9/4/2026,571.1,427.0
SC2704.INE,9/4/2026,559.8,28.0
SC2705.INE,9/4/2026,550.4,13.0
SC2706.INE,9/4/2026,541.8,23.0
SC2707.INE,9/4/2026,537.6,1.0
SC2708.INE,9/4/2026,534.8,4.0
SC2709.INE,9/4/2026,529.6,5.0
SC2712.INE,9/4/2026,520.3,14.0
SC2803.INE,9/4/2026,511.4,0.0
SC2806.INE,9/4/2026,511.0,2.0
SC2809.INE,9/4/2026,506.9,4.0
SC2812.INE,9/4/2026,500.0,2.0
SC2903.INE,9/4/2026,502.0,2.0
SC2906.INE,9/4/2026,498.0,4.0
SC2909.INE,9/4/2026,491.5,2.0
SC8888.INE,9/4/2026,650.6,215340.0
SCZL1.INE,9/4/2026,685.2,161887.0
SCZL2.INE,9/4/2026,685.2,161887.0
SCZL.INE,9/4/2026,685.2,161887.0
AU00.SHF,9/4/2026,969.54,30.0
AU01.SHF,9/4/2026,965.96,274165.0
AU02.SHF,9/4/2026,967.06,1348.0
AU03.SHF,9/4/2026,968.48,66418.0
AU2609.SHF,9/4/2026,969.54,30.0
AU2610.SHF,9/4/2026,965.96,274165.0
AU2611.SHF,9/4/2026,967.06,1348.0
AU2612.SHF,9/4/2026,968.48,66418.0
AU2702.SHF,9/4/2026,970.9,17174.0
AU2704.SHF,9/4/2026,973.26,3900.0
AU2706.SHF,9/4/2026,975.66,1073.0
AU2708.SHF,9/4/2026,978.0,1784.0
AU8888.SHF,9/4/2026,968.31,365892.0
AUZL1.SHF,9/4/2026,965.96,274165.0
AUZL2.SHF,9/4/2026,965.96,274165.0
AUZL.SHF,9/4/2026,965.96,274165.0
AG00.SHF,9/4/2026,16188.0,258.0
AG01.SHF,9/4/2026,16250.0,466955.0
AG02.SHF,9/4/2026,16271.0,25268.0
AG03.SHF,9/4/2026,16286.0,101058.0
AG2609.SHF,9/4/2026,16188.0,258.0
AG2610.SHF,9/4/2026,16250.0,466955.0
AG2611.SHF,9/4/2026,16271.0,25268.0
AG2612.SHF,9/4/2026,16286.0,101058.0
AG2701.SHF,9/4/2026,16310.0,19616.0
AG2702.SHF,9/4/2026,16315.0,160022.0
AG2703.SHF,9/4/2026,16339.0,1768.0
AG2704.SHF,9/4/2026,16348.0,4389.0
AG2705.SHF,9/4/2026,16366.0,1086.0
AG2706.SHF,9/4/2026,16370.0,2272.0
AG2707.SHF,9/4/2026,16389.0,3214.0
AG2708.SHF,9/4/2026,16408.0,4038.0
AG8888.SHF,9/4/2026,16282.0,789944.0
AGZL1.SHF,9/4/2026,16250.0,466955.0
AGZL2.SHF,9/4/2026,16250.0,466955.0
AGZL.SHF,9/4/2026,16250.0,466955.0
CU00.SHF,9/4/2026,109260.0,16045.0
CU01.SHF,9/4/2026,108780.0,75357.0
CU02.SHF,9/4/2026,108460.0,26065.0
CU03.SHF,9/4/2026,108200.0,13650.0
CU2609.SHF,9/4/2026,109260.0,16045.0
CU2610.SHF,9/4/2026,108780.0,75357.0
CU2611.SHF,9/4/2026,108460.0,26065.0
CU2612.SHF,9/4/2026,108200.0,13650.0
CU2701.SHF,9/4/2026,107940.0,5019.0
CU2702.SHF,9/4/2026,107800.0,1784.0
CU2703.SHF,9/4/2026,107700.0,1874.0
CU2704.SHF,9/4/2026,107640.0,913.0
CU2705.SHF,9/4/2026,107660.0,407.0
CU2706.SHF,9/4/2026,107750.0,102.0
CU2707.SHF,9/4/2026,107680.0,154.0
CU2708.SHF,9/4/2026,107640.0,340.0
CU8888.SHF,9/4/2026,108481.0,141710.0
CUZL1.SHF,9/4/2026,108780.0,75357.0
CUZL2.SHF,9/4/2026,108780.0,75357.0
CUZL.SHF,9/4/2026,108780.0,75357.0
I00.DCE,9/4/2026,733.5,0.0
I01.DCE,9/4/2026,739.0,27297.0
I02.DCE,9/4/2026,735.5,11186.0
I03.DCE,9/4/2026,731.5,5916.0
I2609.DCE,9/4/2026,733.5,0.0
I2610.DCE,9/4/2026,739.0,27297.0
I2611.DCE,9/4/2026,735.5,11186.0
I2612.DCE,9/4/2026,731.5,5916.0
I2701.DCE,9/4/2026,727.0,249091.0
I2702.DCE,9/4/2026,724.5,4691.0
I2703.DCE,9/4/2026,721.0,1690.0
I2704.DCE,9/4/2026,718.5,1098.0
I2705.DCE,9/4/2026,713.5,15985.0
I2706.DCE,9/4/2026,711.5,970.0
I2707.DCE,9/4/2026,709.5,1257.0
I2708.DCE,9/4/2026,707.0,1058.0
I8888.DCE,9/4/2026,726.2,320239.0
IZL1.DCE,9/4/2026,727.0,249091.0
IZL2.DCE,9/4/2026,727.0,249091.0
IZL.DCE,9/4/2026,727.0,249091.0
RU00.SHF,9/4/2026,17850.0,599.0
RU01.SHF,9/4/2026,17850.0,364.0
RU02.SHF,9/4/2026,17890.0,4819.0
RU03.SHF,9/4/2026,18700.0,319481.0
RU2609.SHF,9/4/2026,17850.0,599.0
RU2610.SHF,9/4/2026,17850.0,364.0
RU2611.SHF,9/4/2026,17890.0,4819.0
RU2701.SHF,9/4/2026,18700.0,319481.0
RU2703.SHF,9/4/2026,18690.0,279.0
RU2704.SHF,9/4/2026,18815.0,8.0
RU2705.SHF,9/4/2026,18730.0,28374.0
RU2706.SHF,9/4/2026,18730.0,33.0
RU2707.SHF,9/4/2026,18695.0,19.0
RU2708.SHF,9/4/2026,18665.0,37.0
RU8888.SHF,9/4/2026,18661.0,354013.0
RUZL1.SHF,9/4/2026,18700.0,319481.0
RUZL2.SHF,9/4/2026,18700.0,319481.0
RUZL.SHF,9/4/2026,18700.0,319481.0
SC00.INE,9/7/2026,699.3,195677.0
SC01.INE,9/7/2026,658.5,42373.0
SC02.INE,9/7/2026,629.4,12336.0
SC03.INE,9/7/2026,607.5,3408.0
SC2610.INE,9/7/2026,699.3,195677.0
SC2611.INE,9/7/2026,658.5,42373.0
SC2612.INE,9/7/2026,629.4,12336.0
SC2701.INE,9/7/2026,607.5,3408.0
SC2702.INE,9/7/2026,590.9,309.0
SC2703.INE,9/7/2026,578.8,575.0
SC2704.INE,9/7/2026,565.9,25.0
SC2705.INE,9/7/2026,555.0,7.0
SC2706.INE,9/7/2026,547.0,11.0
SC2707.INE,9/7/2026,537.6,0.0
SC2708.INE,9/7/2026,532.4,0.0
SC2709.INE,9/7/2026,529.3,0.0
SC2712.INE,9/7/2026,518.0,6.0
SC2803.INE,9/7/2026,517.0,2.0
SC2806.INE,9/7/2026,511.0,0.0
SC2809.INE,9/7/2026,511.0,2.0
SC2812.INE,9/7/2026,500.9,0.0
SC2903.INE,9/7/2026,503.0,2.0
SC2906.INE,9/7/2026,499.0,13.0
SC2909.INE,9/7/2026,489.3,2.0
SC8888.INE,9/7/2026,662.9,254748.0
SCZL1.INE,9/7/2026,699.3,195677.0
SCZL2.INE,9/7/2026,699.3,195677.0
SCZL.INE,9/7/2026,699.3,195677.0
AU00.SHF,9/7/2026,950.12,6.0
AU01.SHF,9/7/2026,950.78,307857.0
AU02.SHF,9/7/2026,952.08,864.0
AU03.SHF,9/7/2026,953.28,74322.0
AU2609.SHF,9/7/2026,950.12,6.0
AU2610.SHF,9/7/2026,950.78,307857.0
AU2611.SHF,9/7/2026,952.08,864.0
AU2612.SHF,9/7/2026,953.28,74322.0
AU2702.SHF,9/7/2026,955.46,23171.0
AU2704.SHF,9/7/2026,957.72,5223.0
AU2706.SHF,9/7/2026,959.92,730.0
AU2708.SHF,9/7/2026,962.72,955.0
AU8888.SHF,9/7/2026,953.1,413128.0
AUZL1.SHF,9/7/2026,950.78,307857.0
AUZL2.SHF,9/7/2026,950.78,307857.0
AUZL.SHF,9/7/2026,950.78,307857.0
AG00.SHF,9/7/2026,15952.0,696.0
AG01.SHF,9/7/2026,15990.0,513715.0
AG02.SHF,9/7/2026,16010.0,30029.0
AG03.SHF,9/7/2026,16023.0,121858.0
AG2609.SHF,9/7/2026,15952.0,696.0
AG2610.SHF,9/7/2026,15990.0,513715.0
AG2611.SHF,9/7/2026,16010.0,30029.0
AG2612.SHF,9/7/2026,16023.0,121858.0
AG2701.SHF,9/7/2026,16045.0,21076.0
AG2702.SHF,9/7/2026,16055.0,186649.0
AG2703.SHF,9/7/2026,16077.0,2350.0
AG2704.SHF,9/7/2026,16091.0,6029.0
AG2705.SHF,9/7/2026,16101.0,1581.0
AG2706.SHF,9/7/2026,16114.0,2989.0
AG2707.SHF,9/7/2026,16111.0,4410.0
AG2708.SHF,9/7/2026,16139.0,6262.0
AG8888.SHF,9/7/2026,16022.0,897644.0
AGZL1.SHF,9/7/2026,15990.0,513715.0
AGZL2.SHF,9/7/2026,15990.0,513715.0
AGZL.SHF,9/7/2026,15990.0,513715.0
CU00.SHF,9/7/2026,109850.0,16880.0
CU01.SHF,9/7/2026,109410.0,70006.0
CU02.SHF,9/7/2026,109100.0,24519.0
CU03.SHF,9/7/2026,108800.0,11858.0
CU2609.SHF,9/7/2026,109850.0,16880.0
CU2610.SHF,9/7/2026,109410.0,70006.0
CU2611.SHF,9/7/2026,109100.0,24519.0
CU2612.SHF,9/7/2026,108800.0,11858.0
CU2701.SHF,9/7/2026,108560.0,3978.0
CU2702.SHF,9/7/2026,108300.0,1217.0
CU2703.SHF,9/7/2026,108180.0,1504.0
CU2704.SHF,9/7/2026,108130.0,187.0
CU2705.SHF,9/7/2026,108170.0,249.0
CU2706.SHF,9/7/2026,108170.0,86.0
CU2707.SHF,9/7/2026,108150.0,97.0
CU2708.SHF,9/7/2026,108290.0,204.0
CU8888.SHF,9/7/2026,109082.0,130785.0
CUZL1.SHF,9/7/2026,109410.0,70006.0
CUZL2.SHF,9/7/2026,109410.0,70006.0
CUZL.SHF,9/7/2026,109410.0,70006.0
I00.DCE,9/7/2026,748.0,9.0
I01.DCE,9/7/2026,747.0,32539.0
I02.DCE,9/7/2026,745.0,18778.0
I03.DCE,9/7/2026,741.5,13221.0
I2609.DCE,9/7/2026,748.0,9.0
I2610.DCE,9/7/2026,747.0,32539.0
I2611.DCE,9/7/2026,745.0,18778.0
I2612.DCE,9/7/2026,741.5,13221.0
I2701.DCE,9/7/2026,734.5,302980.0
I2702.DCE,9/7/2026,732.0,3598.0
I2703.DCE,9/7/2026,728.5,3679.0
I2704.DCE,9/7/2026,725.5,1752.0
I2705.DCE,9/7/2026,721.0,19463.0
I2706.DCE,9/7/2026,718.5,1249.0
I2707.DCE,9/7/2026,716.0,1861.0
I2708.DCE,9/7/2026,713.0,1251.0
I8888.DCE,9/7/2026,734.0,400380.0
IZL1.DCE,9/7/2026,734.5,302980.0
IZL2.DCE,9/7/2026,734.5,302980.0
IZL.DCE,9/7/2026,734.5,302980.0
RU00.SHF,9/7/2026,18320.0,1318.0
RU01.SHF,9/7/2026,18320.0,1995.0
RU02.SHF,9/7/2026,18345.0,11249.0
RU03.SHF,9/7/2026,19180.0,492743.0
RU2609.SHF,9/7/2026,18320.0,1318.0
RU2610.SHF,9/7/2026,18320.0,1995.0
RU2611.SHF,9/7/2026,18345.0,11249.0
RU2701.SHF,9/7/2026,19180.0,492743.0
RU2703.SHF,9/7/2026,19170.0,713.0
RU2704.SHF,9/7/2026,19200.0,14.0
RU2705.SHF,9/7/2026,19215.0,49038.0
RU2706.SHF,9/7/2026,19205.0,42.0
RU2707.SHF,9/7/2026,19160.0,46.0
RU2708.SHF,9/7/2026,19110.0,92.0
RU8888.SHF,9/7/2026,19143.0,557250.0
RUZL1.SHF,9/7/2026,19180.0,492743.0
RUZL2.SHF,9/7/2026,19180.0,492743.0
RUZL.SHF,9/7/2026,19180.0,492743.0
SC00.INE,9/8/2026,720.6,136321.0
SC01.INE,9/8/2026,678.4,39490.0
SC02.INE,9/8/2026,646.9,11178.0
SC03.INE,9/8/2026,623.3,2605.0
SC2610.INE,9/8/2026,720.6,136321.0
SC2611.INE,9/8/2026,678.4,39490.0
SC2612.INE,9/8/2026,646.9,11178.0
SC2701.INE,9/8/2026,623.3,2605.0
SC2702.INE,9/8/2026,605.5,331.0
SC2703.INE,9/8/2026,590.4,360.0
SC2704.INE,9/8/2026,578.2,8.0
SC2705.INE,9/8/2026,565.6,7.0
SC2706.INE,9/8/2026,558.0,11.0
SC2707.INE,9/8/2026,536.0,1.0
SC2708.INE,9/8/2026,540.0,1.0
SC2709.INE,9/8/2026,534.0,4.0
SC2712.INE,9/8/2026,523.0,7.0
SC2803.INE,9/8/2026,512.9,0.0
SC2806.INE,9/8/2026,511.0,0.0
SC2809.INE,9/8/2026,509.7,2.0
SC2812.INE,9/8/2026,501.1,0.0
SC2903.INE,9/8/2026,501.8,0.0
SC2906.INE,9/8/2026,500.0,8.0
SC2909.INE,9/8/2026,491.3,0.0
SC8888.INE,9/8/2026,681.6,190334.0
SCZL1.INE,9/8/2026,720.6,136321.0
SCZL2.INE,9/8/2026,720.6,136321.0
SCZL.INE,9/8/2026,720.6,136321.0
AU00.SHF,9/8/2026,951.68,9.0
AU01.SHF,9/8/2026,953.12,174632.0
AU02.SHF,9/8/2026,953.98,572.0
AU03.SHF,9/8/2026,955.7,43276.0
AU2609.SHF,9/8/2026,951.68,9.0
AU2610.SHF,9/8/2026,953.12,174632.0
AU2611.SHF,9/8/2026,953.98,572.0
AU2612.SHF,9/8/2026,955.7,43276.0
AU2702.SHF,9/8/2026,957.86,12889.0
AU2704.SHF,9/8/2026,960.1,1759.0
AU2706.SHF,9/8/2026,962.48,928.0
AU2708.SHF,9/8/2026,965.0,324.0
AU8888.SHF,9/8/2026,955.51,234389.0
AUZL1.SHF,9/8/2026,953.12,174632.0
AUZL2.SHF,9/8/2026,953.12,174632.0
AUZL.SHF,9/8/2026,953.12,174632.0
AG00.SHF,9/8/2026,16098.0,1080.0
AG01.SHF,9/8/2026,16125.0,358437.0
AG02.SHF,9/8/2026,16142.0,16041.0
AG03.SHF,9/8/2026,16161.0,85018.0
AG2609.SHF,9/8/2026,16098.0,1080.0
AG2610.SHF,9/8/2026,16125.0,358437.0
AG2611.SHF,9/8/2026,16142.0,16041.0
AG2612.SHF,9/8/2026,16161.0,85018.0
AG2701.SHF,9/8/2026,16182.0,15826.0
AG2702.SHF,9/8/2026,16192.0,142629.0
AG2703.SHF,9/8/2026,16214.0,905.0
AG2704.SHF,9/8/2026,16224.0,4581.0
AG2705.SHF,9/8/2026,16241.0,748.0
AG2706.SHF,9/8/2026,16248.0,1528.0
AG2707.SHF,9/8/2026,16246.0,3012.0
AG2708.SHF,9/8/2026,16272.0,4192.0
AG8888.SHF,9/8/2026,16158.0,633997.0
AGZL1.SHF,9/8/2026,16125.0,358437.0
AGZL2.SHF,9/8/2026,16125.0,358437.0
AGZL.SHF,9/8/2026,16125.0,358437.0
CU00.SHF,9/8/2026,111200.0,19280.0
CU01.SHF,9/8/2026,110620.0,111190.0
CU02.SHF,9/8/2026,110330.0,41626.0
CU03.SHF,9/8/2026,109980.0,17860.0
CU2609.SHF,9/8/2026,111200.0,19280.0
CU2610.SHF,9/8/2026,110620.0,111190.0
CU2611.SHF,9/8/2026,110330.0,41626.0
CU2612.SHF,9/8/2026,109980.0,17860.0
CU2701.SHF,9/8/2026,109600.0,7103.0
CU2702.SHF,9/8/2026,109360.0,1220.0
CU2703.SHF,9/8/2026,109310.0,2625.0
CU2704.SHF,9/8/2026,109120.0,801.0
CU2705.SHF,9/8/2026,109170.0,785.0
CU2706.SHF,9/8/2026,109220.0,552.0
CU2707.SHF,9/8/2026,109000.0,597.0
CU2708.SHF,9/8/2026,108950.0,1005.0
CU8888.SHF,9/8/2026,110264.0,204644.0
CUZL1.SHF,9/8/2026,110620.0,111190.0
CUZL2.SHF,9/8/2026,110620.0,111190.0
CUZL.SHF,9/8/2026,110620.0,111190.0
I00.DCE,9/8/2026,755.0,12.0
I01.DCE,9/8/2026,757.5,32232.0
I02.DCE,9/8/2026,755.5,20673.0
I03.DCE,9/8/2026,751.0,13823.0
I2609.DCE,9/8/2026,755.0,12.0
I2610.DCE,9/8/2026,757.5,32232.0
I2611.DCE,9/8/2026,755.5,20673.0
I2612.DCE,9/8/2026,751.0,13823.0
I2701.DCE,9/8/2026,744.5,302940.0
I2702.DCE,9/8/2026,741.0,4309.0
I2703.DCE,9/8/2026,737.5,5829.0
I2704.DCE,9/8/2026,735.5,2927.0
I2705.DCE,9/8/2026,731.0,26733.0
I2706.DCE,9/8/2026,727.0,1161.0
I2707.DCE,9/8/2026,725.0,1816.0
I2708.DCE,9/8/2026,722.5,1253.0
I8888.DCE,9/8/2026,743.7,413708.0
IZL1.DCE,9/8/2026,744.5,302940.0
IZL2.DCE,9/8/2026,744.5,302940.0
IZL.DCE,9/8/2026,744.5,302940.0
RU00.SHF,9/8/2026,18810.0,1085.0
RU01.SHF,9/8/2026,18810.0,927.0
RU02.SHF,9/8/2026,18815.0,7767.0
RU03.SHF,9/8/2026,19635.0,396671.0
RU2609.SHF,9/8/2026,18810.0,1085.0
RU2610.SHF,9/8/2026,18810.0,927.0
RU2611.SHF,9/8/2026,18815.0,7767.0
RU2701.SHF,9/8/2026,19635.0,396671.0
RU2703.SHF,9/8/2026,19635.0,471.0
RU2704.SHF,9/8/2026,19620.0,25.0
RU2705.SHF,9/8/2026,19665.0,43777.0
RU2706.SHF,9/8/2026,19640.0,31.0
RU2707.SHF,9/8/2026,19600.0,49.0
RU2708.SHF,9/8/2026,19600.0,70.0
RU8888.SHF,9/8/2026,19600.0,450873.0
RUZL1.SHF,9/8/2026,19635.0,396671.0
RUZL2.SHF,9/8/2026,19635.0,396671.0
RUZL.SHF,9/8/2026,19635.0,396671.0
SC00.INE,9/11/2026,812.9,305273.0
SC01.INE,9/11/2026,750.8,120547.0
SC02.INE,9/11/2026,706.9,32301.0
SC03.INE,9/11/2026,669.7,9217.0
SC2610.INE,9/11/2026,812.9,305273.0
SC2611.INE,9/11/2026,750.8,120547.0
SC2612.INE,9/11/2026,706.9,32301.0
SC2701.INE,9/11/2026,669.7,9217.0
SC2702.INE,9/11/2026,637.9,2253.0
SC2703.INE,9/11/2026,614.2,2511.0
SC2704.INE,9/11/2026,597.0,951.0
SC2705.INE,9/11/2026,583.0,169.0
SC2706.INE,9/11/2026,571.6,98.0
SC2707.INE,9/11/2026,562.3,10.0
SC2708.INE,9/11/2026,566.0,2.0
SC2709.INE,9/11/2026,533.0,12.0
SC2712.INE,9/11/2026,538.0,10.0
SC2803.INE,9/11/2026,519.2,10.0
SC2806.INE,9/11/2026,522.2,9.0
SC2809.INE,9/11/2026,514.2,11.0
SC2812.INE,9/11/2026,511.3,11.0
SC2903.INE,9/11/2026,506.0,16.0
SC2906.INE,9/11/2026,503.0,14.0
SC2909.INE,9/11/2026,506.0,2.0
SC8888.INE,9/11/2026,754.0,473427.0
SCZL1.INE,9/11/2026,812.9,305273.0
SCZL2.INE,9/11/2026,812.9,305273.0
SCZL.INE,9/11/2026,812.9,305273.0
AU00.SHF,9/11/2026,947.34,0.0
AU01.SHF,9/11/2026,942.08,316306.0
AU02.SHF,9/11/2026,943.18,2128.0
AU03.SHF,9/11/2026,944.94,104800.0
AU2609.SHF,9/11/2026,947.34,0.0
AU2610.SHF,9/11/2026,942.08,316306.0
AU2611.SHF,9/11/2026,943.18,2128.0
AU2612.SHF,9/11/2026,944.94,104800.0
AU2702.SHF,9/11/2026,947.34,26992.0
AU2704.SHF,9/11/2026,949.74,6418.0
AU2706.SHF,9/11/2026,951.72,3188.0
AU2708.SHF,9/11/2026,954.8,4660.0
AU8888.SHF,9/11/2026,944.98,464492.0
AUZL1.SHF,9/11/2026,942.08,316306.0
AUZL2.SHF,9/11/2026,944.94,104800.0
AUZL.SHF,9/11/2026,942.08,316306.0
AG00.SHF,9/11/2026,15599.0,82.0
AG01.SHF,9/11/2026,15586.0,559410.0
AG02.SHF,9/11/2026,15610.0,29470.0
AG03.SHF,9/11/2026,15623.0,173159.0
AG2609.SHF,9/11/2026,15599.0,82.0
AG2610.SHF,9/11/2026,15586.0,559410.0
AG2611.SHF,9/11/2026,15610.0,29470.0
AG2612.SHF,9/11/2026,15623.0,173159.0
AG2701.SHF,9/11/2026,15645.0,33745.0
AG2702.SHF,9/11/2026,15657.0,221606.0
AG2703.SHF,9/11/2026,15691.0,4111.0
AG2704.SHF,9/11/2026,15706.0,14200.0
AG2705.SHF,9/11/2026,15728.0,6909.0
AG2706.SHF,9/11/2026,15737.0,7802.0
AG2707.SHF,9/11/2026,15750.0,9287.0
AG2708.SHF,9/11/2026,15787.0,12597.0
AG8888.SHF,9/11/2026,15627.0,1072378.0
AGZL1.SHF,9/11/2026,15586.0,559410.0
AGZL2.SHF,9/11/2026,15623.0,173159.0
AGZL.SHF,9/11/2026,15586.0,559410.0
CU00.SHF,9/11/2026,109790.0,26990.0
CU01.SHF,9/11/2026,108990.0,209287.0
CU02.SHF,9/11/2026,108610.0,88950.0
CU03.SHF,9/11/2026,108280.0,38045.0
CU2609.SHF,9/11/2026,109790.0,26990.0
CU2610.SHF,9/11/2026,108990.0,209287.0
CU2611.SHF,9/11/2026,108610.0,88950.0
CU2612.SHF,9/11/2026,108280.0,38045.0
CU2701.SHF,9/11/2026,108040.0,13988.0
CU2702.SHF,9/11/2026,107910.0,4663.0
CU2703.SHF,9/11/2026,107770.0,6348.0
CU2704.SHF,9/11/2026,107790.0,2569.0
CU2705.SHF,9/11/2026,107640.0,2760.0
CU2706.SHF,9/11/2026,107700.0,3869.0
CU2707.SHF,9/11/2026,107600.0,1823.0
CU2708.SHF,9/11/2026,107500.0,2351.0
CU8888.SHF,9/11/2026,108556.0,401643.0
CUZL1.SHF,9/11/2026,108990.0,209287.0
CUZL2.SHF,9/11/2026,108990.0,209287.0
CUZL.SHF,9/11/2026,108990.0,209287.0
I00.DCE,9/11/2026,730.5,41.0
I01.DCE,9/11/2026,731.0,24443.0
I02.DCE,9/11/2026,726.5,18021.0
I03.DCE,9/11/2026,724.5,9813.0
I2609.DCE,9/11/2026,730.5,41.0
I2610.DCE,9/11/2026,731.0,24443.0
I2611.DCE,9/11/2026,726.5,18021.0
I2612.DCE,9/11/2026,724.5,9813.0
I2701.DCE,9/11/2026,718.0,398994.0
I2702.DCE,9/11/2026,715.5,5347.0
I2703.DCE,9/11/2026,713.0,4668.0
I2704.DCE,9/11/2026,711.0,2437.0
I2705.DCE,9/11/2026,707.0,40892.0
I2706.DCE,9/11/2026,705.0,1121.0
I2707.DCE,9/11/2026,702.0,1395.0
I2708.DCE,9/11/2026,700.5,1644.0
I8888.DCE,9/11/2026,717.3,508816.0
IZL1.DCE,9/11/2026,718.0,398994.0
IZL2.DCE,9/11/2026,718.0,398994.0
IZL.DCE,9/11/2026,718.0,398994.0
RU00.SHF,9/11/2026,18450.0,129.0
RU01.SHF,9/11/2026,18435.0,575.0
RU02.SHF,9/11/2026,18495.0,4457.0
RU03.SHF,9/11/2026,19315.0,414217.0
RU2609.SHF,9/11/2026,18450.0,129.0
RU2610.SHF,9/11/2026,18435.0,575.0
RU2611.SHF,9/11/2026,18495.0,4457.0
RU2701.SHF,9/11/2026,19315.0,414217.0
RU2703.SHF,9/11/2026,19325.0,478.0
RU2704.SHF,9/11/2026,19245.0,31.0
RU2705.SHF,9/11/2026,19305.0,40809.0
RU2706.SHF,9/11/2026,19340.0,43.0
RU2707.SHF,9/11/2026,19315.0,48.0
RU2708.SHF,9/11/2026,19305.0,44.0
RU8888.SHF,9/11/2026,19275.0,460831.0
RUZL1.SHF,9/11/2026,19315.0,414217.0
RUZL2.SHF,9/11/2026,19315.0,414217.0
RUZL.SHF,9/11/2026,19315.0,414217.0
SC00.INE,9/14/2026,904.7,324067.0
SC01.INE,9/14/2026,815.2,152789.0
SC02.INE,9/14/2026,741.3,39904.0
SC03.INE,9/14/2026,682.7,10945.0
SC2610.INE,9/14/2026,904.7,324067.0
SC2611.INE,9/14/2026,815.2,152789.0
SC2612.INE,9/14/2026,741.3,39904.0
SC2701.INE,9/14/2026,682.7,10945.0
SC2702.INE,9/14/2026,642.8,1809.0
SC2703.INE,9/14/2026,611.4,4209.0
SC2704.INE,9/14/2026,591.3,436.0
SC2705.INE,9/14/2026,579.2,130.0
SC2706.INE,9/14/2026,569.8,325.0
SC2707.INE,9/14/2026,556.8,7.0
SC2708.INE,9/14/2026,557.7,2.0
SC2709.INE,9/14/2026,546.1,3.0
SC2712.INE,9/14/2026,525.8,17.0
SC2803.INE,9/14/2026,518.3,7.0
SC2806.INE,9/14/2026,516.0,1.0
SC2809.INE,9/14/2026,518.8,0.0
SC2812.INE,9/14/2026,508.7,3.0
SC2903.INE,9/14/2026,506.0,2.0
SC2906.INE,9/14/2026,505.3,9.0
SC2909.INE,9/14/2026,512.8,3.0
SC8888.INE,9/14/2026,808.0,534668.0
SCZL1.INE,9/14/2026,904.7,324067.0
SCZL2.INE,9/14/2026,815.2,152789.0
SCZL.INE,9/14/2026,904.7,324067.0
AU00.SHF,9/14/2026,946.88,0.0
AU01.SHF,9/14/2026,934.92,282038.0
AU02.SHF,9/14/2026,936.32,2610.0
AU03.SHF,9/14/2026,937.6,98778.0
AU2609.SHF,9/14/2026,946.88,0.0
AU2610.SHF,9/14/2026,934.92,282038.0
AU2611.SHF,9/14/2026,936.32,2610.0
AU2612.SHF,9/14/2026,937.6,98778.0
AU2702.SHF,9/14/2026,940.0,20038.0
AU2704.SHF,9/14/2026,942.32,4539.0
AU2706.SHF,9/14/2026,944.7,895.0
AU2708.SHF,9/14/2026,947.18,1173.0
AU8888.SHF,9/14/2026,937.74,410071.0
AUZL1.SHF,9/14/2026,934.92,282038.0
AUZL2.SHF,9/14/2026,937.6,98778.0
AUZL.SHF,9/14/2026,934.92,282038.0
AG00.SHF,9/14/2026,15611.0,92.0
AG01.SHF,9/14/2026,15494.0,438961.0
AG02.SHF,9/14/2026,15506.0,21558.0
AG03.SHF,9/14/2026,15528.0,143600.0
AG2609.SHF,9/14/2026,15611.0,92.0
AG2610.SHF,9/14/2026,15494.0,438961.0
AG2611.SHF,9/14/2026,15506.0,21558.0
AG2612.SHF,9/14/2026,15528.0,143600.0
AG2701.SHF,9/14/2026,15551.0,29077.0
AG2702.SHF,9/14/2026,15567.0,186958.0
AG2703.SHF,9/14/2026,15587.0,2080.0
AG2704.SHF,9/14/2026,15607.0,8520.0
AG2705.SHF,9/14/2026,15620.0,1271.0
AG2706.SHF,9/14/2026,15643.0,3306.0
AG2707.SHF,9/14/2026,15655.0,3173.0
AG2708.SHF,9/14/2026,15684.0,7313.0
AG8888.SHF,9/14/2026,15535.0,845909.0
AGZL1.SHF,9/14/2026,15494.0,438961.0
AGZL2.SHF,9/14/2026,15528.0,143600.0
AGZL.SHF,9/14/2026,15494.0,438961.0
CU00.SHF,9/14/2026,108550.0,14380.0
CU01.SHF,9/14/2026,107840.0,114364.0
CU02.SHF,9/14/2026,107340.0,46054.0
CU03.SHF,9/14/2026,107020.0,21857.0
CU2609.SHF,9/14/2026,108550.0,14380.0
CU2610.SHF,9/14/2026,107840.0,114364.0
CU2611.SHF,9/14/2026,107340.0,46054.0
CU2612.SHF,9/14/2026,107020.0,21857.0
CU2701.SHF,9/14/2026,106770.0,7073.0
CU2702.SHF,9/14/2026,106540.0,2963.0
CU2703.SHF,9/14/2026,106440.0,2629.0
CU2704.SHF,9/14/2026,106470.0,1133.0
CU2705.SHF,9/14/2026,106410.0,947.0
CU2706.SHF,9/14/2026,106360.0,1180.0
CU2707.SHF,9/14/2026,106270.0,1222.0
CU2708.SHF,9/14/2026,106390.0,783.0
CU8888.SHF,9/14/2026,107289.0,214585.0
CUZL1.SHF,9/14/2026,107840.0,114364.0
CUZL2.SHF,9/14/2026,107840.0,114364.0
CUZL.SHF,9/14/2026,107840.0,114364.0
I00.DCE,9/14/2026,749.5,237.0
I01.DCE,9/14/2026,719.5,20320.0
I02.DCE,9/14/2026,717.0,9973.0
I03.DCE,9/14/2026,713.0,6186.0
I2609.DCE,9/14/2026,749.5,237.0
I2610.DCE,9/14/2026,719.5,20320.0
I2611.DCE,9/14/2026,717.0,9973.0
I2612.DCE,9/14/2026,713.0,6186.0
I2701.DCE,9/14/2026,708.5,308910.0
I2702.DCE,9/14/2026,706.0,2528.0
I2703.DCE,9/14/2026,703.0,2820.0
I2704.DCE,9/14/2026,701.5,1377.0
I2705.DCE,9/14/2026,698.0,26840.0
I2706.DCE,9/14/2026,695.5,1187.0
I2707.DCE,9/14/2026,693.5,1178.0
I2708.DCE,9/14/2026,691.0,1959.0
I8888.DCE,9/14/2026,707.5,383515.0
IZL1.DCE,9/14/2026,708.5,308910.0
IZL2.DCE,9/14/2026,708.5,308910.0
IZL.DCE,9/14/2026,708.5,308910.0
RU00.SHF,9/14/2026,18040.0,26.0
RU01.SHF,9/14/2026,18105.0,713.0
RU02.SHF,9/14/2026,18120.0,5181.0
RU03.SHF,9/14/2026,18970.0,406140.0
RU2609.SHF,9/14/2026,18040.0,26.0
RU2610.SHF,9/14/2026,18105.0,713.0
RU2611.SHF,9/14/2026,18120.0,5181.0
RU2701.SHF,9/14/2026,18970.0,406140.0
RU2703.SHF,9/14/2026,18965.0,389.0
RU2704.SHF,9/14/2026,18965.0,16.0
RU2705.SHF,9/14/2026,18970.0,36748.0
RU2706.SHF,9/14/2026,18930.0,35.0
RU2707.SHF,9/14/2026,18960.0,32.0
RU2708.SHF,9/14/2026,18960.0,47.0
RU8888.SHF,9/14/2026,18929.0,449327.0
RUZL1.SHF,9/14/2026,18970.0,406140.0
RUZL2.SHF,9/14/2026,18970.0,406140.0
RUZL.SHF,9/14/2026,18970.0,406140.0
SC00.INE,9/15/2026,893.8,182670.0
SC01.INE,9/15/2026,838.6,214729.0
SC02.INE,9/15/2026,782.2,55482.0
SC03.INE,9/15/2026,729.8,16139.0
SC2610.INE,9/15/2026,893.8,182670.0
SC2611.INE,9/15/2026,838.6,214729.0
SC2612.INE,9/15/2026,782.2,55482.0
SC2701.INE,9/15/2026,729.8,16139.0
SC2702.INE,9/15/2026,686.1,2617.0
SC2703.INE,9/15/2026,652.6,1972.0
SC2704.INE,9/15/2026,628.1,148.0
SC2705.INE,9/15/2026,609.0,57.0
SC2706.INE,9/15/2026,598.4,105.0
SC2707.INE,9/15/2026,581.2,8.0
SC2708.INE,9/15/2026,556.1,2.0
SC2709.INE,9/15/2026,569.9,6.0
SC2712.INE,9/15/2026,545.8,15.0
SC2803.INE,9/15/2026,521.5,0.0
SC2806.INE,9/15/2026,520.6,0.0
SC2809.INE,9/15/2026,518.8,0.0
SC2812.INE,9/15/2026,525.9,3.0
SC2903.INE,9/15/2026,518.1,1.0
SC2906.INE,9/15/2026,512.1,2.0
SC2909.INE,9/15/2026,510.0,2.0
SC8888.INE,9/15/2026,819.3,473958.0
SCZL1.INE,9/15/2026,838.6,214729.0
SCZL2.INE,9/15/2026,838.6,214729.0
SCZL.INE,9/15/2026,893.8,182670.0
AU00.SHF,9/15/2026,946.88,0.0
AU01.SHF,9/15/2026,929.76,232580.0
AU02.SHF,9/15/2026,931.12,2106.0
AU03.SHF,9/15/2026,932.3,81882.0
AU2609.SHF,9/15/2026,946.88,0.0
AU2610.SHF,9/15/2026,929.76,232580.0
AU2611.SHF,9/15/2026,931.12,2106.0
AU2612.SHF,9/15/2026,932.3,81882.0
AU2702.SHF,9/15/2026,934.64,18684.0
AU2704.SHF,9/15/2026,937.32,5466.0
AU2706.SHF,9/15/2026,939.72,794.0
AU2708.SHF,9/15/2026,942.1,2086.0
AU8888.SHF,9/15/2026,932.59,343598.0
AUZL1.SHF,9/15/2026,929.76,232580.0
AUZL2.SHF,9/15/2026,932.3,81882.0
AUZL.SHF,9/15/2026,929.76,232580.0
AG00.SHF,9/15/2026,15380.0,110.0
AG01.SHF,9/15/2026,15415.0,331620.0
AG02.SHF,9/15/2026,15437.0,14835.0
AG03.SHF,9/15/2026,15452.0,107477.0
AG2609.SHF,9/15/2026,15380.0,110.0
AG2610.SHF,9/15/2026,15415.0,331620.0
AG2611.SHF,9/15/2026,15437.0,14835.0
AG2612.SHF,9/15/2026,15452.0,107477.0
AG2701.SHF,9/15/2026,15474.0,27816.0
AG2702.SHF,9/15/2026,15489.0,160523.0
AG2703.SHF,9/15/2026,15510.0,1800.0
AG2704.SHF,9/15/2026,15519.0,10493.0
AG2705.SHF,9/15/2026,15551.0,2374.0
AG2706.SHF,9/15/2026,15548.0,2421.0
AG2707.SHF,9/15/2026,15570.0,2872.0
AG2708.SHF,9/15/2026,15591.0,5104.0
AG8888.SHF,9/15/2026,15457.0,667445.0
AGZL1.SHF,9/15/2026,15415.0,331620.0
AGZL2.SHF,9/15/2026,15452.0,107477.0
AGZL.SHF,9/15/2026,15415.0,331620.0
CU00.SHF,9/15/2026,107800.0,2845.0
CU01.SHF,9/15/2026,107030.0,107989.0
CU02.SHF,9/15/2026,106610.0,55391.0
CU03.SHF,9/15/2026,106390.0,25504.0
CU2609.SHF,9/15/2026,107800.0,2845.0
CU2610.SHF,9/15/2026,107030.0,107989.0
CU2611.SHF,9/15/2026,106610.0,55391.0
CU2612.SHF,9/15/2026,106390.0,25504.0
CU2701.SHF,9/15/2026,106150.0,7942.0
CU2702.SHF,9/15/2026,106060.0,3181.0
CU2703.SHF,9/15/2026,105970.0,3781.0
CU2704.SHF,9/15/2026,105930.0,1160.0
CU2705.SHF,9/15/2026,105940.0,1351.0
CU2706.SHF,9/15/2026,105960.0,2106.0
CU2707.SHF,9/15/2026,105790.0,768.0
CU2708.SHF,9/15/2026,105790.0,1743.0
CU8888.SHF,9/15/2026,106575.0,213761.0
CUZL1.SHF,9/15/2026,107030.0,107989.0
CUZL2.SHF,9/15/2026,107030.0,107989.0
CUZL.SHF,9/15/2026,107030.0,107989.0
I00.DCE,9/15/2026,718.5,13830.0
I01.DCE,9/15/2026,715.0,12578.0
I02.DCE,9/15/2026,712.0,5461.0
I03.DCE,9/15/2026,707.5,219226.0
I2610.DCE,9/15/2026,718.5,13830.0
I2611.DCE,9/15/2026,715.0,12578.0
I2612.DCE,9/15/2026,712.0,5461.0
I2701.DCE,9/15/2026,707.5,219226.0
I2702.DCE,9/15/2026,704.5,1779.0
I2703.DCE,9/15/2026,703.0,2709.0
I2704.DCE,9/15/2026,701.5,537.0
I2705.DCE,9/15/2026,697.5,16729.0
I2706.DCE,9/15/2026,695.5,465.0
I2707.DCE,9/15/2026,693.0,683.0
I2708.DCE,9/15/2026,691.5,571.0
I8888.DCE,9/15/2026,706.6,275468.0
IZL1.DCE,9/15/2026,707.5,219226.0
IZL2.DCE,9/15/2026,707.5,219226.0
IZL.DCE,9/15/2026,707.5,219226.0
RU00.SHF,9/15/2026,17900.0,29.0
RU01.SHF,9/15/2026,17880.0,416.0
RU02.SHF,9/15/2026,17875.0,3170.0
RU03.SHF,9/15/2026,18720.0,269778.0
RU2609.SHF,9/15/2026,17900.0,29.0
RU2610.SHF,9/15/2026,17880.0,416.0
RU2611.SHF,9/15/2026,17875.0,3170.0
RU2701.SHF,9/15/2026,18720.0,269778.0
RU2703.SHF,9/15/2026,18735.0,263.0
RU2704.SHF,9/15/2026,18735.0,2.0
RU2705.SHF,9/15/2026,18710.0,27195.0
RU2706.SHF,9/15/2026,18725.0,31.0
RU2707.SHF,9/15/2026,18735.0,18.0
RU2708.SHF,9/15/2026,18720.0,19.0
RU8888.SHF,9/15/2026,18678.0,300921.0
RUZL1.SHF,9/15/2026,18720.0,269778.0
RUZL2.SHF,9/15/2026,18720.0,269778.0
RUZL.SHF,9/15/2026,18720.0,269778.0
SC00.INE,9/16/2026,892.8,52961.0
SC01.INE,9/16/2026,827.0,240847.0
SC02.INE,9/16/2026,773.3,43129.0
SC03.INE,9/16/2026,725.0,12459.0
SC2610.INE,9/16/2026,892.8,52961.0
SC2611.INE,9/16/2026,827.0,240847.0
SC2612.INE,9/16/2026,773.3,43129.0
SC2701.INE,9/16/2026,725.0,12459.0
SC2702.INE,9/16/2026,684.9,2040.0
SC2703.INE,9/16/2026,649.6,1623.0
SC2704.INE,9/16/2026,625.5,296.0
SC2705.INE,9/16/2026,610.0,115.0
SC2706.INE,9/16/2026,594.0,129.0
SC2707.INE,9/16/2026,570.9,8.0
SC2708.INE,9/16/2026,573.4,2.0
SC2709.INE,9/16/2026,562.6,6.0
SC2712.INE,9/16/2026,544.9,4.0
SC2803.INE,9/16/2026,520.8,4.0
SC2806.INE,9/16/2026,520.6,0.0
SC2809.INE,9/16/2026,518.8,0.0
SC2812.INE,9/16/2026,512.0,2.0
SC2903.INE,9/16/2026,510.7,3.0
SC2906.INE,9/16/2026,506.1,1.0
SC2909.INE,9/16/2026,509.0,0.0
SC8888.INE,9/16/2026,804.5,353629.0
SCZL1.INE,9/16/2026,827.0,240847.0
SCZL2.INE,9/16/2026,827.0,240847.0
SCZL.INE,9/16/2026,827.0,240847.0
AU00.SHF,9/16/2026,937.74,214075.0
AU01.SHF,9/16/2026,938.88,988.0
AU02.SHF,9/16/2026,940.52,84905.0
AU03.SHF,9/16/2026,942.74,25349.0
AU2610.SHF,9/16/2026,937.74,214075.0
AU2611.SHF,9/16/2026,938.88,988.0
AU2612.SHF,9/16/2026,940.52,84905.0
AU2702.SHF,9/16/2026,942.74,25349.0
AU2704.SHF,9/16/2026,945.02,3899.0
AU2706.SHF,9/16/2026,947.34,1169.0
AU2708.SHF,9/16/2026,950.0,1507.0
AU8888.SHF,9/16/2026,940.74,331914.0
AUZL1.SHF,9/16/2026,937.74,214075.0
AUZL2.SHF,9/16/2026,940.52,84905.0
AUZL.SHF,9/16/2026,937.74,214075.0
AG00.SHF,9/16/2026,15794.0,344378.0
AG01.SHF,9/16/2026,15808.0,16204.0
AG02.SHF,9/16/2026,15832.0,127944.0
AG03.SHF,9/16/2026,15851.0,26510.0
AG2610.SHF,9/16/2026,15794.0,344378.0
AG2611.SHF,9/16/2026,15808.0,16204.0
AG2612.SHF,9/16/2026,15832.0,127944.0
AG2701.SHF,9/16/2026,15851.0,26510.0
AG2702.SHF,9/16/2026,15877.0,161002.0
AG2703.SHF,9/16/2026,15894.0,1480.0
AG2704.SHF,9/16/2026,15908.0,5723.0
AG2705.SHF,9/16/2026,15924.0,1427.0
AG2706.SHF,9/16/2026,15931.0,2641.0
AG2707.SHF,9/16/2026,15939.0,2068.0
AG2708.SHF,9/16/2026,15958.0,4966.0
AG8888.SHF,9/16/2026,15839.0,694418.0
AGZL1.SHF,9/16/2026,15794.0,344378.0
AGZL2.SHF,9/16/2026,15832.0,127944.0
AGZL.SHF,9/16/2026,15794.0,344378.0
CU00.SHF,9/16/2026,107740.0,79884.0
CU01.SHF,9/16/2026,107390.0,40889.0
CU02.SHF,9/16/2026,107120.0,16751.0
CU03.SHF,9/16/2026,106870.0,4787.0
CU2610.SHF,9/16/2026,107740.0,79884.0
CU2611.SHF,9/16/2026,107390.0,40889.0
CU2612.SHF,9/16/2026,107120.0,16751.0
CU2701.SHF,9/16/2026,106870.0,4787.0
CU2702.SHF,9/16/2026,106780.0,1480.0
CU2703.SHF,9/16/2026,106780.0,2375.0
CU2704.SHF,9/16/2026,106750.0,498.0
CU2705.SHF,9/16/2026,106770.0,332.0
CU2706.SHF,9/16/2026,106780.0,367.0
CU2707.SHF,9/16/2026,106680.0,134.0
CU2708.SHF,9/16/2026,106590.0,273.0
CU8888.SHF,9/16/2026,107300.0,148283.0
CUZL1.SHF,9/16/2026,107740.0,79884.0
CUZL2.SHF,9/16/2026,107740.0,79884.0
CUZL.SHF,9/16/2026,107740.0,79884.0
I00.DCE,9/16/2026,720.5,45388.0
I01.DCE,9/16/2026,717.0,10233.0
I02.DCE,9/16/2026,713.5,3116.0
I03.DCE,9/16/2026,709.0,225286.0
I2610.DCE,9/16/2026,720.5,45388.0
I2611.DCE,9/16/2026,717.0,10233.0
I2612.DCE,9/16/2026,713.5,3116.0
I2701.DCE,9/16/2026,709.0,225286.0
I2702.DCE,9/16/2026,707.0,1252.0
I2703.DCE,9/16/2026,704.0,2251.0
I2704.DCE,9/16/2026,703.0,995.0
I2705.DCE,9/16/2026,699.0,15207.0
I2706.DCE,9/16/2026,697.5,652.0
I2707.DCE,9/16/2026,694.5,1325.0
I2708.DCE,9/16/2026,693.0,1020.0
I8888.DCE,9/16/2026,707.9,307335.0
IZL1.DCE,9/16/2026,709.0,225286.0
IZL2.DCE,9/16/2026,709.0,225286.0
IZL.DCE,9/16/2026,709.0,225286.0
RU00.SHF,9/16/2026,18040.0,435.0
RU01.SHF,9/16/2026,18020.0,3039.0
RU02.SHF,9/16/2026,18875.0,235842.0
RU03.SHF,9/16/2026,18850.0,134.0
RU2610.SHF,9/16/2026,18040.0,435.0
RU2611.SHF,9/16/2026,18020.0,3039.0
RU2701.SHF,9/16/2026,18875.0,235842.0
RU2703.SHF,9/16/2026,18850.0,134.0
RU2704.SHF,9/16/2026,18885.0,12.0
RU2705.SHF,9/16/2026,18900.0,26178.0
RU2706.SHF,9/16/2026,18850.0,23.0
RU2707.SHF,9/16/2026,18885.0,7.0
RU2708.SHF,9/16/2026,18870.0,15.0
RU8888.SHF,9/16/2026,18849.0,265708.0
RUZL1.SHF,9/16/2026,18875.0,235842.0
RUZL2.SHF,9/16/2026,18875.0,235842.0
RUZL.SHF,9/16/2026,18875.0,235842.0
SC00.INE,9/17/2026,825.0,26296.0
SC01.INE,9/17/2026,785.2,310890.0
SC02.INE,9/17/2026,734.7,51023.0
SC03.INE,9/17/2026,695.7,13475.0
SC2610.INE,9/17/2026,825.0,26296.0
SC2611.INE,9/17/2026,785.2,310890.0
SC2612.INE,9/17/2026,734.7,51023.0
SC2701.INE,9/17/2026,695.7,13475.0
SC2702.INE,9/17/2026,666.7,2671.0
SC2703.INE,9/17/2026,641.0,1511.0
SC2704.INE,9/17/2026,622.4,102.0
SC2705.INE,9/17/2026,602.8,82.0
SC2706.INE,9/17/2026,590.9,79.0
SC2707.INE,9/17/2026,570.0,4.0
SC2708.INE,9/17/2026,573.3,0.0
SC2709.INE,9/17/2026,569.3,0.0
SC2712.INE,9/17/2026,553.6,3.0
SC2803.INE,9/17/2026,523.9,3.0
SC2806.INE,9/17/2026,514.8,3.0
SC2809.INE,9/17/2026,519.0,9.0
SC2812.INE,9/17/2026,515.0,6.0
SC2903.INE,9/17/2026,510.0,8.0
SC2906.INE,9/17/2026,505.0,0.0
SC2909.INE,9/17/2026,502.0,1.0
SC8888.INE,9/17/2026,757.0,406166.0
SCZL1.INE,9/17/2026,785.2,310890.0
SCZL2.INE,9/17/2026,785.2,310890.0
SCZL.INE,9/17/2026,785.2,310890.0
AU00.SHF,9/17/2026,932.32,284950.0
AU01.SHF,9/17/2026,933.62,2320.0
AU02.SHF,9/17/2026,935.0,122139.0
AU03.SHF,9/17/2026,937.2,21504.0
AU2610.SHF,9/17/2026,932.32,284950.0
AU2611.SHF,9/17/2026,933.62,2320.0
AU2612.SHF,9/17/2026,935.0,122139.0
AU2702.SHF,9/17/2026,937.2,21504.0
AU2704.SHF,9/17/2026,939.42,4832.0
AU2706.SHF,9/17/2026,941.98,1353.0
AU2708.SHF,9/17/2026,944.4,1394.0
AU8888.SHF,9/17/2026,935.32,438556.0
AUZL1.SHF,9/17/2026,932.32,284950.0
AUZL2.SHF,9/17/2026,935.0,122139.0
AUZL.SHF,9/17/2026,932.32,284950.0
AG00.SHF,9/17/2026,15558.0,413510.0
AG01.SHF,9/17/2026,15565.0,20976.0
AG02.SHF,9/17/2026,15593.0,165659.0
AG03.SHF,9/17/2026,15613.0,31235.0
AG2610.SHF,9/17/2026,15558.0,413510.0
AG2611.SHF,9/17/2026,15565.0,20976.0
AG2612.SHF,9/17/2026,15593.0,165659.0
AG2701.SHF,9/17/2026,15613.0,31235.0
AG2702.SHF,9/17/2026,15626.0,189817.0
AG2703.SHF,9/17/2026,15639.0,2689.0
AG2704.SHF,9/17/2026,15661.0,7612.0
AG2705.SHF,9/17/2026,15673.0,2059.0
AG2706.SHF,9/17/2026,15688.0,3177.0
AG2707.SHF,9/17/2026,15703.0,3563.0
AG2708.SHF,9/17/2026,15723.0,5803.0
AG8888.SHF,9/17/2026,15598.0,846386.0
AGZL1.SHF,9/17/2026,15558.0,413510.0
AGZL2.SHF,9/17/2026,15593.0,165659.0
AGZL.SHF,9/17/2026,15558.0,413510.0
CU00.SHF,9/17/2026,108500.0,73397.0
CU01.SHF,9/17/2026,108090.0,41639.0
CU02.SHF,9/17/2026,107820.0,15702.0
CU03.SHF,9/17/2026,107580.0,4442.0
CU2610.SHF,9/17/2026,108500.0,73397.0
CU2611.SHF,9/17/2026,108090.0,41639.0
CU2612.SHF,9/17/2026,107820.0,15702.0
CU2701.SHF,9/17/2026,107580.0,4442.0
CU2702.SHF,9/17/2026,107530.0,1800.0
CU2703.SHF,9/17/2026,107530.0,1943.0
CU2704.SHF,9/17/2026,107510.0,522.0
CU2705.SHF,9/17/2026,107320.0,335.0
CU2706.SHF,9/17/2026,107460.0,473.0
CU2707.SHF,9/17/2026,107420.0,202.0
CU2708.SHF,9/17/2026,107350.0,316.0
CU8888.SHF,9/17/2026,108016.0,141316.0
CUZL1.SHF,9/17/2026,108500.0,73397.0
CUZL2.SHF,9/17/2026,108500.0,73397.0
CUZL.SHF,9/17/2026,108500.0,73397.0
I00.DCE,9/17/2026,720.0,14880.0
I01.DCE,9/17/2026,719.0,18908.0
I02.DCE,9/17/2026,716.0,5316.0
I03.DCE,9/17/2026,710.5,221037.0
I2610.DCE,9/17/2026,720.0,14880.0
I2611.DCE,9/17/2026,719.0,18908.0
I2612.DCE,9/17/2026,716.0,5316.0
I2701.DCE,9/17/2026,710.5,221037.0
I2702.DCE,9/17/2026,708.5,2688.0
I2703.DCE,9/17/2026,706.0,2518.0
I2704.DCE,9/17/2026,705.0,1721.0
I2705.DCE,9/17/2026,701.5,16762.0
I2706.DCE,9/17/2026,699.5,677.0
I2707.DCE,9/17/2026,697.0,1473.0
I2708.DCE,9/17/2026,694.5,1000.0
I8888.DCE,9/17/2026,709.6,288124.0
IZL1.DCE,9/17/2026,710.5,221037.0
IZL2.DCE,9/17/2026,710.5,221037.0
IZL.DCE,9/17/2026,710.5,221037.0
RU00.SHF,9/17/2026,17975.0,299.0
RU01.SHF,9/17/2026,17995.0,4246.0
RU02.SHF,9/17/2026,18820.0,350019.0
RU03.SHF,9/17/2026,18830.0,390.0
RU2610.SHF,9/17/2026,17975.0,299.0
RU2611.SHF,9/17/2026,17995.0,4246.0
RU2701.SHF,9/17/2026,18820.0,350019.0
RU2703.SHF,9/17/2026,18830.0,390.0
RU2704.SHF,9/17/2026,18870.0,10.0
RU2705.SHF,9/17/2026,18860.0,33649.0
RU2706.SHF,9/17/2026,18855.0,41.0
RU2707.SHF,9/17/2026,18855.0,26.0
RU2708.SHF,9/17/2026,18850.0,13.0
RU8888.SHF,9/17/2026,18800.0,388738.0
RUZL1.SHF,9/17/2026,18820.0,350019.0
RUZL2.SHF,9/17/2026,18820.0,350019.0
RUZL.SHF,9/17/2026,18820.0,350019.0
SC00.INE,9/18/2026,728.3,2811.0
SC01.INE,9/18/2026,728.0,285220.0
SC02.INE,9/18/2026,688.2,52010.0
SC03.INE,9/18/2026,659.6,12903.0
SC2610.INE,9/18/2026,728.3,2811.0
SC2611.INE,9/18/2026,728.0,285220.0
SC2612.INE,9/18/2026,688.2,52010.0
SC2701.INE,9/18/2026,659.6,12903.0
SC2702.INE,9/18/2026,636.0,2278.0
SC2703.INE,9/18/2026,617.3,1860.0
SC2704.INE,9/18/2026,604.4,191.0
SC2705.INE,9/18/2026,591.6,107.0
SC2706.INE,9/18/2026,580.3,149.0
SC2707.INE,9/18/2026,572.0,12.0
SC2708.INE,9/18/2026,562.0,2.0
SC2709.INE,9/18/2026,556.1,17.0
SC2712.INE,9/18/2026,541.2,30.0
SC2803.INE,9/18/2026,534.4,7.0
SC2806.INE,9/18/2026,525.5,1.0
SC2809.INE,9/18/2026,516.5,0.0
SC2812.INE,9/18/2026,514.7,0.0
SC2903.INE,9/18/2026,512.4,0.0
SC2906.INE,9/18/2026,500.5,8.0
SC2909.INE,9/18/2026,500.6,3.0
SC8888.INE,9/18/2026,703.1,357609.0
SCZL1.INE,9/18/2026,728.0,285220.0
SCZL2.INE,9/18/2026,728.0,285220.0
SCZL.INE,9/18/2026,728.0,285220.0
AU00.SHF,9/18/2026,948.52,248802.0
AU01.SHF,9/18/2026,950.4,2527.0
AU02.SHF,9/18/2026,951.38,119577.0
AU03.SHF,9/18/2026,953.74,24720.0
AU2610.SHF,9/18/2026,948.52,248802.0
AU2611.SHF,9/18/2026,950.4,2527.0
AU2612.SHF,9/18/2026,951.38,119577.0
AU2702.SHF,9/18/2026,953.74,24720.0
AU2704.SHF,9/18/2026,956.22,4819.0
AU2706.SHF,9/18/2026,958.6,1648.0
AU2708.SHF,9/18/2026,960.98,742.0
AU8888.SHF,9/18/2026,951.79,403107.0
AUZL1.SHF,9/18/2026,948.52,248802.0
AUZL2.SHF,9/18/2026,951.38,119577.0
AUZL.SHF,9/18/2026,948.52,248802.0
AG00.SHF,9/18/2026,16263.0,360057.0
AG01.SHF,9/18/2026,16279.0,22185.0
AG02.SHF,9/18/2026,16304.0,165934.0
AG03.SHF,9/18/2026,16328.0,26550.0
AG2610.SHF,9/18/2026,16263.0,360057.0
AG2611.SHF,9/18/2026,16279.0,22185.0
AG2612.SHF,9/18/2026,16304.0,165934.0
AG2701.SHF,9/18/2026,16328.0,26550.0
AG2702.SHF,9/18/2026,16339.0,177363.0
AG2703.SHF,9/18/2026,16359.0,2013.0
AG2704.SHF,9/18/2026,16367.0,5827.0
AG2705.SHF,9/18/2026,16386.0,1383.0
AG2706.SHF,9/18/2026,16406.0,3272.0
AG2707.SHF,9/18/2026,16406.0,3219.0
AG2708.SHF,9/18/2026,16423.0,5810.0
AG8888.SHF,9/18/2026,16308.0,773895.0
AGZL1.SHF,9/18/2026,16263.0,360057.0
AGZL2.SHF,9/18/2026,16304.0,165934.0
AGZL.SHF,9/18/2026,16263.0,360057.0
CU00.SHF,9/18/2026,109620.0,81021.0
CU01.SHF,9/18/2026,109190.0,58282.0
CU02.SHF,9/18/2026,108900.0,28434.0
CU03.SHF,9/18/2026,108660.0,8238.0
CU2610.SHF,9/18/2026,109620.0,81021.0
CU2611.SHF,9/18/2026,109190.0,58282.0
CU2612.SHF,9/18/2026,108900.0,28434.0
CU2701.SHF,9/18/2026,108660.0,8238.0
CU2702.SHF,9/18/2026,108600.0,1549.0
CU2703.SHF,9/18/2026,108560.0,1360.0
CU2704.SHF,9/18/2026,108600.0,362.0
CU2705.SHF,9/18/2026,108490.0,447.0
CU2706.SHF,9/18/2026,108590.0,612.0
CU2707.SHF,9/18/2026,108530.0,130.0
CU2708.SHF,9/18/2026,108420.0,279.0
CU8888.SHF,9/18/2026,109106.0,180991.0
CUZL1.SHF,9/18/2026,109620.0,81021.0
CUZL2.SHF,9/18/2026,109620.0,81021.0
CUZL.SHF,9/18/2026,109620.0,81021.0
I00.DCE,9/18/2026,723.5,5831.0
I01.DCE,9/18/2026,722.5,23836.0
I02.DCE,9/18/2026,719.5,8363.0
I03.DCE,9/18/2026,715.5,317269.0
I2610.DCE,9/18/2026,723.5,5831.0
I2611.DCE,9/18/2026,722.5,23836.0
I2612.DCE,9/18/2026,719.5,8363.0
I2701.DCE,9/18/2026,715.5,317269.0
I2702.DCE,9/18/2026,714.0,4976.0
I2703.DCE,9/18/2026,711.0,2920.0
I2704.DCE,9/18/2026,710.0,1270.0
I2705.DCE,9/18/2026,706.0,17801.0
I2706.DCE,9/18/2026,702.5,788.0
I2707.DCE,9/18/2026,701.5,2295.0
I2708.DCE,9/18/2026,699.5,1399.0
I8888.DCE,9/18/2026,714.3,387981.0
IZL1.DCE,9/18/2026,715.5,317269.0
IZL2.DCE,9/18/2026,715.5,317269.0
IZL.DCE,9/18/2026,715.5,317269.0
RU00.SHF,9/18/2026,17850.0,319.0
RU01.SHF,9/18/2026,17865.0,3874.0
RU02.SHF,9/18/2026,18670.0,269879.0
RU03.SHF,9/18/2026,18665.0,399.0
RU2610.SHF,9/18/2026,17850.0,319.0
RU2611.SHF,9/18/2026,17865.0,3874.0
RU2701.SHF,9/18/2026,18670.0,269879.0
RU2703.SHF,9/18/2026,18665.0,399.0
RU2704.SHF,9/18/2026,18725.0,11.0
RU2705.SHF,9/18/2026,18695.0,23849.0
RU2706.SHF,9/18/2026,18710.0,20.0
RU2707.SHF,9/18/2026,18705.0,17.0
RU2708.SHF,9/18/2026,18760.0,66.0
RU8888.SHF,9/18/2026,18652.0,298502.0
RUZL1.SHF,9/18/2026,18670.0,269879.0
RUZL2.SHF,9/18/2026,18670.0,269879.0
RUZL.SHF,9/18/2026,18670.0,269879.0
