instrument_code,valuation_date,price,volume
IM2606.CFE,6/15/2026,8475.2,134896.0
IM2606.CFE,6/16/2026,8602.4,124372.0
IM2606.CFE,6/17/2026,8695.0,98806.0
IM2606.CFE,6/18/2026,8766.0,78697.0
IM2606.CFE,6/22/2026,8774.2,44990.0
IM2607.CFE,6/15/2026,8403.4,23151.0
IM2607.CFE,6/16/2026,8523.8,25572.0
IM2607.CFE,6/17/2026,8612.0,29920.0
IM2607.CFE,6/18/2026,8679.0,40021.0
IM2607.CFE,6/22/2026,8706.2,64293.0
IM2607.CFE,6/23/2026,8598.8,65773.0
IM2607.CFE,6/24/2026,8667.6,59625.0
IM2607.CFE,6/25/2026,8725.8,51012.0
IM2607.CFE,6/26/2026,8532.6,63441.0
IM2607.CFE,6/29/2026,8514.2,69358.0
IM2607.CFE,6/30/2026,8705.2,55195.0
IM2607.CFE,7/1/2026,8727.6,58982.0
IM2607.CFE,7/2/2026,8570.0,63818.0
IM2607.CFE,7/3/2026,8567.2,55429.0
IM2607.CFE,7/6/2026,8458.0,61221.0
IM2607.CFE,7/7/2026,8296.6,61212.0
IM2607.CFE,7/8/2026,8131.2,68781.0
IM2607.CFE,7/9/2026,8282.6,73965.0
IM2607.CFE,7/10/2026,8186.2,60933.0
IM2607.CFE,7/13/2026,7819.0,76815.0
IM2607.CFE,7/14/2026,7914.8,75103.0
IM2607.CFE,7/15/2026,7835.0,57559.0
IM2607.CFE,7/16/2026,7655.0,54531.0
IM2607.CFE,7/17/2026,7265.4,39448.0
IM2608.CFE,6/23/2026,8515.0,8726.0
IM2608.CFE,6/24/2026,8568.0,8861.0
IM2608.CFE,6/25/2026,8622.6,8079.0
IM2608.CFE,6/26/2026,8424.6,9481.0
IM2608.CFE,6/29/2026,8405.6,7738.0
IM2608.CFE,6/30/2026,8606.2,6575.0
IM2608.CFE,7/1/2026,8620.6,9191.0
IM2608.CFE,7/2/2026,8473.0,13183.0
IM2608.CFE,7/3/2026,8468.4,11993.0
IM2608.CFE,7/6/2026,8362.0,13051.0
IM2608.CFE,7/7/2026,8200.0,13689.0
IM2608.CFE,7/8/2026,8046.0,17666.0
IM2608.CFE,7/9/2026,8207.0,18830.0
IM2608.CFE,7/10/2026,8099.2,16770.0
IM2608.CFE,7/13/2026,7750.0,29877.0
IM2608.CFE,7/14/2026,7854.4,32294.0
IM2608.CFE,7/15/2026,7780.4,32113.0
IM2608.CFE,7/16/2026,7599.6,46976.0
IM2608.CFE,7/17/2026,7118.8,90297.0
IM2608.CFE,7/20/2026,6910.0,97418.0
IM2608.CFE,7/21/2026,7220.0,83442.0
IM2608.CFE,7/22/2026,7091.2,71597.0
IM2608.CFE,7/23/2026,7136.4,54505.0
IM2608.CFE,7/24/2026,6944.4,57569.0
IM2608.CFE,7/27/2026,7207.8,64404.0
IM2608.CFE,7/28/2026,7001.4,62996.0
IM2608.CFE,7/29/2026,7090.2,77435.0
IM2608.CFE,7/30/2026,6885.2,69243.0
IM2608.CFE,7/31/2026,7043.4,75253.0
IM2608.CFE,8/3/2026,7067.8,42051.0
IM2608.CFE,8/4/2026,7256.0,49236.0
IM2608.CFE,8/5/2026,7479.2,50025.0
IM2608.CFE,8/6/2026,7508.6,53523.0
IM2608.CFE,8/7/2026,7655.6,49898.0
IM2608.CFE,8/10/2026,7682.8,47167.0
IM2608.CFE,8/11/2026,7684.4,41217.0
IM2608.CFE,8/12/2026,7754.4,36255.0
IM2608.CFE,8/13/2026,7709.4,42568.0
IM2608.CFE,8/14/2026,7730.8,39939.0
IM2608.CFE,8/17/2026,7955.6,46788.0
IM2608.CFE,8/18/2026,7900.8,42950.0
IM2609.CFE,6/15/2026,8244.6,85423.0
IM2609.CFE,6/16/2026,8349.0,89065.0
IM2609.CFE,6/17/2026,8445.0,91903.0
IM2609.CFE,6/18/2026,8510.0,114746.0
IM2609.CFE,6/22/2026,8524.2,158991.0
IM2609.CFE,6/23/2026,8403.0,169243.0
IM2609.CFE,6/24/2026,8472.4,144567.0
IM2609.CFE,6/25/2026,8523.8,144932.0
IM2609.CFE,6/26/2026,8319.2,174428.0
IM2609.CFE,6/29/2026,8308.6,171721.0
IM2609.CFE,6/30/2026,8504.2,146627.0
IM2609.CFE,7/1/2026,8517.6,168136.0
IM2609.CFE,7/2/2026,8370.2,178178.0
IM2609.CFE,7/3/2026,8373.0,152704.0
IM2609.CFE,7/6/2026,8265.0,151626.0
IM2609.CFE,7/7/2026,8115.2,150751.0
IM2609.CFE,7/8/2026,7974.0,167678.0
IM2609.CFE,7/9/2026,8127.4,195417.0
IM2609.CFE,7/10/2026,8019.4,171301.0
IM2609.CFE,7/13/2026,7684.4,200999.0
IM2609.CFE,7/14/2026,7788.0,217776.0
IM2609.CFE,7/15/2026,7723.2,174869.0
IM2609.CFE,7/16/2026,7552.6,192392.0
IM2609.CFE,7/17/2026,7065.2,282694.0
IM2609.CFE,7/20/2026,6849.8,313762.0
IM2609.CFE,7/21/2026,7164.4,294238.0
IM2609.CFE,7/22/2026,7028.8,231584.0
IM2609.CFE,7/23/2026,7071.6,186983.0
IM2609.CFE,7/24/2026,6880.2,207512.0
IM2609.CFE,7/27/2026,7148.8,218451.0
IM2609.CFE,7/28/2026,6943.2,201223.0
IM2609.CFE,7/29/2026,7047.2,264111.0
IM2609.CFE,7/30/2026,6845.2,260301.0
IM2609.CFE,7/31/2026,6987.8,234697.0
IM2609.CFE,8/3/2026,7023.4,144370.0
IM2609.CFE,8/4/2026,7211.4,174207.0
IM2609.CFE,8/5/2026,7433.8,182820.0
IM2609.CFE,8/6/2026,7451.8,171996.0
IM2609.CFE,8/7/2026,7590.6,177728.0
IM2609.CFE,8/10/2026,7607.2,142720.0
IM2609.CFE,8/11/2026,7613.2,154999.0
IM2609.CFE,8/12/2026,7677.4,129080.0
IM2609.CFE,8/13/2026,7634.2,151812.0
IM2609.CFE,8/14/2026,7650.2,146100.0
IM2609.CFE,8/17/2026,7875.0,153569.0
IM2609.CFE,8/18/2026,7807.0,162697.0
IM2612.CFE,6/15/2026,8012.6,28590.0
IM2612.CFE,6/16/2026,8109.8,28593.0
IM2612.CFE,6/17/2026,8201.0,22735.0
IM2612.CFE,6/18/2026,8270.0,26046.0
IM2612.CFE,6/22/2026,8281.0,31029.0
IM2612.CFE,6/23/2026,8156.0,26961.0
IM2612.CFE,6/24/2026,8221.2,22110.0
IM2612.CFE,6/25/2026,8271.2,23977.0
IM2612.CFE,6/26/2026,8066.0,28278.0
IM2612.CFE,6/29/2026,8051.0,28693.0
IM2612.CFE,6/30/2026,8240.0,24463.0
IM2612.CFE,7/1/2026,8248.0,30604.0
IM2612.CFE,7/2/2026,8109.6,32353.0
IM2612.CFE,7/3/2026,8113.4,24371.0
IM2612.CFE,7/6/2026,8013.8,26467.0
IM2612.CFE,7/7/2026,7870.6,30018.0
IM2612.CFE,7/8/2026,7740.2,30533.0
IM2612.CFE,7/9/2026,7896.0,35604.0
IM2612.CFE,7/10/2026,7780.0,30232.0
IM2612.CFE,7/13/2026,7459.6,38854.0
IM2612.CFE,7/14/2026,7563.4,38509.0
IM2612.CFE,7/15/2026,7499.2,29866.0
IM2612.CFE,7/16/2026,7347.0,34682.0
IM2612.CFE,7/17/2026,6866.0,55793.0
IM2612.CFE,7/20/2026,6650.6,67178.0
IM2612.CFE,7/21/2026,6971.4,58797.0
IM2612.CFE,7/22/2026,6828.0,46329.0
IM2612.CFE,7/23/2026,6876.4,35825.0
IM2612.CFE,7/24/2026,6685.0,37899.0
IM2612.CFE,7/27/2026,6951.0,40430.0
IM2612.CFE,7/28/2026,6754.6,37929.0
IM2612.CFE,7/29/2026,6883.0,55092.0
IM2612.CFE,7/30/2026,6690.0,52693.0
IM2612.CFE,7/31/2026,6830.6,50176.0
IM2612.CFE,8/3/2026,6866.2,31141.0
IM2612.CFE,8/4/2026,7048.8,36861.0
IM2612.CFE,8/5/2026,7269.0,42790.0
IM2612.CFE,8/6/2026,7269.0,37406.0
IM2612.CFE,8/7/2026,7400.0,40350.0
IM2612.CFE,8/10/2026,7413.2,32646.0
IM2612.CFE,8/11/2026,7412.2,39092.0
IM2612.CFE,8/12/2026,7473.6,30282.0
IM2612.CFE,8/13/2026,7433.6,36357.0
IM2612.CFE,8/14/2026,7442.4,34645.0
IM2612.CFE,8/17/2026,7657.8,37645.0
IM2612.CFE,8/18/2026,7586.8,40409.0
IC2606.CFE,6/15/2026,8384.8,100068.0
IC2606.CFE,6/16/2026,8475.8,80075.0
IC2606.CFE,6/17/2026,8613.2,68652.0
IC2606.CFE,6/18/2026,8682.8,58561.0
IC2606.CFE,6/22/2026,8778.2,29050.0
IC2607.CFE,6/15/2026,8318.6,19254.0
IC2607.CFE,6/16/2026,8400.8,18430.0
IC2607.CFE,6/17/2026,8545.4,21730.0
IC2607.CFE,6/18/2026,8620.0,33996.0
IC2607.CFE,6/22/2026,8770.0,46843.0
IC2607.CFE,6/23/2026,8592.0,48853.0
IC2607.CFE,6/24/2026,8727.6,42850.0
IC2607.CFE,6/25/2026,8842.6,43473.0
IC2607.CFE,6/26/2026,8615.6,53355.0
IC2607.CFE,6/29/2026,8715.2,50387.0
IC2607.CFE,6/30/2026,8947.4,40231.0
IC2607.CFE,7/1/2026,8887.0,45739.0
IC2607.CFE,7/2/2026,8639.0,53907.0
IC2607.CFE,7/3/2026,8688.8,45511.0
IC2607.CFE,7/6/2026,8624.8,44424.0
IC2607.CFE,7/7/2026,8473.2,42617.0
IC2607.CFE,7/8/2026,8381.2,47801.0
IC2607.CFE,7/9/2026,8621.6,50835.0
IC2607.CFE,7/10/2026,8470.2,43780.0
IC2607.CFE,7/13/2026,8138.8,47896.0
IC2607.CFE,7/14/2026,8242.0,51751.0
IC2607.CFE,7/15/2026,8161.0,40670.0
IC2607.CFE,7/16/2026,7964.2,32937.0
IC2607.CFE,7/17/2026,7593.6,20690.0
IC2608.CFE,6/23/2026,8530.2,4971.0
IC2608.CFE,6/24/2026,8659.0,5963.0
IC2608.CFE,6/25/2026,8774.8,5281.0
IC2608.CFE,6/26/2026,8526.0,6035.0
IC2608.CFE,6/29/2026,8621.4,5573.0
IC2608.CFE,6/30/2026,8863.8,4916.0
IC2608.CFE,7/1/2026,8795.0,5844.0
IC2608.CFE,7/2/2026,8557.0,8179.0
IC2608.CFE,7/3/2026,8608.0,9189.0
IC2608.CFE,7/6/2026,8538.0,9573.0
IC2608.CFE,7/7/2026,8388.2,10784.0
IC2608.CFE,7/8/2026,8310.2,12529.0
IC2608.CFE,7/9/2026,8553.0,15497.0
IC2608.CFE,7/10/2026,8390.0,12188.0
IC2608.CFE,7/13/2026,8076.0,17791.0
IC2608.CFE,7/14/2026,8172.8,23558.0
IC2608.CFE,7/15/2026,8096.6,22509.0
IC2608.CFE,7/16/2026,7912.0,31816.0
IC2608.CFE,7/17/2026,7444.2,57289.0
IC2608.CFE,7/20/2026,7347.0,65958.0
IC2608.CFE,7/21/2026,7741.0,54398.0
IC2608.CFE,7/22/2026,7668.6,47293.0
IC2608.CFE,7/23/2026,7660.0,38251.0
IC2608.CFE,7/24/2026,7466.6,41464.0
IC2608.CFE,7/27/2026,7691.0,45049.0
IC2608.CFE,7/28/2026,7406.4,49485.0
IC2608.CFE,7/29/2026,7495.2,56001.0
IC2608.CFE,7/30/2026,7294.2,54199.0
IC2608.CFE,7/31/2026,7440.6,53943.0
IC2608.CFE,8/3/2026,7394.8,31861.0
IC2608.CFE,8/4/2026,7573.8,32524.0
IC2608.CFE,8/5/2026,7784.6,34476.0
IC2608.CFE,8/6/2026,7783.0,36322.0
IC2608.CFE,8/7/2026,7936.2,31498.0
IC2608.CFE,8/10/2026,7955.2,31681.0
IC2608.CFE,8/11/2026,7942.0,26761.0
IC2608.CFE,8/12/2026,7987.4,22247.0
IC2608.CFE,8/13/2026,7944.2,26318.0
IC2608.CFE,8/14/2026,7939.8,27296.0
IC2608.CFE,8/17/2026,8161.0,29319.0
IC2608.CFE,8/18/2026,8119.6,32202.0
IC2609.CFE,6/15/2026,8206.6,61522.0
IC2609.CFE,6/16/2026,8278.0,58829.0
IC2609.CFE,6/17/2026,8429.0,68378.0
IC2609.CFE,6/18/2026,8517.4,88410.0
IC2609.CFE,6/22/2026,8650.0,112647.0
IC2609.CFE,6/23/2026,8455.0,129547.0
IC2609.CFE,6/24/2026,8595.0,114321.0
IC2609.CFE,6/25/2026,8699.4,122306.0
IC2609.CFE,6/26/2026,8447.0,145705.0
IC2609.CFE,6/29/2026,8537.6,136851.0
IC2609.CFE,6/30/2026,8783.0,120466.0
IC2609.CFE,7/1/2026,8713.0,138185.0
IC2609.CFE,7/2/2026,8488.0,134223.0
IC2609.CFE,7/3/2026,8538.0,121199.0
IC2609.CFE,7/6/2026,8467.0,122043.0
IC2609.CFE,7/7/2026,8322.6,116813.0
IC2609.CFE,7/8/2026,8255.2,125664.0
IC2609.CFE,7/9/2026,8502.4,148454.0
IC2609.CFE,7/10/2026,8333.0,133978.0
IC2609.CFE,7/13/2026,8021.6,151768.0
IC2609.CFE,7/14/2026,8117.0,169427.0
IC2609.CFE,7/15/2026,8046.4,131813.0
IC2609.CFE,7/16/2026,7869.6,138864.0
IC2609.CFE,7/17/2026,7389.0,193007.0
IC2609.CFE,7/20/2026,7302.2,210459.0
IC2609.CFE,7/21/2026,7685.8,194584.0
IC2609.CFE,7/22/2026,7611.0,157364.0
IC2609.CFE,7/23/2026,7602.6,127171.0
IC2609.CFE,7/24/2026,7416.0,139718.0
IC2609.CFE,7/27/2026,7647.0,148209.0
IC2609.CFE,7/28/2026,7352.4,148255.0
IC2609.CFE,7/29/2026,7454.2,181050.0
IC2609.CFE,7/30/2026,7245.6,185336.0
IC2609.CFE,7/31/2026,7395.0,168975.0
IC2609.CFE,8/3/2026,7356.0,98991.0
IC2609.CFE,8/4/2026,7529.0,113591.0
IC2609.CFE,8/5/2026,7744.4,120521.0
IC2609.CFE,8/6/2026,7730.0,113595.0
IC2609.CFE,8/7/2026,7877.8,116150.0
IC2609.CFE,8/10/2026,7881.4,100468.0
IC2609.CFE,8/11/2026,7872.0,100173.0
IC2609.CFE,8/12/2026,7914.2,86925.0
IC2609.CFE,8/13/2026,7866.2,103671.0
IC2609.CFE,8/14/2026,7861.2,97063.0
IC2609.CFE,8/17/2026,8082.0,104221.0
IC2609.CFE,8/18/2026,8022.6,109338.0
IC2612.CFE,6/15/2026,8028.0,21026.0
IC2612.CFE,6/16/2026,8098.0,17533.0
IC2612.CFE,6/17/2026,8247.2,16340.0
IC2612.CFE,6/18/2026,8341.4,19307.0
IC2612.CFE,6/22/2026,8469.2,21508.0
IC2612.CFE,6/23/2026,8270.6,22874.0
IC2612.CFE,6/24/2026,8402.8,17053.0
IC2612.CFE,6/25/2026,8506.2,18530.0
IC2612.CFE,6/26/2026,8244.8,25213.0
IC2612.CFE,6/29/2026,8325.0,21273.0
IC2612.CFE,6/30/2026,8563.6,19946.0
IC2612.CFE,7/1/2026,8492.0,21220.0
IC2612.CFE,7/2/2026,8282.0,24675.0
IC2612.CFE,7/3/2026,8334.6,20838.0
IC2612.CFE,7/6/2026,8263.0,20706.0
IC2612.CFE,7/7/2026,8116.0,22304.0
IC2612.CFE,7/8/2026,8059.4,23165.0
IC2612.CFE,7/9/2026,8319.0,26190.0
IC2612.CFE,7/10/2026,8145.0,24171.0
IC2612.CFE,7/13/2026,7838.8,29549.0
IC2612.CFE,7/14/2026,7932.6,29963.0
IC2612.CFE,7/15/2026,7860.2,24220.0
IC2612.CFE,7/16/2026,7693.8,26936.0
IC2612.CFE,7/17/2026,7213.0,42592.0
IC2612.CFE,7/20/2026,7124.8,47351.0
IC2612.CFE,7/21/2026,7517.2,36710.0
IC2612.CFE,7/22/2026,7426.8,33404.0
IC2612.CFE,7/23/2026,7420.0,24241.0
IC2612.CFE,7/24/2026,7234.8,27707.0
IC2612.CFE,7/27/2026,7472.0,30320.0
IC2612.CFE,7/28/2026,7180.0,33469.0
IC2612.CFE,7/29/2026,7296.0,39261.0
IC2612.CFE,7/30/2026,7090.6,42448.0
IC2612.CFE,7/31/2026,7244.0,41990.0
IC2612.CFE,8/3/2026,7212.6,24076.0
IC2612.CFE,8/4/2026,7384.8,27336.0
IC2612.CFE,8/5/2026,7597.0,33447.0
IC2612.CFE,8/6/2026,7567.0,26413.0
IC2612.CFE,8/7/2026,7715.6,29715.0
IC2612.CFE,8/10/2026,7707.6,24481.0
IC2612.CFE,8/11/2026,7692.6,25400.0
IC2612.CFE,8/12/2026,7733.0,21439.0
IC2612.CFE,8/13/2026,7684.6,26619.0
IC2612.CFE,8/14/2026,7680.2,27256.0
IC2612.CFE,8/17/2026,7878.0,28285.0
IC2612.CFE,8/18/2026,7818.0,30328.0
IH2606.CFE,6/15/2026,2938.6,39731.0
IH2606.CFE,6/16/2026,2911.0,30100.0
IH2606.CFE,6/17/2026,2935.0,25807.0
IH2606.CFE,6/18/2026,2941.0,25130.0
IH2606.CFE,6/22/2026,2995.6,16134.0
IH2607.CFE,6/15/2026,2909.2,9689.0
IH2607.CFE,6/16/2026,2884.8,8634.0
IH2607.CFE,6/17/2026,2906.0,8598.0
IH2607.CFE,6/18/2026,2911.8,11680.0
IH2607.CFE,6/22/2026,2988.4,21705.0
IH2607.CFE,6/23/2026,2896.6,19123.0
IH2607.CFE,6/24/2026,2911.8,16599.0
IH2607.CFE,6/25/2026,2942.6,18446.0
IH2607.CFE,6/26/2026,2883.6,20164.0
IH2607.CFE,6/29/2026,2944.2,20492.0
IH2607.CFE,6/30/2026,2962.0,14656.0
IH2607.CFE,7/1/2026,2954.4,16838.0
IH2607.CFE,7/2/2026,2892.2,18233.0
IH2607.CFE,7/3/2026,2908.0,14807.0
IH2607.CFE,7/6/2026,2930.2,13884.0
IH2607.CFE,7/7/2026,2897.4,14256.0
IH2607.CFE,7/8/2026,2898.0,13786.0
IH2607.CFE,7/9/2026,2964.8,16828.0
IH2607.CFE,7/10/2026,2940.2,16010.0
IH2607.CFE,7/13/2026,2902.2,19462.0
IH2607.CFE,7/14/2026,2932.8,18423.0
IH2607.CFE,7/15/2026,2959.0,14837.0
IH2607.CFE,7/16/2026,2903.0,15853.0
IH2607.CFE,7/17/2026,2841.2,10322.0
IH2608.CFE,6/23/2026,2892.0,1649.0
IH2608.CFE,6/24/2026,2905.8,2681.0
IH2608.CFE,6/25/2026,2931.2,3719.0
IH2608.CFE,6/26/2026,2870.0,2989.0
IH2608.CFE,6/29/2026,2935.0,2646.0
IH2608.CFE,6/30/2026,2948.4,2366.0
IH2608.CFE,7/1/2026,2944.2,2206.0
IH2608.CFE,7/2/2026,2882.8,2570.0
IH2608.CFE,7/3/2026,2898.2,2038.0
IH2608.CFE,7/6/2026,2917.4,2851.0
IH2608.CFE,7/7/2026,2881.8,2742.0
IH2608.CFE,7/8/2026,2882.4,3374.0
IH2608.CFE,7/9/2026,2950.4,3755.0
IH2608.CFE,7/10/2026,2925.2,4563.0
IH2608.CFE,7/13/2026,2884.2,7612.0
IH2608.CFE,7/14/2026,2911.0,6746.0
IH2608.CFE,7/15/2026,2928.6,8375.0
IH2608.CFE,7/16/2026,2880.8,11818.0
IH2608.CFE,7/17/2026,2810.6,20702.0
IH2608.CFE,7/20/2026,2890.2,23006.0
IH2608.CFE,7/21/2026,2939.6,17320.0
IH2608.CFE,7/22/2026,2958.0,17063.0
IH2608.CFE,7/23/2026,2961.0,10919.0
IH2608.CFE,7/24/2026,2926.0,13334.0
IH2608.CFE,7/27/2026,2936.6,14035.0
IH2608.CFE,7/28/2026,2905.2,16514.0
IH2608.CFE,7/29/2026,2896.6,17183.0
IH2608.CFE,7/30/2026,2905.0,15821.0
IH2608.CFE,7/31/2026,2910.0,13186.0
IH2608.CFE,8/3/2026,2876.6,10287.0
IH2608.CFE,8/4/2026,2868.6,9492.0
IH2608.CFE,8/5/2026,2911.0,13319.0
IH2608.CFE,8/6/2026,2916.0,9908.0
IH2608.CFE,8/7/2026,2948.4,9984.0
IH2608.CFE,8/10/2026,2956.0,9191.0
IH2608.CFE,8/11/2026,2926.6,9489.0
IH2608.CFE,8/12/2026,2930.0,7222.0
IH2608.CFE,8/13/2026,2922.2,10149.0
IH2608.CFE,8/14/2026,2908.6,9343.0
IH2608.CFE,8/17/2026,2937.2,9868.0
IH2608.CFE,8/18/2026,2932.2,10798.0
IH2609.CFE,6/15/2026,2900.6,24020.0
IH2609.CFE,6/16/2026,2872.0,22676.0
IH2609.CFE,6/17/2026,2894.4,21816.0
IH2609.CFE,6/18/2026,2899.8,28121.0
IH2609.CFE,6/22/2026,2978.0,49450.0
IH2609.CFE,6/23/2026,2884.6,50120.0
IH2609.CFE,6/24/2026,2896.2,33499.0
IH2609.CFE,6/25/2026,2924.8,40016.0
IH2609.CFE,6/26/2026,2859.0,47552.0
IH2609.CFE,6/29/2026,2928.0,48727.0
IH2609.CFE,6/30/2026,2938.0,36908.0
IH2609.CFE,7/1/2026,2934.6,47826.0
IH2609.CFE,7/2/2026,2871.0,47210.0
IH2609.CFE,7/3/2026,2886.6,39703.0
IH2609.CFE,7/6/2026,2905.2,36608.0
IH2609.CFE,7/7/2026,2870.6,38556.0
IH2609.CFE,7/8/2026,2868.0,40795.0
IH2609.CFE,7/9/2026,2939.8,52831.0
IH2609.CFE,7/10/2026,2910.2,51784.0
IH2609.CFE,7/13/2026,2872.6,52535.0
IH2609.CFE,7/14/2026,2891.2,49148.0
IH2609.CFE,7/15/2026,2914.0,39561.0
IH2609.CFE,7/16/2026,2867.8,44146.0
IH2609.CFE,7/17/2026,2796.4,54470.0
IH2609.CFE,7/20/2026,2874.0,63270.0
IH2609.CFE,7/21/2026,2923.6,49139.0
IH2609.CFE,7/22/2026,2946.2,47307.0
IH2609.CFE,7/23/2026,2948.8,31949.0
IH2609.CFE,7/24/2026,2910.0,36940.0
IH2609.CFE,7/27/2026,2923.0,37937.0
IH2609.CFE,7/28/2026,2889.8,42036.0
IH2609.CFE,7/29/2026,2878.6,47407.0
IH2609.CFE,7/30/2026,2885.8,48398.0
IH2609.CFE,7/31/2026,2891.8,42072.0
IH2609.CFE,8/3/2026,2860.0,30277.0
IH2609.CFE,8/4/2026,2852.4,29565.0
IH2609.CFE,8/5/2026,2893.4,37372.0
IH2609.CFE,8/6/2026,2897.2,25733.0
IH2609.CFE,8/7/2026,2930.0,29990.0
IH2609.CFE,8/10/2026,2936.0,24068.0
IH2609.CFE,8/11/2026,2909.0,26945.0
IH2609.CFE,8/12/2026,2910.0,20700.0
IH2609.CFE,8/13/2026,2902.6,26420.0
IH2609.CFE,8/14/2026,2890.0,27375.0
IH2609.CFE,8/17/2026,2919.2,28125.0
IH2609.CFE,8/18/2026,2911.6,29271.0
IH2612.CFE,6/15/2026,2884.6,6020.0
IH2612.CFE,6/16/2026,2854.4,4940.0
IH2612.CFE,6/17/2026,2872.0,5074.0
IH2612.CFE,6/18/2026,2878.4,5333.0
IH2612.CFE,6/22/2026,2961.4,8765.0
IH2612.CFE,6/23/2026,2864.8,8216.0
IH2612.CFE,6/24/2026,2874.6,5273.0
IH2612.CFE,6/25/2026,2900.0,6535.0
IH2612.CFE,6/26/2026,2832.8,7302.0
IH2612.CFE,6/29/2026,2897.6,6501.0
IH2612.CFE,6/30/2026,2907.0,5995.0
IH2612.CFE,7/1/2026,2906.6,7177.0
IH2612.CFE,7/2/2026,2841.2,8614.0
IH2612.CFE,7/3/2026,2855.2,6467.0
IH2612.CFE,7/6/2026,2874.6,5712.0
IH2612.CFE,7/7/2026,2840.2,5707.0
IH2612.CFE,7/8/2026,2840.8,6195.0
IH2612.CFE,7/9/2026,2909.0,7420.0
IH2612.CFE,7/10/2026,2880.2,7984.0
IH2612.CFE,7/13/2026,2838.2,10290.0
IH2612.CFE,7/14/2026,2857.6,7658.0
IH2612.CFE,7/15/2026,2879.2,6175.0
IH2612.CFE,7/16/2026,2838.8,6729.0
IH2612.CFE,7/17/2026,2762.2,9617.0
IH2612.CFE,7/20/2026,2835.0,11933.0
IH2612.CFE,7/21/2026,2886.6,8596.0
IH2612.CFE,7/22/2026,2908.2,7080.0
IH2612.CFE,7/23/2026,2910.0,6633.0
IH2612.CFE,7/24/2026,2871.0,5690.0
IH2612.CFE,7/27/2026,2888.2,5982.0
IH2612.CFE,7/28/2026,2852.4,6516.0
IH2612.CFE,7/29/2026,2842.8,8898.0
IH2612.CFE,7/30/2026,2848.2,7640.0
IH2612.CFE,7/31/2026,2853.6,8025.0
IH2612.CFE,8/3/2026,2824.6,4980.0
IH2612.CFE,8/4/2026,2818.0,4785.0
IH2612.CFE,8/5/2026,2857.2,6688.0
IH2612.CFE,8/6/2026,2857.6,5922.0
IH2612.CFE,8/7/2026,2887.0,6243.0
IH2612.CFE,8/10/2026,2893.2,3761.0
IH2612.CFE,8/11/2026,2864.8,5849.0
IH2612.CFE,8/12/2026,2869.4,4842.0
IH2612.CFE,8/13/2026,2862.8,6742.0
IH2612.CFE,8/14/2026,2848.2,6254.0
IH2612.CFE,8/17/2026,2873.6,6282.0
IH2612.CFE,8/18/2026,2868.6,6254.0
IF2606.CFE,6/15/2026,4880.0,74674.0
IF2606.CFE,6/16/2026,4875.2,60182.0
IF2606.CFE,6/17/2026,4928.0,55239.0
IF2606.CFE,6/18/2026,4960.6,51416.0
IF2606.CFE,6/22/2026,5029.2,25670.0
IF2607.CFE,6/15/2026,4839.0,12805.0
IF2607.CFE,6/16/2026,4827.4,12484.0
IF2607.CFE,6/17/2026,4882.0,17235.0
IF2607.CFE,6/18/2026,4917.0,28722.0
IF2607.CFE,6/22/2026,5027.2,44696.0
IF2607.CFE,6/23/2026,4867.8,47396.0
IF2607.CFE,6/24/2026,4890.2,33112.0
IF2607.CFE,6/25/2026,4972.6,36963.0
IF2607.CFE,6/26/2026,4825.8,42636.0
IF2607.CFE,6/29/2026,4869.8,38055.0
IF2607.CFE,6/30/2026,4929.0,30389.0
IF2607.CFE,7/1/2026,4902.8,34230.0
IF2607.CFE,7/2/2026,4783.4,38436.0
IF2607.CFE,7/3/2026,4811.4,33790.0
IF2607.CFE,7/6/2026,4813.4,31592.0
IF2607.CFE,7/7/2026,4762.0,29748.0
IF2607.CFE,7/8/2026,4729.4,30862.0
IF2607.CFE,7/9/2026,4837.6,37545.0
IF2607.CFE,7/10/2026,4767.0,33287.0
IF2607.CFE,7/13/2026,4691.8,37446.0
IF2607.CFE,7/14/2026,4763.4,39202.0
IF2607.CFE,7/15/2026,4787.0,29414.0
IF2607.CFE,7/16/2026,4705.2,30383.0
IF2607.CFE,7/17/2026,4555.8,17294.0
IF2608.CFE,6/23/2026,4833.2,3860.0
IF2608.CFE,6/24/2026,4860.0,3687.0
IF2608.CFE,6/25/2026,4932.2,3372.0
IF2608.CFE,6/26/2026,4783.0,6099.0
IF2608.CFE,6/29/2026,4828.8,4299.0
IF2608.CFE,6/30/2026,4887.4,4037.0
IF2608.CFE,7/1/2026,4858.8,5842.0
IF2608.CFE,7/2/2026,4744.2,6780.0
IF2608.CFE,7/3/2026,4777.0,5840.0
IF2608.CFE,7/6/2026,4776.6,6260.0
IF2608.CFE,7/7/2026,4726.4,6840.0
IF2608.CFE,7/8/2026,4693.8,7246.0
IF2608.CFE,7/9/2026,4806.8,9881.0
IF2608.CFE,7/10/2026,4727.8,9606.0
IF2608.CFE,7/13/2026,4656.6,11821.0
IF2608.CFE,7/14/2026,4721.2,14769.0
IF2608.CFE,7/15/2026,4741.2,15605.0
IF2608.CFE,7/16/2026,4666.8,23262.0
IF2608.CFE,7/17/2026,4505.0,40565.0
IF2608.CFE,7/20/2026,4568.4,43310.0
IF2608.CFE,7/21/2026,4685.4,36890.0
IF2608.CFE,7/22/2026,4671.8,28267.0
IF2608.CFE,7/23/2026,4689.0,22594.0
IF2608.CFE,7/24/2026,4607.8,23987.0
IF2608.CFE,7/27/2026,4675.4,24181.0
IF2608.CFE,7/28/2026,4549.8,31818.0
IF2608.CFE,7/29/2026,4570.2,32688.0
IF2608.CFE,7/30/2026,4529.6,35143.0
IF2608.CFE,7/31/2026,4566.2,32870.0
IF2608.CFE,8/3/2026,4535.2,21760.0
IF2608.CFE,8/4/2026,4578.6,20340.0
IF2608.CFE,8/5/2026,4646.0,25642.0
IF2608.CFE,8/6/2026,4638.2,23121.0
IF2608.CFE,8/7/2026,4674.2,22367.0
IF2608.CFE,8/10/2026,4675.2,19218.0
IF2608.CFE,8/11/2026,4653.8,19542.0
IF2608.CFE,8/12/2026,4672.0,17066.0
IF2608.CFE,8/13/2026,4655.0,19320.0
IF2608.CFE,8/14/2026,4648.4,18693.0
IF2608.CFE,8/17/2026,4729.4,23912.0
IF2608.CFE,8/18/2026,4706.4,21303.0
IF2609.CFE,6/15/2026,4784.6,45110.0
IF2609.CFE,6/16/2026,4767.0,42585.0
IF2609.CFE,6/17/2026,4823.0,43330.0
IF2609.CFE,6/18/2026,4862.8,61213.0
IF2609.CFE,6/22/2026,4983.8,88185.0
IF2609.CFE,6/23/2026,4812.4,105369.0
IF2609.CFE,6/24/2026,4830.8,69308.0
IF2609.CFE,6/25/2026,4907.0,81049.0
IF2609.CFE,6/26/2026,4748.2,105290.0
IF2609.CFE,6/29/2026,4796.4,88320.0
IF2609.CFE,6/30/2026,4855.8,66502.0
IF2609.CFE,7/1/2026,4831.2,83974.0
IF2609.CFE,7/2/2026,4719.4,85479.0
IF2609.CFE,7/3/2026,4752.2,78471.0
IF2609.CFE,7/6/2026,4753.2,73615.0
IF2609.CFE,7/7/2026,4703.4,74053.0
IF2609.CFE,7/8/2026,4668.0,77099.0
IF2609.CFE,7/9/2026,4780.8,93546.0
IF2609.CFE,7/10/2026,4704.6,85158.0
IF2609.CFE,7/13/2026,4634.6,95136.0
IF2609.CFE,7/14/2026,4690.0,101495.0
IF2609.CFE,7/15/2026,4717.4,75088.0
IF2609.CFE,7/16/2026,4645.6,86023.0
IF2609.CFE,7/17/2026,4473.8,121503.0
IF2609.CFE,7/20/2026,4545.8,118856.0
IF2609.CFE,7/21/2026,4662.4,99112.0
IF2609.CFE,7/22/2026,4648.0,83980.0
IF2609.CFE,7/23/2026,4661.4,62316.0
IF2609.CFE,7/24/2026,4578.2,74354.0
IF2609.CFE,7/27/2026,4651.8,68756.0
IF2609.CFE,7/28/2026,4521.0,88517.0
IF2609.CFE,7/29/2026,4544.8,94038.0
IF2609.CFE,7/30/2026,4508.2,104385.0
IF2609.CFE,7/31/2026,4538.0,85408.0
IF2609.CFE,8/3/2026,4512.2,56341.0
IF2609.CFE,8/4/2026,4552.8,59879.0
IF2609.CFE,8/5/2026,4621.0,76442.0
IF2609.CFE,8/6/2026,4612.0,64989.0
IF2609.CFE,8/7/2026,4645.6,65609.0
IF2609.CFE,8/10/2026,4644.6,54064.0
IF2609.CFE,8/11/2026,4625.0,51726.0
IF2609.CFE,8/12/2026,4641.0,45773.0
IF2609.CFE,8/13/2026,4624.0,59433.0
IF2609.CFE,8/14/2026,4620.4,54654.0
IF2609.CFE,8/17/2026,4699.0,60002.0
IF2609.CFE,8/18/2026,4670.2,61589.0
IF2612.CFE,6/15/2026,4714.4,13815.0
IF2612.CFE,6/16/2026,4696.0,10638.0
IF2612.CFE,6/17/2026,4743.0,9778.0
IF2612.CFE,6/18/2026,4784.6,12592.0
IF2612.CFE,6/22/2026,4918.0,16035.0
IF2612.CFE,6/23/2026,4736.0,20234.0
IF2612.CFE,6/24/2026,4754.8,11519.0
IF2612.CFE,6/25/2026,4826.6,12250.0
IF2612.CFE,6/26/2026,4665.2,18624.0
IF2612.CFE,6/29/2026,4710.2,11713.0
IF2612.CFE,6/30/2026,4766.0,10412.0
IF2612.CFE,7/1/2026,4744.8,13358.0
IF2612.CFE,7/2/2026,4636.0,16229.0
IF2612.CFE,7/3/2026,4672.0,12392.0
IF2612.CFE,7/6/2026,4671.8,11045.0
IF2612.CFE,7/7/2026,4623.8,13206.0
IF2612.CFE,7/8/2026,4586.8,13720.0
IF2612.CFE,7/9/2026,4703.4,16300.0
IF2612.CFE,7/10/2026,4625.6,14540.0
IF2612.CFE,7/13/2026,4551.8,16262.0
IF2612.CFE,7/14/2026,4601.0,18581.0
IF2612.CFE,7/15/2026,4633.0,12966.0
IF2612.CFE,7/16/2026,4565.8,14375.0
IF2612.CFE,7/17/2026,4393.6,25463.0
IF2612.CFE,7/20/2026,4471.8,26206.0
IF2612.CFE,7/21/2026,4586.6,20882.0
IF2612.CFE,7/22/2026,4571.2,15594.0
IF2612.CFE,7/23/2026,4584.2,12685.0
IF2612.CFE,7/24/2026,4505.0,15560.0
IF2612.CFE,7/27/2026,4577.8,14709.0
IF2612.CFE,7/28/2026,4446.0,17318.0
IF2612.CFE,7/29/2026,4470.8,18294.0
IF2612.CFE,7/30/2026,4433.6,20242.0
IF2612.CFE,7/31/2026,4465.8,17026.0
IF2612.CFE,8/3/2026,4446.2,11195.0
IF2612.CFE,8/4/2026,4483.8,11499.0
IF2612.CFE,8/5/2026,4547.2,16635.0
IF2612.CFE,8/6/2026,4535.0,13135.0
IF2612.CFE,8/7/2026,4565.6,15617.0
IF2612.CFE,8/10/2026,4565.2,13616.0
IF2612.CFE,8/11/2026,4545.0,13628.0
IF2612.CFE,8/12/2026,4558.2,10290.0
IF2612.CFE,8/13/2026,4546.0,13915.0
IF2612.CFE,8/14/2026,4539.0,13956.0
IF2612.CFE,8/17/2026,4616.0,14824.0
IF2612.CFE,8/18/2026,4587.2,15900.0
IF2703.CFE,7/20/2026,4412.8,4175.0
IF2703.CFE,7/21/2026,4529.6,5740.0
IF2703.CFE,7/22/2026,4499.4,4322.0
IF2703.CFE,7/23/2026,4512.0,5373.0
IF2703.CFE,7/24/2026,4436.4,4222.0
IF2703.CFE,7/27/2026,4503.6,5358.0
IF2703.CFE,7/28/2026,4373.0,6632.0
IF2703.CFE,7/29/2026,4399.6,5663.0
IF2703.CFE,7/30/2026,4353.2,7036.0
IF2703.CFE,7/31/2026,4394.4,7560.0
IF2703.CFE,8/3/2026,4377.2,4012.0
IF2703.CFE,8/4/2026,4411.0,4598.0
IF2703.CFE,8/5/2026,4477.8,6540.0
IF2703.CFE,8/6/2026,4463.8,4791.0
IF2703.CFE,8/7/2026,4493.0,5737.0
IF2703.CFE,8/10/2026,4489.0,5442.0
IF2703.CFE,8/11/2026,4469.2,4918.0
IF2703.CFE,8/12/2026,4485.0,3562.0
IF2703.CFE,8/13/2026,4474.0,4407.0
IF2703.CFE,8/14/2026,4466.0,4364.0
IF2703.CFE,8/17/2026,4543.8,4746.0
IF2703.CFE,8/18/2026,4515.4,5444.0
IH2703.CFE,7/20/2026,2809.6,1721.0
IH2703.CFE,7/21/2026,2863.2,1944.0
IH2703.CFE,7/22/2026,2880.4,2448.0
IH2703.CFE,7/23/2026,2886.0,1716.0
IH2703.CFE,7/24/2026,2843.6,1751.0
IH2703.CFE,7/27/2026,2864.0,1950.0
IH2703.CFE,7/28/2026,2828.8,2275.0
IH2703.CFE,7/29/2026,2823.8,3050.0
IH2703.CFE,7/30/2026,2826.6,2317.0
IH2703.CFE,7/31/2026,2830.6,2233.0
IH2703.CFE,8/3/2026,2804.8,1783.0
IH2703.CFE,8/4/2026,2796.4,1721.0
IH2703.CFE,8/5/2026,2834.2,3170.0
IH2703.CFE,8/6/2026,2831.8,1911.0
IH2703.CFE,8/7/2026,2859.6,1954.0
IH2703.CFE,8/10/2026,2865.8,1647.0
IH2703.CFE,8/11/2026,2838.0,1423.0
IH2703.CFE,8/12/2026,2843.2,977.0
IH2703.CFE,8/13/2026,2837.0,1759.0
IH2703.CFE,8/14/2026,2823.0,1538.0
IH2703.CFE,8/17/2026,2841.8,2755.0
IH2703.CFE,8/18/2026,2836.2,2399.0
IM2703.CFE,7/20/2026,6489.8,12521.0
IM2703.CFE,7/21/2026,6800.4,14747.0
IM2703.CFE,7/22/2026,6662.2,13317.0
IM2703.CFE,7/23/2026,6699.0,11041.0
IM2703.CFE,7/24/2026,6512.6,13185.0
IM2703.CFE,7/27/2026,6771.8,11242.0
IM2703.CFE,7/28/2026,6586.0,12222.0
IM2703.CFE,7/29/2026,6715.6,14832.0
IM2703.CFE,7/30/2026,6527.8,15753.0
IM2703.CFE,7/31/2026,6666.0,15163.0
IM2703.CFE,8/3/2026,6701.0,9678.0
IM2703.CFE,8/4/2026,6884.4,12687.0
IM2703.CFE,8/5/2026,7100.0,15397.0
IM2703.CFE,8/6/2026,7087.8,14348.0
IM2703.CFE,8/7/2026,7217.0,13099.0
IM2703.CFE,8/10/2026,7220.0,11170.0
IM2703.CFE,8/11/2026,7219.6,12232.0
IM2703.CFE,8/12/2026,7281.2,11346.0
IM2703.CFE,8/13/2026,7238.2,11952.0
IM2703.CFE,8/14/2026,7245.6,10667.0
IM2703.CFE,8/17/2026,7452.0,11681.0
IM2703.CFE,8/18/2026,7386.2,12669.0
IC2703.CFE,7/20/2026,6977.8,5347.0
IC2703.CFE,7/21/2026,7354.2,6475.0
IC2703.CFE,7/22/2026,7260.2,6976.0
IC2703.CFE,7/23/2026,7242.2,5921.0
IC2703.CFE,7/24/2026,7063.0,6416.0
IC2703.CFE,7/27/2026,7295.4,6042.0
IC2703.CFE,7/28/2026,7004.4,7560.0
IC2703.CFE,7/29/2026,7134.6,8172.0
IC2703.CFE,7/30/2026,6943.0,10002.0
IC2703.CFE,7/31/2026,7094.2,7895.0
IC2703.CFE,8/3/2026,7062.0,6459.0
IC2703.CFE,8/4/2026,7233.0,6297.0
IC2703.CFE,8/5/2026,7444.8,8698.0
IC2703.CFE,8/6/2026,7412.4,8066.0
IC2703.CFE,8/7/2026,7558.0,8353.0
IC2703.CFE,8/10/2026,7539.2,6905.0
IC2703.CFE,8/11/2026,7520.2,5649.0
IC2703.CFE,8/12/2026,7560.4,5688.0
IC2703.CFE,8/13/2026,7511.2,6892.0
IC2703.CFE,8/14/2026,7508.0,7166.0
IC2703.CFE,8/17/2026,7700.0,6323.0
IC2703.CFE,8/18/2026,7642.0,6799.0
IF2608.CFE,8/19/2026,4587.8,24035.0
IF2609.CFE,8/19/2026,4554.2,78948.0
IF2612.CFE,8/19/2026,4478.0,23362.0
IF2703.CFE,8/19/2026,4407.6,8365.0
IH2608.CFE,8/19/2026,2886.6,12835.0
IH2609.CFE,8/19/2026,2865.0,41286.0
IH2612.CFE,8/19/2026,2820.6,9674.0
IH2703.CFE,8/19/2026,2791.6,3424.0
IM2608.CFE,8/19/2026,7536.8,55695.0
IM2609.CFE,8/19/2026,7468.8,208054.0
IM2612.CFE,8/19/2026,7265.6,54815.0
IM2703.CFE,8/19/2026,7077.6,16838.0
IC2608.CFE,8/19/2026,7797.0,34927.0
IC2609.CFE,8/19/2026,7712.0,129710.0
IC2612.CFE,8/19/2026,7525.8,39469.0
IC2703.CFE,8/19/2026,7351.2,10448.0
IF2608.CFE,8/20/2026,4587.0,18120.0
IF2609.CFE,8/20/2026,4554.0,62426.0
IF2612.CFE,8/20/2026,4479.0,17960.0
IF2703.CFE,8/20/2026,4411.6,6278.0
IH2608.CFE,8/20/2026,2880.2,10299.0
IH2609.CFE,8/20/2026,2858.8,32126.0
IH2612.CFE,8/20/2026,2818.4,7549.0
IH2703.CFE,8/20/2026,2788.2,2591.0
IM2608.CFE,8/20/2026,7585.0,38088.0
IM2609.CFE,8/20/2026,7516.2,168401.0
IM2612.CFE,8/20/2026,7313.4,46578.0
IM2703.CFE,8/20/2026,7128.2,14511.0
IC2608.CFE,8/20/2026,7842.0,25193.0
IC2609.CFE,8/20/2026,7761.0,110498.0
IC2612.CFE,8/20/2026,7571.0,31151.0
IC2703.CFE,8/20/2026,7398.4,7561.0
IF2608.CFE,8/21/2026,4614.8,10603.0
IF2609.CFE,8/21/2026,4576.0,71450.0
IF2612.CFE,8/21/2026,4495.0,24690.0
IF2703.CFE,8/21/2026,4420.6,6850.0
IH2608.CFE,8/21/2026,2882.0,6213.0
IH2609.CFE,8/21/2026,2861.0,31876.0
IH2612.CFE,8/21/2026,2816.4,7742.0
IH2703.CFE,8/21/2026,2786.6,2817.0
IM2608.CFE,8/21/2026,7585.0,21454.0
IM2609.CFE,8/21/2026,7527.0,170783.0
IM2612.CFE,8/21/2026,7314.6,49672.0
IM2703.CFE,8/21/2026,7117.0,17535.0
IC2608.CFE,8/21/2026,7834.2,12888.0
IC2609.CFE,8/21/2026,7762.0,103559.0
IC2612.CFE,8/21/2026,7563.0,29557.0
IC2703.CFE,8/21/2026,7380.2,8781.0
IF2609.CFE,8/24/2026,4526.4,74259.0
IF2612.CFE,8/24/2026,4442.0,26245.0
IF2703.CFE,8/24/2026,4363.2,8617.0
IH2609.CFE,8/24/2026,2851.0,34178.0
IH2612.CFE,8/24/2026,2807.6,9938.0
IH2703.CFE,8/24/2026,2774.2,2554.0
IM2609.CFE,8/24/2026,7425.8,174420.0
IM2612.CFE,8/24/2026,7213.0,53216.0
IM2703.CFE,8/24/2026,7018.2,19275.0
IC2609.CFE,8/24/2026,7628.4,117411.0
IC2612.CFE,8/24/2026,7429.6,35744.0
IC2703.CFE,8/24/2026,7246.0,12209.0
IF2609.CFE,8/25/2026,4521.8,64814.0
IF2612.CFE,8/25/2026,4437.8,19083.0
IF2703.CFE,8/25/2026,4358.4,5917.0
IH2609.CFE,8/25/2026,2855.2,29129.0
IH2612.CFE,8/25/2026,2809.8,8291.0
IH2703.CFE,8/25/2026,2774.8,2106.0
IM2609.CFE,8/25/2026,7466.4,181414.0
IM2612.CFE,8/25/2026,7252.8,54874.0
IM2703.CFE,8/25/2026,7048.0,18906.0
IC2609.CFE,8/25/2026,7637.0,120237.0
IC2612.CFE,8/25/2026,7436.0,33718.0
IC2703.CFE,8/25/2026,7246.2,11417.0
IF2609.CFE,8/26/2026,4566.8,69832.0
IF2612.CFE,8/26/2026,4484.4,22023.0
IF2703.CFE,8/26/2026,4408.6,6458.0
IH2609.CFE,8/26/2026,2888.8,37071.0
IH2612.CFE,8/26/2026,2841.0,9412.0
IH2703.CFE,8/26/2026,2804.6,2361.0
IM2609.CFE,8/26/2026,7491.8,170411.0
IM2612.CFE,8/26/2026,7278.6,52197.0
IM2703.CFE,8/26/2026,7073.4,17355.0
IC2609.CFE,8/26/2026,7708.8,110355.0
IC2612.CFE,8/26/2026,7506.6,32683.0
IC2703.CFE,8/26/2026,7319.8,9968.0
IF2609.CFE,8/27/2026,4604.8,52955.0
IF2612.CFE,8/27/2026,4525.4,18219.0
IF2703.CFE,8/27/2026,4453.2,6488.0
IH2609.CFE,8/27/2026,2914.0,26810.0
IH2612.CFE,8/27/2026,2865.0,7461.0
IH2703.CFE,8/27/2026,2828.8,1638.0
IM2609.CFE,8/27/2026,7686.6,168494.0
IM2612.CFE,8/27/2026,7479.0,51147.0
IM2703.CFE,8/27/2026,7273.6,19387.0
IC2609.CFE,8/27/2026,7903.0,101554.0
IC2612.CFE,8/27/2026,7708.2,34091.0
IC2703.CFE,8/27/2026,7528.6,10842.0
IF2609.CFE,8/28/2026,4593.6,48813.0
IF2612.CFE,8/28/2026,4515.6,17510.0
IF2703.CFE,8/28/2026,4443.8,6159.0
IH2609.CFE,8/28/2026,2911.4,22615.0
IH2612.CFE,8/28/2026,2861.8,7918.0
IH2703.CFE,8/28/2026,2821.6,1997.0
IM2609.CFE,8/28/2026,7666.6,134286.0
IM2612.CFE,8/28/2026,7456.8,43116.0
IM2703.CFE,8/28/2026,7258.8,16940.0
IC2609.CFE,8/28/2026,7853.8,82901.0
IC2612.CFE,8/28/2026,7667.0,27678.0
IC2703.CFE,8/28/2026,7489.2,10034.0
IC00.CFE,6/15/2026,8384.8,100068.0
IC00.CFE,6/16/2026,8475.8,80075.0
IC00.CFE,6/17/2026,8613.2,68652.0
IC00.CFE,6/18/2026,8682.8,58561.0
IC00.CFE,6/22/2026,8778.2,29050.0
IC00.CFE,6/23/2026,8592.0,48853.0
IC00.CFE,6/24/2026,8727.6,42850.0
IC00.CFE,6/25/2026,8842.6,43473.0
IC00.CFE,6/26/2026,8615.6,53355.0
IC00.CFE,6/29/2026,8715.2,50387.0
IC00.CFE,6/30/2026,8947.4,40231.0
IC00.CFE,7/1/2026,8887.0,45739.0
IC00.CFE,7/2/2026,8639.0,53907.0
IC00.CFE,7/3/2026,8688.8,45511.0
IC00.CFE,7/6/2026,8624.8,44424.0
IC00.CFE,7/7/2026,8473.2,42617.0
IC00.CFE,7/8/2026,8381.2,47801.0
IC00.CFE,7/9/2026,8621.6,50835.0
IC00.CFE,7/10/2026,8470.2,43780.0
IC00.CFE,7/13/2026,8138.8,47896.0
IC00.CFE,7/14/2026,8242.0,51751.0
IC00.CFE,7/15/2026,8161.0,40670.0
IC00.CFE,7/16/2026,7964.2,32937.0
IC00.CFE,7/17/2026,7593.6,20690.0
IC00.CFE,7/20/2026,7347.0,65958.0
IC00.CFE,7/21/2026,7741.0,54398.0
IC00.CFE,7/22/2026,7668.6,47293.0
IC00.CFE,7/23/2026,7660.0,38251.0
IC00.CFE,7/24/2026,7466.6,41464.0
IC00.CFE,7/27/2026,7691.0,45049.0
IC00.CFE,7/28/2026,7406.4,49485.0
IC00.CFE,7/29/2026,7495.2,56001.0
IC00.CFE,7/30/2026,7294.2,54199.0
IC00.CFE,7/31/2026,7440.6,53943.0
IC00.CFE,8/3/2026,7394.8,31861.0
IC00.CFE,8/4/2026,7573.8,32524.0
IC00.CFE,8/5/2026,7784.6,34476.0
IC00.CFE,8/6/2026,7783.0,36322.0
IC00.CFE,8/7/2026,7936.2,31498.0
IC00.CFE,8/10/2026,7955.2,31681.0
IC00.CFE,8/11/2026,7942.0,26761.0
IC00.CFE,8/12/2026,7987.4,22247.0
IC00.CFE,8/13/2026,7944.2,26318.0
IC00.CFE,8/14/2026,7939.8,27296.0
IC00.CFE,8/17/2026,8161.0,29319.0
IC00.CFE,8/18/2026,8119.6,32202.0
IC00.CFE,8/19/2026,7797.0,34927.0
IC00.CFE,8/20/2026,7842.0,25193.0
IC00.CFE,8/21/2026,7834.2,12888.0
IC00.CFE,8/24/2026,7628.4,117411.0
IC00.CFE,8/25/2026,7637.0,120237.0
IC00.CFE,8/26/2026,7708.8,110355.0
IC00.CFE,8/27/2026,7903.0,101554.0
IC00.CFE,8/28/2026,7853.8,82901.0
IC01.CFE,6/15/2026,8318.6,19254.0
IC01.CFE,6/16/2026,8400.8,18430.0
IC01.CFE,6/17/2026,8545.4,21730.0
IC01.CFE,6/18/2026,8620.0,33996.0
IC01.CFE,6/22/2026,8770.0,46843.0
IC01.CFE,6/23/2026,8530.2,4971.0
IC01.CFE,6/24/2026,8659.0,5963.0
IC01.CFE,6/25/2026,8774.8,5281.0
IC01.CFE,6/26/2026,8526.0,6035.0
IC01.CFE,6/29/2026,8621.4,5573.0
IC01.CFE,6/30/2026,8863.8,4916.0
IC01.CFE,7/1/2026,8795.0,5844.0
IC01.CFE,7/2/2026,8557.0,8179.0
IC01.CFE,7/3/2026,8608.0,9189.0
IC01.CFE,7/6/2026,8538.0,9573.0
IC01.CFE,7/7/2026,8388.2,10784.0
IC01.CFE,7/8/2026,8310.2,12529.0
IC01.CFE,7/9/2026,8553.0,15497.0
IC01.CFE,7/10/2026,8390.0,12188.0
IC01.CFE,7/13/2026,8076.0,17791.0
IC01.CFE,7/14/2026,8172.8,23558.0
IC01.CFE,7/15/2026,8096.6,22509.0
IC01.CFE,7/16/2026,7912.0,31816.0
IC01.CFE,7/17/2026,7444.2,57289.0
IC01.CFE,7/20/2026,7302.2,210459.0
IC01.CFE,7/21/2026,7685.8,194584.0
IC01.CFE,7/22/2026,7611.0,157364.0
IC01.CFE,7/23/2026,7602.6,127171.0
IC01.CFE,7/24/2026,7416.0,139718.0
IC01.CFE,7/27/2026,7647.0,148209.0
IC01.CFE,7/28/2026,7352.4,148255.0
IC01.CFE,7/29/2026,7454.2,181050.0
IC01.CFE,7/30/2026,7245.6,185336.0
IC01.CFE,7/31/2026,7395.0,168975.0
IC01.CFE,8/3/2026,7356.0,98991.0
IC01.CFE,8/4/2026,7529.0,113591.0
IC01.CFE,8/5/2026,7744.4,120521.0
IC01.CFE,8/6/2026,7730.0,113595.0
IC01.CFE,8/7/2026,7877.8,116150.0
IC01.CFE,8/10/2026,7881.4,100468.0
IC01.CFE,8/11/2026,7872.0,100173.0
IC01.CFE,8/12/2026,7914.2,86925.0
IC01.CFE,8/13/2026,7866.2,103671.0
IC01.CFE,8/14/2026,7861.2,97063.0
IC01.CFE,8/17/2026,8082.0,104221.0
IC01.CFE,8/18/2026,8022.6,109338.0
IC01.CFE,8/19/2026,7712.0,129710.0
IC01.CFE,8/20/2026,7761.0,110498.0
IC01.CFE,8/21/2026,7762.0,103559.0
IC01.CFE,8/24/2026,7560.6,4030.0
IC01.CFE,8/25/2026,7570.4,5325.0
IC01.CFE,8/26/2026,7644.0,6898.0
IC01.CFE,8/27/2026,7839.4,5095.0
IC01.CFE,8/28/2026,7798.0,5293.0
IC02.CFE,6/15/2026,8206.6,61522.0
IC02.CFE,6/16/2026,8278.0,58829.0
IC02.CFE,6/17/2026,8429.0,68378.0
IC02.CFE,6/18/2026,8517.4,88410.0
IC02.CFE,6/22/2026,8650.0,112647.0
IC02.CFE,6/23/2026,8455.0,129547.0
IC02.CFE,6/24/2026,8595.0,114321.0
IC02.CFE,6/25/2026,8699.4,122306.0
IC02.CFE,6/26/2026,8447.0,145705.0
IC02.CFE,6/29/2026,8537.6,136851.0
IC02.CFE,6/30/2026,8783.0,120466.0
IC02.CFE,7/1/2026,8713.0,138185.0
IC02.CFE,7/2/2026,8488.0,134223.0
IC02.CFE,7/3/2026,8538.0,121199.0
IC02.CFE,7/6/2026,8467.0,122043.0
IC02.CFE,7/7/2026,8322.6,116813.0
IC02.CFE,7/8/2026,8255.2,125664.0
IC02.CFE,7/9/2026,8502.4,148454.0
IC02.CFE,7/10/2026,8333.0,133978.0
IC02.CFE,7/13/2026,8021.6,151768.0
IC02.CFE,7/14/2026,8117.0,169427.0
IC02.CFE,7/15/2026,8046.4,131813.0
IC02.CFE,7/16/2026,7869.6,138864.0
IC02.CFE,7/17/2026,7389.0,193007.0
IC02.CFE,7/20/2026,7124.8,47351.0
IC02.CFE,7/21/2026,7517.2,36710.0
IC02.CFE,7/22/2026,7426.8,33404.0
IC02.CFE,7/23/2026,7420.0,24241.0
IC02.CFE,7/24/2026,7234.8,27707.0
IC02.CFE,7/27/2026,7472.0,30320.0
IC02.CFE,7/28/2026,7180.0,33469.0
IC02.CFE,7/29/2026,7296.0,39261.0
IC02.CFE,7/30/2026,7090.6,42448.0
IC02.CFE,7/31/2026,7244.0,41990.0
IC02.CFE,8/3/2026,7212.6,24076.0
IC02.CFE,8/4/2026,7384.8,27336.0
IC02.CFE,8/5/2026,7597.0,33447.0
IC02.CFE,8/6/2026,7567.0,26413.0
IC02.CFE,8/7/2026,7715.6,29715.0
IC02.CFE,8/10/2026,7707.6,24481.0
IC02.CFE,8/11/2026,7692.6,25400.0
IC02.CFE,8/12/2026,7733.0,21439.0
IC02.CFE,8/13/2026,7684.6,26619.0
IC02.CFE,8/14/2026,7680.2,27256.0
IC02.CFE,8/17/2026,7878.0,28285.0
IC02.CFE,8/18/2026,7818.0,30328.0
IC02.CFE,8/19/2026,7525.8,39469.0
IC02.CFE,8/20/2026,7571.0,31151.0
IC02.CFE,8/21/2026,7563.0,29557.0
IC02.CFE,8/24/2026,7429.6,35744.0
IC02.CFE,8/25/2026,7436.0,33718.0
IC02.CFE,8/26/2026,7506.6,32683.0
IC02.CFE,8/27/2026,7708.2,34091.0
IC02.CFE,8/28/2026,7667.0,27678.0
IC03.CFE,6/15/2026,8028.0,21026.0
IC03.CFE,6/16/2026,8098.0,17533.0
IC03.CFE,6/17/2026,8247.2,16340.0
IC03.CFE,6/18/2026,8341.4,19307.0
IC03.CFE,6/22/2026,8469.2,21508.0
IC03.CFE,6/23/2026,8270.6,22874.0
IC03.CFE,6/24/2026,8402.8,17053.0
IC03.CFE,6/25/2026,8506.2,18530.0
IC03.CFE,6/26/2026,8244.8,25213.0
IC03.CFE,6/29/2026,8325.0,21273.0
IC03.CFE,6/30/2026,8563.6,19946.0
IC03.CFE,7/1/2026,8492.0,21220.0
IC03.CFE,7/2/2026,8282.0,24675.0
IC03.CFE,7/3/2026,8334.6,20838.0
IC03.CFE,7/6/2026,8263.0,20706.0
IC03.CFE,7/7/2026,8116.0,22304.0
IC03.CFE,7/8/2026,8059.4,23165.0
IC03.CFE,7/9/2026,8319.0,26190.0
IC03.CFE,7/10/2026,8145.0,24171.0
IC03.CFE,7/13/2026,7838.8,29549.0
IC03.CFE,7/14/2026,7932.6,29963.0
IC03.CFE,7/15/2026,7860.2,24220.0
IC03.CFE,7/16/2026,7693.8,26936.0
IC03.CFE,7/17/2026,7213.0,42592.0
IC03.CFE,7/20/2026,6977.8,5347.0
IC03.CFE,7/21/2026,7354.2,6475.0
IC03.CFE,7/22/2026,7260.2,6976.0
IC03.CFE,7/23/2026,7242.2,5921.0
IC03.CFE,7/24/2026,7063.0,6416.0
IC03.CFE,7/27/2026,7295.4,6042.0
IC03.CFE,7/28/2026,7004.4,7560.0
IC03.CFE,7/29/2026,7134.6,8172.0
IC03.CFE,7/30/2026,6943.0,10002.0
IC03.CFE,7/31/2026,7094.2,7895.0
IC03.CFE,8/3/2026,7062.0,6459.0
IC03.CFE,8/4/2026,7233.0,6297.0
IC03.CFE,8/5/2026,7444.8,8698.0
IC03.CFE,8/6/2026,7412.4,8066.0
IC03.CFE,8/7/2026,7558.0,8353.0
IC03.CFE,8/10/2026,7539.2,6905.0
IC03.CFE,8/11/2026,7520.2,5649.0
IC03.CFE,8/12/2026,7560.4,5688.0
IC03.CFE,8/13/2026,7511.2,6892.0
IC03.CFE,8/14/2026,7508.0,7166.0
IC03.CFE,8/17/2026,7700.0,6323.0
IC03.CFE,8/18/2026,7642.0,6799.0
IC03.CFE,8/19/2026,7351.2,10448.0
IC03.CFE,8/20/2026,7398.4,7561.0
IC03.CFE,8/21/2026,7380.2,8781.0
IC03.CFE,8/24/2026,7246.0,12209.0
IC03.CFE,8/25/2026,7246.2,11417.0
IC03.CFE,8/26/2026,7319.8,9968.0
IC03.CFE,8/27/2026,7528.6,10842.0
IC03.CFE,8/28/2026,7489.2,10034.0
IC8888.CFE,6/15/2026,8249.1039,201870.0
IC8888.CFE,6/16/2026,8315.9762,174867.0
IC8888.CFE,6/17/2026,8453.4397,175100.0
IC8888.CFE,6/18/2026,8524.5491,200274.0
IC8888.CFE,6/22/2026,8641.704,210048.0
IC8888.CFE,6/23/2026,8449.2702,206245.0
IC8888.CFE,6/24/2026,8587.348,180187.0
IC8888.CFE,6/25/2026,8693.4008,189590.0
IC8888.CFE,6/26/2026,8445.5693,230308.0
IC8888.CFE,6/29/2026,8535.2524,214084.0
IC8888.CFE,6/30/2026,8774.6064,185559.0
IC8888.CFE,7/1/2026,8708.0703,210988.0
IC8888.CFE,7/2/2026,8479.5544,220984.0
IC8888.CFE,7/3/2026,8529.2689,196737.0
IC8888.CFE,7/6/2026,8458.5475,196746.0
IC8888.CFE,7/7/2026,8311.2529,192518.0
IC8888.CFE,7/8/2026,8242.8519,209159.0
IC8888.CFE,7/9/2026,8488.9453,240976.0
IC8888.CFE,7/10/2026,8320.3291,214117.0
IC8888.CFE,7/13/2026,8005.7458,247004.0
IC8888.CFE,7/14/2026,8101.3615,274699.0
IC8888.CFE,7/15/2026,8023.5923,219212.0
IC8888.CFE,7/16/2026,7843.9282,230553.0
IC8888.CFE,7/17/2026,7359.2322,313578.0
IC8888.CFE,7/20/2026,7265.9564,329115.0
IC8888.CFE,7/21/2026,7652.393,292167.0
IC8888.CFE,7/22/2026,7569.4938,245037.0
IC8888.CFE,7/23/2026,7561.1172,195584.0
IC8888.CFE,7/24/2026,7372.3258,215305.0
IC8888.CFE,7/27/2026,7604.2445,229620.0
IC8888.CFE,7/28/2026,7307.5371,238769.0
IC8888.CFE,7/29/2026,7413.0237,284484.0
IC8888.CFE,7/30/2026,7203.9087,291985.0
IC8888.CFE,7/31/2026,7355.288,272803.0
IC8888.CFE,8/3/2026,7313.4458,161387.0
IC8888.CFE,8/4/2026,7487.2297,179748.0
IC8888.CFE,8/5/2026,7698.3549,197142.0
IC8888.CFE,8/6/2026,7680.1678,184396.0
IC8888.CFE,8/7/2026,7825.9559,185716.0
IC8888.CFE,8/10/2026,7826.0628,163535.0
IC8888.CFE,8/11/2026,7812.764,157983.0
IC8888.CFE,8/12/2026,7852.3445,136299.0
IC8888.CFE,8/13/2026,7803.7186,163500.0
IC8888.CFE,8/14/2026,7797.1092,158781.0
IC8888.CFE,8/17/2026,8007.6387,168148.0
IC8888.CFE,8/18/2026,7948.7144,178667.0
IC8888.CFE,8/19/2026,7638.8441,214554.0
IC8888.CFE,8/20/2026,7680.2698,174403.0
IC8888.CFE,8/21/2026,7662.7268,154785.0
IC8888.CFE,8/24/2026,7528.132,169394.0
IC8888.CFE,8/25/2026,7533.3558,170697.0
IC8888.CFE,8/26/2026,7603.199,159904.0
IC8888.CFE,8/27/2026,7799.0868,151582.0
IC8888.CFE,8/28/2026,7752.0907,125906.0
ICZL1.CFE,6/15/2026,8384.8,100068.0
ICZL1.CFE,6/16/2026,8475.8,80075.0
ICZL1.CFE,6/17/2026,8613.2,68652.0
ICZL1.CFE,6/18/2026,8517.4,88410.0
ICZL1.CFE,6/22/2026,8650.0,112647.0
ICZL1.CFE,6/23/2026,8455.0,129547.0
ICZL1.CFE,6/24/2026,8595.0,114321.0
ICZL1.CFE,6/25/2026,8699.4,122306.0
ICZL1.CFE,6/26/2026,8447.0,145705.0
ICZL1.CFE,6/29/2026,8537.6,136851.0
ICZL1.CFE,6/30/2026,8783.0,120466.0
ICZL1.CFE,7/1/2026,8713.0,138185.0
ICZL1.CFE,7/2/2026,8488.0,134223.0
ICZL1.CFE,7/3/2026,8538.0,121199.0
ICZL1.CFE,7/6/2026,8467.0,122043.0
ICZL1.CFE,7/7/2026,8322.6,116813.0
ICZL1.CFE,7/8/2026,8255.2,125664.0
ICZL1.CFE,7/9/2026,8502.4,148454.0
ICZL1.CFE,7/10/2026,8333.0,133978.0
ICZL1.CFE,7/13/2026,8021.6,151768.0
ICZL1.CFE,7/14/2026,8117.0,169427.0
ICZL1.CFE,7/15/2026,8046.4,131813.0
ICZL1.CFE,7/16/2026,7869.6,138864.0
ICZL1.CFE,7/17/2026,7389.0,193007.0
ICZL1.CFE,7/20/2026,7302.2,210459.0
ICZL1.CFE,7/21/2026,7685.8,194584.0
ICZL1.CFE,7/22/2026,7611.0,157364.0
ICZL1.CFE,7/23/2026,7602.6,127171.0
ICZL1.CFE,7/24/2026,7416.0,139718.0
ICZL1.CFE,7/27/2026,7647.0,148209.0
ICZL1.CFE,7/28/2026,7352.4,148255.0
ICZL1.CFE,7/29/2026,7454.2,181050.0
ICZL1.CFE,7/30/2026,7245.6,185336.0
ICZL1.CFE,7/31/2026,7395.0,168975.0
ICZL1.CFE,8/3/2026,7356.0,98991.0
ICZL1.CFE,8/4/2026,7529.0,113591.0
ICZL1.CFE,8/5/2026,7744.4,120521.0
ICZL1.CFE,8/6/2026,7730.0,113595.0
ICZL1.CFE,8/7/2026,7877.8,116150.0
ICZL1.CFE,8/10/2026,7881.4,100468.0
ICZL1.CFE,8/11/2026,7872.0,100173.0
ICZL1.CFE,8/12/2026,7914.2,86925.0
ICZL1.CFE,8/13/2026,7866.2,103671.0
ICZL1.CFE,8/14/2026,7861.2,97063.0
ICZL1.CFE,8/17/2026,8082.0,104221.0
ICZL1.CFE,8/18/2026,8022.6,109338.0
ICZL1.CFE,8/19/2026,7712.0,129710.0
ICZL1.CFE,8/20/2026,7761.0,110498.0
ICZL1.CFE,8/21/2026,7762.0,103559.0
ICZL1.CFE,8/24/2026,7628.4,117411.0
ICZL1.CFE,8/25/2026,7637.0,120237.0
ICZL1.CFE,8/26/2026,7708.8,110355.0
ICZL1.CFE,8/27/2026,7903.0,101554.0
ICZL1.CFE,8/28/2026,7853.8,82901.0
ICZL2.CFE,6/15/2026,8206.6,61522.0
ICZL2.CFE,6/16/2026,8278.0,58829.0
ICZL2.CFE,6/17/2026,8429.0,68378.0
ICZL2.CFE,6/18/2026,8517.4,88410.0
ICZL2.CFE,6/22/2026,8650.0,112647.0
ICZL2.CFE,6/23/2026,8455.0,129547.0
ICZL2.CFE,6/24/2026,8595.0,114321.0
ICZL2.CFE,6/25/2026,8699.4,122306.0
ICZL2.CFE,6/26/2026,8447.0,145705.0
ICZL2.CFE,6/29/2026,8537.6,136851.0
ICZL2.CFE,6/30/2026,8783.0,120466.0
ICZL2.CFE,7/1/2026,8713.0,138185.0
ICZL2.CFE,7/2/2026,8488.0,134223.0
ICZL2.CFE,7/3/2026,8538.0,121199.0
ICZL2.CFE,7/6/2026,8467.0,122043.0
ICZL2.CFE,7/7/2026,8322.6,116813.0
ICZL2.CFE,7/8/2026,8255.2,125664.0
ICZL2.CFE,7/9/2026,8502.4,148454.0
ICZL2.CFE,7/10/2026,8333.0,133978.0
ICZL2.CFE,7/13/2026,8021.6,151768.0
ICZL2.CFE,7/14/2026,8117.0,169427.0
ICZL2.CFE,7/15/2026,8046.4,131813.0
ICZL2.CFE,7/16/2026,7869.6,138864.0
ICZL2.CFE,7/17/2026,7389.0,193007.0
ICZL2.CFE,7/20/2026,7302.2,210459.0
ICZL2.CFE,7/21/2026,7685.8,194584.0
ICZL2.CFE,7/22/2026,7611.0,157364.0
ICZL2.CFE,7/23/2026,7602.6,127171.0
ICZL2.CFE,7/24/2026,7416.0,139718.0
ICZL2.CFE,7/27/2026,7647.0,148209.0
ICZL2.CFE,7/28/2026,7352.4,148255.0
ICZL2.CFE,7/29/2026,7454.2,181050.0
ICZL2.CFE,7/30/2026,7245.6,185336.0
ICZL2.CFE,7/31/2026,7395.0,168975.0
ICZL2.CFE,8/3/2026,7356.0,98991.0
ICZL2.CFE,8/4/2026,7529.0,113591.0
ICZL2.CFE,8/5/2026,7744.4,120521.0
ICZL2.CFE,8/6/2026,7730.0,113595.0
ICZL2.CFE,8/7/2026,7877.8,116150.0
ICZL2.CFE,8/10/2026,7881.4,100468.0
ICZL2.CFE,8/11/2026,7872.0,100173.0
ICZL2.CFE,8/12/2026,7914.2,86925.0
ICZL2.CFE,8/13/2026,7866.2,103671.0
ICZL2.CFE,8/14/2026,7861.2,97063.0
ICZL2.CFE,8/17/2026,8082.0,104221.0
ICZL2.CFE,8/18/2026,8022.6,109338.0
ICZL2.CFE,8/19/2026,7712.0,129710.0
ICZL2.CFE,8/20/2026,7761.0,110498.0
ICZL2.CFE,8/21/2026,7762.0,103559.0
ICZL2.CFE,8/24/2026,7628.4,117411.0
ICZL2.CFE,8/25/2026,7637.0,120237.0
ICZL2.CFE,8/26/2026,7708.8,110355.0
ICZL2.CFE,8/27/2026,7903.0,101554.0
ICZL2.CFE,8/28/2026,7853.8,82901.0
ICZL.CFE,6/15/2026,8384.8,100068.0
ICZL.CFE,6/16/2026,8475.8,80075.0
ICZL.CFE,6/17/2026,8613.2,68652.0
ICZL.CFE,6/18/2026,8682.8,58561.0
ICZL.CFE,6/22/2026,8650.0,112647.0
ICZL.CFE,6/23/2026,8455.0,129547.0
ICZL.CFE,6/24/2026,8595.0,114321.0
ICZL.CFE,6/25/2026,8699.4,122306.0
ICZL.CFE,6/26/2026,8447.0,145705.0
ICZL.CFE,6/29/2026,8537.6,136851.0
ICZL.CFE,6/30/2026,8783.0,120466.0
ICZL.CFE,7/1/2026,8713.0,138185.0
ICZL.CFE,7/2/2026,8488.0,134223.0
ICZL.CFE,7/3/2026,8538.0,121199.0
ICZL.CFE,7/6/2026,8467.0,122043.0
ICZL.CFE,7/7/2026,8322.6,116813.0
ICZL.CFE,7/8/2026,8255.2,125664.0
ICZL.CFE,7/9/2026,8502.4,148454.0
ICZL.CFE,7/10/2026,8333.0,133978.0
ICZL.CFE,7/13/2026,8021.6,151768.0
ICZL.CFE,7/14/2026,8117.0,169427.0
ICZL.CFE,7/15/2026,8046.4,131813.0
ICZL.CFE,7/16/2026,7869.6,138864.0
ICZL.CFE,7/17/2026,7389.0,193007.0
ICZL.CFE,7/20/2026,7302.2,210459.0
ICZL.CFE,7/21/2026,7685.8,194584.0
ICZL.CFE,7/22/2026,7611.0,157364.0
ICZL.CFE,7/23/2026,7602.6,127171.0
ICZL.CFE,7/24/2026,7416.0,139718.0
ICZL.CFE,7/27/2026,7647.0,148209.0
ICZL.CFE,7/28/2026,7352.4,148255.0
ICZL.CFE,7/29/2026,7454.2,181050.0
ICZL.CFE,7/30/2026,7245.6,185336.0
ICZL.CFE,7/31/2026,7395.0,168975.0
ICZL.CFE,8/3/2026,7356.0,98991.0
ICZL.CFE,8/4/2026,7529.0,113591.0
ICZL.CFE,8/5/2026,7744.4,120521.0
ICZL.CFE,8/6/2026,7730.0,113595.0
ICZL.CFE,8/7/2026,7877.8,116150.0
ICZL.CFE,8/10/2026,7881.4,100468.0
ICZL.CFE,8/11/2026,7872.0,100173.0
ICZL.CFE,8/12/2026,7914.2,86925.0
ICZL.CFE,8/13/2026,7866.2,103671.0
ICZL.CFE,8/14/2026,7861.2,97063.0
ICZL.CFE,8/17/2026,8082.0,104221.0
ICZL.CFE,8/18/2026,8022.6,109338.0
ICZL.CFE,8/19/2026,7712.0,129710.0
ICZL.CFE,8/20/2026,7761.0,110498.0
ICZL.CFE,8/21/2026,7762.0,103559.0
ICZL.CFE,8/24/2026,7628.4,117411.0
ICZL.CFE,8/25/2026,7637.0,120237.0
ICZL.CFE,8/26/2026,7708.8,110355.0
ICZL.CFE,8/27/2026,7903.0,101554.0
ICZL.CFE,8/28/2026,7853.8,82901.0
IF00.CFE,6/15/2026,4880.0,74674.0
IF00.CFE,6/16/2026,4875.2,60182.0
IF00.CFE,6/17/2026,4928.0,55239.0
IF00.CFE,6/18/2026,4960.6,51416.0
IF00.CFE,6/22/2026,5029.2,25670.0
IF00.CFE,6/23/2026,4867.8,47396.0
IF00.CFE,6/24/2026,4890.2,33112.0
IF00.CFE,6/25/2026,4972.6,36963.0
IF00.CFE,6/26/2026,4825.8,42636.0
IF00.CFE,6/29/2026,4869.8,38055.0
IF00.CFE,6/30/2026,4929.0,30389.0
IF00.CFE,7/1/2026,4902.8,34230.0
IF00.CFE,7/2/2026,4783.4,38436.0
IF00.CFE,7/3/2026,4811.4,33790.0
IF00.CFE,7/6/2026,4813.4,31592.0
IF00.CFE,7/7/2026,4762.0,29748.0
IF00.CFE,7/8/2026,4729.4,30862.0
IF00.CFE,7/9/2026,4837.6,37545.0
IF00.CFE,7/10/2026,4767.0,33287.0
IF00.CFE,7/13/2026,4691.8,37446.0
IF00.CFE,7/14/2026,4763.4,39202.0
IF00.CFE,7/15/2026,4787.0,29414.0
IF00.CFE,7/16/2026,4705.2,30383.0
IF00.CFE,7/17/2026,4555.8,17294.0
IF00.CFE,7/20/2026,4568.4,43310.0
IF00.CFE,7/21/2026,4685.4,36890.0
IF00.CFE,7/22/2026,4671.8,28267.0
IF00.CFE,7/23/2026,4689.0,22594.0
IF00.CFE,7/24/2026,4607.8,23987.0
IF00.CFE,7/27/2026,4675.4,24181.0
IF00.CFE,7/28/2026,4549.8,31818.0
IF00.CFE,7/29/2026,4570.2,32688.0
IF00.CFE,7/30/2026,4529.6,35143.0
IF00.CFE,7/31/2026,4566.2,32870.0
IF00.CFE,8/3/2026,4535.2,21760.0
IF00.CFE,8/4/2026,4578.6,20340.0
IF00.CFE,8/5/2026,4646.0,25642.0
IF00.CFE,8/6/2026,4638.2,23121.0
IF00.CFE,8/7/2026,4674.2,22367.0
IF00.CFE,8/10/2026,4675.2,19218.0
IF00.CFE,8/11/2026,4653.8,19542.0
IF00.CFE,8/12/2026,4672.0,17066.0
IF00.CFE,8/13/2026,4655.0,19320.0
IF00.CFE,8/14/2026,4648.4,18693.0
IF00.CFE,8/17/2026,4729.4,23912.0
IF00.CFE,8/18/2026,4706.4,21303.0
IF00.CFE,8/19/2026,4587.8,24035.0
IF00.CFE,8/20/2026,4587.0,18120.0
IF00.CFE,8/21/2026,4614.8,10603.0
IF00.CFE,8/24/2026,4526.4,74259.0
IF00.CFE,8/25/2026,4521.8,64814.0
IF00.CFE,8/26/2026,4566.8,69832.0
IF00.CFE,8/27/2026,4604.8,52955.0
IF00.CFE,8/28/2026,4593.6,48813.0
IF01.CFE,6/15/2026,4839.0,12805.0
IF01.CFE,6/16/2026,4827.4,12484.0
IF01.CFE,6/17/2026,4882.0,17235.0
IF01.CFE,6/18/2026,4917.0,28722.0
IF01.CFE,6/22/2026,5027.2,44696.0
IF01.CFE,6/23/2026,4833.2,3860.0
IF01.CFE,6/24/2026,4860.0,3687.0
IF01.CFE,6/25/2026,4932.2,3372.0
IF01.CFE,6/26/2026,4783.0,6099.0
IF01.CFE,6/29/2026,4828.8,4299.0
IF01.CFE,6/30/2026,4887.4,4037.0
IF01.CFE,7/1/2026,4858.8,5842.0
IF01.CFE,7/2/2026,4744.2,6780.0
IF01.CFE,7/3/2026,4777.0,5840.0
IF01.CFE,7/6/2026,4776.6,6260.0
IF01.CFE,7/7/2026,4726.4,6840.0
IF01.CFE,7/8/2026,4693.8,7246.0
IF01.CFE,7/9/2026,4806.8,9881.0
IF01.CFE,7/10/2026,4727.8,9606.0
IF01.CFE,7/13/2026,4656.6,11821.0
IF01.CFE,7/14/2026,4721.2,14769.0
IF01.CFE,7/15/2026,4741.2,15605.0
IF01.CFE,7/16/2026,4666.8,23262.0
IF01.CFE,7/17/2026,4505.0,40565.0
IF01.CFE,7/20/2026,4545.8,118856.0
IF01.CFE,7/21/2026,4662.4,99112.0
IF01.CFE,7/22/2026,4648.0,83980.0
IF01.CFE,7/23/2026,4661.4,62316.0
IF01.CFE,7/24/2026,4578.2,74354.0
IF01.CFE,7/27/2026,4651.8,68756.0
IF01.CFE,7/28/2026,4521.0,88517.0
IF01.CFE,7/29/2026,4544.8,94038.0
IF01.CFE,7/30/2026,4508.2,104385.0
IF01.CFE,7/31/2026,4538.0,85408.0
IF01.CFE,8/3/2026,4512.2,56341.0
IF01.CFE,8/4/2026,4552.8,59879.0
IF01.CFE,8/5/2026,4621.0,76442.0
IF01.CFE,8/6/2026,4612.0,64989.0
IF01.CFE,8/7/2026,4645.6,65609.0
IF01.CFE,8/10/2026,4644.6,54064.0
IF01.CFE,8/11/2026,4625.0,51726.0
IF01.CFE,8/12/2026,4641.0,45773.0
IF01.CFE,8/13/2026,4624.0,59433.0
IF01.CFE,8/14/2026,4620.4,54654.0
IF01.CFE,8/17/2026,4699.0,60002.0
IF01.CFE,8/18/2026,4670.2,61589.0
IF01.CFE,8/19/2026,4554.2,78948.0
IF01.CFE,8/20/2026,4554.0,62426.0
IF01.CFE,8/21/2026,4576.0,71450.0
IF01.CFE,8/24/2026,4496.2,2399.0
IF01.CFE,8/25/2026,4492.8,3131.0
IF01.CFE,8/26/2026,4538.2,2862.0
IF01.CFE,8/27/2026,4577.2,2747.0
IF01.CFE,8/28/2026,4565.6,2688.0
IF02.CFE,6/15/2026,4784.6,45110.0
IF02.CFE,6/16/2026,4767.0,42585.0
IF02.CFE,6/17/2026,4823.0,43330.0
IF02.CFE,6/18/2026,4862.8,61213.0
IF02.CFE,6/22/2026,4983.8,88185.0
IF02.CFE,6/23/2026,4812.4,105369.0
IF02.CFE,6/24/2026,4830.8,69308.0
IF02.CFE,6/25/2026,4907.0,81049.0
IF02.CFE,6/26/2026,4748.2,105290.0
IF02.CFE,6/29/2026,4796.4,88320.0
IF02.CFE,6/30/2026,4855.8,66502.0
IF02.CFE,7/1/2026,4831.2,83974.0
IF02.CFE,7/2/2026,4719.4,85479.0
IF02.CFE,7/3/2026,4752.2,78471.0
IF02.CFE,7/6/2026,4753.2,73615.0
IF02.CFE,7/7/2026,4703.4,74053.0
IF02.CFE,7/8/2026,4668.0,77099.0
IF02.CFE,7/9/2026,4780.8,93546.0
IF02.CFE,7/10/2026,4704.6,85158.0
IF02.CFE,7/13/2026,4634.6,95136.0
IF02.CFE,7/14/2026,4690.0,101495.0
IF02.CFE,7/15/2026,4717.4,75088.0
IF02.CFE,7/16/2026,4645.6,86023.0
IF02.CFE,7/17/2026,4473.8,121503.0
IF02.CFE,7/20/2026,4471.8,26206.0
IF02.CFE,7/21/2026,4586.6,20882.0
IF02.CFE,7/22/2026,4571.2,15594.0
IF02.CFE,7/23/2026,4584.2,12685.0
IF02.CFE,7/24/2026,4505.0,15560.0
IF02.CFE,7/27/2026,4577.8,14709.0
IF02.CFE,7/28/2026,4446.0,17318.0
IF02.CFE,7/29/2026,4470.8,18294.0
IF02.CFE,7/30/2026,4433.6,20242.0
IF02.CFE,7/31/2026,4465.8,17026.0
IF02.CFE,8/3/2026,4446.2,11195.0
IF02.CFE,8/4/2026,4483.8,11499.0
IF02.CFE,8/5/2026,4547.2,16635.0
IF02.CFE,8/6/2026,4535.0,13135.0
IF02.CFE,8/7/2026,4565.6,15617.0
IF02.CFE,8/10/2026,4565.2,13616.0
IF02.CFE,8/11/2026,4545.0,13628.0
IF02.CFE,8/12/2026,4558.2,10290.0
IF02.CFE,8/13/2026,4546.0,13915.0
IF02.CFE,8/14/2026,4539.0,13956.0
IF02.CFE,8/17/2026,4616.0,14824.0
IF02.CFE,8/18/2026,4587.2,15900.0
IF02.CFE,8/19/2026,4478.0,23362.0
IF02.CFE,8/20/2026,4479.0,17960.0
IF02.CFE,8/21/2026,4495.0,24690.0
IF02.CFE,8/24/2026,4442.0,26245.0
IF02.CFE,8/25/2026,4437.8,19083.0
IF02.CFE,8/26/2026,4484.4,22023.0
IF02.CFE,8/27/2026,4525.4,18219.0
IF02.CFE,8/28/2026,4515.6,17510.0
IF03.CFE,6/15/2026,4714.4,13815.0
IF03.CFE,6/16/2026,4696.0,10638.0
IF03.CFE,6/17/2026,4743.0,9778.0
IF03.CFE,6/18/2026,4784.6,12592.0
IF03.CFE,6/22/2026,4918.0,16035.0
IF03.CFE,6/23/2026,4736.0,20234.0
IF03.CFE,6/24/2026,4754.8,11519.0
IF03.CFE,6/25/2026,4826.6,12250.0
IF03.CFE,6/26/2026,4665.2,18624.0
IF03.CFE,6/29/2026,4710.2,11713.0
IF03.CFE,6/30/2026,4766.0,10412.0
IF03.CFE,7/1/2026,4744.8,13358.0
IF03.CFE,7/2/2026,4636.0,16229.0
IF03.CFE,7/3/2026,4672.0,12392.0
IF03.CFE,7/6/2026,4671.8,11045.0
IF03.CFE,7/7/2026,4623.8,13206.0
IF03.CFE,7/8/2026,4586.8,13720.0
IF03.CFE,7/9/2026,4703.4,16300.0
IF03.CFE,7/10/2026,4625.6,14540.0
IF03.CFE,7/13/2026,4551.8,16262.0
IF03.CFE,7/14/2026,4601.0,18581.0
IF03.CFE,7/15/2026,4633.0,12966.0
IF03.CFE,7/16/2026,4565.8,14375.0
IF03.CFE,7/17/2026,4393.6,25463.0
IF03.CFE,7/20/2026,4412.8,4175.0
IF03.CFE,7/21/2026,4529.6,5740.0
IF03.CFE,7/22/2026,4499.4,4322.0
IF03.CFE,7/23/2026,4512.0,5373.0
IF03.CFE,7/24/2026,4436.4,4222.0
IF03.CFE,7/27/2026,4503.6,5358.0
IF03.CFE,7/28/2026,4373.0,6632.0
IF03.CFE,7/29/2026,4399.6,5663.0
IF03.CFE,7/30/2026,4353.2,7036.0
IF03.CFE,7/31/2026,4394.4,7560.0
IF03.CFE,8/3/2026,4377.2,4012.0
IF03.CFE,8/4/2026,4411.0,4598.0
IF03.CFE,8/5/2026,4477.8,6540.0
IF03.CFE,8/6/2026,4463.8,4791.0
IF03.CFE,8/7/2026,4493.0,5737.0
IF03.CFE,8/10/2026,4489.0,5442.0
IF03.CFE,8/11/2026,4469.2,4918.0
IF03.CFE,8/12/2026,4485.0,3562.0
IF03.CFE,8/13/2026,4474.0,4407.0
IF03.CFE,8/14/2026,4466.0,4364.0
IF03.CFE,8/17/2026,4543.8,4746.0
IF03.CFE,8/18/2026,4515.4,5444.0
IF03.CFE,8/19/2026,4407.6,8365.0
IF03.CFE,8/20/2026,4411.6,6278.0
IF03.CFE,8/21/2026,4420.6,6850.0
IF03.CFE,8/24/2026,4363.2,8617.0
IF03.CFE,8/25/2026,4358.4,5917.0
IF03.CFE,8/26/2026,4408.6,6458.0
IF03.CFE,8/27/2026,4453.2,6488.0
IF03.CFE,8/28/2026,4443.8,6159.0
IF8888.CFE,6/15/2026,4808.6536,146404.0
IF8888.CFE,6/16/2026,4789.4621,125889.0
IF8888.CFE,6/17/2026,4838.4746,125582.0
IF8888.CFE,6/18/2026,4871.0427,153943.0
IF8888.CFE,6/22/2026,4981.0538,174586.0
IF8888.CFE,6/23/2026,4809.7281,176859.0
IF8888.CFE,6/24/2026,4829.0877,117626.0
IF8888.CFE,6/25/2026,4906.0572,133634.0
IF8888.CFE,6/26/2026,4748.5644,172649.0
IF8888.CFE,6/29/2026,4795.9002,142387.0
IF8888.CFE,6/30/2026,4853.2003,111340.0
IF8888.CFE,7/1/2026,4829.542,137404.0
IF8888.CFE,7/2/2026,4716.6924,146924.0
IF8888.CFE,7/3/2026,4749.1576,130493.0
IF8888.CFE,7/6/2026,4749.6146,122512.0
IF8888.CFE,7/7/2026,4699.2271,123847.0
IF8888.CFE,7/8/2026,4664.122,128927.0
IF8888.CFE,7/9/2026,4776.5279,157272.0
IF8888.CFE,7/10/2026,4699.8274,142591.0
IF8888.CFE,7/13/2026,4628.3668,160665.0
IF8888.CFE,7/14/2026,4684.1506,174047.0
IF8888.CFE,7/15/2026,4709.6681,133073.0
IF8888.CFE,7/16/2026,4636.5487,154043.0
IF8888.CFE,7/17/2026,4462.16,204825.0
IF8888.CFE,7/20/2026,4532.0894,192547.0
IF8888.CFE,7/21/2026,4647.4787,162624.0
IF8888.CFE,7/22/2026,4631.71,132163.0
IF8888.CFE,7/23/2026,4644.4018,102968.0
IF8888.CFE,7/24/2026,4562.5522,118123.0
IF8888.CFE,7/27/2026,4633.7984,113004.0
IF8888.CFE,7/28/2026,4503.9137,144285.0
IF8888.CFE,7/29/2026,4526.9179,150683.0
IF8888.CFE,7/30/2026,4488.7456,166806.0
IF8888.CFE,7/31/2026,4519.3542,142864.0
IF8888.CFE,8/3/2026,4493.6399,93308.0
IF8888.CFE,8/4/2026,4532.7317,96316.0
IF8888.CFE,8/5/2026,4599.5902,125259.0
IF8888.CFE,8/6/2026,4588.5606,106036.0
IF8888.CFE,8/7/2026,4620.2217,109330.0
IF8888.CFE,8/10/2026,4617.7109,92340.0
IF8888.CFE,8/11/2026,4597.3358,89814.0
IF8888.CFE,8/12/2026,4612.0141,76691.0
IF8888.CFE,8/13/2026,4596.2321,97075.0
IF8888.CFE,8/14/2026,4590.3067,91667.0
IF8888.CFE,8/17/2026,4667.6527,103484.0
IF8888.CFE,8/18/2026,4638.1216,104236.0
IF8888.CFE,8/19/2026,4524.0561,134710.0
IF8888.CFE,8/20/2026,4521.2915,104784.0
IF8888.CFE,8/21/2026,4535.0567,113593.0
IF8888.CFE,8/24/2026,4482.4204,111520.0
IF8888.CFE,8/25/2026,4477.5055,92945.0
IF8888.CFE,8/26/2026,4522.3966,101175.0
IF8888.CFE,8/27/2026,4561.0212,80409.0
IF8888.CFE,8/28/2026,4549.6646,75170.0
IFZL1.CFE,6/15/2026,4880.0,74674.0
IFZL1.CFE,6/16/2026,4875.2,60182.0
IFZL1.CFE,6/17/2026,4928.0,55239.0
IFZL1.CFE,6/18/2026,4862.8,61213.0
IFZL1.CFE,6/22/2026,4983.8,88185.0
IFZL1.CFE,6/23/2026,4812.4,105369.0
IFZL1.CFE,6/24/2026,4830.8,69308.0
IFZL1.CFE,6/25/2026,4907.0,81049.0
IFZL1.CFE,6/26/2026,4748.2,105290.0
IFZL1.CFE,6/29/2026,4796.4,88320.0
IFZL1.CFE,6/30/2026,4855.8,66502.0
IFZL1.CFE,7/1/2026,4831.2,83974.0
IFZL1.CFE,7/2/2026,4719.4,85479.0
IFZL1.CFE,7/3/2026,4752.2,78471.0
IFZL1.CFE,7/6/2026,4753.2,73615.0
IFZL1.CFE,7/7/2026,4703.4,74053.0
IFZL1.CFE,7/8/2026,4668.0,77099.0
IFZL1.CFE,7/9/2026,4780.8,93546.0
IFZL1.CFE,7/10/2026,4704.6,85158.0
IFZL1.CFE,7/13/2026,4634.6,95136.0
IFZL1.CFE,7/14/2026,4690.0,101495.0
IFZL1.CFE,7/15/2026,4717.4,75088.0
IFZL1.CFE,7/16/2026,4645.6,86023.0
IFZL1.CFE,7/17/2026,4473.8,121503.0
IFZL1.CFE,7/20/2026,4545.8,118856.0
IFZL1.CFE,7/21/2026,4662.4,99112.0
IFZL1.CFE,7/22/2026,4648.0,83980.0
IFZL1.CFE,7/23/2026,4661.4,62316.0
IFZL1.CFE,7/24/2026,4578.2,74354.0
IFZL1.CFE,7/27/2026,4651.8,68756.0
IFZL1.CFE,7/28/2026,4521.0,88517.0
IFZL1.CFE,7/29/2026,4544.8,94038.0
IFZL1.CFE,7/30/2026,4508.2,104385.0
IFZL1.CFE,7/31/2026,4538.0,85408.0
IFZL1.CFE,8/3/2026,4512.2,56341.0
IFZL1.CFE,8/4/2026,4552.8,59879.0
IFZL1.CFE,8/5/2026,4621.0,76442.0
IFZL1.CFE,8/6/2026,4612.0,64989.0
IFZL1.CFE,8/7/2026,4645.6,65609.0
IFZL1.CFE,8/10/2026,4644.6,54064.0
IFZL1.CFE,8/11/2026,4625.0,51726.0
IFZL1.CFE,8/12/2026,4641.0,45773.0
IFZL1.CFE,8/13/2026,4624.0,59433.0
IFZL1.CFE,8/14/2026,4620.4,54654.0
IFZL1.CFE,8/17/2026,4699.0,60002.0
IFZL1.CFE,8/18/2026,4670.2,61589.0
IFZL1.CFE,8/19/2026,4554.2,78948.0
IFZL1.CFE,8/20/2026,4554.0,62426.0
IFZL1.CFE,8/21/2026,4576.0,71450.0
IFZL1.CFE,8/24/2026,4526.4,74259.0
IFZL1.CFE,8/25/2026,4521.8,64814.0
IFZL1.CFE,8/26/2026,4566.8,69832.0
IFZL1.CFE,8/27/2026,4604.8,52955.0
IFZL1.CFE,8/28/2026,4593.6,48813.0
IFZL2.CFE,6/15/2026,4784.6,45110.0
IFZL2.CFE,6/16/2026,4767.0,42585.0
IFZL2.CFE,6/17/2026,4823.0,43330.0
IFZL2.CFE,6/18/2026,4862.8,61213.0
IFZL2.CFE,6/22/2026,4983.8,88185.0
IFZL2.CFE,6/23/2026,4812.4,105369.0
IFZL2.CFE,6/24/2026,4830.8,69308.0
IFZL2.CFE,6/25/2026,4907.0,81049.0
IFZL2.CFE,6/26/2026,4748.2,105290.0
IFZL2.CFE,6/29/2026,4796.4,88320.0
IFZL2.CFE,6/30/2026,4855.8,66502.0
IFZL2.CFE,7/1/2026,4831.2,83974.0
IFZL2.CFE,7/2/2026,4719.4,85479.0
IFZL2.CFE,7/3/2026,4752.2,78471.0
IFZL2.CFE,7/6/2026,4753.2,73615.0
IFZL2.CFE,7/7/2026,4703.4,74053.0
IFZL2.CFE,7/8/2026,4668.0,77099.0
IFZL2.CFE,7/9/2026,4780.8,93546.0
IFZL2.CFE,7/10/2026,4704.6,85158.0
IFZL2.CFE,7/13/2026,4634.6,95136.0
IFZL2.CFE,7/14/2026,4690.0,101495.0
IFZL2.CFE,7/15/2026,4717.4,75088.0
IFZL2.CFE,7/16/2026,4645.6,86023.0
IFZL2.CFE,7/17/2026,4473.8,121503.0
IFZL2.CFE,7/20/2026,4545.8,118856.0
IFZL2.CFE,7/21/2026,4662.4,99112.0
IFZL2.CFE,7/22/2026,4648.0,83980.0
IFZL2.CFE,7/23/2026,4661.4,62316.0
IFZL2.CFE,7/24/2026,4578.2,74354.0
IFZL2.CFE,7/27/2026,4651.8,68756.0
IFZL2.CFE,7/28/2026,4521.0,88517.0
IFZL2.CFE,7/29/2026,4544.8,94038.0
IFZL2.CFE,7/30/2026,4508.2,104385.0
IFZL2.CFE,7/31/2026,4538.0,85408.0
IFZL2.CFE,8/3/2026,4512.2,56341.0
IFZL2.CFE,8/4/2026,4552.8,59879.0
IFZL2.CFE,8/5/2026,4621.0,76442.0
IFZL2.CFE,8/6/2026,4612.0,64989.0
IFZL2.CFE,8/7/2026,4645.6,65609.0
IFZL2.CFE,8/10/2026,4644.6,54064.0
IFZL2.CFE,8/11/2026,4625.0,51726.0
IFZL2.CFE,8/12/2026,4641.0,45773.0
IFZL2.CFE,8/13/2026,4624.0,59433.0
IFZL2.CFE,8/14/2026,4620.4,54654.0
IFZL2.CFE,8/17/2026,4699.0,60002.0
IFZL2.CFE,8/18/2026,4670.2,61589.0
IFZL2.CFE,8/19/2026,4554.2,78948.0
IFZL2.CFE,8/20/2026,4554.0,62426.0
IFZL2.CFE,8/21/2026,4576.0,71450.0
IFZL2.CFE,8/24/2026,4526.4,74259.0
IFZL2.CFE,8/25/2026,4521.8,64814.0
IFZL2.CFE,8/26/2026,4566.8,69832.0
IFZL2.CFE,8/27/2026,4604.8,52955.0
IFZL2.CFE,8/28/2026,4593.6,48813.0
IFZL.CFE,6/15/2026,4880.0,74674.0
IFZL.CFE,6/16/2026,4875.2,60182.0
IFZL.CFE,6/17/2026,4928.0,55239.0
IFZL.CFE,6/18/2026,4960.6,51416.0
IFZL.CFE,6/22/2026,4983.8,88185.0
IFZL.CFE,6/23/2026,4812.4,105369.0
IFZL.CFE,6/24/2026,4830.8,69308.0
IFZL.CFE,6/25/2026,4907.0,81049.0
IFZL.CFE,6/26/2026,4748.2,105290.0
IFZL.CFE,6/29/2026,4796.4,88320.0
IFZL.CFE,6/30/2026,4855.8,66502.0
IFZL.CFE,7/1/2026,4831.2,83974.0
IFZL.CFE,7/2/2026,4719.4,85479.0
IFZL.CFE,7/3/2026,4752.2,78471.0
IFZL.CFE,7/6/2026,4753.2,73615.0
IFZL.CFE,7/7/2026,4703.4,74053.0
IFZL.CFE,7/8/2026,4668.0,77099.0
IFZL.CFE,7/9/2026,4780.8,93546.0
IFZL.CFE,7/10/2026,4704.6,85158.0
IFZL.CFE,7/13/2026,4634.6,95136.0
IFZL.CFE,7/14/2026,4690.0,101495.0
IFZL.CFE,7/15/2026,4717.4,75088.0
IFZL.CFE,7/16/2026,4645.6,86023.0
IFZL.CFE,7/17/2026,4473.8,121503.0
IFZL.CFE,7/20/2026,4545.8,118856.0
IFZL.CFE,7/21/2026,4662.4,99112.0
IFZL.CFE,7/22/2026,4648.0,83980.0
IFZL.CFE,7/23/2026,4661.4,62316.0
IFZL.CFE,7/24/2026,4578.2,74354.0
IFZL.CFE,7/27/2026,4651.8,68756.0
IFZL.CFE,7/28/2026,4521.0,88517.0
IFZL.CFE,7/29/2026,4544.8,94038.0
IFZL.CFE,7/30/2026,4508.2,104385.0
IFZL.CFE,7/31/2026,4538.0,85408.0
IFZL.CFE,8/3/2026,4512.2,56341.0
IFZL.CFE,8/4/2026,4552.8,59879.0
IFZL.CFE,8/5/2026,4621.0,76442.0
IFZL.CFE,8/6/2026,4612.0,64989.0
IFZL.CFE,8/7/2026,4645.6,65609.0
IFZL.CFE,8/10/2026,4644.6,54064.0
IFZL.CFE,8/11/2026,4625.0,51726.0
IFZL.CFE,8/12/2026,4641.0,45773.0
IFZL.CFE,8/13/2026,4624.0,59433.0
IFZL.CFE,8/14/2026,4620.4,54654.0
IFZL.CFE,8/17/2026,4699.0,60002.0
IFZL.CFE,8/18/2026,4670.2,61589.0
IFZL.CFE,8/19/2026,4554.2,78948.0
IFZL.CFE,8/20/2026,4554.0,62426.0
IFZL.CFE,8/21/2026,4576.0,71450.0
IFZL.CFE,8/24/2026,4526.4,74259.0
IFZL.CFE,8/25/2026,4521.8,64814.0
IFZL.CFE,8/26/2026,4566.8,69832.0
IFZL.CFE,8/27/2026,4604.8,52955.0
IFZL.CFE,8/28/2026,4593.6,48813.0
IH00.CFE,6/15/2026,2938.6,39731.0
IH00.CFE,6/16/2026,2911.0,30100.0
IH00.CFE,6/17/2026,2935.0,25807.0
IH00.CFE,6/18/2026,2941.0,25130.0
IH00.CFE,6/22/2026,2995.6,16134.0
IH00.CFE,6/23/2026,2896.6,19123.0
IH00.CFE,6/24/2026,2911.8,16599.0
IH00.CFE,6/25/2026,2942.6,18446.0
IH00.CFE,6/26/2026,2883.6,20164.0
IH00.CFE,6/29/2026,2944.2,20492.0
IH00.CFE,6/30/2026,2962.0,14656.0
IH00.CFE,7/1/2026,2954.4,16838.0
IH00.CFE,7/2/2026,2892.2,18233.0
IH00.CFE,7/3/2026,2908.0,14807.0
IH00.CFE,7/6/2026,2930.2,13884.0
IH00.CFE,7/7/2026,2897.4,14256.0
IH00.CFE,7/8/2026,2898.0,13786.0
IH00.CFE,7/9/2026,2964.8,16828.0
IH00.CFE,7/10/2026,2940.2,16010.0
IH00.CFE,7/13/2026,2902.2,19462.0
IH00.CFE,7/14/2026,2932.8,18423.0
IH00.CFE,7/15/2026,2959.0,14837.0
IH00.CFE,7/16/2026,2903.0,15853.0
IH00.CFE,7/17/2026,2841.2,10322.0
IH00.CFE,7/20/2026,2890.2,23006.0
IH00.CFE,7/21/2026,2939.6,17320.0
IH00.CFE,7/22/2026,2958.0,17063.0
IH00.CFE,7/23/2026,2961.0,10919.0
IH00.CFE,7/24/2026,2926.0,13334.0
IH00.CFE,7/27/2026,2936.6,14035.0
IH00.CFE,7/28/2026,2905.2,16514.0
IH00.CFE,7/29/2026,2896.6,17183.0
IH00.CFE,7/30/2026,2905.0,15821.0
IH00.CFE,7/31/2026,2910.0,13186.0
IH00.CFE,8/3/2026,2876.6,10287.0
IH00.CFE,8/4/2026,2868.6,9492.0
IH00.CFE,8/5/2026,2911.0,13319.0
IH00.CFE,8/6/2026,2916.0,9908.0
IH00.CFE,8/7/2026,2948.4,9984.0
IH00.CFE,8/10/2026,2956.0,9191.0
IH00.CFE,8/11/2026,2926.6,9489.0
IH00.CFE,8/12/2026,2930.0,7222.0
IH00.CFE,8/13/2026,2922.2,10149.0
IH00.CFE,8/14/2026,2908.6,9343.0
IH00.CFE,8/17/2026,2937.2,9868.0
IH00.CFE,8/18/2026,2932.2,10798.0
IH00.CFE,8/19/2026,2886.6,12835.0
IH00.CFE,8/20/2026,2880.2,10299.0
IH00.CFE,8/21/2026,2882.0,6213.0
IH00.CFE,8/24/2026,2851.0,34178.0
IH00.CFE,8/25/2026,2855.2,29129.0
IH00.CFE,8/26/2026,2888.8,37071.0
IH00.CFE,8/27/2026,2914.0,26810.0
IH00.CFE,8/28/2026,2911.4,22615.0
IH01.CFE,6/15/2026,2909.2,9689.0
IH01.CFE,6/16/2026,2884.8,8634.0
IH01.CFE,6/17/2026,2906.0,8598.0
IH01.CFE,6/18/2026,2911.8,11680.0
IH01.CFE,6/22/2026,2988.4,21705.0
IH01.CFE,6/23/2026,2892.0,1649.0
IH01.CFE,6/24/2026,2905.8,2681.0
IH01.CFE,6/25/2026,2931.2,3719.0
IH01.CFE,6/26/2026,2870.0,2989.0
IH01.CFE,6/29/2026,2935.0,2646.0
IH01.CFE,6/30/2026,2948.4,2366.0
IH01.CFE,7/1/2026,2944.2,2206.0
IH01.CFE,7/2/2026,2882.8,2570.0
IH01.CFE,7/3/2026,2898.2,2038.0
IH01.CFE,7/6/2026,2917.4,2851.0
IH01.CFE,7/7/2026,2881.8,2742.0
IH01.CFE,7/8/2026,2882.4,3374.0
IH01.CFE,7/9/2026,2950.4,3755.0
IH01.CFE,7/10/2026,2925.2,4563.0
IH01.CFE,7/13/2026,2884.2,7612.0
IH01.CFE,7/14/2026,2911.0,6746.0
IH01.CFE,7/15/2026,2928.6,8375.0
IH01.CFE,7/16/2026,2880.8,11818.0
IH01.CFE,7/17/2026,2810.6,20702.0
IH01.CFE,7/20/2026,2874.0,63270.0
IH01.CFE,7/21/2026,2923.6,49139.0
IH01.CFE,7/22/2026,2946.2,47307.0
IH01.CFE,7/23/2026,2948.8,31949.0
IH01.CFE,7/24/2026,2910.0,36940.0
IH01.CFE,7/27/2026,2923.0,37937.0
IH01.CFE,7/28/2026,2889.8,42036.0
IH01.CFE,7/29/2026,2878.6,47407.0
IH01.CFE,7/30/2026,2885.8,48398.0
IH01.CFE,7/31/2026,2891.8,42072.0
IH01.CFE,8/3/2026,2860.0,30277.0
IH01.CFE,8/4/2026,2852.4,29565.0
IH01.CFE,8/5/2026,2893.4,37372.0
IH01.CFE,8/6/2026,2897.2,25733.0
IH01.CFE,8/7/2026,2930.0,29990.0
IH01.CFE,8/10/2026,2936.0,24068.0
IH01.CFE,8/11/2026,2909.0,26945.0
IH01.CFE,8/12/2026,2910.0,20700.0
IH01.CFE,8/13/2026,2902.6,26420.0
IH01.CFE,8/14/2026,2890.0,27375.0
IH01.CFE,8/17/2026,2919.2,28125.0
IH01.CFE,8/18/2026,2911.6,29271.0
IH01.CFE,8/19/2026,2865.0,41286.0
IH01.CFE,8/20/2026,2858.8,32126.0
IH01.CFE,8/21/2026,2861.0,31876.0
IH01.CFE,8/24/2026,2838.0,1067.0
IH01.CFE,8/25/2026,2841.2,1106.0
IH01.CFE,8/26/2026,2873.4,1134.0
IH01.CFE,8/27/2026,2898.8,1037.0
IH01.CFE,8/28/2026,2895.6,857.0
IH02.CFE,6/15/2026,2900.6,24020.0
IH02.CFE,6/16/2026,2872.0,22676.0
IH02.CFE,6/17/2026,2894.4,21816.0
IH02.CFE,6/18/2026,2899.8,28121.0
IH02.CFE,6/22/2026,2978.0,49450.0
IH02.CFE,6/23/2026,2884.6,50120.0
IH02.CFE,6/24/2026,2896.2,33499.0
IH02.CFE,6/25/2026,2924.8,40016.0
IH02.CFE,6/26/2026,2859.0,47552.0
IH02.CFE,6/29/2026,2928.0,48727.0
IH02.CFE,6/30/2026,2938.0,36908.0
IH02.CFE,7/1/2026,2934.6,47826.0
IH02.CFE,7/2/2026,2871.0,47210.0
IH02.CFE,7/3/2026,2886.6,39703.0
IH02.CFE,7/6/2026,2905.2,36608.0
IH02.CFE,7/7/2026,2870.6,38556.0
IH02.CFE,7/8/2026,2868.0,40795.0
IH02.CFE,7/9/2026,2939.8,52831.0
IH02.CFE,7/10/2026,2910.2,51784.0
IH02.CFE,7/13/2026,2872.6,52535.0
IH02.CFE,7/14/2026,2891.2,49148.0
IH02.CFE,7/15/2026,2914.0,39561.0
IH02.CFE,7/16/2026,2867.8,44146.0
IH02.CFE,7/17/2026,2796.4,54470.0
IH02.CFE,7/20/2026,2835.0,11933.0
IH02.CFE,7/21/2026,2886.6,8596.0
IH02.CFE,7/22/2026,2908.2,7080.0
IH02.CFE,7/23/2026,2910.0,6633.0
IH02.CFE,7/24/2026,2871.0,5690.0
IH02.CFE,7/27/2026,2888.2,5982.0
IH02.CFE,7/28/2026,2852.4,6516.0
IH02.CFE,7/29/2026,2842.8,8898.0
IH02.CFE,7/30/2026,2848.2,7640.0
IH02.CFE,7/31/2026,2853.6,8025.0
IH02.CFE,8/3/2026,2824.6,4980.0
IH02.CFE,8/4/2026,2818.0,4785.0
IH02.CFE,8/5/2026,2857.2,6688.0
IH02.CFE,8/6/2026,2857.6,5922.0
IH02.CFE,8/7/2026,2887.0,6243.0
IH02.CFE,8/10/2026,2893.2,3761.0
IH02.CFE,8/11/2026,2864.8,5849.0
IH02.CFE,8/12/2026,2869.4,4842.0
IH02.CFE,8/13/2026,2862.8,6742.0
IH02.CFE,8/14/2026,2848.2,6254.0
IH02.CFE,8/17/2026,2873.6,6282.0
IH02.CFE,8/18/2026,2868.6,6254.0
IH02.CFE,8/19/2026,2820.6,9674.0
IH02.CFE,8/20/2026,2818.4,7549.0
IH02.CFE,8/21/2026,2816.4,7742.0
IH02.CFE,8/24/2026,2807.6,9938.0
IH02.CFE,8/25/2026,2809.8,8291.0
IH02.CFE,8/26/2026,2841.0,9412.0
IH02.CFE,8/27/2026,2865.0,7461.0
IH02.CFE,8/28/2026,2861.8,7918.0
IH03.CFE,6/15/2026,2884.6,6020.0
IH03.CFE,6/16/2026,2854.4,4940.0
IH03.CFE,6/17/2026,2872.0,5074.0
IH03.CFE,6/18/2026,2878.4,5333.0
IH03.CFE,6/22/2026,2961.4,8765.0
IH03.CFE,6/23/2026,2864.8,8216.0
IH03.CFE,6/24/2026,2874.6,5273.0
IH03.CFE,6/25/2026,2900.0,6535.0
IH03.CFE,6/26/2026,2832.8,7302.0
IH03.CFE,6/29/2026,2897.6,6501.0
IH03.CFE,6/30/2026,2907.0,5995.0
IH03.CFE,7/1/2026,2906.6,7177.0
IH03.CFE,7/2/2026,2841.2,8614.0
IH03.CFE,7/3/2026,2855.2,6467.0
IH03.CFE,7/6/2026,2874.6,5712.0
IH03.CFE,7/7/2026,2840.2,5707.0
IH03.CFE,7/8/2026,2840.8,6195.0
IH03.CFE,7/9/2026,2909.0,7420.0
IH03.CFE,7/10/2026,2880.2,7984.0
IH03.CFE,7/13/2026,2838.2,10290.0
IH03.CFE,7/14/2026,2857.6,7658.0
IH03.CFE,7/15/2026,2879.2,6175.0
IH03.CFE,7/16/2026,2838.8,6729.0
IH03.CFE,7/17/2026,2762.2,9617.0
IH03.CFE,7/20/2026,2809.6,1721.0
IH03.CFE,7/21/2026,2863.2,1944.0
IH03.CFE,7/22/2026,2880.4,2448.0
IH03.CFE,7/23/2026,2886.0,1716.0
IH03.CFE,7/24/2026,2843.6,1751.0
IH03.CFE,7/27/2026,2864.0,1950.0
IH03.CFE,7/28/2026,2828.8,2275.0
IH03.CFE,7/29/2026,2823.8,3050.0
IH03.CFE,7/30/2026,2826.6,2317.0
IH03.CFE,7/31/2026,2830.6,2233.0
IH03.CFE,8/3/2026,2804.8,1783.0
IH03.CFE,8/4/2026,2796.4,1721.0
IH03.CFE,8/5/2026,2834.2,3170.0
IH03.CFE,8/6/2026,2831.8,1911.0
IH03.CFE,8/7/2026,2859.6,1954.0
IH03.CFE,8/10/2026,2865.8,1647.0
IH03.CFE,8/11/2026,2838.0,1423.0
IH03.CFE,8/12/2026,2843.2,977.0
IH03.CFE,8/13/2026,2837.0,1759.0
IH03.CFE,8/14/2026,2823.0,1538.0
IH03.CFE,8/17/2026,2841.8,2755.0
IH03.CFE,8/18/2026,2836.2,2399.0
IH03.CFE,8/19/2026,2791.6,3424.0
IH03.CFE,8/20/2026,2788.2,2591.0
IH03.CFE,8/21/2026,2786.6,2817.0
IH03.CFE,8/24/2026,2774.2,2554.0
IH03.CFE,8/25/2026,2774.8,2106.0
IH03.CFE,8/26/2026,2804.6,2361.0
IH03.CFE,8/27/2026,2828.8,1638.0
IH03.CFE,8/28/2026,2821.6,1997.0
IH8888.CFE,6/15/2026,2913.0255,79460.0
IH8888.CFE,6/16/2026,2882.099,66350.0
IH8888.CFE,6/17/2026,2902.1389,61295.0
IH8888.CFE,6/18/2026,2904.8763,70264.0
IH8888.CFE,6/22/2026,2977.6127,96054.0
IH8888.CFE,6/23/2026,2884.0514,79108.0
IH8888.CFE,6/24/2026,2896.1095,58052.0
IH8888.CFE,6/25/2026,2924.7779,68716.0
IH8888.CFE,6/26/2026,2860.3842,78007.0
IH8888.CFE,6/29/2026,2926.7942,78366.0
IH8888.CFE,6/30/2026,2937.828,59925.0
IH8888.CFE,7/1/2026,2934.4703,74047.0
IH8888.CFE,7/2/2026,2870.5727,76627.0
IH8888.CFE,7/3/2026,2885.6446,63015.0
IH8888.CFE,7/6/2026,2905.2315,59055.0
IH8888.CFE,7/7/2026,2870.9341,61261.0
IH8888.CFE,7/8/2026,2869.5706,64150.0
IH8888.CFE,7/9/2026,2939.598,80834.0
IH8888.CFE,7/10/2026,2910.9418,80341.0
IH8888.CFE,7/13/2026,2872.4134,89899.0
IH8888.CFE,7/14/2026,2892.9271,81975.0
IH8888.CFE,7/15/2026,2915.0652,68948.0
IH8888.CFE,7/16/2026,2867.2368,78546.0
IH8888.CFE,7/17/2026,2792.4625,95111.0
IH8888.CFE,7/20/2026,2869.0461,99930.0
IH8888.CFE,7/21/2026,2918.2942,76999.0
IH8888.CFE,7/22/2026,2940.0299,73898.0
IH8888.CFE,7/23/2026,2941.913,51217.0
IH8888.CFE,7/24/2026,2903.6047,57715.0
IH8888.CFE,7/27/2026,2916.977,59904.0
IH8888.CFE,7/28/2026,2883.9195,67341.0
IH8888.CFE,7/29/2026,2873.2719,76538.0
IH8888.CFE,7/30/2026,2880.6487,74176.0
IH8888.CFE,7/31/2026,2885.7222,65516.0
IH8888.CFE,8/3/2026,2854.4649,47327.0
IH8888.CFE,8/4/2026,2846.6058,45563.0
IH8888.CFE,8/5/2026,2887.4427,60549.0
IH8888.CFE,8/6/2026,2889.8361,43474.0
IH8888.CFE,8/7/2026,2921.5418,48171.0
IH8888.CFE,8/10/2026,2927.6415,38667.0
IH8888.CFE,8/11/2026,2899.7734,43706.0
IH8888.CFE,8/12/2026,2901.7233,33741.0
IH8888.CFE,8/13/2026,2894.4411,45070.0
IH8888.CFE,8/14/2026,2880.8023,44510.0
IH8888.CFE,8/17/2026,2907.3222,47030.0
IH8888.CFE,8/18/2026,2900.6971,48722.0
IH8888.CFE,8/19/2026,2853.2256,67219.0
IH8888.CFE,8/20/2026,2846.7779,52565.0
IH8888.CFE,8/21/2026,2843.7053,48648.0
IH8888.CFE,8/24/2026,2834.0177,47737.0
IH8888.CFE,8/25/2026,2836.8921,40632.0
IH8888.CFE,8/26/2026,2869.4161,49978.0
IH8888.CFE,8/27/2026,2893.7203,36946.0
IH8888.CFE,8/28/2026,2889.2541,33387.0
IHZL1.CFE,6/15/2026,2938.6,39731.0
IHZL1.CFE,6/16/2026,2911.0,30100.0
IHZL1.CFE,6/17/2026,2935.0,25807.0
IHZL1.CFE,6/18/2026,2899.8,28121.0
IHZL1.CFE,6/22/2026,2978.0,49450.0
IHZL1.CFE,6/23/2026,2884.6,50120.0
IHZL1.CFE,6/24/2026,2896.2,33499.0
IHZL1.CFE,6/25/2026,2924.8,40016.0
IHZL1.CFE,6/26/2026,2859.0,47552.0
IHZL1.CFE,6/29/2026,2928.0,48727.0
IHZL1.CFE,6/30/2026,2938.0,36908.0
IHZL1.CFE,7/1/2026,2934.6,47826.0
IHZL1.CFE,7/2/2026,2871.0,47210.0
IHZL1.CFE,7/3/2026,2886.6,39703.0
IHZL1.CFE,7/6/2026,2905.2,36608.0
IHZL1.CFE,7/7/2026,2870.6,38556.0
IHZL1.CFE,7/8/2026,2868.0,40795.0
IHZL1.CFE,7/9/2026,2939.8,52831.0
IHZL1.CFE,7/10/2026,2910.2,51784.0
IHZL1.CFE,7/13/2026,2872.6,52535.0
IHZL1.CFE,7/14/2026,2891.2,49148.0
IHZL1.CFE,7/15/2026,2914.0,39561.0
IHZL1.CFE,7/16/2026,2867.8,44146.0
IHZL1.CFE,7/17/2026,2796.4,54470.0
IHZL1.CFE,7/20/2026,2874.0,63270.0
IHZL1.CFE,7/21/2026,2923.6,49139.0
IHZL1.CFE,7/22/2026,2946.2,47307.0
IHZL1.CFE,7/23/2026,2948.8,31949.0
IHZL1.CFE,7/24/2026,2910.0,36940.0
IHZL1.CFE,7/27/2026,2923.0,37937.0
IHZL1.CFE,7/28/2026,2889.8,42036.0
IHZL1.CFE,7/29/2026,2878.6,47407.0
IHZL1.CFE,7/30/2026,2885.8,48398.0
IHZL1.CFE,7/31/2026,2891.8,42072.0
IHZL1.CFE,8/3/2026,2860.0,30277.0
IHZL1.CFE,8/4/2026,2852.4,29565.0
IHZL1.CFE,8/5/2026,2893.4,37372.0
IHZL1.CFE,8/6/2026,2897.2,25733.0
IHZL1.CFE,8/7/2026,2930.0,29990.0
IHZL1.CFE,8/10/2026,2936.0,24068.0
IHZL1.CFE,8/11/2026,2909.0,26945.0
IHZL1.CFE,8/12/2026,2910.0,20700.0
IHZL1.CFE,8/13/2026,2902.6,26420.0
IHZL1.CFE,8/14/2026,2890.0,27375.0
IHZL1.CFE,8/17/2026,2919.2,28125.0
IHZL1.CFE,8/18/2026,2911.6,29271.0
IHZL1.CFE,8/19/2026,2865.0,41286.0
IHZL1.CFE,8/20/2026,2858.8,32126.0
IHZL1.CFE,8/21/2026,2861.0,31876.0
IHZL1.CFE,8/24/2026,2851.0,34178.0
IHZL1.CFE,8/25/2026,2855.2,29129.0
IHZL1.CFE,8/26/2026,2888.8,37071.0
IHZL1.CFE,8/27/2026,2914.0,26810.0
IHZL1.CFE,8/28/2026,2911.4,22615.0
IHZL2.CFE,6/15/2026,2900.6,24020.0
IHZL2.CFE,6/16/2026,2872.0,22676.0
IHZL2.CFE,6/17/2026,2894.4,21816.0
IHZL2.CFE,6/18/2026,2899.8,28121.0
IHZL2.CFE,6/22/2026,2978.0,49450.0
IHZL2.CFE,6/23/2026,2884.6,50120.0
IHZL2.CFE,6/24/2026,2896.2,33499.0
IHZL2.CFE,6/25/2026,2924.8,40016.0
IHZL2.CFE,6/26/2026,2859.0,47552.0
IHZL2.CFE,6/29/2026,2928.0,48727.0
IHZL2.CFE,6/30/2026,2938.0,36908.0
IHZL2.CFE,7/1/2026,2934.6,47826.0
IHZL2.CFE,7/2/2026,2871.0,47210.0
IHZL2.CFE,7/3/2026,2886.6,39703.0
IHZL2.CFE,7/6/2026,2905.2,36608.0
IHZL2.CFE,7/7/2026,2870.6,38556.0
IHZL2.CFE,7/8/2026,2868.0,40795.0
IHZL2.CFE,7/9/2026,2939.8,52831.0
IHZL2.CFE,7/10/2026,2910.2,51784.0
IHZL2.CFE,7/13/2026,2872.6,52535.0
IHZL2.CFE,7/14/2026,2891.2,49148.0
IHZL2.CFE,7/15/2026,2914.0,39561.0
IHZL2.CFE,7/16/2026,2867.8,44146.0
IHZL2.CFE,7/17/2026,2796.4,54470.0
IHZL2.CFE,7/20/2026,2874.0,63270.0
IHZL2.CFE,7/21/2026,2923.6,49139.0
IHZL2.CFE,7/22/2026,2946.2,47307.0
IHZL2.CFE,7/23/2026,2948.8,31949.0
IHZL2.CFE,7/24/2026,2910.0,36940.0
IHZL2.CFE,7/27/2026,2923.0,37937.0
IHZL2.CFE,7/28/2026,2889.8,42036.0
IHZL2.CFE,7/29/2026,2878.6,47407.0
IHZL2.CFE,7/30/2026,2885.8,48398.0
IHZL2.CFE,7/31/2026,2891.8,42072.0
IHZL2.CFE,8/3/2026,2860.0,30277.0
IHZL2.CFE,8/4/2026,2852.4,29565.0
IHZL2.CFE,8/5/2026,2893.4,37372.0
IHZL2.CFE,8/6/2026,2897.2,25733.0
IHZL2.CFE,8/7/2026,2930.0,29990.0
IHZL2.CFE,8/10/2026,2936.0,24068.0
IHZL2.CFE,8/11/2026,2909.0,26945.0
IHZL2.CFE,8/12/2026,2910.0,20700.0
IHZL2.CFE,8/13/2026,2902.6,26420.0
IHZL2.CFE,8/14/2026,2890.0,27375.0
IHZL2.CFE,8/17/2026,2919.2,28125.0
IHZL2.CFE,8/18/2026,2911.6,29271.0
IHZL2.CFE,8/19/2026,2865.0,41286.0
IHZL2.CFE,8/20/2026,2858.8,32126.0
IHZL2.CFE,8/21/2026,2861.0,31876.0
IHZL2.CFE,8/24/2026,2851.0,34178.0
IHZL2.CFE,8/25/2026,2855.2,29129.0
IHZL2.CFE,8/26/2026,2888.8,37071.0
IHZL2.CFE,8/27/2026,2914.0,26810.0
IHZL2.CFE,8/28/2026,2911.4,22615.0
IHZL.CFE,6/15/2026,2938.6,39731.0
IHZL.CFE,6/16/2026,2911.0,30100.0
IHZL.CFE,6/17/2026,2935.0,25807.0
IHZL.CFE,6/18/2026,2941.0,25130.0
IHZL.CFE,6/22/2026,2978.0,49450.0
IHZL.CFE,6/23/2026,2884.6,50120.0
IHZL.CFE,6/24/2026,2896.2,33499.0
IHZL.CFE,6/25/2026,2924.8,40016.0
IHZL.CFE,6/26/2026,2859.0,47552.0
IHZL.CFE,6/29/2026,2928.0,48727.0
IHZL.CFE,6/30/2026,2938.0,36908.0
IHZL.CFE,7/1/2026,2934.6,47826.0
IHZL.CFE,7/2/2026,2871.0,47210.0
IHZL.CFE,7/3/2026,2886.6,39703.0
IHZL.CFE,7/6/2026,2905.2,36608.0
IHZL.CFE,7/7/2026,2870.6,38556.0
IHZL.CFE,7/8/2026,2868.0,40795.0
IHZL.CFE,7/9/2026,2939.8,52831.0
IHZL.CFE,7/10/2026,2910.2,51784.0
IHZL.CFE,7/13/2026,2872.6,52535.0
IHZL.CFE,7/14/2026,2891.2,49148.0
IHZL.CFE,7/15/2026,2914.0,39561.0
IHZL.CFE,7/16/2026,2867.8,44146.0
IHZL.CFE,7/17/2026,2796.4,54470.0
IHZL.CFE,7/20/2026,2874.0,63270.0
IHZL.CFE,7/21/2026,2923.6,49139.0
IHZL.CFE,7/22/2026,2946.2,47307.0
IHZL.CFE,7/23/2026,2948.8,31949.0
IHZL.CFE,7/24/2026,2910.0,36940.0
IHZL.CFE,7/27/2026,2923.0,37937.0
IHZL.CFE,7/28/2026,2889.8,42036.0
IHZL.CFE,7/29/2026,2878.6,47407.0
IHZL.CFE,7/30/2026,2885.8,48398.0
IHZL.CFE,7/31/2026,2891.8,42072.0
IHZL.CFE,8/3/2026,2860.0,30277.0
IHZL.CFE,8/4/2026,2852.4,29565.0
IHZL.CFE,8/5/2026,2893.4,37372.0
IHZL.CFE,8/6/2026,2897.2,25733.0
IHZL.CFE,8/7/2026,2930.0,29990.0
IHZL.CFE,8/10/2026,2936.0,24068.0
IHZL.CFE,8/11/2026,2909.0,26945.0
IHZL.CFE,8/12/2026,2910.0,20700.0
IHZL.CFE,8/13/2026,2902.6,26420.0
IHZL.CFE,8/14/2026,2890.0,27375.0
IHZL.CFE,8/17/2026,2919.2,28125.0
IHZL.CFE,8/18/2026,2911.6,29271.0
IHZL.CFE,8/19/2026,2865.0,41286.0
IHZL.CFE,8/20/2026,2858.8,32126.0
IHZL.CFE,8/21/2026,2861.0,31876.0
IHZL.CFE,8/24/2026,2851.0,34178.0
IHZL.CFE,8/25/2026,2855.2,29129.0
IHZL.CFE,8/26/2026,2888.8,37071.0
IHZL.CFE,8/27/2026,2914.0,26810.0
IHZL.CFE,8/28/2026,2911.4,22615.0
IM00.CFE,6/15/2026,8475.2,134896.0
IM00.CFE,6/16/2026,8602.4,124372.0
IM00.CFE,6/17/2026,8695.0,98806.0
IM00.CFE,6/18/2026,8766.0,78697.0
IM00.CFE,6/22/2026,8774.2,44990.0
IM00.CFE,6/23/2026,8598.8,65773.0
IM00.CFE,6/24/2026,8667.6,59625.0
IM00.CFE,6/25/2026,8725.8,51012.0
IM00.CFE,6/26/2026,8532.6,63441.0
IM00.CFE,6/29/2026,8514.2,69358.0
IM00.CFE,6/30/2026,8705.2,55195.0
IM00.CFE,7/1/2026,8727.6,58982.0
IM00.CFE,7/2/2026,8570.0,63818.0
IM00.CFE,7/3/2026,8567.2,55429.0
IM00.CFE,7/6/2026,8458.0,61221.0
IM00.CFE,7/7/2026,8296.6,61212.0
IM00.CFE,7/8/2026,8131.2,68781.0
IM00.CFE,7/9/2026,8282.6,73965.0
IM00.CFE,7/10/2026,8186.2,60933.0
IM00.CFE,7/13/2026,7819.0,76815.0
IM00.CFE,7/14/2026,7914.8,75103.0
IM00.CFE,7/15/2026,7835.0,57559.0
IM00.CFE,7/16/2026,7655.0,54531.0
IM00.CFE,7/17/2026,7265.4,39448.0
IM00.CFE,7/20/2026,6910.0,97418.0
IM00.CFE,7/21/2026,7220.0,83442.0
IM00.CFE,7/22/2026,7091.2,71597.0
IM00.CFE,7/23/2026,7136.4,54505.0
IM00.CFE,7/24/2026,6944.4,57569.0
IM00.CFE,7/27/2026,7207.8,64404.0
IM00.CFE,7/28/2026,7001.4,62996.0
IM00.CFE,7/29/2026,7090.2,77435.0
IM00.CFE,7/30/2026,6885.2,69243.0
IM00.CFE,7/31/2026,7043.4,75253.0
IM00.CFE,8/3/2026,7067.8,42051.0
IM00.CFE,8/4/2026,7256.0,49236.0
IM00.CFE,8/5/2026,7479.2,50025.0
IM00.CFE,8/6/2026,7508.6,53523.0
IM00.CFE,8/7/2026,7655.6,49898.0
IM00.CFE,8/10/2026,7682.8,47167.0
IM00.CFE,8/11/2026,7684.4,41217.0
IM00.CFE,8/12/2026,7754.4,36255.0
IM00.CFE,8/13/2026,7709.4,42568.0
IM00.CFE,8/14/2026,7730.8,39939.0
IM00.CFE,8/17/2026,7955.6,46788.0
IM00.CFE,8/18/2026,7900.8,42950.0
IM00.CFE,8/19/2026,7536.8,55695.0
IM00.CFE,8/20/2026,7585.0,38088.0
IM00.CFE,8/21/2026,7585.0,21454.0
IM00.CFE,8/24/2026,7425.8,174420.0
IM00.CFE,8/25/2026,7466.4,181414.0
IM00.CFE,8/26/2026,7491.8,170411.0
IM00.CFE,8/27/2026,7686.6,168494.0
IM00.CFE,8/28/2026,7666.6,134286.0
IM01.CFE,6/15/2026,8403.4,23151.0
IM01.CFE,6/16/2026,8523.8,25572.0
IM01.CFE,6/17/2026,8612.0,29920.0
IM01.CFE,6/18/2026,8679.0,40021.0
IM01.CFE,6/22/2026,8706.2,64293.0
IM01.CFE,6/23/2026,8515.0,8726.0
IM01.CFE,6/24/2026,8568.0,8861.0
IM01.CFE,6/25/2026,8622.6,8079.0
IM01.CFE,6/26/2026,8424.6,9481.0
IM01.CFE,6/29/2026,8405.6,7738.0
IM01.CFE,6/30/2026,8606.2,6575.0
IM01.CFE,7/1/2026,8620.6,9191.0
IM01.CFE,7/2/2026,8473.0,13183.0
IM01.CFE,7/3/2026,8468.4,11993.0
IM01.CFE,7/6/2026,8362.0,13051.0
IM01.CFE,7/7/2026,8200.0,13689.0
IM01.CFE,7/8/2026,8046.0,17666.0
IM01.CFE,7/9/2026,8207.0,18830.0
IM01.CFE,7/10/2026,8099.2,16770.0
IM01.CFE,7/13/2026,7750.0,29877.0
IM01.CFE,7/14/2026,7854.4,32294.0
IM01.CFE,7/15/2026,7780.4,32113.0
IM01.CFE,7/16/2026,7599.6,46976.0
IM01.CFE,7/17/2026,7118.8,90297.0
IM01.CFE,7/20/2026,6849.8,313762.0
IM01.CFE,7/21/2026,7164.4,294238.0
IM01.CFE,7/22/2026,7028.8,231584.0
IM01.CFE,7/23/2026,7071.6,186983.0
IM01.CFE,7/24/2026,6880.2,207512.0
IM01.CFE,7/27/2026,7148.8,218451.0
IM01.CFE,7/28/2026,6943.2,201223.0
IM01.CFE,7/29/2026,7047.2,264111.0
IM01.CFE,7/30/2026,6845.2,260301.0
IM01.CFE,7/31/2026,6987.8,234697.0
IM01.CFE,8/3/2026,7023.4,144370.0
IM01.CFE,8/4/2026,7211.4,174207.0
IM01.CFE,8/5/2026,7433.8,182820.0
IM01.CFE,8/6/2026,7451.8,171996.0
IM01.CFE,8/7/2026,7590.6,177728.0
IM01.CFE,8/10/2026,7607.2,142720.0
IM01.CFE,8/11/2026,7613.2,154999.0
IM01.CFE,8/12/2026,7677.4,129080.0
IM01.CFE,8/13/2026,7634.2,151812.0
IM01.CFE,8/14/2026,7650.2,146100.0
IM01.CFE,8/17/2026,7875.0,153569.0
IM01.CFE,8/18/2026,7807.0,162697.0
IM01.CFE,8/19/2026,7468.8,208054.0
IM01.CFE,8/20/2026,7516.2,168401.0
IM01.CFE,8/21/2026,7527.0,170783.0
IM01.CFE,8/24/2026,7361.2,5856.0
IM01.CFE,8/25/2026,7401.0,8177.0
IM01.CFE,8/26/2026,7425.0,8395.0
IM01.CFE,8/27/2026,7624.0,7492.0
IM01.CFE,8/28/2026,7605.6,7572.0
IM02.CFE,6/15/2026,8244.6,85423.0
IM02.CFE,6/16/2026,8349.0,89065.0
IM02.CFE,6/17/2026,8445.0,91903.0
IM02.CFE,6/18/2026,8510.0,114746.0
IM02.CFE,6/22/2026,8524.2,158991.0
IM02.CFE,6/23/2026,8403.0,169243.0
IM02.CFE,6/24/2026,8472.4,144567.0
IM02.CFE,6/25/2026,8523.8,144932.0
IM02.CFE,6/26/2026,8319.2,174428.0
IM02.CFE,6/29/2026,8308.6,171721.0
IM02.CFE,6/30/2026,8504.2,146627.0
IM02.CFE,7/1/2026,8517.6,168136.0
IM02.CFE,7/2/2026,8370.2,178178.0
IM02.CFE,7/3/2026,8373.0,152704.0
IM02.CFE,7/6/2026,8265.0,151626.0
IM02.CFE,7/7/2026,8115.2,150751.0
IM02.CFE,7/8/2026,7974.0,167678.0
IM02.CFE,7/9/2026,8127.4,195417.0
IM02.CFE,7/10/2026,8019.4,171301.0
IM02.CFE,7/13/2026,7684.4,200999.0
IM02.CFE,7/14/2026,7788.0,217776.0
IM02.CFE,7/15/2026,7723.2,174869.0
IM02.CFE,7/16/2026,7552.6,192392.0
IM02.CFE,7/17/2026,7065.2,282694.0
IM02.CFE,7/20/2026,6650.6,67178.0
IM02.CFE,7/21/2026,6971.4,58797.0
IM02.CFE,7/22/2026,6828.0,46329.0
IM02.CFE,7/23/2026,6876.4,35825.0
IM02.CFE,7/24/2026,6685.0,37899.0
IM02.CFE,7/27/2026,6951.0,40430.0
IM02.CFE,7/28/2026,6754.6,37929.0
IM02.CFE,7/29/2026,6883.0,55092.0
IM02.CFE,7/30/2026,6690.0,52693.0
IM02.CFE,7/31/2026,6830.6,50176.0
IM02.CFE,8/3/2026,6866.2,31141.0
IM02.CFE,8/4/2026,7048.8,36861.0
IM02.CFE,8/5/2026,7269.0,42790.0
IM02.CFE,8/6/2026,7269.0,37406.0
IM02.CFE,8/7/2026,7400.0,40350.0
IM02.CFE,8/10/2026,7413.2,32646.0
IM02.CFE,8/11/2026,7412.2,39092.0
IM02.CFE,8/12/2026,7473.6,30282.0
IM02.CFE,8/13/2026,7433.6,36357.0
IM02.CFE,8/14/2026,7442.4,34645.0
IM02.CFE,8/17/2026,7657.8,37645.0
IM02.CFE,8/18/2026,7586.8,40409.0
IM02.CFE,8/19/2026,7265.6,54815.0
IM02.CFE,8/20/2026,7313.4,46578.0
IM02.CFE,8/21/2026,7314.6,49672.0
IM02.CFE,8/24/2026,7213.0,53216.0
IM02.CFE,8/25/2026,7252.8,54874.0
IM02.CFE,8/26/2026,7278.6,52197.0
IM02.CFE,8/27/2026,7479.0,51147.0
IM02.CFE,8/28/2026,7456.8,43116.0
IM03.CFE,6/15/2026,8012.6,28590.0
IM03.CFE,6/16/2026,8109.8,28593.0
IM03.CFE,6/17/2026,8201.0,22735.0
IM03.CFE,6/18/2026,8270.0,26046.0
IM03.CFE,6/22/2026,8281.0,31029.0
IM03.CFE,6/23/2026,8156.0,26961.0
IM03.CFE,6/24/2026,8221.2,22110.0
IM03.CFE,6/25/2026,8271.2,23977.0
IM03.CFE,6/26/2026,8066.0,28278.0
IM03.CFE,6/29/2026,8051.0,28693.0
IM03.CFE,6/30/2026,8240.0,24463.0
IM03.CFE,7/1/2026,8248.0,30604.0
IM03.CFE,7/2/2026,8109.6,32353.0
IM03.CFE,7/3/2026,8113.4,24371.0
IM03.CFE,7/6/2026,8013.8,26467.0
IM03.CFE,7/7/2026,7870.6,30018.0
IM03.CFE,7/8/2026,7740.2,30533.0
IM03.CFE,7/9/2026,7896.0,35604.0
IM03.CFE,7/10/2026,7780.0,30232.0
IM03.CFE,7/13/2026,7459.6,38854.0
IM03.CFE,7/14/2026,7563.4,38509.0
IM03.CFE,7/15/2026,7499.2,29866.0
IM03.CFE,7/16/2026,7347.0,34682.0
IM03.CFE,7/17/2026,6866.0,55793.0
IM03.CFE,7/20/2026,6489.8,12521.0
IM03.CFE,7/21/2026,6800.4,14747.0
IM03.CFE,7/22/2026,6662.2,13317.0
IM03.CFE,7/23/2026,6699.0,11041.0
IM03.CFE,7/24/2026,6512.6,13185.0
IM03.CFE,7/27/2026,6771.8,11242.0
IM03.CFE,7/28/2026,6586.0,12222.0
IM03.CFE,7/29/2026,6715.6,14832.0
IM03.CFE,7/30/2026,6527.8,15753.0
IM03.CFE,7/31/2026,6666.0,15163.0
IM03.CFE,8/3/2026,6701.0,9678.0
IM03.CFE,8/4/2026,6884.4,12687.0
IM03.CFE,8/5/2026,7100.0,15397.0
IM03.CFE,8/6/2026,7087.8,14348.0
IM03.CFE,8/7/2026,7217.0,13099.0
IM03.CFE,8/10/2026,7220.0,11170.0
IM03.CFE,8/11/2026,7219.6,12232.0
IM03.CFE,8/12/2026,7281.2,11346.0
IM03.CFE,8/13/2026,7238.2,11952.0
IM03.CFE,8/14/2026,7245.6,10667.0
IM03.CFE,8/17/2026,7452.0,11681.0
IM03.CFE,8/18/2026,7386.2,12669.0
IM03.CFE,8/19/2026,7077.6,16838.0
IM03.CFE,8/20/2026,7128.2,14511.0
IM03.CFE,8/21/2026,7117.0,17535.0
IM03.CFE,8/24/2026,7018.2,19275.0
IM03.CFE,8/25/2026,7048.0,18906.0
IM03.CFE,8/26/2026,7073.4,17355.0
IM03.CFE,8/27/2026,7273.6,19387.0
IM03.CFE,8/28/2026,7258.8,16940.0
IM8888.CFE,6/15/2026,8288.8512,272060.0
IM8888.CFE,6/16/2026,8389.0136,267602.0
IM8888.CFE,6/17/2026,8467.3262,243364.0
IM8888.CFE,6/18/2026,8519.903,259510.0
IM8888.CFE,6/22/2026,8507.2558,299303.0
IM8888.CFE,6/23/2026,8390.1539,270703.0
IM8888.CFE,6/24/2026,8459.4367,235163.0
IM8888.CFE,6/25/2026,8510.2147,228000.0
IM8888.CFE,6/26/2026,8309.7339,275628.0
IM8888.CFE,6/29/2026,8296.8242,277510.0
IM8888.CFE,6/30/2026,8486.6592,232860.0
IM8888.CFE,7/1/2026,8499.4598,266913.0
IM8888.CFE,7/2/2026,8353.894,287532.0
IM8888.CFE,7/3/2026,8353.6913,244497.0
IM8888.CFE,7/6/2026,8248.5331,252365.0
IM8888.CFE,7/7/2026,8097.172,255670.0
IM8888.CFE,7/8/2026,7957.0809,284658.0
IM8888.CFE,7/9/2026,8108.0499,323816.0
IM8888.CFE,7/10/2026,7998.6858,279236.0
IM8888.CFE,7/13/2026,7661.6301,346545.0
IM8888.CFE,7/14/2026,7762.593,363682.0
IM8888.CFE,7/15/2026,7690.0584,294407.0
IM8888.CFE,7/16/2026,7520.1366,328581.0
IM8888.CFE,7/17/2026,7028.4978,468232.0
IM8888.CFE,7/20/2026,6807.5354,490879.0
IM8888.CFE,7/21/2026,7120.7431,451224.0
IM8888.CFE,7/22/2026,6979.1501,362827.0
IM8888.CFE,7/23/2026,7023.5286,288354.0
IM8888.CFE,7/24/2026,6829.0186,316165.0
IM8888.CFE,7/27/2026,7096.7514,334527.0
IM8888.CFE,7/28/2026,6890.2903,314370.0
IM8888.CFE,7/29/2026,6999.6701,411470.0
IM8888.CFE,7/30/2026,6797.9725,397990.0
IM8888.CFE,7/31/2026,6942.5131,375289.0
IM8888.CFE,8/3/2026,6973.714,227240.0
IM8888.CFE,8/4/2026,7158.3849,272991.0
IM8888.CFE,8/5/2026,7376.7628,291032.0
IM8888.CFE,8/6/2026,7388.563,277273.0
IM8888.CFE,8/7/2026,7522.7465,281075.0
IM8888.CFE,8/10/2026,7537.3799,233703.0
IM8888.CFE,8/11/2026,7536.7647,247540.0
IM8888.CFE,8/12/2026,7598.5814,206963.0
IM8888.CFE,8/13/2026,7554.1462,242689.0
IM8888.CFE,8/14/2026,7567.2043,231351.0
IM8888.CFE,8/17/2026,7783.8316,249683.0
IM8888.CFE,8/18/2026,7713.0546,258725.0
IM8888.CFE,8/19/2026,7378.3659,335402.0
IM8888.CFE,8/20/2026,7419.1311,267578.0
IM8888.CFE,8/21/2026,7410.9963,259444.0
IM8888.CFE,8/24/2026,7309.525,252767.0
IM8888.CFE,8/25/2026,7347.5111,263371.0
IM8888.CFE,8/26/2026,7370.1957,248358.0
IM8888.CFE,8/27/2026,7567.1239,246520.0
IM8888.CFE,8/28/2026,7544.2169,201914.0
IMZL1.CFE,6/15/2026,8475.2,134896.0
IMZL1.CFE,6/16/2026,8602.4,124372.0
IMZL1.CFE,6/17/2026,8695.0,98806.0
IMZL1.CFE,6/18/2026,8510.0,114746.0
IMZL1.CFE,6/22/2026,8524.2,158991.0
IMZL1.CFE,6/23/2026,8403.0,169243.0
IMZL1.CFE,6/24/2026,8472.4,144567.0
IMZL1.CFE,6/25/2026,8523.8,144932.0
IMZL1.CFE,6/26/2026,8319.2,174428.0
IMZL1.CFE,6/29/2026,8308.6,171721.0
IMZL1.CFE,6/30/2026,8504.2,146627.0
IMZL1.CFE,7/1/2026,8517.6,168136.0
IMZL1.CFE,7/2/2026,8370.2,178178.0
IMZL1.CFE,7/3/2026,8373.0,152704.0
IMZL1.CFE,7/6/2026,8265.0,151626.0
IMZL1.CFE,7/7/2026,8115.2,150751.0
IMZL1.CFE,7/8/2026,7974.0,167678.0
IMZL1.CFE,7/9/2026,8127.4,195417.0
IMZL1.CFE,7/10/2026,8019.4,171301.0
IMZL1.CFE,7/13/2026,7684.4,200999.0
IMZL1.CFE,7/14/2026,7788.0,217776.0
IMZL1.CFE,7/15/2026,7723.2,174869.0
IMZL1.CFE,7/16/2026,7552.6,192392.0
IMZL1.CFE,7/17/2026,7065.2,282694.0
IMZL1.CFE,7/20/2026,6849.8,313762.0
IMZL1.CFE,7/21/2026,7164.4,294238.0
IMZL1.CFE,7/22/2026,7028.8,231584.0
IMZL1.CFE,7/23/2026,7071.6,186983.0
IMZL1.CFE,7/24/2026,6880.2,207512.0
IMZL1.CFE,7/27/2026,7148.8,218451.0
IMZL1.CFE,7/28/2026,6943.2,201223.0
IMZL1.CFE,7/29/2026,7047.2,264111.0
IMZL1.CFE,7/30/2026,6845.2,260301.0
IMZL1.CFE,7/31/2026,6987.8,234697.0
IMZL1.CFE,8/3/2026,7023.4,144370.0
IMZL1.CFE,8/4/2026,7211.4,174207.0
IMZL1.CFE,8/5/2026,7433.8,182820.0
IMZL1.CFE,8/6/2026,7451.8,171996.0
IMZL1.CFE,8/7/2026,7590.6,177728.0
IMZL1.CFE,8/10/2026,7607.2,142720.0
IMZL1.CFE,8/11/2026,7613.2,154999.0
IMZL1.CFE,8/12/2026,7677.4,129080.0
IMZL1.CFE,8/13/2026,7634.2,151812.0
IMZL1.CFE,8/14/2026,7650.2,146100.0
IMZL1.CFE,8/17/2026,7875.0,153569.0
IMZL1.CFE,8/18/2026,7807.0,162697.0
IMZL1.CFE,8/19/2026,7468.8,208054.0
IMZL1.CFE,8/20/2026,7516.2,168401.0
IMZL1.CFE,8/21/2026,7527.0,170783.0
IMZL1.CFE,8/24/2026,7425.8,174420.0
IMZL1.CFE,8/25/2026,7466.4,181414.0
IMZL1.CFE,8/26/2026,7491.8,170411.0
IMZL1.CFE,8/27/2026,7686.6,168494.0
IMZL1.CFE,8/28/2026,7666.6,134286.0
IMZL2.CFE,6/15/2026,8244.6,85423.0
IMZL2.CFE,6/16/2026,8349.0,89065.0
IMZL2.CFE,6/17/2026,8445.0,91903.0
IMZL2.CFE,6/18/2026,8510.0,114746.0
IMZL2.CFE,6/22/2026,8524.2,158991.0
IMZL2.CFE,6/23/2026,8403.0,169243.0
IMZL2.CFE,6/24/2026,8472.4,144567.0
IMZL2.CFE,6/25/2026,8523.8,144932.0
IMZL2.CFE,6/26/2026,8319.2,174428.0
IMZL2.CFE,6/29/2026,8308.6,171721.0
IMZL2.CFE,6/30/2026,8504.2,146627.0
IMZL2.CFE,7/1/2026,8517.6,168136.0
IMZL2.CFE,7/2/2026,8370.2,178178.0
IMZL2.CFE,7/3/2026,8373.0,152704.0
IMZL2.CFE,7/6/2026,8265.0,151626.0
IMZL2.CFE,7/7/2026,8115.2,150751.0
IMZL2.CFE,7/8/2026,7974.0,167678.0
IMZL2.CFE,7/9/2026,8127.4,195417.0
IMZL2.CFE,7/10/2026,8019.4,171301.0
IMZL2.CFE,7/13/2026,7684.4,200999.0
IMZL2.CFE,7/14/2026,7788.0,217776.0
IMZL2.CFE,7/15/2026,7723.2,174869.0
IMZL2.CFE,7/16/2026,7552.6,192392.0
IMZL2.CFE,7/17/2026,7065.2,282694.0
IMZL2.CFE,7/20/2026,6849.8,313762.0
IMZL2.CFE,7/21/2026,7164.4,294238.0
IMZL2.CFE,7/22/2026,7028.8,231584.0
IMZL2.CFE,7/23/2026,7071.6,186983.0
IMZL2.CFE,7/24/2026,6880.2,207512.0
IMZL2.CFE,7/27/2026,7148.8,218451.0
IMZL2.CFE,7/28/2026,6943.2,201223.0
IMZL2.CFE,7/29/2026,7047.2,264111.0
IMZL2.CFE,7/30/2026,6845.2,260301.0
IMZL2.CFE,7/31/2026,6987.8,234697.0
IMZL2.CFE,8/3/2026,7023.4,144370.0
IMZL2.CFE,8/4/2026,7211.4,174207.0
IMZL2.CFE,8/5/2026,7433.8,182820.0
IMZL2.CFE,8/6/2026,7451.8,171996.0
IMZL2.CFE,8/7/2026,7590.6,177728.0
IMZL2.CFE,8/10/2026,7607.2,142720.0
IMZL2.CFE,8/11/2026,7613.2,154999.0
IMZL2.CFE,8/12/2026,7677.4,129080.0
IMZL2.CFE,8/13/2026,7634.2,151812.0
IMZL2.CFE,8/14/2026,7650.2,146100.0
IMZL2.CFE,8/17/2026,7875.0,153569.0
IMZL2.CFE,8/18/2026,7807.0,162697.0
IMZL2.CFE,8/19/2026,7468.8,208054.0
IMZL2.CFE,8/20/2026,7516.2,168401.0
IMZL2.CFE,8/21/2026,7527.0,170783.0
IMZL2.CFE,8/24/2026,7425.8,174420.0
IMZL2.CFE,8/25/2026,7466.4,181414.0
IMZL2.CFE,8/26/2026,7491.8,170411.0
IMZL2.CFE,8/27/2026,7686.6,168494.0
IMZL2.CFE,8/28/2026,7666.6,134286.0
IMZL.CFE,6/15/2026,8475.2,134896.0
IMZL.CFE,6/16/2026,8602.4,124372.0
IMZL.CFE,6/17/2026,8695.0,98806.0
IMZL.CFE,6/18/2026,8766.0,78697.0
IMZL.CFE,6/22/2026,8524.2,158991.0
IMZL.CFE,6/23/2026,8403.0,169243.0
IMZL.CFE,6/24/2026,8472.4,144567.0
IMZL.CFE,6/25/2026,8523.8,144932.0
IMZL.CFE,6/26/2026,8319.2,174428.0
IMZL.CFE,6/29/2026,8308.6,171721.0
IMZL.CFE,6/30/2026,8504.2,146627.0
IMZL.CFE,7/1/2026,8517.6,168136.0
IMZL.CFE,7/2/2026,8370.2,178178.0
IMZL.CFE,7/3/2026,8373.0,152704.0
IMZL.CFE,7/6/2026,8265.0,151626.0
IMZL.CFE,7/7/2026,8115.2,150751.0
IMZL.CFE,7/8/2026,7974.0,167678.0
IMZL.CFE,7/9/2026,8127.4,195417.0
IMZL.CFE,7/10/2026,8019.4,171301.0
IMZL.CFE,7/13/2026,7684.4,200999.0
IMZL.CFE,7/14/2026,7788.0,217776.0
IMZL.CFE,7/15/2026,7723.2,174869.0
IMZL.CFE,7/16/2026,7552.6,192392.0
IMZL.CFE,7/17/2026,7065.2,282694.0
IMZL.CFE,7/20/2026,6849.8,313762.0
IMZL.CFE,7/21/2026,7164.4,294238.0
IMZL.CFE,7/22/2026,7028.8,231584.0
IMZL.CFE,7/23/2026,7071.6,186983.0
IMZL.CFE,7/24/2026,6880.2,207512.0
IMZL.CFE,7/27/2026,7148.8,218451.0
IMZL.CFE,7/28/2026,6943.2,201223.0
IMZL.CFE,7/29/2026,7047.2,264111.0
IMZL.CFE,7/30/2026,6845.2,260301.0
IMZL.CFE,7/31/2026,6987.8,234697.0
IMZL.CFE,8/3/2026,7023.4,144370.0
IMZL.CFE,8/4/2026,7211.4,174207.0
IMZL.CFE,8/5/2026,7433.8,182820.0
IMZL.CFE,8/6/2026,7451.8,171996.0
IMZL.CFE,8/7/2026,7590.6,177728.0
IMZL.CFE,8/10/2026,7607.2,142720.0
IMZL.CFE,8/11/2026,7613.2,154999.0
IMZL.CFE,8/12/2026,7677.4,129080.0
IMZL.CFE,8/13/2026,7634.2,151812.0
IMZL.CFE,8/14/2026,7650.2,146100.0
IMZL.CFE,8/17/2026,7875.0,153569.0
IMZL.CFE,8/18/2026,7807.0,162697.0
IMZL.CFE,8/19/2026,7468.8,208054.0
IMZL.CFE,8/20/2026,7516.2,168401.0
IMZL.CFE,8/21/2026,7527.0,170783.0
IMZL.CFE,8/24/2026,7425.8,174420.0
IMZL.CFE,8/25/2026,7466.4,181414.0
IMZL.CFE,8/26/2026,7491.8,170411.0
IMZL.CFE,8/27/2026,7686.6,168494.0
IMZL.CFE,8/28/2026,7666.6,134286.0
IC00.CFE,8/31/2026,7895.8,106336.0
IC01.CFE,8/31/2026,7835.2,9055.0
IC02.CFE,8/31/2026,7706.0,36092.0
IC03.CFE,8/31/2026,7527.0,13268.0
IC2609.CFE,8/31/2026,7895.8,106336.0
IC2610.CFE,8/31/2026,7835.2,9055.0
IC2612.CFE,8/31/2026,7706.0,36092.0
IC2703.CFE,8/31/2026,7527.0,13268.0
IC8888.CFE,8/31/2026,7789.8633,164751.0
ICZL1.CFE,8/31/2026,7895.8,106336.0
ICZL2.CFE,8/31/2026,7895.8,106336.0
ICZL.CFE,8/31/2026,7895.8,106336.0
IF00.CFE,8/31/2026,4601.6,68247.0
IF01.CFE,8/31/2026,4575.0,4618.0
IF02.CFE,8/31/2026,4523.0,26462.0
IF03.CFE,8/31/2026,4448.8,7297.0
IF2609.CFE,8/31/2026,4601.6,68247.0
IF2610.CFE,8/31/2026,4575.0,4618.0
IF2612.CFE,8/31/2026,4523.0,26462.0
IF2703.CFE,8/31/2026,4448.8,7297.0
IF8888.CFE,8/31/2026,4556.8149,106624.0
IFZL1.CFE,8/31/2026,4601.6,68247.0
IFZL2.CFE,8/31/2026,4601.6,68247.0
IFZL.CFE,8/31/2026,4601.6,68247.0
IH00.CFE,8/31/2026,2918.0,32162.0
IH01.CFE,8/31/2026,2898.0,1579.0
IH02.CFE,8/31/2026,2862.8,11439.0
IH03.CFE,8/31/2026,2823.4,2740.0
IH2609.CFE,8/31/2026,2918.0,32162.0
IH2610.CFE,8/31/2026,2898.0,1579.0
IH2612.CFE,8/31/2026,2862.8,11439.0
IH2703.CFE,8/31/2026,2823.4,2740.0
IH8888.CFE,8/31/2026,2893.2918,47920.0
IHZL1.CFE,8/31/2026,2918.0,32162.0
IHZL2.CFE,8/31/2026,2918.0,32162.0
IHZL.CFE,8/31/2026,2918.0,32162.0
IM00.CFE,8/31/2026,7713.6,153561.0
IM01.CFE,8/31/2026,7649.0,9611.0
IM02.CFE,8/31/2026,7501.0,51997.0
IM03.CFE,8/31/2026,7300.6,17801.0
IM2609.CFE,8/31/2026,7713.6,153561.0
IM2610.CFE,8/31/2026,7649.0,9611.0
IM2612.CFE,8/31/2026,7501.0,51997.0
IM2703.CFE,8/31/2026,7300.6,17801.0
IM8888.CFE,8/31/2026,7588.4718,232970.0
IMZL1.CFE,8/31/2026,7713.6,153561.0
IMZL2.CFE,8/31/2026,7713.6,153561.0
IMZL.CFE,8/31/2026,7713.6,153561.0
IC00.CFE,9/1/2026,7801.6,100753.0
IC01.CFE,9/1/2026,7744.0,8246.0
IC02.CFE,9/1/2026,7612.0,32403.0
IC03.CFE,9/1/2026,7433.8,9854.0
IC2609.CFE,9/1/2026,7801.6,100753.0
IC2610.CFE,9/1/2026,7744.0,8246.0
IC2612.CFE,9/1/2026,7612.0,32403.0
IC2703.CFE,9/1/2026,7433.8,9854.0
IC8888.CFE,9/1/2026,7695.1131,151256.0
ICZL1.CFE,9/1/2026,7801.6,100753.0
ICZL2.CFE,9/1/2026,7801.6,100753.0
ICZL.CFE,9/1/2026,7801.6,100753.0
IF00.CFE,9/1/2026,4597.2,59140.0
IF01.CFE,9/1/2026,4573.4,4367.0
IF02.CFE,9/1/2026,4518.0,19421.0
IF03.CFE,9/1/2026,4445.8,5257.0
IF2609.CFE,9/1/2026,4597.2,59140.0
IF2610.CFE,9/1/2026,4573.4,4367.0
IF2612.CFE,9/1/2026,4518.0,19421.0
IF2703.CFE,9/1/2026,4445.8,5257.0
IF8888.CFE,9/1/2026,4551.3171,88185.0
IFZL1.CFE,9/1/2026,4597.2,59140.0
IFZL2.CFE,9/1/2026,4597.2,59140.0
IFZL.CFE,9/1/2026,4597.2,59140.0
IH00.CFE,9/1/2026,2928.6,29169.0
IH01.CFE,9/1/2026,2907.2,1427.0
IH02.CFE,9/1/2026,2872.4,9551.0
IH03.CFE,9/1/2026,2832.8,1921.0
IH2609.CFE,9/1/2026,2928.6,29169.0
IH2610.CFE,9/1/2026,2907.2,1427.0
IH2612.CFE,9/1/2026,2872.4,9551.0
IH2703.CFE,9/1/2026,2832.8,1921.0
IH8888.CFE,9/1/2026,2902.7557,42068.0
IHZL1.CFE,9/1/2026,2928.6,29169.0
IHZL2.CFE,9/1/2026,2928.6,29169.0
IHZL.CFE,9/1/2026,2928.6,29169.0
IM00.CFE,9/1/2026,7645.0,153015.0
IM01.CFE,9/1/2026,7580.0,8955.0
IM02.CFE,9/1/2026,7428.0,51037.0
IM03.CFE,9/1/2026,7224.0,16936.0
IM2609.CFE,9/1/2026,7645.0,153015.0
IM2610.CFE,9/1/2026,7580.0,8955.0
IM2612.CFE,9/1/2026,7428.0,51037.0
IM2703.CFE,9/1/2026,7224.0,16936.0
IM8888.CFE,9/1/2026,7514.3332,229943.0
IMZL1.CFE,9/1/2026,7645.0,153015.0
IMZL2.CFE,9/1/2026,7645.0,153015.0
IMZL.CFE,9/1/2026,7645.0,153015.0
IC00.CFE,9/2/2026,7675.6,102706.0
IC01.CFE,9/2/2026,7614.0,7822.0
IC02.CFE,9/2/2026,7479.2,37471.0
IC03.CFE,9/2/2026,7295.4,11306.0
IC2609.CFE,9/2/2026,7675.6,102706.0
IC2610.CFE,9/2/2026,7614.0,7822.0
IC2612.CFE,9/2/2026,7479.2,37471.0
IC2703.CFE,9/2/2026,7295.4,11306.0
IC8888.CFE,9/2/2026,7562.0638,159305.0
ICZL1.CFE,9/2/2026,7675.6,102706.0
ICZL2.CFE,9/2/2026,7675.6,102706.0
ICZL.CFE,9/2/2026,7675.6,102706.0
IF00.CFE,9/2/2026,4532.2,71487.0
IF01.CFE,9/2/2026,4505.2,3869.0
IF02.CFE,9/2/2026,4449.8,26236.0
IF03.CFE,9/2/2026,4377.0,8674.0
IF2609.CFE,9/2/2026,4532.2,71487.0
IF2610.CFE,9/2/2026,4505.2,3869.0
IF2612.CFE,9/2/2026,4449.8,26236.0
IF2703.CFE,9/2/2026,4377.0,8674.0
IF8888.CFE,9/2/2026,4483.3955,110266.0
IFZL1.CFE,9/2/2026,4532.2,71487.0
IFZL2.CFE,9/2/2026,4532.2,71487.0
IFZL.CFE,9/2/2026,4532.2,71487.0
IH00.CFE,9/2/2026,2898.8,37830.0
IH01.CFE,9/2/2026,2880.4,2077.0
IH02.CFE,9/2/2026,2840.2,13764.0
IH03.CFE,9/2/2026,2802.8,2853.0
IH2609.CFE,9/2/2026,2898.8,37830.0
IH2610.CFE,9/2/2026,2880.4,2077.0
IH2612.CFE,9/2/2026,2840.2,13764.0
IH2703.CFE,9/2/2026,2802.8,2853.0
IH8888.CFE,9/2/2026,2871.4482,56524.0
IHZL1.CFE,9/2/2026,2898.8,37830.0
IHZL2.CFE,9/2/2026,2898.8,37830.0
IHZL.CFE,9/2/2026,2898.8,37830.0
IM00.CFE,9/2/2026,7540.4,158300.0
IM01.CFE,9/2/2026,7474.6,8402.0
IM02.CFE,9/2/2026,7320.4,57205.0
IM03.CFE,9/2/2026,7116.4,19097.0
IM2609.CFE,9/2/2026,7540.4,158300.0
IM2610.CFE,9/2/2026,7474.6,8402.0
IM2612.CFE,9/2/2026,7320.4,57205.0
IM2703.CFE,9/2/2026,7116.4,19097.0
IM8888.CFE,9/2/2026,7405.7845,243004.0
IMZL1.CFE,9/2/2026,7540.4,158300.0
IMZL2.CFE,9/2/2026,7540.4,158300.0
IMZL.CFE,9/2/2026,7540.4,158300.0
IC00.CFE,9/3/2026,7706.2,99447.0
IC01.CFE,9/3/2026,7641.6,7113.0
IC02.CFE,9/3/2026,7504.0,35970.0
IC03.CFE,9/3/2026,7318.0,11186.0
IC2609.CFE,9/3/2026,7706.2,99447.0
IC2610.CFE,9/3/2026,7641.6,7113.0
IC2612.CFE,9/3/2026,7504.0,35970.0
IC2703.CFE,9/3/2026,7318.0,11186.0
IC8888.CFE,9/3/2026,7587.9993,153716.0
ICZL1.CFE,9/3/2026,7706.2,99447.0
ICZL2.CFE,9/3/2026,7706.2,99447.0
ICZL.CFE,9/3/2026,7706.2,99447.0
IF00.CFE,9/3/2026,4536.8,59047.0
IF01.CFE,9/3/2026,4509.6,4995.0
IF02.CFE,9/3/2026,4453.6,21173.0
IF03.CFE,9/3/2026,4380.0,5711.0
IF2609.CFE,9/3/2026,4536.8,59047.0
IF2610.CFE,9/3/2026,4509.6,4995.0
IF2612.CFE,9/3/2026,4453.6,21173.0
IF2703.CFE,9/3/2026,4380.0,5711.0
IF8888.CFE,9/3/2026,4486.5372,90926.0
IFZL1.CFE,9/3/2026,4536.8,59047.0
IFZL2.CFE,9/3/2026,4536.8,59047.0
IFZL.CFE,9/3/2026,4536.8,59047.0
IH00.CFE,9/3/2026,2907.6,30183.0
IH01.CFE,9/3/2026,2887.8,2500.0
IH02.CFE,9/3/2026,2844.0,12335.0
IH03.CFE,9/3/2026,2803.8,3026.0
IH2609.CFE,9/3/2026,2907.6,30183.0
IH2610.CFE,9/3/2026,2887.8,2500.0
IH2612.CFE,9/3/2026,2844.0,12335.0
IH2703.CFE,9/3/2026,2803.8,3026.0
IH8888.CFE,9/3/2026,2875.5752,48044.0
IHZL1.CFE,9/3/2026,2907.6,30183.0
IHZL2.CFE,9/3/2026,2907.6,30183.0
IHZL.CFE,9/3/2026,2907.6,30183.0
IM00.CFE,9/3/2026,7559.4,163322.0
IM01.CFE,9/3/2026,7490.0,11107.0
IM02.CFE,9/3/2026,7335.8,59776.0
IM03.CFE,9/3/2026,7130.0,19170.0
IM2609.CFE,9/3/2026,7559.4,163322.0
IM2610.CFE,9/3/2026,7490.0,11107.0
IM2612.CFE,9/3/2026,7335.8,59776.0
IM2703.CFE,9/3/2026,7130.0,19170.0
IM8888.CFE,9/3/2026,7421.3745,253375.0
IMZL1.CFE,9/3/2026,7559.4,163322.0
IMZL2.CFE,9/3/2026,7559.4,163322.0
IMZL.CFE,9/3/2026,7559.4,163322.0
IC00.CFE,9/4/2026,7608.0,108155.0
IC01.CFE,9/4/2026,7550.4,9509.0
IC02.CFE,9/4/2026,7412.6,45000.0
IC03.CFE,9/4/2026,7233.6,13323.0
IC2609.CFE,9/4/2026,7608.0,108155.0
IC2610.CFE,9/4/2026,7550.4,9509.0
IC2612.CFE,9/4/2026,7412.6,45000.0
IC2703.CFE,9/4/2026,7233.6,13323.0
IC8888.CFE,9/4/2026,7491.6224,175987.0
ICZL1.CFE,9/4/2026,7608.0,108155.0
ICZL2.CFE,9/4/2026,7608.0,108155.0
ICZL.CFE,9/4/2026,7608.0,108155.0
IF00.CFE,9/4/2026,4537.4,70771.0
IF01.CFE,9/4/2026,4510.4,4761.0
IF02.CFE,9/4/2026,4454.2,27372.0
IF03.CFE,9/4/2026,4381.4,7370.0
IF2609.CFE,9/4/2026,4537.4,70771.0
IF2610.CFE,9/4/2026,4510.4,4761.0
IF2612.CFE,9/4/2026,4454.2,27372.0
IF2703.CFE,9/4/2026,4381.4,7370.0
IF8888.CFE,9/4/2026,4486.446,110274.0
IFZL1.CFE,9/4/2026,4537.4,70771.0
IFZL2.CFE,9/4/2026,4537.4,70771.0
IFZL.CFE,9/4/2026,4537.4,70771.0
IH00.CFE,9/4/2026,2915.8,38129.0
IH01.CFE,9/4/2026,2896.0,2591.0
IH02.CFE,9/4/2026,2851.8,14550.0
IH03.CFE,9/4/2026,2810.6,3387.0
IH2609.CFE,9/4/2026,2915.8,38129.0
IH2610.CFE,9/4/2026,2896.0,2591.0
IH2612.CFE,9/4/2026,2851.8,14550.0
IH2703.CFE,9/4/2026,2810.6,3387.0
IH8888.CFE,9/4/2026,2883.8023,58657.0
IHZL1.CFE,9/4/2026,2915.8,38129.0
IHZL2.CFE,9/4/2026,2915.8,38129.0
IHZL.CFE,9/4/2026,2915.8,38129.0
IM00.CFE,9/4/2026,7468.2,167832.0
IM01.CFE,9/4/2026,7404.0,12205.0
IM02.CFE,9/4/2026,7252.2,69950.0
IM03.CFE,9/4/2026,7044.8,24073.0
IM2609.CFE,9/4/2026,7468.2,167832.0
IM2610.CFE,9/4/2026,7404.0,12205.0
IM2612.CFE,9/4/2026,7252.2,69950.0
IM2703.CFE,9/4/2026,7044.8,24073.0
IM8888.CFE,9/4/2026,7330.5412,274060.0
IMZL1.CFE,9/4/2026,7468.2,167832.0
IMZL2.CFE,9/4/2026,7468.2,167832.0
IMZL.CFE,9/4/2026,7468.2,167832.0
IC00.CFE,9/7/2026,7716.2,100738.0
IC01.CFE,9/7/2026,7651.0,9111.0
IC02.CFE,9/7/2026,7518.0,41323.0
IC03.CFE,9/7/2026,7332.0,10440.0
IC2609.CFE,9/7/2026,7716.2,100738.0
IC2610.CFE,9/7/2026,7651.0,9111.0
IC2612.CFE,9/7/2026,7518.0,41323.0
IC2703.CFE,9/7/2026,7332.0,10440.0
IC8888.CFE,9/7/2026,7595.0003,161612.0
ICZL1.CFE,9/7/2026,7716.2,100738.0
ICZL2.CFE,9/7/2026,7716.2,100738.0
ICZL.CFE,9/7/2026,7716.2,100738.0
IF00.CFE,9/7/2026,4555.6,63955.0
IF01.CFE,9/7/2026,4530.0,7162.0
IF02.CFE,9/7/2026,4474.2,26888.0
IF03.CFE,9/7/2026,4400.6,6735.0
IF2609.CFE,9/7/2026,4555.6,63955.0
IF2610.CFE,9/7/2026,4530.0,7162.0
IF2612.CFE,9/7/2026,4474.2,26888.0
IF2703.CFE,9/7/2026,4400.6,6735.0
IF8888.CFE,9/7/2026,4503.4182,104740.0
IFZL1.CFE,9/7/2026,4555.6,63955.0
IFZL2.CFE,9/7/2026,4555.6,63955.0
IFZL.CFE,9/7/2026,4555.6,63955.0
IH00.CFE,9/7/2026,2898.8,31864.0
IH01.CFE,9/7/2026,2880.0,2941.0
IH02.CFE,9/7/2026,2837.2,13559.0
IH03.CFE,9/7/2026,2800.0,3046.0
IH2609.CFE,9/7/2026,2898.8,31864.0
IH2610.CFE,9/7/2026,2880.0,2941.0
IH2612.CFE,9/7/2026,2837.2,13559.0
IH2703.CFE,9/7/2026,2800.0,3046.0
IH8888.CFE,9/7/2026,2865.0235,51410.0
IHZL1.CFE,9/7/2026,2898.8,31864.0
IHZL2.CFE,9/7/2026,2898.8,31864.0
IHZL.CFE,9/7/2026,2898.8,31864.0
IM00.CFE,9/7/2026,7604.0,155029.0
IM01.CFE,9/7/2026,7536.4,13928.0
IM02.CFE,9/7/2026,7381.0,64391.0
IM03.CFE,9/7/2026,7168.4,19670.0
IM2609.CFE,9/7/2026,7604.0,155029.0
IM2610.CFE,9/7/2026,7536.4,13928.0
IM2612.CFE,9/7/2026,7381.0,64391.0
IM2703.CFE,9/7/2026,7168.4,19670.0
IM8888.CFE,9/7/2026,7460.1022,253018.0
IMZL1.CFE,9/7/2026,7604.0,155029.0
IMZL2.CFE,9/7/2026,7604.0,155029.0
IMZL.CFE,9/7/2026,7604.0,155029.0
IC00.CFE,9/8/2026,7743.4,93097.0
IC01.CFE,9/8/2026,7676.8,9286.0
IC02.CFE,9/8/2026,7541.6,39782.0
IC03.CFE,9/8/2026,7353.4,10934.0
IC2609.CFE,9/8/2026,7743.4,93097.0
IC2610.CFE,9/8/2026,7676.8,9286.0
IC2612.CFE,9/8/2026,7541.6,39782.0
IC2703.CFE,9/8/2026,7353.4,10934.0
IC8888.CFE,9/8/2026,7616.7344,153099.0
ICZL1.CFE,9/8/2026,7743.4,93097.0
ICZL2.CFE,9/8/2026,7743.4,93097.0
ICZL.CFE,9/8/2026,7743.4,93097.0
IF00.CFE,9/8/2026,4547.0,61494.0
IF01.CFE,9/8/2026,4517.8,7822.0
IF02.CFE,9/8/2026,4461.2,27765.0
IF03.CFE,9/8/2026,4388.6,7478.0
IF2609.CFE,9/8/2026,4547.0,61494.0
IF2610.CFE,9/8/2026,4517.8,7822.0
IF2612.CFE,9/8/2026,4461.2,27765.0
IF2703.CFE,9/8/2026,4388.6,7478.0
IF8888.CFE,9/8/2026,4491.5562,104559.0
IFZL1.CFE,9/8/2026,4547.0,61494.0
IFZL2.CFE,9/8/2026,4547.0,61494.0
IFZL.CFE,9/8/2026,4547.0,61494.0
IH00.CFE,9/8/2026,2897.0,25542.0
IH01.CFE,9/8/2026,2875.0,2552.0
IH02.CFE,9/8/2026,2832.8,11356.0
IH03.CFE,9/8/2026,2793.8,2541.0
IH2609.CFE,9/8/2026,2897.0,25542.0
IH2610.CFE,9/8/2026,2875.0,2552.0
IH2612.CFE,9/8/2026,2832.8,11356.0
IH2703.CFE,9/8/2026,2793.8,2541.0
IH8888.CFE,9/8/2026,2860.8196,41991.0
IHZL1.CFE,9/8/2026,2897.0,25542.0
IHZL2.CFE,9/8/2026,2897.0,25542.0
IHZL.CFE,9/8/2026,2897.0,25542.0
IM00.CFE,9/8/2026,7633.4,147039.0
IM01.CFE,9/8/2026,7564.4,14040.0
IM02.CFE,9/8/2026,7406.2,66478.0
IM03.CFE,9/8/2026,7191.8,19306.0
IM2609.CFE,9/8/2026,7633.4,147039.0
IM2610.CFE,9/8/2026,7564.4,14040.0
IM2612.CFE,9/8/2026,7406.2,66478.0
IM2703.CFE,9/8/2026,7191.8,19306.0
IM8888.CFE,9/8/2026,7482.955,246863.0
IMZL1.CFE,9/8/2026,7633.4,147039.0
IMZL2.CFE,9/8/2026,7633.4,147039.0
IMZL.CFE,9/8/2026,7633.4,147039.0
IC00.CFE,9/11/2026,7569.0,112997.0
IC01.CFE,9/11/2026,7496.0,13372.0
IC02.CFE,9/11/2026,7342.0,58235.0
IC03.CFE,9/11/2026,7143.6,17747.0
IC2609.CFE,9/11/2026,7569.0,112997.0
IC2610.CFE,9/11/2026,7496.0,13372.0
IC2612.CFE,9/11/2026,7342.0,58235.0
IC2703.CFE,9/11/2026,7143.6,17747.0
IC8888.CFE,9/11/2026,7414.9287,202351.0
ICZL1.CFE,9/11/2026,7569.0,112997.0
ICZL2.CFE,9/11/2026,7569.0,112997.0
ICZL.CFE,9/11/2026,7569.0,112997.0
IF00.CFE,9/11/2026,4503.4,79056.0
IF01.CFE,9/11/2026,4473.2,11545.0
IF02.CFE,9/11/2026,4410.2,43115.0
IF03.CFE,9/11/2026,4335.0,9873.0
IF2609.CFE,9/11/2026,4503.4,79056.0
IF2610.CFE,9/11/2026,4473.2,11545.0
IF2612.CFE,9/11/2026,4410.2,43115.0
IF2703.CFE,9/11/2026,4335.0,9873.0
IF8888.CFE,9/11/2026,4438.4249,143589.0
IFZL1.CFE,9/11/2026,4503.4,79056.0
IFZL2.CFE,9/11/2026,4410.2,43115.0
IFZL.CFE,9/11/2026,4503.4,79056.0
IH00.CFE,9/11/2026,2867.0,42824.0
IH01.CFE,9/11/2026,2846.2,4973.0
IH02.CFE,9/11/2026,2800.2,18258.0
IH03.CFE,9/11/2026,2753.0,3216.0
IH2609.CFE,9/11/2026,2867.0,42824.0
IH2610.CFE,9/11/2026,2846.2,4973.0
IH2612.CFE,9/11/2026,2800.2,18258.0
IH2703.CFE,9/11/2026,2753.0,3216.0
IH8888.CFE,9/11/2026,2827.9761,69271.0
IHZL1.CFE,9/11/2026,2867.0,42824.0
IHZL2.CFE,9/11/2026,2867.0,42824.0
IHZL.CFE,9/11/2026,2867.0,42824.0
IM00.CFE,9/11/2026,7415.2,183502.0
IM01.CFE,9/11/2026,7341.6,20628.0
IM02.CFE,9/11/2026,7178.4,90722.0
IM03.CFE,9/11/2026,6962.0,27371.0
IM2609.CFE,9/11/2026,7415.2,183502.0
IM2610.CFE,9/11/2026,7341.6,20628.0
IM2612.CFE,9/11/2026,7178.4,90722.0
IM2703.CFE,9/11/2026,6962.0,27371.0
IM8888.CFE,9/11/2026,7250.1835,322223.0
IMZL1.CFE,9/11/2026,7415.2,183502.0
IMZL2.CFE,9/11/2026,7415.2,183502.0
IMZL.CFE,9/11/2026,7415.2,183502.0
