instrument_code,valuation_date,price,volume
159007.SZ,2026-06-22,0.796,22043622.0
159007.SZ,2026-06-23,0.797,25947040.0
159007.SZ,2026-06-24,0.776,25191335.0
159007.SZ,2026-06-25,0.775,26356910.0
159008.SZ,2026-06-22,1.059,43685130.0
159008.SZ,2026-06-23,1.056,35587891.0
159008.SZ,2026-06-24,1.037,14637859.0
159008.SZ,2026-06-25,1.071,22802514.0
159009.SZ,2026-06-22,1.128,7182709.0
159009.SZ,2026-06-23,1.072,7910648.0
159009.SZ,2026-06-24,1.083,2658138.0
159009.SZ,2026-06-25,1.091,2509608.0
159010.SZ,2026-06-22,0.915,13622133.0
159010.SZ,2026-06-23,0.874,24111016.0
159010.SZ,2026-06-24,0.898,15024558.0
159010.SZ,2026-06-25,0.879,11573998.0
159012.SZ,2026-06-22,1.155,12658568.0
159012.SZ,2026-06-23,1.117,10878944.0
159012.SZ,2026-06-24,1.138,9999652.0
159012.SZ,2026-06-25,1.185,16701235.0
159013.SZ,2026-06-22,1.196,5311033.0
159013.SZ,2026-06-23,1.163,4298623.0
159013.SZ,2026-06-24,1.196,3213418.0
159013.SZ,2026-06-25,1.217,4725938.0
159015.SZ,2026-06-22,0.901,28208456.0
159015.SZ,2026-06-23,0.861,15622058.0
159015.SZ,2026-06-24,0.886,22237463.0
159015.SZ,2026-06-25,0.868,10142629.0
159016.SZ,2026-06-22,1.065,79111794.0
159016.SZ,2026-06-23,1.057,79907486.0
159016.SZ,2026-06-24,1.036,47333752.0
159016.SZ,2026-06-25,1.078,63207772.0
159017.SZ,2026-06-22,0.902,8308393.0
159017.SZ,2026-06-23,0.889,8402300.0
159017.SZ,2026-06-24,0.882,5284609.0
159017.SZ,2026-06-25,0.865,8061339.0
159018.SZ,2026-06-22,0.893,5673712.0
159018.SZ,2026-06-23,0.876,5328038.0
159018.SZ,2026-06-24,0.873,3376539.0
159018.SZ,2026-06-25,0.858,3108102.0
159019.SZ,2026-06-22,0.911,20614105.0
159019.SZ,2026-06-23,0.896,19872561.0
159019.SZ,2026-06-24,0.892,10638226.0
159019.SZ,2026-06-25,0.873,16121100.0
159020.SZ,2026-06-22,0.824,3054317.0
159020.SZ,2026-06-23,0.823,7983500.0
159020.SZ,2026-06-24,0.802,5304496.0
159020.SZ,2026-06-25,0.801,4972700.0
159021.SZ,2026-06-22,0.944,5052409.0
159021.SZ,2026-06-23,0.937,5805417.0
159021.SZ,2026-06-24,0.92,2716038.0
159021.SZ,2026-06-25,0.915,5842988.0
159022.SZ,2026-06-22,1.249,134854613.0
159022.SZ,2026-06-23,1.198,50516924.0
159022.SZ,2026-06-24,1.233,39824545.0
159022.SZ,2026-06-25,1.286,52075216.0
159026.SZ,2026-06-22,0.908,7629216.0
159026.SZ,2026-06-23,0.894,6604007.0
159026.SZ,2026-06-24,0.888,2473310.0
159026.SZ,2026-06-25,0.869,7670229.0
159027.SZ,2026-06-22,0.825,8447231.0
159027.SZ,2026-06-23,0.833,9240509.0
159027.SZ,2026-06-24,0.804,8669207.0
159027.SZ,2026-06-25,0.8,11447124.0
159028.SZ,2026-06-22,0.787,12640703.0
159028.SZ,2026-06-23,0.763,4035200.0
159028.SZ,2026-06-24,0.763,5658627.0
159028.SZ,2026-06-25,0.75,4023499.0
159029.SZ,2026-06-22,1.049,65441416.0
159029.SZ,2026-06-23,0.96,61734287.0
159029.SZ,2026-06-24,0.964,34453598.0
159029.SZ,2026-06-25,0.935,23668489.0
159030.SZ,2026-06-22,0.839,13349680.0
159030.SZ,2026-06-23,0.822,9020705.0
159030.SZ,2026-06-24,0.81,8488973.0
159030.SZ,2026-06-25,0.795,10762436.0
159031.SZ,2026-06-22,0.928,3450007.0
159031.SZ,2026-06-23,0.913,3385577.0
159031.SZ,2026-06-24,0.9,3955715.0
159031.SZ,2026-06-25,0.884,10216706.0
159032.SZ,2026-06-22,1.037,67602227.0
159032.SZ,2026-06-23,0.955,43084912.0
159032.SZ,2026-06-24,0.949,24292809.0
159032.SZ,2026-06-25,0.926,15464460.0
159033.SZ,2026-06-22,0.954,23690084.0
159033.SZ,2026-06-23,0.932,16162045.0
159033.SZ,2026-06-24,0.921,16974696.0
159033.SZ,2026-06-25,0.903,29176422.0
159035.SZ,2026-06-22,0.883,14859530.0
159035.SZ,2026-06-23,0.866,8703843.0
159035.SZ,2026-06-24,0.85,16015610.0
159035.SZ,2026-06-25,0.846,17219352.0
159037.SZ,2026-06-22,0.957,9837579.0
159037.SZ,2026-06-23,0.94,2456676.0
159037.SZ,2026-06-24,0.93,1412111.0
159037.SZ,2026-06-25,0.921,1152413.0
159038.SZ,2026-06-22,0.899,14002897.0
159038.SZ,2026-06-23,0.878,7146634.0
159038.SZ,2026-06-24,0.868,9832303.0
159038.SZ,2026-06-25,0.852,9134510.0
159041.SZ,2026-06-22,0.951,3109742.0
159041.SZ,2026-06-23,0.933,2554640.0
159041.SZ,2026-06-24,0.923,3275126.0
159041.SZ,2026-06-25,0.908,6141961.0
159042.SZ,2026-06-22,0.956,8958513.0
159042.SZ,2026-06-23,0.943,3011787.0
159042.SZ,2026-06-24,0.931,2073288.0
159042.SZ,2026-06-25,0.921,5167871.0
159050.SZ,2026-06-22,1.03,25447828.0
159050.SZ,2026-06-23,1.005,20405498.0
159050.SZ,2026-06-24,1.007,17289047.0
159050.SZ,2026-06-25,0.995,19914079.0
159051.SZ,2026-06-22,0.977,7707361.0
159051.SZ,2026-06-23,0.982,6173017.0
159051.SZ,2026-06-24,0.965,2597515.0
159051.SZ,2026-06-25,0.96,4097776.0
159053.SZ,2026-06-22,1.195,55712793.0
159053.SZ,2026-06-23,1.111,78977281.0
159053.SZ,2026-06-24,1.135,54977842.0
159053.SZ,2026-06-25,1.126,36127315.0
159055.SZ,2026-06-22,1.22,26976293.0
159055.SZ,2026-06-23,1.13,71575298.0
159055.SZ,2026-06-24,1.157,26642973.0
159055.SZ,2026-06-25,1.147,25783479.0
159056.SZ,2026-06-22,0.973,11044947.0
159056.SZ,2026-06-23,0.977,7775486.0
159056.SZ,2026-06-24,0.964,4375341.0
159056.SZ,2026-06-25,0.957,8455770.0
159057.SZ,2026-06-22,0.999,10209497.0
159057.SZ,2026-06-23,0.985,1733461.0
159057.SZ,2026-06-24,0.964,1000147.0
159057.SZ,2026-06-25,0.957,3527515.0
159060.SZ,2026-06-22,0.989,8551447.0
159060.SZ,2026-06-23,0.969,6827384.0
159060.SZ,2026-06-24,0.957,9290933.0
159060.SZ,2026-06-25,0.937,4402210.0
159101.SZ,2026-06-22,0.694,455431423.0
159101.SZ,2026-06-23,0.669,418737747.0
159101.SZ,2026-06-24,0.688,521272228.0
159101.SZ,2026-06-25,0.673,387117186.0
159102.SZ,2026-06-22,0.646,37653162.0
159102.SZ,2026-06-23,0.643,56871201.0
159102.SZ,2026-06-24,0.667,105001305.0
159102.SZ,2026-06-25,0.663,66644502.0
159103.SZ,2026-06-22,0.729,20698108.0
159103.SZ,2026-06-23,0.724,30192900.0
159103.SZ,2026-06-24,0.702,20054600.0
159103.SZ,2026-06-25,0.706,33038602.0
159105.SZ,2026-06-22,0.734,149195402.0
159105.SZ,2026-06-23,0.727,173290048.0
159105.SZ,2026-06-24,0.753,321890321.0
159105.SZ,2026-06-25,0.745,235981300.0
159106.SZ,2026-06-22,1.254,576305.0
159106.SZ,2026-06-23,1.212,410800.0
159106.SZ,2026-06-24,1.233,557606.0
159106.SZ,2026-06-25,1.259,424404.0
159107.SZ,2026-06-22,0.834,77126600.0
159107.SZ,2026-06-23,0.814,86118077.0
159107.SZ,2026-06-24,0.813,65690682.0
159107.SZ,2026-06-25,0.806,65195100.0
159108.SZ,2026-06-22,1.144,9258017.0
159108.SZ,2026-06-23,1.104,5117205.0
159108.SZ,2026-06-24,1.143,28326729.0
159108.SZ,2026-06-25,1.138,13531600.0
159109.SZ,2026-06-22,0.779,36461081.0
159109.SZ,2026-06-23,0.757,33126710.0
159109.SZ,2026-06-24,0.765,40968661.0
159109.SZ,2026-06-25,0.748,34497138.0
159117.SZ,2026-06-22,0.963,2562504.0
159117.SZ,2026-06-23,0.95,2267900.0
159117.SZ,2026-06-24,0.951,1818803.0
159117.SZ,2026-06-25,0.943,2685860.0
159118.SZ,2026-06-22,0.918,5371918.0
159118.SZ,2026-06-23,0.904,1630402.0
159118.SZ,2026-06-24,0.906,4068800.0
159118.SZ,2026-06-25,0.9,934934.0
159119.SZ,2026-06-22,0.953,5454600.0
159119.SZ,2026-06-23,0.927,5513400.0
159119.SZ,2026-06-24,0.919,6203300.0
159119.SZ,2026-06-25,0.919,5675913.0
159120.SZ,2026-06-22,0.747,36927716.0
159120.SZ,2026-06-23,0.716,32574826.0
159120.SZ,2026-06-24,0.737,37508203.0
159120.SZ,2026-06-25,0.721,22432744.0
159121.SZ,2026-06-22,0.763,16937636.0
159121.SZ,2026-06-23,0.738,13646103.0
159121.SZ,2026-06-24,0.739,11113603.0
159121.SZ,2026-06-25,0.729,19423706.0
159122.SZ,2026-06-22,1.158,7404802.0
159122.SZ,2026-06-23,1.099,4325001.0
159122.SZ,2026-06-24,1.107,3622800.0
159122.SZ,2026-06-25,1.113,4925600.0
159123.SZ,2026-06-22,1.105,7106401.0
159123.SZ,2026-06-23,1.057,7346207.0
159123.SZ,2026-06-24,1.059,8157615.0
159123.SZ,2026-06-25,1.07,7338305.0
159125.SZ,2026-06-22,0.674,110399861.0
159125.SZ,2026-06-23,0.649,65363320.0
159125.SZ,2026-06-24,0.667,79442311.0
159125.SZ,2026-06-25,0.655,98095259.0
159126.SZ,2026-06-22,0.886,14134011.0
159126.SZ,2026-06-23,0.867,8898012.0
159126.SZ,2026-06-24,0.876,11576226.0
159126.SZ,2026-06-25,0.857,17253610.0
159127.SZ,2026-06-22,0.903,22978870.0
159127.SZ,2026-06-23,0.886,12886511.0
159127.SZ,2026-06-24,0.884,20455119.0
159127.SZ,2026-06-25,0.865,28414952.0
159128.SZ,2026-06-22,0.681,188914820.0
159128.SZ,2026-06-23,0.658,119266035.0
159128.SZ,2026-06-24,0.673,469020151.0
159128.SZ,2026-06-25,0.661,113461249.0
159129.SZ,2026-06-22,1.184,54909429.0
159129.SZ,2026-06-23,1.137,65255211.0
159129.SZ,2026-06-24,1.169,42512710.0
159129.SZ,2026-06-25,1.166,41985001.0
159130.SZ,2026-06-22,0.732,13048273.0
159130.SZ,2026-06-23,0.726,14595119.0
159130.SZ,2026-06-24,0.756,24466080.0
159130.SZ,2026-06-25,0.747,12652326.0
159131.SZ,2026-06-22,1.131,2091675537.0
159131.SZ,2026-06-23,1.073,1783348012.0
159131.SZ,2026-06-24,1.122,2692988889.0
159131.SZ,2026-06-25,1.127,2199309318.0
159132.SZ,2026-06-22,0.758,10577200.0
159132.SZ,2026-06-23,0.752,12643104.0
159132.SZ,2026-06-24,0.781,55021200.0
159132.SZ,2026-06-25,0.773,21610377.0
159133.SZ,2026-06-22,1.215,62258501.0
159133.SZ,2026-06-23,1.165,47428501.0
159133.SZ,2026-06-24,1.202,51378011.0
159133.SZ,2026-06-25,1.201,37128005.0
159135.SZ,2026-06-22,0.794,42400141.0
159135.SZ,2026-06-23,0.762,33281015.0
159135.SZ,2026-06-24,0.781,27615409.0
159135.SZ,2026-06-25,0.764,20250070.0
159136.SZ,2026-06-22,1.07,1348000.0
159136.SZ,2026-06-23,1.032,2370608.0
159136.SZ,2026-06-24,1.042,1547200.0
159136.SZ,2026-06-25,1.046,3918400.0
159137.SZ,2026-06-22,0.744,41823709.0
159137.SZ,2026-06-23,0.735,49979511.0
159137.SZ,2026-06-24,0.767,85301702.0
159137.SZ,2026-06-25,0.767,68844700.0
159138.SZ,2026-06-22,1.001,13160600.0
159138.SZ,2026-06-23,0.965,13020200.0
159138.SZ,2026-06-24,0.948,11219801.0
159138.SZ,2026-06-25,0.94,10382600.0
159139.SZ,2026-06-22,1.555,22958700.0
159139.SZ,2026-06-23,1.497,33807300.0
159139.SZ,2026-06-24,1.544,26272300.0
159139.SZ,2026-06-25,1.603,21598502.0
159140.SZ,2026-06-22,1.564,77051517.0
159140.SZ,2026-06-23,1.506,68583154.0
159140.SZ,2026-06-24,1.55,66321196.0
159140.SZ,2026-06-25,1.612,62391644.0
159141.SZ,2026-06-22,1.475,83232903.0
159141.SZ,2026-06-23,1.426,58061902.0
159141.SZ,2026-06-24,1.463,60451303.0
159141.SZ,2026-06-25,1.524,69448103.0
159142.SZ,2026-06-22,1.5,112976700.0
159142.SZ,2026-06-23,1.446,82341502.0
159142.SZ,2026-06-24,1.487,119479486.0
159142.SZ,2026-06-25,1.547,79906002.0
159143.SZ,2026-06-22,0.931,5201100.0
159143.SZ,2026-06-23,0.913,6358100.0
159143.SZ,2026-06-24,0.908,4542100.0
159143.SZ,2026-06-25,0.897,3712709.0
159145.SZ,2026-06-22,0.988,4553701.0
159145.SZ,2026-06-23,0.963,4011707.0
159145.SZ,2026-06-24,0.997,6304942.0
159145.SZ,2026-06-25,0.989,8470107.0
159146.SZ,2026-06-22,1.058,37221709.0
159146.SZ,2026-06-23,1.046,47981502.0
159146.SZ,2026-06-24,1.029,36262329.0
159146.SZ,2026-06-25,1.009,52009101.0
159147.SZ,2026-06-22,1.108,56187206.0
159147.SZ,2026-06-23,1.052,30937642.0
159147.SZ,2026-06-24,1.063,28058207.0
159147.SZ,2026-06-25,1.057,28591200.0
159148.SZ,2026-06-22,0.968,31030001.0
159148.SZ,2026-06-23,0.952,16890900.0
159148.SZ,2026-06-24,0.947,7125200.0
159148.SZ,2026-06-25,0.929,16108500.0
159149.SZ,2026-06-22,1.103,7106808.0
159149.SZ,2026-06-23,1.052,8616237.0
159149.SZ,2026-06-24,1.057,9202200.0
159149.SZ,2026-06-25,1.064,6602613.0
159150.SZ,2026-06-22,1.83,7065005.0
159150.SZ,2026-06-23,1.772,6435300.0
159150.SZ,2026-06-24,1.78,4229200.0
159150.SZ,2026-06-25,1.829,6404809.0
159151.SZ,2026-06-22,0.884,13710906.0
159151.SZ,2026-06-23,0.888,17493112.0
159151.SZ,2026-06-24,0.884,12573000.0
159151.SZ,2026-06-25,0.885,15316302.0
159152.SZ,2026-06-22,0.773,97915616.0
159152.SZ,2026-06-23,0.742,101760506.0
159152.SZ,2026-06-24,0.759,87020081.0
159152.SZ,2026-06-25,0.743,75128834.0
159153.SZ,2026-06-22,1.546,28784618.0
159153.SZ,2026-06-23,1.494,21730805.0
159153.SZ,2026-06-24,1.553,23192505.0
159153.SZ,2026-06-25,1.647,30448113.0
159155.SZ,2026-06-22,1.104,27081693.0
159155.SZ,2026-06-23,1.051,30785800.0
159155.SZ,2026-06-24,1.059,27885830.0
159155.SZ,2026-06-25,1.054,19534106.0
159156.SZ,2026-06-22,1.096,9079505.0
159156.SZ,2026-06-23,1.047,7704801.0
159156.SZ,2026-06-24,1.062,6834200.0
159156.SZ,2026-06-25,1.055,3544504.0
159157.SZ,2026-06-22,0.988,240830094.0
159157.SZ,2026-06-23,0.901,286532707.0
159157.SZ,2026-06-24,0.899,215550367.0
159157.SZ,2026-06-25,0.877,164644402.0
159158.SZ,2026-06-22,1.049,36846100.0
159158.SZ,2026-06-23,1.039,33175630.0
159158.SZ,2026-06-24,1.02,37283015.0
159158.SZ,2026-06-25,1.002,34939128.0
159159.SZ,2026-06-22,1.041,5224951.0
159159.SZ,2026-06-23,1.03,6233040.0
159159.SZ,2026-06-24,1.011,10030616.0
159159.SZ,2026-06-25,0.996,7216979.0
159160.SZ,2026-06-22,1.096,30943107.0
159160.SZ,2026-06-23,1.041,44747601.0
159160.SZ,2026-06-24,1.049,21208105.0
159160.SZ,2026-06-25,1.042,21210612.0
159162.SZ,2026-06-22,0.968,47069678.0
159162.SZ,2026-06-23,0.893,48157741.0
159162.SZ,2026-06-24,0.886,23573913.0
159162.SZ,2026-06-25,0.866,24833708.0
159163.SZ,2026-06-22,0.868,22379616.0
159163.SZ,2026-06-23,0.801,19778201.0
159163.SZ,2026-06-24,0.802,13130103.0
159163.SZ,2026-06-25,0.777,25374114.0
159165.SZ,2026-06-22,0.79,13003962.0
159165.SZ,2026-06-23,0.786,13911908.0
159165.SZ,2026-06-24,0.765,13517701.0
159165.SZ,2026-06-25,0.761,10308115.0
159166.SZ,2026-06-22,0.829,5595287.0
159166.SZ,2026-06-23,0.809,3516827.0
159166.SZ,2026-06-24,0.798,2639640.0
159166.SZ,2026-06-25,0.788,5440552.0
159167.SZ,2026-06-22,0.735,21939543.0
159167.SZ,2026-06-23,0.728,42636821.0
159167.SZ,2026-06-24,0.753,44617608.0
159167.SZ,2026-06-25,0.756,63547082.0
159168.SZ,2026-06-22,1.03,68876004.0
159168.SZ,2026-06-23,0.937,91064202.0
159168.SZ,2026-06-24,0.934,66751845.0
159168.SZ,2026-06-25,0.913,43299106.0
159169.SZ,2026-06-22,0.776,6145249.0
159169.SZ,2026-06-23,0.774,20878140.0
159169.SZ,2026-06-24,0.801,28853482.0
159169.SZ,2026-06-25,0.793,15290612.0
159170.SZ,2026-06-22,0.81,46500459.0
159170.SZ,2026-06-23,0.778,28911950.0
159170.SZ,2026-06-24,0.781,37902887.0
159170.SZ,2026-06-25,0.76,34218439.0
159171.SZ,2026-06-22,0.944,20259811.0
159171.SZ,2026-06-23,0.86,18424733.0
159171.SZ,2026-06-24,0.861,9254346.0
159171.SZ,2026-06-25,0.84,6900104.0
159172.SZ,2026-06-22,0.758,20959788.0
159172.SZ,2026-06-23,0.757,22777007.0
159172.SZ,2026-06-24,0.744,18907862.0
159172.SZ,2026-06-25,0.734,20631482.0
159173.SZ,2026-06-22,0.802,11672602.0
159173.SZ,2026-06-23,0.795,4837528.0
159173.SZ,2026-06-24,0.775,7754000.0
159173.SZ,2026-06-25,0.769,12854703.0
159175.SZ,2026-06-22,1.168,44680785.0
159175.SZ,2026-06-23,1.115,42116127.0
159175.SZ,2026-06-24,1.126,35196052.0
159175.SZ,2026-06-25,1.117,29584031.0
159176.SZ,2026-06-22,1.02,12227917.0
159176.SZ,2026-06-23,1.006,9591900.0
159176.SZ,2026-06-24,0.999,12013700.0
159176.SZ,2026-06-25,0.998,10416100.0
159177.SZ,2026-06-22,1.042,14445308.0
159177.SZ,2026-06-23,1.006,9838304.0
159177.SZ,2026-06-24,0.988,11336900.0
159177.SZ,2026-06-25,0.977,15432306.0
159178.SZ,2026-06-22,1.356,15831806.0
159178.SZ,2026-06-23,1.31,12481005.0
159178.SZ,2026-06-24,1.37,15302116.0
159178.SZ,2026-06-25,1.444,25955524.0
159179.SZ,2026-06-22,0.804,14577030.0
159179.SZ,2026-06-23,0.773,14367645.0
159179.SZ,2026-06-24,0.78,20354303.0
159179.SZ,2026-06-25,0.755,21780012.0
159180.SZ,2026-06-22,1.22,4706408.0
159180.SZ,2026-06-23,1.189,4113002.0
159180.SZ,2026-06-24,1.226,4714331.0
159180.SZ,2026-06-25,1.216,4365006.0
159181.SZ,2026-06-22,0.864,12005383.0
159181.SZ,2026-06-23,0.85,13905335.0
159181.SZ,2026-06-24,0.844,4403229.0
159181.SZ,2026-06-25,0.827,8838352.0
159182.SZ,2026-06-22,0.957,1316537.0
159182.SZ,2026-06-23,0.942,361000.0
159182.SZ,2026-06-24,0.934,207802.0
159182.SZ,2026-06-25,0.934,352405.0
159183.SZ,2026-06-22,1.055,5282918.0
159183.SZ,2026-06-23,1.011,8487212.0
159183.SZ,2026-06-24,1.031,6049901.0
159183.SZ,2026-06-25,1.016,7762413.0
159185.SZ,2026-06-22,1.287,296331438.0
159185.SZ,2026-06-23,1.218,245219413.0
159185.SZ,2026-06-24,1.276,322621304.0
159185.SZ,2026-06-25,1.281,358352700.0
159186.SZ,2026-06-22,0.765,3984906.0
159186.SZ,2026-06-23,0.74,4691347.0
159186.SZ,2026-06-24,0.74,3264035.0
159186.SZ,2026-06-25,0.729,1436030.0
159187.SZ,2026-06-22,1.096,6114525.0
159187.SZ,2026-06-23,1.043,4436843.0
159187.SZ,2026-06-24,1.051,4921318.0
159187.SZ,2026-06-25,1.056,6392141.0
159188.SZ,2026-06-22,0.918,3075170.0
159188.SZ,2026-06-23,0.916,1205405.0
159188.SZ,2026-06-24,0.906,934404.0
159188.SZ,2026-06-25,0.897,3428042.0
159189.SZ,2026-06-22,0.869,14644655.0
159189.SZ,2026-06-23,0.855,13831679.0
159189.SZ,2026-06-24,0.85,9804322.0
159189.SZ,2026-06-25,0.832,15488578.0
159190.SZ,2026-06-22,1.092,17917902.0
159190.SZ,2026-06-23,1.038,18127400.0
159190.SZ,2026-06-24,1.048,12853004.0
159190.SZ,2026-06-25,1.053,14189412.0
159191.SZ,2026-06-22,0.862,2438018.0
159191.SZ,2026-06-23,0.83,2635522.0
159191.SZ,2026-06-24,0.856,4913800.0
159191.SZ,2026-06-25,0.838,2187300.0
159192.SZ,2026-06-22,0.984,1738043.0
159192.SZ,2026-06-23,0.966,3252400.0
159192.SZ,2026-06-24,0.957,3693100.0
159192.SZ,2026-06-25,0.961,3893164.0
159193.SZ,2026-06-22,1.019,34052579.0
159193.SZ,2026-06-23,0.982,21563527.0
159193.SZ,2026-06-24,0.981,17367683.0
159193.SZ,2026-06-25,0.988,12662574.0
159195.SZ,2026-06-22,0.882,17184030.0
159195.SZ,2026-06-23,0.873,18226911.0
159195.SZ,2026-06-24,0.869,18918603.0
159195.SZ,2026-06-25,0.85,19477029.0
159196.SZ,2026-06-22,1.443,562357301.0
159196.SZ,2026-06-23,1.364,479378204.0
159196.SZ,2026-06-24,1.431,532656416.0
159196.SZ,2026-06-25,1.436,480272969.0
159197.SZ,2026-06-22,0.887,16882333.0
159197.SZ,2026-06-23,0.871,12695801.0
159197.SZ,2026-06-24,0.866,9218101.0
159197.SZ,2026-06-25,0.849,17797023.0
159198.SZ,2026-06-22,1.449,170396700.0
159198.SZ,2026-06-23,1.37,137860600.0
159198.SZ,2026-06-24,1.436,202560401.0
159198.SZ,2026-06-25,1.445,177369205.0
159199.SZ,2026-06-22,0.882,2280702.0
159199.SZ,2026-06-23,0.867,793302.0
159199.SZ,2026-06-24,0.862,787937.0
159199.SZ,2026-06-25,0.843,1961216.0
159201.SZ,2026-06-22,1.138,361973297.0
159201.SZ,2026-06-23,1.111,340900650.0
159201.SZ,2026-06-24,1.097,450076600.0
159201.SZ,2026-06-25,1.086,365467229.0
159203.SZ,2026-06-22,1.525,656800.0
159203.SZ,2026-06-23,1.467,624900.0
159203.SZ,2026-06-24,1.482,295500.0
159203.SZ,2026-06-25,1.519,325000.0
159205.SZ,2026-06-22,2.135,28167300.0
159205.SZ,2026-06-23,2.061,48992400.0
159205.SZ,2026-06-24,2.081,32375000.0
159205.SZ,2026-06-25,2.147,40040200.0
159206.SZ,2026-06-22,1.656,726697927.0
159206.SZ,2026-06-23,1.601,527577686.0
159206.SZ,2026-06-24,1.636,571914292.0
159206.SZ,2026-06-25,1.64,428183593.0
159207.SZ,2026-06-22,1.108,98525900.0
159207.SZ,2026-06-23,1.108,83162794.0
159207.SZ,2026-06-24,1.094,87423100.0
159207.SZ,2026-06-25,1.081,118031800.0
159208.SZ,2026-06-22,1.178,23713400.0
159208.SZ,2026-06-23,1.147,20627000.0
159208.SZ,2026-06-24,1.152,41983300.0
159208.SZ,2026-06-25,1.136,18857200.0
159209.SZ,2026-06-22,1.107,122734207.0
159209.SZ,2026-06-23,1.083,92449433.0
159209.SZ,2026-06-24,1.096,91307700.0
159209.SZ,2026-06-25,1.095,85118600.0
159210.SZ,2026-06-22,0.876,33588300.0
159210.SZ,2026-06-23,0.846,31774800.0
159210.SZ,2026-06-24,0.844,31966600.0
159210.SZ,2026-06-25,0.824,24502200.0
159211.SZ,2026-06-22,1.673,1837000.0
159211.SZ,2026-06-23,1.617,1349400.0
159211.SZ,2026-06-24,1.622,1181800.0
159211.SZ,2026-06-25,1.666,1572700.0
159212.SZ,2026-06-22,1.7,16015004.0
159212.SZ,2026-06-23,1.645,13740600.0
159212.SZ,2026-06-24,1.651,15616000.0
159212.SZ,2026-06-25,1.695,15821202.0
159213.SZ,2026-06-22,1.386,31601433.0
159213.SZ,2026-06-23,1.368,54129938.0
159213.SZ,2026-06-24,1.378,29705400.0
159213.SZ,2026-06-25,1.37,35181782.0
159215.SZ,2026-06-22,1.438,9636217.0
159215.SZ,2026-06-23,1.395,15758500.0
159215.SZ,2026-06-24,1.405,7117702.0
159215.SZ,2026-06-25,1.433,13733800.0
159216.SZ,2026-06-22,1.717,1585500.0
159216.SZ,2026-06-23,1.65,6238827.0
159216.SZ,2026-06-24,1.666,2847000.0
159216.SZ,2026-06-25,1.712,2725000.0
159217.SZ,2026-06-22,0.985,559403425.0
159217.SZ,2026-06-23,0.976,936549300.0
159217.SZ,2026-06-24,1.002,939491720.0
159217.SZ,2026-06-25,0.983,774439500.0
159218.SZ,2026-06-22,1.662,159600147.0
159218.SZ,2026-06-23,1.596,130595207.0
159218.SZ,2026-06-24,1.625,107164260.0
159218.SZ,2026-06-25,1.634,125007516.0
159219.SZ,2026-06-22,1.586,1567600.0
159219.SZ,2026-06-23,1.535,1499300.0
159219.SZ,2026-06-24,1.544,231900.0
159219.SZ,2026-06-25,1.586,999200.0
159220.SZ,2026-06-22,0.558,34122100.0
159220.SZ,2026-06-23,0.55,36782300.0
159220.SZ,2026-06-24,0.55,41917504.0
159220.SZ,2026-06-25,0.546,45807414.0
159221.SZ,2026-06-22,1.128,119233600.0
159221.SZ,2026-06-23,1.103,78556300.0
159221.SZ,2026-06-24,1.09,60728400.0
159221.SZ,2026-06-25,1.081,64424800.0
159222.SZ,2026-06-22,1.212,67775034.0
159222.SZ,2026-06-23,1.181,97923248.0
159222.SZ,2026-06-24,1.168,75434398.0
159222.SZ,2026-06-25,1.158,80704668.0
159223.SZ,2026-06-22,1.099,11679902.0
159223.SZ,2026-06-23,1.073,9422900.0
159223.SZ,2026-06-24,1.063,13287600.0
159223.SZ,2026-06-25,1.05,12179800.0
159225.SZ,2026-06-22,1.193,9167000.0
159225.SZ,2026-06-23,1.169,7656602.0
159225.SZ,2026-06-24,1.155,6685400.0
159225.SZ,2026-06-25,1.142,9443802.0
159226.SZ,2026-06-22,1.365,16740300.0
159226.SZ,2026-06-23,1.321,16122800.0
159226.SZ,2026-06-24,1.336,11543400.0
159226.SZ,2026-06-25,1.347,11579400.0
159227.SZ,2026-06-22,1.137,284394600.0
159227.SZ,2026-06-23,1.107,241829105.0
159227.SZ,2026-06-24,1.112,225783465.0
159227.SZ,2026-06-25,1.095,215241869.0
159228.SZ,2026-06-22,0.986,268114.0
159228.SZ,2026-06-23,0.986,184800.0
159228.SZ,2026-06-24,0.966,101000.0
159228.SZ,2026-06-25,0.957,347101.0
159229.SZ,2026-06-22,1.161,13632300.0
159229.SZ,2026-06-23,1.125,13166000.0
159229.SZ,2026-06-24,1.121,11671400.0
159229.SZ,2026-06-25,1.122,13472603.0
159230.SZ,2026-06-22,1.097,24475600.0
159230.SZ,2026-06-23,1.065,21643100.0
159230.SZ,2026-06-24,1.072,27887000.0
159230.SZ,2026-06-25,1.063,19687900.0
159231.SZ,2026-06-22,0.571,24529400.0
159231.SZ,2026-06-23,0.555,12050100.0
159231.SZ,2026-06-24,0.559,17964300.0
159231.SZ,2026-06-25,0.554,22162000.0
159232.SZ,2026-06-22,1.18,370242853.0
159232.SZ,2026-06-23,1.155,201454417.0
159232.SZ,2026-06-24,1.142,192790120.0
159232.SZ,2026-06-25,1.141,233273703.0
159233.SZ,2026-06-22,1.166,21826512.0
159233.SZ,2026-06-23,1.143,26503200.0
159233.SZ,2026-06-24,1.13,27409300.0
159233.SZ,2026-06-25,1.13,32821500.0
159235.SZ,2026-06-22,1.201,99726050.0
159235.SZ,2026-06-23,1.177,126919600.0
159235.SZ,2026-06-24,1.164,110214913.0
159235.SZ,2026-06-25,1.164,89831700.0
159236.SZ,2026-06-22,1.164,5771707.0
159236.SZ,2026-06-23,1.14,8849400.0
159236.SZ,2026-06-24,1.128,6254601.0
159236.SZ,2026-06-25,1.128,7752712.0
159237.SZ,2026-06-22,0.915,31415834.0
159237.SZ,2026-06-23,0.877,33461200.0
159237.SZ,2026-06-24,0.876,33676815.0
159237.SZ,2026-06-25,0.859,17125500.0
159238.SZ,2026-06-22,1.43,3952911.0
159238.SZ,2026-06-23,1.399,6820100.0
159238.SZ,2026-06-24,1.403,2948300.0
159238.SZ,2026-06-25,1.43,4643400.0
159239.SZ,2026-06-22,0.802,15065500.0
159239.SZ,2026-06-23,0.776,11888800.0
159239.SZ,2026-06-24,0.774,10423800.0
159239.SZ,2026-06-25,0.764,5684300.0
159240.SZ,2026-06-22,1.433,4943000.0
159240.SZ,2026-06-23,1.383,1468702.0
159240.SZ,2026-06-24,1.397,703200.0
159240.SZ,2026-06-25,1.421,1038800.0
159241.SZ,2026-06-22,1.163,96484061.0
159241.SZ,2026-06-23,1.131,95617700.0
159241.SZ,2026-06-24,1.139,85544501.0
159241.SZ,2026-06-25,1.123,81328402.0
159242.SZ,2026-06-22,2.648,29794600.0
159242.SZ,2026-06-23,2.55,58417608.0
159242.SZ,2026-06-24,2.593,59352600.0
159242.SZ,2026-06-25,2.677,56102600.0
159243.SZ,2026-06-22,1.59,29012406.0
159243.SZ,2026-06-23,1.534,39377100.0
159243.SZ,2026-06-24,1.559,30894902.0
159243.SZ,2026-06-25,1.609,42681800.0
159245.SZ,2026-06-22,0.772,2076600.0
159245.SZ,2026-06-23,0.755,3548500.0
159245.SZ,2026-06-24,0.756,1542900.0
159245.SZ,2026-06-25,0.753,1758300.0
159246.SZ,2026-06-22,1.481,131617700.0
159246.SZ,2026-06-23,1.426,113587900.0
159246.SZ,2026-06-24,1.45,133968300.0
159246.SZ,2026-06-25,1.501,166201100.0
159247.SZ,2026-06-22,1.31,16943802.0
159247.SZ,2026-06-23,1.259,30363818.0
159247.SZ,2026-06-24,1.276,17395201.0
159247.SZ,2026-06-25,1.312,21293111.0
159248.SZ,2026-06-22,2.098,13965701.0
159248.SZ,2026-06-23,2.02,15200900.0
159248.SZ,2026-06-24,2.071,22625712.0
159248.SZ,2026-06-25,2.155,14072808.0
159249.SZ,2026-06-22,1.438,6260800.0
159249.SZ,2026-06-23,1.397,13742400.0
159249.SZ,2026-06-24,1.422,9318200.0
159249.SZ,2026-06-25,1.436,12746600.0
159251.SZ,2026-06-22,0.724,19559501.0
159251.SZ,2026-06-23,0.699,20788801.0
159251.SZ,2026-06-24,0.72,22365431.0
159251.SZ,2026-06-25,0.703,16244402.0
159253.SZ,2026-06-22,0.92,6994100.0
159253.SZ,2026-06-23,0.928,3893300.0
159253.SZ,2026-06-24,0.909,6453500.0
159253.SZ,2026-06-25,0.899,8855200.0
159255.SZ,2026-06-22,0.983,17983400.0
159255.SZ,2026-06-23,0.953,7147000.0
159255.SZ,2026-06-24,0.96,8050800.0
159255.SZ,2026-06-25,0.951,6898000.0
159256.SZ,2026-06-22,0.92,109420700.0
159256.SZ,2026-06-23,0.895,99784400.0
159256.SZ,2026-06-24,0.898,83797500.0
159256.SZ,2026-06-25,0.888,87729000.0
159257.SZ,2026-06-22,0.987,8534500.0
159257.SZ,2026-06-23,0.96,8103701.0
159257.SZ,2026-06-24,0.966,9212601.0
159257.SZ,2026-06-25,0.958,8724800.0
159258.SZ,2026-06-22,1.294,27210400.0
159258.SZ,2026-06-23,1.277,42031200.0
159258.SZ,2026-06-24,1.285,21572300.0
159258.SZ,2026-06-25,1.277,16697200.0
159259.SZ,2026-06-22,1.826,537849249.0
159259.SZ,2026-06-23,1.735,478404695.0
159259.SZ,2026-06-24,1.781,401812834.0
159259.SZ,2026-06-25,1.819,414404610.0
159260.SZ,2026-06-22,0.896,28818732.0
159260.SZ,2026-06-23,0.894,23248501.0
159260.SZ,2026-06-24,0.877,19553711.0
159260.SZ,2026-06-25,0.905,57432110.0
159261.SZ,2026-06-22,1.79,7177300.0
159261.SZ,2026-06-23,1.707,6605000.0
159261.SZ,2026-06-24,1.717,4031800.0
159261.SZ,2026-06-25,1.726,3150600.0
159262.SZ,2026-06-22,0.87,622842709.0
159262.SZ,2026-06-23,0.831,584640910.0
159262.SZ,2026-06-24,0.854,733617206.0
159262.SZ,2026-06-25,0.836,559744408.0
159263.SZ,2026-06-22,1.094,223080164.0
159263.SZ,2026-06-23,1.082,259721521.0
159263.SZ,2026-06-24,1.065,231900854.0
159263.SZ,2026-06-25,1.057,225314370.0
159265.SZ,2026-06-22,0.792,24932931.0
159265.SZ,2026-06-23,0.777,25545400.0
159265.SZ,2026-06-24,0.78,19677603.0
159265.SZ,2026-06-25,0.776,13517500.0
159266.SZ,2026-06-22,0.937,15395100.0
159266.SZ,2026-06-23,0.916,9148113.0
159266.SZ,2026-06-24,0.918,16438013.0
159266.SZ,2026-06-25,0.901,12882800.0
159267.SZ,2026-06-22,0.969,154104100.0
159267.SZ,2026-06-23,0.942,157689594.0
159267.SZ,2026-06-24,0.948,136417463.0
159267.SZ,2026-06-25,0.934,111185700.0
159268.SZ,2026-06-22,0.765,45512300.0
159268.SZ,2026-06-23,0.748,35089700.0
159268.SZ,2026-06-24,0.75,21127700.0
159268.SZ,2026-06-25,0.747,37475600.0
159269.SZ,2026-06-22,0.828,463077439.0
159269.SZ,2026-06-23,0.8,107199800.0
159269.SZ,2026-06-24,0.82,158304200.0
159269.SZ,2026-06-25,0.807,114209900.0
159270.SZ,2026-06-22,1.328,8167301.0
159270.SZ,2026-06-23,1.296,9079101.0
159270.SZ,2026-06-24,1.312,8538900.0
159270.SZ,2026-06-25,1.309,8203500.0
159271.SZ,2026-06-22,0.914,6229716.0
159271.SZ,2026-06-23,0.89,4860604.0
159271.SZ,2026-06-24,0.897,3229700.0
159271.SZ,2026-06-25,0.882,1710800.0
159272.SZ,2026-06-22,0.97,183161684.0
159272.SZ,2026-06-23,0.947,141245222.0
159272.SZ,2026-06-24,0.951,125884739.0
159272.SZ,2026-06-25,0.941,133143325.0
159273.SZ,2026-06-22,1.494,40685600.0
159273.SZ,2026-06-23,1.435,33637600.0
159273.SZ,2026-06-24,1.446,21499919.0
159273.SZ,2026-06-25,1.459,27471100.0
159275.SZ,2026-06-22,0.776,13857500.0
159275.SZ,2026-06-23,0.77,9065100.0
159275.SZ,2026-06-24,0.749,12701100.0
159275.SZ,2026-06-25,0.742,13580600.0
159276.SZ,2026-06-22,1.062,12516103.0
159276.SZ,2026-06-23,1.037,13670802.0
159276.SZ,2026-06-24,1.027,7436202.0
159276.SZ,2026-06-25,1.014,11951005.0
159277.SZ,2026-06-22,0.932,6896600.0
159277.SZ,2026-06-23,0.914,7172119.0
159277.SZ,2026-06-24,0.911,4781900.0
159277.SZ,2026-06-25,0.894,4166900.0
159278.SZ,2026-06-22,1.14,168346604.0
159278.SZ,2026-06-23,1.114,113258204.0
159278.SZ,2026-06-24,1.119,121453901.0
159278.SZ,2026-06-25,1.105,128653612.0
159279.SZ,2026-06-22,1.784,40693123.0
159279.SZ,2026-06-23,1.722,39299623.0
159279.SZ,2026-06-24,1.746,42382700.0
159279.SZ,2026-06-25,1.806,50047800.0
159280.SZ,2026-06-22,0.668,6211414.0
159280.SZ,2026-06-23,0.637,13917000.0
159280.SZ,2026-06-24,0.643,11029138.0
159280.SZ,2026-06-25,0.624,10922003.0
159281.SZ,2026-06-22,0.92,45664902.0
159281.SZ,2026-06-23,0.905,35332124.0
159281.SZ,2026-06-24,0.903,54570200.0
159281.SZ,2026-06-25,0.887,114132216.0
159283.SZ,2026-06-22,0.971,19740001.0
159283.SZ,2026-06-23,0.937,11558224.0
159283.SZ,2026-06-24,0.94,9424000.0
159283.SZ,2026-06-25,0.929,11932911.0
159285.SZ,2026-06-22,0.758,25116754.0
159285.SZ,2026-06-23,0.744,16746220.0
159285.SZ,2026-06-24,0.748,12320854.0
159285.SZ,2026-06-25,0.746,14830819.0
159286.SZ,2026-06-22,0.625,59318005.0
159286.SZ,2026-06-23,0.626,214521800.0
159286.SZ,2026-06-24,0.64,207972000.0
159286.SZ,2026-06-25,0.629,114081812.0
159287.SZ,2026-06-22,1.354,14542800.0
159287.SZ,2026-06-23,1.314,4970100.0
159287.SZ,2026-06-24,1.32,1622208.0
159287.SZ,2026-06-25,1.35,9731500.0
159288.SZ,2026-06-22,1.204,5677102.0
159288.SZ,2026-06-23,1.178,4961429.0
159288.SZ,2026-06-24,1.181,3125404.0
159288.SZ,2026-06-25,1.191,2057202.0
159289.SZ,2026-06-22,1.317,2080259.0
159289.SZ,2026-06-23,1.284,1184904.0
159289.SZ,2026-06-24,1.295,1627807.0
159289.SZ,2026-06-25,1.312,663300.0
159290.SZ,2026-06-22,1.42,3357002.0
159290.SZ,2026-06-23,1.385,2411500.0
159290.SZ,2026-06-24,1.399,1416821.0
159290.SZ,2026-06-25,1.406,3883603.0
159291.SZ,2026-06-22,1.434,1645300.0
159291.SZ,2026-06-23,1.401,2165300.0
159291.SZ,2026-06-24,1.41,1523300.0
159291.SZ,2026-06-25,1.425,1961601.0
159292.SZ,2026-06-22,1.37,6842726.0
159292.SZ,2026-06-23,1.337,4042416.0
159292.SZ,2026-06-24,1.349,5096400.0
159292.SZ,2026-06-25,1.365,1157000.0
159293.SZ,2026-06-22,1.245,4218707.0
159293.SZ,2026-06-23,1.223,3805515.0
159293.SZ,2026-06-24,1.229,5677918.0
159293.SZ,2026-06-25,1.246,7213701.0
159295.SZ,2026-06-22,1.377,4474000.0
159295.SZ,2026-06-23,1.34,3558702.0
159295.SZ,2026-06-24,1.365,5391002.0
159295.SZ,2026-06-25,1.389,3256100.0
159296.SZ,2026-06-22,0.946,3777407.0
159296.SZ,2026-06-23,0.95,3672801.0
159296.SZ,2026-06-24,0.934,3439500.0
159296.SZ,2026-06-25,0.927,3641300.0
159297.SZ,2026-06-22,0.611,450095262.0
159297.SZ,2026-06-23,0.61,406480938.0
159297.SZ,2026-06-24,0.625,419234911.0
159297.SZ,2026-06-25,0.613,352549100.0
159298.SZ,2026-06-22,1.56,5935702.0
159298.SZ,2026-06-23,1.5,7405800.0
159298.SZ,2026-06-24,1.517,5303500.0
159298.SZ,2026-06-25,1.565,8324000.0
159299.SZ,2026-06-22,0.765,46841062.0
159299.SZ,2026-06-23,0.764,48694901.0
159299.SZ,2026-06-24,0.735,49526003.0
159299.SZ,2026-06-25,0.739,48825221.0
159300.SZ,2026-06-22,5.434,23504700.0
159300.SZ,2026-06-23,5.284,18682400.0
159300.SZ,2026-06-24,5.304,11423000.0
159300.SZ,2026-06-25,5.394,12040079.0
159301.SZ,2026-06-22,0.994,20339400.0
159301.SZ,2026-06-23,0.984,26293000.0
159301.SZ,2026-06-24,0.969,23490200.0
159301.SZ,2026-06-25,0.955,22026100.0
159302.SZ,2026-06-22,1.25,7248400.0
159302.SZ,2026-06-23,1.221,6086300.0
159302.SZ,2026-06-24,1.215,5758700.0
159302.SZ,2026-06-25,1.191,6876500.0
159305.SZ,2026-06-22,1.047,134668300.0
159305.SZ,2026-06-23,1.005,123631500.0
159305.SZ,2026-06-24,1.006,105548392.0
159305.SZ,2026-06-25,1.013,93298800.0
159306.SZ,2026-06-22,1.328,800100.0
159306.SZ,2026-06-23,1.3,827800.0
159306.SZ,2026-06-24,1.308,1787900.0
159306.SZ,2026-06-25,1.296,1426400.0
159307.SZ,2026-06-22,0.992,201144500.0
159307.SZ,2026-06-23,0.992,287683700.0
159307.SZ,2026-06-24,0.973,162483700.0
159307.SZ,2026-06-25,0.967,118741533.0
159309.SZ,2026-06-22,1.384,129571919.0
159309.SZ,2026-06-23,1.37,25703600.0
159309.SZ,2026-06-24,1.379,37105400.0
159309.SZ,2026-06-25,1.347,34666000.0
159310.SZ,2026-06-22,3.491,8702700.0
159310.SZ,2026-06-23,3.427,7921600.0
159310.SZ,2026-06-24,3.649,10750100.0
159310.SZ,2026-06-25,3.831,21157200.0
159311.SZ,2026-06-22,1.748,1646000.0
159311.SZ,2026-06-23,1.705,1211200.0
159311.SZ,2026-06-24,1.761,725000.0
159311.SZ,2026-06-25,1.844,1237404.0
159312.SZ,2026-06-22,1.116,5628000.0
159312.SZ,2026-06-23,1.09,3719802.0
159312.SZ,2026-06-24,1.098,3699300.0
159312.SZ,2026-06-25,1.081,5731800.0
159315.SZ,2026-06-22,1.527,11367100.0
159315.SZ,2026-06-23,1.407,15896049.0
159315.SZ,2026-06-24,1.403,7268100.0
159315.SZ,2026-06-25,1.337,10940300.0
159316.SZ,2026-06-22,0.975,775591800.0
159316.SZ,2026-06-23,0.964,931140114.0
159316.SZ,2026-06-24,0.989,1059012611.0
159316.SZ,2026-06-25,0.972,947698591.0
159318.SZ,2026-06-22,1.236,1429100.0
159318.SZ,2026-06-23,1.206,1003200.0
159318.SZ,2026-06-24,1.217,640400.0
159318.SZ,2026-06-25,1.197,922800.0
159320.SZ,2026-06-22,2.451,42321700.0
159320.SZ,2026-06-23,2.397,33799000.0
159320.SZ,2026-06-24,2.386,30529200.0
159320.SZ,2026-06-25,2.417,25620500.0
159321.SZ,2026-06-22,1.431,24093900.0
159321.SZ,2026-06-23,1.324,36134800.0
159321.SZ,2026-06-24,1.317,21165300.0
159321.SZ,2026-06-25,1.254,29028100.0
159322.SZ,2026-06-22,1.505,5908600.0
159322.SZ,2026-06-23,1.39,8251500.0
159322.SZ,2026-06-24,1.386,5162700.0
159322.SZ,2026-06-25,1.322,8159700.0
159323.SZ,2026-06-22,1.099,176748560.0
159323.SZ,2026-06-23,1.063,121120000.0
159323.SZ,2026-06-24,1.055,134909600.0
159323.SZ,2026-06-25,1.034,136896900.0
159325.SZ,2026-06-22,2.546,84482100.0
159325.SZ,2026-06-23,2.495,67499501.0
159325.SZ,2026-06-24,2.653,68181104.0
159325.SZ,2026-06-25,2.77,116869404.0
159326.SZ,2026-06-22,2.258,853725030.0
159326.SZ,2026-06-23,2.191,648130575.0
159326.SZ,2026-06-24,2.189,448557524.0
159326.SZ,2026-06-25,2.216,434173200.0
159327.SZ,2026-06-22,3.752,65145805.0
159327.SZ,2026-06-23,3.739,58761200.0
159327.SZ,2026-06-24,3.956,63142600.0
159327.SZ,2026-06-25,4.065,80121200.0
159328.SZ,2026-06-22,1.061,1800900.0
159328.SZ,2026-06-23,1.043,2807500.0
159328.SZ,2026-06-24,1.037,2416000.0
159328.SZ,2026-06-25,1.044,3024500.0
159330.SZ,2026-06-22,1.566,21962500.0
159330.SZ,2026-06-23,1.525,24506000.0
159330.SZ,2026-06-24,1.531,13638500.0
159330.SZ,2026-06-25,1.557,16190700.0
159331.SZ,2026-06-22,1.226,6361199.0
159331.SZ,2026-06-23,1.205,4512645.0
159331.SZ,2026-06-24,1.198,4459739.0
159331.SZ,2026-06-25,1.176,6023839.0
159332.SZ,2026-06-22,1.141,878000.0
159332.SZ,2026-06-23,1.138,2710500.0
159332.SZ,2026-06-24,1.128,750100.0
159332.SZ,2026-06-25,1.106,922700.0
159333.SZ,2026-06-22,1.307,22984400.0
159333.SZ,2026-06-23,1.285,13237300.0
159333.SZ,2026-06-24,1.288,9137000.0
159333.SZ,2026-06-25,1.264,10894000.0
159335.SZ,2026-06-22,1.725,4257500.0
159335.SZ,2026-06-23,1.651,5023200.0
159335.SZ,2026-06-24,1.662,3162900.0
159335.SZ,2026-06-25,1.68,2405400.0
159336.SZ,2026-06-22,1.149,8570600.0
159336.SZ,2026-06-23,1.133,7508000.0
159336.SZ,2026-06-24,1.135,11401100.0
159336.SZ,2026-06-25,1.114,10362500.0
159337.SZ,2026-06-22,2.012,13201700.0
159337.SZ,2026-06-23,1.974,10320700.0
159337.SZ,2026-06-24,2.007,9522400.0
159337.SZ,2026-06-25,2.033,14082300.0
159338.SZ,2026-06-22,1.353,3196228391.0
159338.SZ,2026-06-23,1.314,3303729145.0
159338.SZ,2026-06-24,1.325,3238107300.0
159338.SZ,2026-06-25,1.35,2901650181.0
159339.SZ,2026-06-22,1.365,52306409.0
159339.SZ,2026-06-23,1.321,72676609.0
159339.SZ,2026-06-24,1.335,73871669.0
159339.SZ,2026-06-25,1.358,83467448.0
159350.SZ,2026-06-22,1.791,36788601.0
159350.SZ,2026-06-23,1.733,25238000.0
159350.SZ,2026-06-24,1.741,33718600.0
159350.SZ,2026-06-25,1.79,22439800.0
159351.SZ,2026-06-22,1.358,392621600.0
159351.SZ,2026-06-23,1.316,384375800.0
159351.SZ,2026-06-24,1.33,420430300.0
159351.SZ,2026-06-25,1.352,341362900.0
159352.SZ,2026-06-22,1.408,2277236937.0
159352.SZ,2026-06-23,1.368,2363751831.0
159352.SZ,2026-06-24,1.373,2355828499.0
159352.SZ,2026-06-25,1.401,2204202453.0
159353.SZ,2026-06-22,1.367,127792528.0
159353.SZ,2026-06-23,1.328,169185100.0
159353.SZ,2026-06-24,1.341,153817347.0
159353.SZ,2026-06-25,1.363,106262610.0
159355.SZ,2026-06-22,1.005,2795901.0
159355.SZ,2026-06-23,1.005,3380974.0
159355.SZ,2026-06-24,0.988,1686400.0
159355.SZ,2026-06-25,0.979,2342303.0
159356.SZ,2026-06-22,1.425,47742502.0
159356.SZ,2026-06-23,1.387,63798395.0
159356.SZ,2026-06-24,1.397,38082136.0
159356.SZ,2026-06-25,1.42,33615759.0
159357.SZ,2026-06-22,1.423,22025754.0
159357.SZ,2026-06-23,1.382,26204301.0
159357.SZ,2026-06-24,1.396,15294800.0
159357.SZ,2026-06-25,1.418,18478267.0
159358.SZ,2026-06-22,1.45,59191506.0
159358.SZ,2026-06-23,1.402,71708200.0
159358.SZ,2026-06-24,1.42,90245615.0
159358.SZ,2026-06-25,1.445,59546901.0
159359.SZ,2026-06-22,1.419,34225330.0
159359.SZ,2026-06-23,1.376,46267501.0
159359.SZ,2026-06-24,1.388,30430005.0
159359.SZ,2026-06-25,1.412,30061155.0
159360.SZ,2026-06-22,1.449,33604100.0
159360.SZ,2026-06-23,1.406,47351544.0
159360.SZ,2026-06-24,1.42,55114244.0
159360.SZ,2026-06-25,1.439,41684908.0
159361.SZ,2026-06-22,1.38,1263734655.0
159361.SZ,2026-06-23,1.34,1381436447.0
159361.SZ,2026-06-24,1.352,1222577711.0
159361.SZ,2026-06-25,1.376,989965533.0
159362.SZ,2026-06-22,1.44,83387769.0
159362.SZ,2026-06-23,1.397,54464300.0
159362.SZ,2026-06-24,1.411,91201900.0
159362.SZ,2026-06-25,1.432,29407700.0
159363.SZ,2026-06-22,1.575,853121478.0
159363.SZ,2026-06-23,1.515,1109972858.0
159363.SZ,2026-06-24,1.542,844312900.0
159363.SZ,2026-06-25,1.593,938634245.0
159365.SZ,2026-06-22,0.943,6555702.0
159365.SZ,2026-06-23,0.919,2049000.0
159365.SZ,2026-06-24,0.928,3378200.0
159365.SZ,2026-06-25,0.913,2521800.0
159366.SZ,2026-06-22,1.108,68655900.0
159366.SZ,2026-06-23,1.097,66331814.0
159366.SZ,2026-06-24,1.14,93092000.0
159366.SZ,2026-06-25,1.143,92387300.0
159367.SZ,2026-06-22,2.22,5578900.0
159367.SZ,2026-06-23,2.16,13271600.0
159367.SZ,2026-06-24,2.152,7002300.0
159367.SZ,2026-06-25,2.229,7294902.0
159368.SZ,2026-06-22,1.72,179404700.0
159368.SZ,2026-06-23,1.631,148100300.0
159368.SZ,2026-06-24,1.648,155533306.0
159368.SZ,2026-06-25,1.656,152403000.0
159369.SZ,2026-06-22,1.804,10724200.0
159369.SZ,2026-06-23,1.734,17152400.0
159369.SZ,2026-06-24,1.748,12078300.0
159369.SZ,2026-06-25,1.805,16667872.0
159370.SZ,2026-06-22,2.337,1693200.0
159370.SZ,2026-06-23,2.25,2391400.0
159370.SZ,2026-06-24,2.27,3117800.0
159370.SZ,2026-06-25,2.35,26491200.0
159371.SZ,2026-06-22,2.21,6373000.0
159371.SZ,2026-06-23,2.127,3825900.0
159371.SZ,2026-06-24,2.15,4711200.0
159371.SZ,2026-06-25,2.217,4099500.0
159372.SZ,2026-06-22,2.353,1751600.0
159372.SZ,2026-06-23,2.262,1722800.0
159372.SZ,2026-06-24,2.284,1071900.0
159372.SZ,2026-06-25,2.364,2259200.0
159373.SZ,2026-06-22,2.255,27718300.0
159373.SZ,2026-06-23,2.17,31850800.0
159373.SZ,2026-06-24,2.19,17256700.0
159373.SZ,2026-06-25,2.261,31521500.0
159375.SZ,2026-06-22,2.352,6179009.0
159375.SZ,2026-06-23,2.262,7670100.0
159375.SZ,2026-06-24,2.283,7212100.0
159375.SZ,2026-06-25,2.364,7095900.0
159376.SZ,2026-06-22,1.47,3995313.0
159376.SZ,2026-06-23,1.426,4306800.0
159376.SZ,2026-06-24,1.445,8477800.0
159376.SZ,2026-06-25,1.466,6875100.0
159377.SZ,2026-06-22,0.892,20417000.0
159377.SZ,2026-06-23,0.904,25994100.0
159377.SZ,2026-06-24,0.894,22387400.0
159377.SZ,2026-06-25,0.898,21936500.0
159378.SZ,2026-06-22,1.169,40184608.0
159378.SZ,2026-06-23,1.137,29741300.0
159378.SZ,2026-06-24,1.142,31281100.0
159378.SZ,2026-06-25,1.134,34981769.0
159379.SZ,2026-06-22,1.492,416600.0
159379.SZ,2026-06-23,1.45,653200.0
159379.SZ,2026-06-24,1.463,713500.0
159379.SZ,2026-06-25,1.487,824600.0
159380.SZ,2026-06-22,1.495,9189146.0
159380.SZ,2026-06-23,1.455,9816200.0
159380.SZ,2026-06-24,1.469,11410800.0
159380.SZ,2026-06-25,1.491,6615046.0
159381.SZ,2026-06-22,1.491,417904000.0
159381.SZ,2026-06-23,1.435,384024336.0
159381.SZ,2026-06-24,1.459,305962000.0
159381.SZ,2026-06-25,1.507,347919500.0
159382.SZ,2026-06-22,3.359,58487741.0
159382.SZ,2026-06-23,3.235,51838600.0
159382.SZ,2026-06-24,3.282,73893813.0
159382.SZ,2026-06-25,3.395,87565287.0
159383.SZ,2026-06-22,2.19,2923600.0
159383.SZ,2026-06-23,2.102,4183400.0
159383.SZ,2026-06-24,2.125,2064000.0
159383.SZ,2026-06-25,2.198,2776200.0
159385.SZ,2026-06-22,2.135,6268300.0
159385.SZ,2026-06-23,2.083,4778100.0
159385.SZ,2026-06-24,2.155,7165500.0
159385.SZ,2026-06-25,2.23,6235800.0
159386.SZ,2026-06-22,1.427,16587300.0
159386.SZ,2026-06-23,1.383,21600200.0
159386.SZ,2026-06-24,1.398,21729502.0
159386.SZ,2026-06-25,1.421,23615500.0
159387.SZ,2026-06-22,0.948,472366500.0
159387.SZ,2026-06-23,0.902,387422056.0
159387.SZ,2026-06-24,0.909,380593000.0
159387.SZ,2026-06-25,0.913,434701000.0
159388.SZ,2026-06-22,1.287,138584500.0
159388.SZ,2026-06-23,1.239,161985600.0
159388.SZ,2026-06-24,1.26,142065750.0
159388.SZ,2026-06-25,1.303,150713700.0
159389.SZ,2026-06-22,2.127,5949700.0
159389.SZ,2026-06-23,2.078,5175700.0
159389.SZ,2026-06-24,2.152,5936500.0
159389.SZ,2026-06-25,2.224,3587900.0
159390.SZ,2026-06-22,1.296,14230400.0
159390.SZ,2026-06-23,1.257,16622000.0
159390.SZ,2026-06-24,1.261,8980301.0
159390.SZ,2026-06-25,1.271,10175202.0
159391.SZ,2026-06-22,1.043,357400.0
159391.SZ,2026-06-23,1.031,2722700.0
159391.SZ,2026-06-24,1.013,3265204.0
159391.SZ,2026-06-25,1.006,3175005.0
159392.SZ,2026-06-22,1.072,5921300.0
159392.SZ,2026-06-23,1.042,6763900.0
159392.SZ,2026-06-24,1.049,10740700.0
159392.SZ,2026-06-25,1.041,7019700.0
159393.SZ,2026-06-22,5.359,4289988.0
159393.SZ,2026-06-23,5.209,6632943.0
159393.SZ,2026-06-24,5.237,4746400.0
159393.SZ,2026-06-25,5.323,3435011.0
159399.SZ,2026-06-22,0.98,519556032.0
159399.SZ,2026-06-23,0.957,182498818.0
159399.SZ,2026-06-24,0.945,172936110.0
159399.SZ,2026-06-25,0.932,167030512.0
159500.SZ,2026-06-22,1.318,19393601.0
159500.SZ,2026-06-23,1.296,16017000.0
159500.SZ,2026-06-24,1.315,14614300.0
159500.SZ,2026-06-25,1.329,7056700.0
159505.SZ,2026-06-22,1.831,2546800.0
159505.SZ,2026-06-23,1.816,1639062.0
159505.SZ,2026-06-24,1.841,1338700.0
159505.SZ,2026-06-25,1.861,3125000.0
159506.SZ,2026-06-22,1.038,515711600.0
159506.SZ,2026-06-23,1.035,473760301.0
159506.SZ,2026-06-24,1.064,618150376.0
159506.SZ,2026-06-25,1.04,499518953.0
159507.SZ,2026-06-22,1.154,91863000.0
159507.SZ,2026-06-23,1.128,70182699.0
159507.SZ,2026-06-24,1.14,69511900.0
159507.SZ,2026-06-25,1.171,77065100.0
159508.SZ,2026-06-22,0.687,5860200.0
159508.SZ,2026-06-23,0.698,16879500.0
159508.SZ,2026-06-24,0.709,20332700.0
159508.SZ,2026-06-25,0.713,16678900.0
159510.SZ,2026-06-22,1.229,3209400.0
159510.SZ,2026-06-23,1.213,3961600.0
159510.SZ,2026-06-24,1.202,2670938.0
159510.SZ,2026-06-25,1.214,3960800.0
159511.SZ,2026-06-22,2.94,10392500.0
159511.SZ,2026-06-23,2.85,6235800.0
159511.SZ,2026-06-24,3.0,8346000.0
159511.SZ,2026-06-25,2.961,17520100.0
159512.SZ,2026-06-22,1.116,14259200.0
159512.SZ,2026-06-23,1.09,10821300.0
159512.SZ,2026-06-24,1.067,9659000.0
159512.SZ,2026-06-25,1.063,10260800.0
159515.SZ,2026-06-22,1.124,1793900.0
159515.SZ,2026-06-23,1.123,2480900.0
159515.SZ,2026-06-24,1.104,1697800.0
159515.SZ,2026-06-25,1.091,1155600.0
159516.SZ,2026-06-22,1.572,2362006282.0
159516.SZ,2026-06-23,1.568,2586968551.0
159516.SZ,2026-06-24,1.653,2633517775.0
159516.SZ,2026-06-25,1.702,2831037862.0
159517.SZ,2026-06-22,1.482,5324700.0
159517.SZ,2026-06-23,1.442,2067600.0
159517.SZ,2026-06-24,1.457,1920600.0
159517.SZ,2026-06-25,1.479,2299800.0
159520.SZ,2026-06-22,0.871,8388400.0
159520.SZ,2026-06-23,0.858,8811100.0
159520.SZ,2026-06-24,0.847,8396600.0
159520.SZ,2026-06-25,0.849,5544700.0
159521.SZ,2026-06-22,1.386,3605200.0
159521.SZ,2026-06-23,1.376,3869900.0
159521.SZ,2026-06-24,1.395,2584300.0
159521.SZ,2026-06-25,1.386,1652800.0
159523.SZ,2026-06-22,1.395,10023800.0
159523.SZ,2026-06-23,1.346,10391900.0
159523.SZ,2026-06-24,1.366,8445700.0
159523.SZ,2026-06-25,1.394,9103100.0
159525.SZ,2026-06-22,1.043,13222900.0
159525.SZ,2026-06-23,1.043,14237600.0
159525.SZ,2026-06-24,1.024,14335205.0
159525.SZ,2026-06-25,1.012,17335100.0
159526.SZ,2026-06-22,1.691,28709400.0
159526.SZ,2026-06-23,1.663,22521300.0
159526.SZ,2026-06-24,1.682,25342100.0
159526.SZ,2026-06-25,1.672,19021700.0
159527.SZ,2026-06-22,2.268,10290200.0
159527.SZ,2026-06-23,2.189,12634600.0
159527.SZ,2026-06-24,2.211,9793700.0
159527.SZ,2026-06-25,2.225,11131500.0
159528.SZ,2026-06-22,1.308,251800.0
159528.SZ,2026-06-23,1.271,350300.0
159528.SZ,2026-06-24,1.276,1236700.0
159528.SZ,2026-06-25,1.296,1666100.0
159530.SZ,2026-06-22,1.611,841350968.0
159530.SZ,2026-06-23,1.575,609903960.0
159530.SZ,2026-06-24,1.584,490474269.0
159530.SZ,2026-06-25,1.564,539897694.0
159531.SZ,2026-06-22,1.604,87978200.0
159531.SZ,2026-06-23,1.593,87541100.0
159531.SZ,2026-06-24,1.59,87665251.0
159531.SZ,2026-06-25,1.58,100347483.0
159532.SZ,2026-06-22,1.828,28047400.0
159532.SZ,2026-06-23,1.823,28271500.0
159532.SZ,2026-06-24,1.82,18343600.0
159532.SZ,2026-06-25,1.807,20152700.0
159533.SZ,2026-06-22,2.172,1471800.0
159533.SZ,2026-06-23,2.168,910700.0
159533.SZ,2026-06-24,2.18,1123500.0
159533.SZ,2026-06-25,2.151,678300.0
159535.SZ,2026-06-22,1.649,2554600.0
159535.SZ,2026-06-23,1.625,4161800.0
159535.SZ,2026-06-24,1.632,2981100.0
159535.SZ,2026-06-25,1.619,3353200.0
159536.SZ,2026-06-22,1.58,11696100.0
159536.SZ,2026-06-23,1.572,9956600.0
159536.SZ,2026-06-24,1.571,12441700.0
159536.SZ,2026-06-25,1.558,9809948.0
159537.SZ,2026-06-22,2.226,4484300.0
159537.SZ,2026-06-23,2.164,4906158.0
159537.SZ,2026-06-24,2.258,4793193.0
159537.SZ,2026-06-25,2.404,22881394.0
159538.SZ,2026-06-22,2.24,13633800.0
159538.SZ,2026-06-23,2.176,8716500.0
159538.SZ,2026-06-24,2.276,13239900.0
159538.SZ,2026-06-25,2.41,32599100.0
159539.SZ,2026-06-22,2.2,5814800.0
159539.SZ,2026-06-23,2.131,4468200.0
159539.SZ,2026-06-24,2.245,4695900.0
159539.SZ,2026-06-25,2.393,8465500.0
159540.SZ,2026-06-22,2.356,19123100.0
159540.SZ,2026-06-23,2.291,19312000.0
159540.SZ,2026-06-24,2.391,18425960.0
159540.SZ,2026-06-25,2.556,29154854.0
159541.SZ,2026-06-22,1.829,4316900.0
159541.SZ,2026-06-23,1.78,10856300.0
159541.SZ,2026-06-24,1.802,9956900.0
159541.SZ,2026-06-25,1.828,8768900.0
159542.SZ,2026-06-22,1.467,2496500.0
159542.SZ,2026-06-23,1.424,3859000.0
159542.SZ,2026-06-24,1.395,3042300.0
159542.SZ,2026-06-25,1.379,3147342.0
159543.SZ,2026-06-22,1.663,1038500.0
159543.SZ,2026-06-23,1.656,1029400.0
159543.SZ,2026-06-24,1.678,2034700.0
159543.SZ,2026-06-25,1.666,2152400.0
159545.SZ,2026-06-22,1.282,125316800.0
159545.SZ,2026-06-23,1.261,95251173.0
159545.SZ,2026-06-24,1.251,215038933.0
159545.SZ,2026-06-25,1.236,127550138.0
159546.SZ,2026-06-22,0.999,141767400.0
159546.SZ,2026-06-23,0.979,95276500.0
159546.SZ,2026-06-24,1.037,134667500.0
159546.SZ,2026-06-25,1.093,202169970.0
159547.SZ,2026-06-22,1.143,143766724.0
159547.SZ,2026-06-23,1.145,139583600.0
159547.SZ,2026-06-24,1.127,128279275.0
159547.SZ,2026-06-25,1.112,119858300.0
159549.SZ,2026-06-22,1.141,31948600.0
159549.SZ,2026-06-23,1.146,5015100.0
159549.SZ,2026-06-24,1.123,5902600.0
159549.SZ,2026-06-25,1.115,32428300.0
159550.SZ,2026-06-22,0.783,4624500.0
159550.SZ,2026-06-23,0.758,4987700.0
159550.SZ,2026-06-24,0.757,5175000.0
159550.SZ,2026-06-25,0.751,3562100.0
159551.SZ,2026-06-22,1.491,22469386.0
159551.SZ,2026-06-23,1.469,27397838.0
159551.SZ,2026-06-24,1.482,22548954.0
159551.SZ,2026-06-25,1.475,17429700.0
159552.SZ,2026-06-22,2.381,42672619.0
159552.SZ,2026-06-23,2.363,32006144.0
159552.SZ,2026-06-24,2.364,22470541.0
159552.SZ,2026-06-25,2.328,36062315.0
159553.SZ,2026-06-22,2.043,2717727.0
159553.SZ,2026-06-23,2.05,3249800.0
159553.SZ,2026-06-24,2.034,1613200.0
159553.SZ,2026-06-25,2.003,2381200.0
159555.SZ,2026-06-22,1.873,2667400.0
159555.SZ,2026-06-23,1.871,5568800.0
159555.SZ,2026-06-24,1.86,4158200.0
159555.SZ,2026-06-25,1.848,3690600.0
159556.SZ,2026-06-22,1.347,3656900.0
159556.SZ,2026-06-23,1.348,6746500.0
159556.SZ,2026-06-24,1.344,2469207.0
159556.SZ,2026-06-25,1.33,1007700.0
159558.SZ,2026-06-22,3.695,331411168.0
159558.SZ,2026-06-23,3.681,398334455.0
159558.SZ,2026-06-24,3.887,354175368.0
159558.SZ,2026-06-25,4.008,370747631.0
159559.SZ,2026-06-22,1.445,128224800.0
159559.SZ,2026-06-23,1.41,141859400.0
159559.SZ,2026-06-24,1.417,92240700.0
159559.SZ,2026-06-25,1.4,97225931.0
159560.SZ,2026-06-22,2.8,14850700.0
159560.SZ,2026-06-23,2.755,13362200.0
159560.SZ,2026-06-24,2.918,14488000.0
159560.SZ,2026-06-25,3.068,13437700.0
159562.SZ,2026-06-22,2.025,87107342.0
159562.SZ,2026-06-23,1.868,85593203.0
159562.SZ,2026-06-24,1.863,87120300.0
159562.SZ,2026-06-25,1.77,95307273.0
159563.SZ,2026-06-22,2.183,1018900.0
159563.SZ,2026-06-23,2.121,898700.0
159563.SZ,2026-06-24,2.135,784600.0
159563.SZ,2026-06-25,2.162,1136400.0
159565.SZ,2026-06-22,1.494,21856300.0
159565.SZ,2026-06-23,1.462,17573000.0
159565.SZ,2026-06-24,1.473,25268700.0
159565.SZ,2026-06-25,1.461,21395200.0
159566.SZ,2026-06-22,2.358,234633335.0
159566.SZ,2026-06-23,2.26,249368175.0
159566.SZ,2026-06-24,2.27,208258582.0
159566.SZ,2026-06-25,2.281,175074903.0
159567.SZ,2026-06-22,0.589,2037485000.0
159567.SZ,2026-06-23,0.582,2303986203.0
159567.SZ,2026-06-24,0.598,2553229686.0
159567.SZ,2026-06-25,0.588,2320578119.0
159568.SZ,2026-06-22,1.102,82092100.0
159568.SZ,2026-06-23,1.058,66675600.0
159568.SZ,2026-06-24,1.06,96093600.0
159568.SZ,2026-06-25,1.03,73151101.0
159569.SZ,2026-06-22,1.325,92265300.0
159569.SZ,2026-06-23,1.302,87556000.0
159569.SZ,2026-06-24,1.28,70502600.0
159569.SZ,2026-06-25,1.264,91552700.0
159570.SZ,2026-06-22,1.21,2179229950.0
159570.SZ,2026-06-23,1.204,2842981514.0
159570.SZ,2026-06-24,1.237,2728946756.0
159570.SZ,2026-06-25,1.217,2082308504.0
159571.SZ,2026-06-22,1.706,521400.0
159571.SZ,2026-06-23,1.706,
159571.SZ,2026-06-24,1.683,691500.0
159571.SZ,2026-06-25,1.676,245500.0
159572.SZ,2026-06-22,1.708,18679250.0
159572.SZ,2026-06-23,1.673,14886350.0
159572.SZ,2026-06-24,1.678,17419500.0
159572.SZ,2026-06-25,1.687,13491350.0
159573.SZ,2026-06-22,1.717,16068100.0
159573.SZ,2026-06-23,1.676,14026700.0
159573.SZ,2026-06-24,1.692,14232400.0
159573.SZ,2026-06-25,1.689,13373901.0
159575.SZ,2026-06-22,1.67,1704100.0
159575.SZ,2026-06-23,1.626,1777000.0
159575.SZ,2026-06-24,1.651,3169800.0
159575.SZ,2026-06-25,1.643,1095300.0
159576.SZ,2026-06-22,1.8,6307500.0
159576.SZ,2026-06-23,1.742,6241600.0
159576.SZ,2026-06-24,1.752,2450200.0
159576.SZ,2026-06-25,1.796,5760000.0
159578.SZ,2026-06-22,1.204,795600.0
159578.SZ,2026-06-23,1.181,2594000.0
159578.SZ,2026-06-24,1.193,382900.0
159578.SZ,2026-06-25,1.197,816200.0
159581.SZ,2026-06-22,1.021,29501900.0
159581.SZ,2026-06-23,1.017,20262400.0
159581.SZ,2026-06-24,1.002,31806800.0
159581.SZ,2026-06-25,0.991,23338100.0
159582.SZ,2026-06-22,4.239,21827500.0
159582.SZ,2026-06-23,4.231,21676600.0
159582.SZ,2026-06-24,4.428,24411700.0
159582.SZ,2026-06-25,4.569,25942100.0
159583.SZ,2026-06-22,2.151,257387450.0
159583.SZ,2026-06-23,2.083,311460600.0
159583.SZ,2026-06-24,2.115,236786900.0
159583.SZ,2026-06-25,2.164,310183506.0
159586.SZ,2026-06-22,1.15,17562800.0
159586.SZ,2026-06-23,1.124,11988200.0
159586.SZ,2026-06-24,1.114,9984100.0
159586.SZ,2026-06-25,1.095,11163700.0
159587.SZ,2026-06-22,1.153,17524400.0
159587.SZ,2026-06-23,1.124,19369300.0
159587.SZ,2026-06-24,1.111,20814900.0
159587.SZ,2026-06-25,1.092,24557700.0
159588.SZ,2026-06-22,1.229,28133500.0
159588.SZ,2026-06-23,1.207,18615600.0
159588.SZ,2026-06-24,1.201,14646700.0
159588.SZ,2026-06-25,1.174,21859400.0
159589.SZ,2026-06-22,1.048,12369200.0
159589.SZ,2026-06-23,1.045,8720300.0
159589.SZ,2026-06-24,1.028,6919700.0
159589.SZ,2026-06-25,1.015,4939600.0
159590.SZ,2026-06-22,0.955,57608200.0
159590.SZ,2026-06-23,0.934,40123100.0
159590.SZ,2026-06-24,0.919,38585800.0
159590.SZ,2026-06-25,0.91,37536400.0
159591.SZ,2026-06-22,1.441,26036800.0
159591.SZ,2026-06-23,1.395,32387502.0
159591.SZ,2026-06-24,1.398,34316800.0
159591.SZ,2026-06-25,1.407,22606600.0
159592.SZ,2026-06-22,1.409,30200100.0
159592.SZ,2026-06-23,1.367,27289759.0
159592.SZ,2026-06-24,1.372,18374600.0
159592.SZ,2026-06-25,1.378,26254504.0
159593.SZ,2026-06-22,1.428,35714082.0
159593.SZ,2026-06-23,1.384,65385105.0
159593.SZ,2026-06-24,1.392,46448688.0
159593.SZ,2026-06-25,1.394,39511585.0
159595.SZ,2026-06-22,1.431,88859301.0
159595.SZ,2026-06-23,1.387,94987569.0
159595.SZ,2026-06-24,1.393,102387604.0
159595.SZ,2026-06-25,1.402,56269300.0
159596.SZ,2026-06-22,0.687,57543708.0
159596.SZ,2026-06-23,0.664,35573900.0
159596.SZ,2026-06-24,0.668,28829872.0
159596.SZ,2026-06-25,0.673,14925000.0
159597.SZ,2026-06-22,3.061,13048200.0
159597.SZ,2026-06-23,2.958,31520400.0
159597.SZ,2026-06-24,3.01,28145993.0
159597.SZ,2026-06-25,3.12,43116200.0
159599.SZ,2026-06-22,3.46,81000880.0
159599.SZ,2026-06-23,3.404,60516380.0
159599.SZ,2026-06-24,3.603,75754480.0
159599.SZ,2026-06-25,3.793,91383800.0
159601.SZ,2026-06-22,1.198,73587633.0
159601.SZ,2026-06-23,1.162,79844314.0
159601.SZ,2026-06-24,1.166,89721520.0
159601.SZ,2026-06-25,1.176,75122410.0
159602.SZ,2026-06-22,1.158,18901648.0
159602.SZ,2026-06-23,1.123,16035300.0
159602.SZ,2026-06-24,1.126,11138307.0
159602.SZ,2026-06-25,1.139,7216703.0
159603.SZ,2026-06-22,2.172,8137400.0
159603.SZ,2026-06-23,2.099,9113300.0
159603.SZ,2026-06-24,2.131,7899200.0
159603.SZ,2026-06-25,2.235,13145100.0
159606.SZ,2026-06-22,1.401,15205211.0
159606.SZ,2026-06-23,1.374,16665813.0
159606.SZ,2026-06-24,1.389,8598804.0
159606.SZ,2026-06-25,1.394,13123701.0
159608.SZ,2026-06-22,1.424,245370250.0
159608.SZ,2026-06-23,1.325,336675999.0
159608.SZ,2026-06-24,1.359,289753352.0
159608.SZ,2026-06-25,1.346,184717802.0
159609.SZ,2026-06-22,0.608,30718524.0
159609.SZ,2026-06-23,0.58,28155500.0
159609.SZ,2026-06-24,0.582,32157400.0
159609.SZ,2026-06-25,0.588,26387600.0
159610.SZ,2026-06-22,1.379,9410203.0
159610.SZ,2026-06-23,1.351,8993201.0
159610.SZ,2026-06-24,1.382,8026803.0
159610.SZ,2026-06-25,1.405,7530802.0
159611.SZ,2026-06-22,1.095,768429883.0
159611.SZ,2026-06-23,1.082,559400482.0
159611.SZ,2026-06-24,1.06,534322855.0
159611.SZ,2026-06-25,1.042,555786366.0
159613.SZ,2026-06-22,0.903,7319300.0
159613.SZ,2026-06-23,0.884,9641800.0
159613.SZ,2026-06-24,0.888,9197000.0
159613.SZ,2026-06-25,0.897,4511300.0
159616.SZ,2026-06-22,0.774,25192900.0
159616.SZ,2026-06-23,0.759,18907700.0
159616.SZ,2026-06-24,0.76,22172111.0
159616.SZ,2026-06-25,0.751,24871600.0
159617.SZ,2026-06-22,1.331,2016700.0
159617.SZ,2026-06-23,1.32,1048900.0
159617.SZ,2026-06-24,1.308,1111100.0
159617.SZ,2026-06-25,1.306,1673700.0
159618.SZ,2026-06-22,0.823,3234500.0
159618.SZ,2026-06-23,0.788,3402100.0
159618.SZ,2026-06-24,0.788,2469400.0
159618.SZ,2026-06-25,0.795,4093600.0
159619.SZ,2026-06-22,0.982,3331400.0
159619.SZ,2026-06-23,0.951,4977400.0
159619.SZ,2026-06-24,0.944,3482200.0
159619.SZ,2026-06-25,0.936,2471600.0
159620.SZ,2026-06-22,1.39,3283307.0
159620.SZ,2026-06-23,1.373,3040600.0
159620.SZ,2026-06-24,1.39,2851203.0
159620.SZ,2026-06-25,1.407,2731400.0
159621.SZ,2026-06-22,1.228,2835700.0
159621.SZ,2026-06-23,1.199,2256700.0
159621.SZ,2026-06-24,1.208,3533800.0
159621.SZ,2026-06-25,1.221,3908000.0
159622.SZ,2026-06-22,0.938,78965500.0
159622.SZ,2026-06-23,0.941,143404200.0
159622.SZ,2026-06-24,0.974,196634400.0
159622.SZ,2026-06-25,0.978,140746500.0
159623.SZ,2026-06-22,1.088,15661600.0
159623.SZ,2026-06-23,1.062,16973900.0
159623.SZ,2026-06-24,1.072,5172400.0
159623.SZ,2026-06-25,1.092,8634600.0
159625.SZ,2026-06-22,1.268,62789000.0
159625.SZ,2026-06-23,1.254,58763000.0
159625.SZ,2026-06-24,1.23,34831500.0
159625.SZ,2026-06-25,1.207,53469100.0
159627.SZ,2026-06-22,1.43,8454200.0
159627.SZ,2026-06-23,1.379,8871200.0
159627.SZ,2026-06-24,1.387,7219200.0
159627.SZ,2026-06-25,1.407,8262100.0
159628.SZ,2026-06-22,1.553,84296200.0
159628.SZ,2026-06-23,1.528,65529900.0
159628.SZ,2026-06-24,1.543,83927400.0
159628.SZ,2026-06-25,1.544,27598800.0
159629.SZ,2026-06-22,3.67,34171387.0
159629.SZ,2026-06-23,3.6,47282341.0
159629.SZ,2026-06-24,3.64,57398900.0
159629.SZ,2026-06-25,3.661,24299680.0
159630.SZ,2026-06-22,1.494,973400.0
159630.SZ,2026-06-23,1.442,230300.0
159630.SZ,2026-06-24,1.456,425600.0
159630.SZ,2026-06-25,1.473,694700.0
159631.SZ,2026-06-22,1.366,5599300.0
159631.SZ,2026-06-23,1.32,6989100.0
159631.SZ,2026-06-24,1.33,5538906.0
159631.SZ,2026-06-25,1.349,5320500.0
159633.SZ,2026-06-22,3.767,106995204.0
159633.SZ,2026-06-23,3.687,135074826.0
159633.SZ,2026-06-24,3.734,131669314.0
159633.SZ,2026-06-25,3.75,90735159.0
159635.SZ,2026-06-22,1.038,28408000.0
159635.SZ,2026-06-23,1.006,35679100.0
159635.SZ,2026-06-24,1.0,26885700.0
159635.SZ,2026-06-25,0.992,27436000.0
159636.SZ,2026-06-22,0.49,1937617400.0
159636.SZ,2026-06-23,0.471,2005067695.0
159636.SZ,2026-06-24,0.484,2371758253.0
159636.SZ,2026-06-25,0.474,2254390300.0
159637.SZ,2026-06-22,0.984,20113200.0
159637.SZ,2026-06-23,0.941,16341600.0
159637.SZ,2026-06-24,0.956,18868002.0
159637.SZ,2026-06-25,0.944,7917400.0
159638.SZ,2026-06-22,0.956,66135304.0
159638.SZ,2026-06-23,0.919,58979200.0
159638.SZ,2026-06-24,0.928,69656900.0
159638.SZ,2026-06-25,0.926,55809620.0
159639.SZ,2026-06-22,1.077,11932844.0
159639.SZ,2026-06-23,1.035,9165620.0
159639.SZ,2026-06-24,1.039,4903910.0
159639.SZ,2026-06-25,1.035,6176525.0
159640.SZ,2026-06-22,1.057,2991800.0
159640.SZ,2026-06-23,1.016,2958602.0
159640.SZ,2026-06-24,1.018,2892603.0
159640.SZ,2026-06-25,1.014,2288804.0
159641.SZ,2026-06-22,1.122,4501307.0
159641.SZ,2026-06-23,1.078,7089300.0
159641.SZ,2026-06-24,1.081,6905507.0
159641.SZ,2026-06-25,1.077,7164201.0
159642.SZ,2026-06-22,1.065,189303.0
159642.SZ,2026-06-23,1.1,592400.0
159642.SZ,2026-06-24,1.028,1561601.0
159642.SZ,2026-06-25,1.018,942403.0
159643.SZ,2026-06-22,0.495,18186900.0
159643.SZ,2026-06-23,0.5,28431800.0
159643.SZ,2026-06-24,0.503,14727700.0
159643.SZ,2026-06-25,0.504,13708100.0
159645.SZ,2026-06-22,0.559,3210100.0
159645.SZ,2026-06-23,0.562,5894300.0
159645.SZ,2026-06-24,0.562,2240800.0
159645.SZ,2026-06-25,0.562,2134000.0
159647.SZ,2026-06-22,0.831,28488200.0
159647.SZ,2026-06-23,0.842,25332600.0
159647.SZ,2026-06-24,0.826,22795300.0
159647.SZ,2026-06-25,0.818,22275500.0
159652.SZ,2026-06-22,1.816,210799594.0
159652.SZ,2026-06-23,1.661,248946999.0
159652.SZ,2026-06-24,1.674,150352800.0
159652.SZ,2026-06-25,1.619,163790334.0
159653.SZ,2026-06-22,1.291,75400.0
159653.SZ,2026-06-23,1.252,115700.0
159653.SZ,2026-06-24,1.269,27600.0
159653.SZ,2026-06-25,1.28,4900.0
159656.SZ,2026-06-22,1.382,13854700.0
159656.SZ,2026-06-23,1.334,23737100.0
159656.SZ,2026-06-24,1.35,10064200.0
159656.SZ,2026-06-25,1.383,14368500.0
159657.SZ,2026-06-22,0.539,2429690.0
159657.SZ,2026-06-23,0.543,3043100.0
159657.SZ,2026-06-24,0.546,2251700.0
159657.SZ,2026-06-25,0.546,3504102.0
159658.SZ,2026-06-22,2.095,7247000.0
159658.SZ,2026-06-23,2.038,7134500.0
159658.SZ,2026-06-24,2.113,7588400.0
159658.SZ,2026-06-25,2.212,7709100.0
159661.SZ,2026-06-22,1.54,6781500.0
159661.SZ,2026-06-23,1.486,7409400.0
159661.SZ,2026-06-24,1.492,7298900.0
159661.SZ,2026-06-25,1.52,8359200.0
159662.SZ,2026-06-22,0.95,7106100.0
159662.SZ,2026-06-23,0.95,7357900.0
159662.SZ,2026-06-24,0.949,6325800.0
159662.SZ,2026-06-25,0.952,10202600.0
159663.SZ,2026-06-22,2.735,50280400.0
159663.SZ,2026-06-23,2.65,45589200.0
159663.SZ,2026-06-24,2.686,41176400.0
159663.SZ,2026-06-25,2.728,50065600.0
159665.SZ,2026-06-22,3.037,44783900.0
159665.SZ,2026-06-23,2.968,28280900.0
159665.SZ,2026-06-24,3.133,28847200.0
159665.SZ,2026-06-25,3.311,43720400.0
159666.SZ,2026-06-22,0.946,22747700.0
159666.SZ,2026-06-23,0.949,24030238.0
159666.SZ,2026-06-24,0.952,26310776.0
159666.SZ,2026-06-25,0.951,19834000.0
159667.SZ,2026-06-22,0.919,560116400.0
159667.SZ,2026-06-23,0.889,530105328.0
159667.SZ,2026-06-24,0.902,412979459.0
159667.SZ,2026-06-25,0.914,311923569.0
159669.SZ,2026-06-22,1.171,7388400.0
159669.SZ,2026-06-23,1.151,5262500.0
159669.SZ,2026-06-24,1.129,4698200.0
159669.SZ,2026-06-25,1.108,5259200.0
159670.SZ,2026-06-22,0.802,2947800.0
159670.SZ,2026-06-23,0.793,4472703.0
159670.SZ,2026-06-24,0.783,3108900.0
159670.SZ,2026-06-25,0.785,5216100.0
159671.SZ,2026-06-22,1.745,66010336.0
159671.SZ,2026-06-23,1.62,81714195.0
159671.SZ,2026-06-24,1.659,112639654.0
159671.SZ,2026-06-25,1.647,62597022.0
159672.SZ,2026-06-22,0.591,10738800.0
159672.SZ,2026-06-23,0.582,5062200.0
159672.SZ,2026-06-24,0.574,3645607.0
159672.SZ,2026-06-25,0.575,4122400.0
159673.SZ,2026-06-22,1.393,25910500.0
159673.SZ,2026-06-23,1.356,32368200.0
159673.SZ,2026-06-24,1.361,16400900.0
159673.SZ,2026-06-25,1.383,19001300.0
159675.SZ,2026-06-22,1.808,3768000.0
159675.SZ,2026-06-23,1.738,5028000.0
159675.SZ,2026-06-24,1.774,3382400.0
159675.SZ,2026-06-25,1.825,5076500.0
159676.SZ,2026-06-22,1.896,5886900.0
159676.SZ,2026-06-23,1.874,6861705.0
159676.SZ,2026-06-24,1.857,5295200.0
159676.SZ,2026-06-25,1.906,8006900.0
159677.SZ,2026-06-22,1.646,11205100.0
159677.SZ,2026-06-23,1.622,10055000.0
159677.SZ,2026-06-24,1.635,6386400.0
159677.SZ,2026-06-25,1.644,9742200.0
159678.SZ,2026-06-22,1.734,4108203.0
159678.SZ,2026-06-23,1.69,5002800.0
159678.SZ,2026-06-24,1.722,5783500.0
159678.SZ,2026-06-25,1.746,2619103.0
159679.SZ,2026-06-22,1.387,3602100.0
159679.SZ,2026-06-23,1.356,3866300.0
159679.SZ,2026-06-24,1.373,4365100.0
159679.SZ,2026-06-25,1.359,3649000.0
159680.SZ,2026-06-22,1.887,58772355.0
159680.SZ,2026-06-23,1.857,43392495.0
159680.SZ,2026-06-24,1.875,42987450.0
159680.SZ,2026-06-25,1.867,38433750.0
159681.SZ,2026-06-22,2.067,57286800.0
159681.SZ,2026-06-23,1.993,110447600.0
159681.SZ,2026-06-24,2.011,112813201.0
159681.SZ,2026-06-25,2.079,80217321.0
159682.SZ,2026-06-22,2.049,193618000.0
159682.SZ,2026-06-23,1.969,308442803.0
159682.SZ,2026-06-24,1.99,170055207.0
159682.SZ,2026-06-25,2.057,162690607.0
159685.SZ,2026-06-22,1.653,1612200.0
159685.SZ,2026-06-23,1.64,2173400.0
159685.SZ,2026-06-24,1.655,2505400.0
159685.SZ,2026-06-25,1.671,2032700.0
159686.SZ,2026-06-22,1.389,13845500.0
159686.SZ,2026-06-23,1.339,11218000.0
159686.SZ,2026-06-24,1.351,10295000.0
159686.SZ,2026-06-25,1.37,12682600.0
159689.SZ,2026-06-22,0.593,1481400.0
159689.SZ,2026-06-23,0.583,1740200.0
159689.SZ,2026-06-24,0.576,2030200.0
159689.SZ,2026-06-25,0.576,3013200.0
159690.SZ,2026-06-22,2.24,32131600.0
159690.SZ,2026-06-23,2.041,34968100.0
159690.SZ,2026-06-24,2.058,19086300.0
159690.SZ,2026-06-25,2.001,26138700.0
159691.SZ,2026-06-22,1.161,365867018.0
159691.SZ,2026-06-23,1.143,218812200.0
159691.SZ,2026-06-24,1.13,163957500.0
159691.SZ,2026-06-25,1.103,237494701.0
159692.SZ,2026-06-22,1.273,227943584.0
159692.SZ,2026-06-23,1.27,182089300.0
159692.SZ,2026-06-24,1.247,147882300.0
159692.SZ,2026-06-25,1.295,148566805.0
159695.SZ,2026-06-22,3.794,19096900.0
159695.SZ,2026-06-23,3.699,17993000.0
159695.SZ,2026-06-24,3.746,22757800.0
159695.SZ,2026-06-25,3.845,25721100.0
159697.SZ,2026-06-22,1.303,36918171.0
159697.SZ,2026-06-23,1.28,40721100.0
159697.SZ,2026-06-24,1.273,85396800.0
159697.SZ,2026-06-25,1.247,141090500.0
159698.SZ,2026-06-22,0.898,87757200.0
159698.SZ,2026-06-23,0.877,44182200.0
159698.SZ,2026-06-24,0.865,41257000.0
159698.SZ,2026-06-25,0.852,60452003.0
159701.SZ,2026-06-22,1.525,1814113.0
159701.SZ,2026-06-23,1.49,1561500.0
159701.SZ,2026-06-24,1.546,3601144.0
159701.SZ,2026-06-25,1.588,2476900.0
159703.SZ,2026-06-22,1.101,8156702.0
159703.SZ,2026-06-23,1.064,10076400.0
159703.SZ,2026-06-24,1.101,7139100.0
159703.SZ,2026-06-25,1.117,7870100.0
159706.SZ,2026-06-22,1.079,7705600.0
159706.SZ,2026-06-23,1.044,7168200.0
159706.SZ,2026-06-24,1.049,4212300.0
159706.SZ,2026-06-25,1.078,4096200.0
159707.SZ,2026-06-22,0.466,144064200.0
159707.SZ,2026-06-23,0.457,89358892.0
159707.SZ,2026-06-24,0.444,134668261.0
159707.SZ,2026-06-25,0.44,167516900.0
159708.SZ,2026-06-22,0.822,18376901.0
159708.SZ,2026-06-23,0.793,18026900.0
159708.SZ,2026-06-24,0.795,14015103.0
159708.SZ,2026-06-25,0.8,16233501.0
159709.SZ,2026-06-22,2.04,1015000.0
159709.SZ,2026-06-23,1.968,1236200.0
159709.SZ,2026-06-24,2.009,781300.0
159709.SZ,2026-06-25,2.067,977201.0
159711.SZ,2026-06-22,1.257,24888300.0
159711.SZ,2026-06-23,1.233,17673700.0
159711.SZ,2026-06-24,1.241,23861600.0
159711.SZ,2026-06-25,1.216,25959800.0
159712.SZ,2026-06-22,1.168,21232300.0
159712.SZ,2026-06-23,1.147,19078000.0
159712.SZ,2026-06-24,1.156,18970800.0
159712.SZ,2026-06-25,1.132,19467200.0
159713.SZ,2026-06-22,1.62,94411800.0
159713.SZ,2026-06-23,1.515,106976301.0
159713.SZ,2026-06-24,1.521,78786177.0
159713.SZ,2026-06-25,1.524,85974100.0
159715.SZ,2026-06-22,1.489,107726405.0
159715.SZ,2026-06-23,1.39,120837412.0
159715.SZ,2026-06-24,1.398,122948684.0
159715.SZ,2026-06-25,1.402,91687100.0
159716.SZ,2026-06-22,1.296,3210112.0
159716.SZ,2026-06-23,1.255,3099306.0
159716.SZ,2026-06-24,1.261,3049700.0
159716.SZ,2026-06-25,1.292,2589909.0
159717.SZ,2026-06-22,1.146,2626700.0
159717.SZ,2026-06-23,1.112,1450600.0
159717.SZ,2026-06-24,1.121,824500.0
159717.SZ,2026-06-25,1.13,825400.0
159718.SZ,2026-06-22,0.708,21182800.0
159718.SZ,2026-06-23,0.704,51902300.0
159718.SZ,2026-06-24,0.725,44640200.0
159718.SZ,2026-06-25,0.722,32360122.0
159719.SZ,2026-06-22,1.512,951400.0
159719.SZ,2026-06-23,1.483,1814600.0
159719.SZ,2026-06-24,1.47,2452200.0
159719.SZ,2026-06-25,1.449,1623600.0
159720.SZ,2026-06-22,0.843,520500.0
159720.SZ,2026-06-23,0.819,1030000.0
159720.SZ,2026-06-24,0.834,2223700.0
159720.SZ,2026-06-25,0.832,1760640.0
159721.SZ,2026-06-22,1.226,4474700.0
159721.SZ,2026-06-23,1.181,3731301.0
159721.SZ,2026-06-24,1.192,3967200.0
159721.SZ,2026-06-25,1.224,4336400.0
159723.SZ,2026-06-22,1.186,1304300.0
159723.SZ,2026-06-23,1.143,1419300.0
159723.SZ,2026-06-24,1.17,1567200.0
159723.SZ,2026-06-25,1.191,1110800.0
159725.SZ,2026-06-22,0.793,10237100.0
159725.SZ,2026-06-23,0.77,6356800.0
159725.SZ,2026-06-24,0.768,5220200.0
159725.SZ,2026-06-25,0.77,4804400.0
159726.SZ,2026-06-22,1.286,13083600.0
159726.SZ,2026-06-23,1.259,8868700.0
159726.SZ,2026-06-24,1.257,6305600.0
159726.SZ,2026-06-25,1.238,5537800.0
159728.SZ,2026-06-22,0.795,9193900.0
159728.SZ,2026-06-23,0.773,4676200.0
159728.SZ,2026-06-24,0.772,6692600.0
159728.SZ,2026-06-25,0.771,4781700.0
159729.SZ,2026-06-22,0.677,1161400.0
159729.SZ,2026-06-23,0.656,1526800.0
159729.SZ,2026-06-24,0.655,848618.0
159729.SZ,2026-06-25,0.651,1251500.0
159730.SZ,2026-06-22,1.011,881001.0
159730.SZ,2026-06-23,1.003,2213600.0
159730.SZ,2026-06-24,0.997,2719400.0
159730.SZ,2026-06-25,0.997,4420300.0
159731.SZ,2026-06-22,0.954,122754501.0
159731.SZ,2026-06-23,0.925,109133300.0
159731.SZ,2026-06-24,0.953,94899100.0
159731.SZ,2026-06-25,0.945,81643600.0
159732.SZ,2026-06-22,1.772,544615682.0
159732.SZ,2026-06-23,1.709,413999800.0
159732.SZ,2026-06-24,1.795,548127739.0
159732.SZ,2026-06-25,1.884,511407301.0
159735.SZ,2026-06-22,0.65,62610304.0
159735.SZ,2026-06-23,0.636,48539000.0
159735.SZ,2026-06-24,0.637,105862800.0
159735.SZ,2026-06-25,0.634,61262800.0
159736.SZ,2026-06-22,0.566,49641401.0
159736.SZ,2026-06-23,0.562,109830300.0
159736.SZ,2026-06-24,0.555,48883296.0
159736.SZ,2026-06-25,0.558,45966000.0
159738.SZ,2026-06-22,2.153,10329500.0
159738.SZ,2026-06-23,2.075,19193000.0
159738.SZ,2026-06-24,2.087,17371800.0
159738.SZ,2026-06-25,2.109,16909800.0
159739.SZ,2026-06-22,1.698,18302800.0
159739.SZ,2026-06-23,1.641,26482700.0
159739.SZ,2026-06-24,1.654,28872538.0
159739.SZ,2026-06-25,1.667,27110200.0
159743.SZ,2026-06-22,1.666,2188500.0
159743.SZ,2026-06-23,1.663,839000.0
159743.SZ,2026-06-24,1.67,1252900.0
159743.SZ,2026-06-25,1.689,816400.0
159745.SZ,2026-06-22,0.575,95216273.0
159745.SZ,2026-06-23,0.563,113424373.0
159745.SZ,2026-06-24,0.555,165522872.0
159745.SZ,2026-06-25,0.56,135940601.0
159748.SZ,2026-06-22,0.669,63506300.0
159748.SZ,2026-06-23,0.67,95203100.0
159748.SZ,2026-06-24,0.694,104914000.0
159748.SZ,2026-06-25,0.697,78811400.0
159751.SZ,2026-06-22,0.859,59517100.0
159751.SZ,2026-06-23,0.828,49649200.0
159751.SZ,2026-06-24,0.849,66529900.0
159751.SZ,2026-06-25,0.837,48644600.0
159752.SZ,2026-06-22,0.757,26171900.0
159752.SZ,2026-06-23,0.729,19940400.0
159752.SZ,2026-06-24,0.731,10733000.0
159752.SZ,2026-06-25,0.732,9893900.0
159755.SZ,2026-06-22,1.173,787134373.0
159755.SZ,2026-06-23,1.117,754069459.0
159755.SZ,2026-06-24,1.133,582117026.0
159755.SZ,2026-06-25,1.127,484850253.0
159757.SZ,2026-06-22,0.974,20691401.0
159757.SZ,2026-06-23,0.93,21550000.0
159757.SZ,2026-06-24,0.939,22163103.0
159757.SZ,2026-06-25,0.935,13711600.0
159758.SZ,2026-06-22,1.09,42910900.0
159758.SZ,2026-06-23,1.074,128446415.0
159758.SZ,2026-06-24,1.077,42068400.0
159758.SZ,2026-06-25,1.084,83516900.0
159760.SZ,2026-06-22,0.522,4615400.0
159760.SZ,2026-06-23,0.521,4601401.0
159760.SZ,2026-06-24,0.531,6107307.0
159760.SZ,2026-06-25,0.532,3336903.0
159761.SZ,2026-06-22,0.973,23508108.0
159761.SZ,2026-06-23,0.94,31390800.0
159761.SZ,2026-06-24,0.975,28395906.0
159761.SZ,2026-06-25,0.989,31061942.0
159763.SZ,2026-06-22,0.886,11840214.0
159763.SZ,2026-06-23,0.855,10343700.0
159763.SZ,2026-06-24,0.885,10342507.0
159763.SZ,2026-06-25,0.899,10924103.0
159766.SZ,2026-06-22,0.568,401872406.0
159766.SZ,2026-06-23,0.567,242498301.0
159766.SZ,2026-06-24,0.555,224239200.0
159766.SZ,2026-06-25,0.565,342472900.0
159767.SZ,2026-06-22,0.954,17167100.0
159767.SZ,2026-06-23,0.911,12171000.0
159767.SZ,2026-06-24,0.92,8447100.0
159767.SZ,2026-06-25,0.916,6704300.0
159768.SZ,2026-06-22,0.417,105236800.0
159768.SZ,2026-06-23,0.41,93927500.0
159768.SZ,2026-06-24,0.399,82482400.0
159768.SZ,2026-06-25,0.395,67137500.0
159770.SZ,2026-06-22,1.193,230275733.0
159770.SZ,2026-06-23,1.175,207878300.0
159770.SZ,2026-06-24,1.186,161668306.0
159770.SZ,2026-06-25,1.18,177951300.0
159773.SZ,2026-06-22,1.575,4364600.0
159773.SZ,2026-06-23,1.524,5216300.0
159773.SZ,2026-06-24,1.549,5581800.0
159773.SZ,2026-06-25,1.576,6887100.0
159775.SZ,2026-06-22,0.974,22310804.0
159775.SZ,2026-06-23,0.931,34104500.0
159775.SZ,2026-06-24,0.941,34785400.0
159775.SZ,2026-06-25,0.939,31438800.0
159776.SZ,2026-06-22,0.946,15917800.0
159776.SZ,2026-06-23,0.941,21208700.0
159776.SZ,2026-06-24,0.972,55702500.0
159776.SZ,2026-06-25,0.966,19253700.0
159777.SZ,2026-06-22,1.477,4673498.0
159777.SZ,2026-06-23,1.431,3151700.0
159777.SZ,2026-06-24,1.453,3185012.0
159777.SZ,2026-06-25,1.481,2858700.0
159778.SZ,2026-06-22,1.436,1556202.0
159778.SZ,2026-06-23,1.395,1384801.0
159778.SZ,2026-06-24,1.436,557200.0
159778.SZ,2026-06-25,1.462,609400.0
159779.SZ,2026-06-22,1.873,25522300.0
159779.SZ,2026-06-23,1.791,18608700.0
159779.SZ,2026-06-24,1.866,15246000.0
159779.SZ,2026-06-25,1.96,18282734.0
159780.SZ,2026-06-22,1.4,220884274.0
159780.SZ,2026-06-23,1.351,246486817.0
159780.SZ,2026-06-24,1.378,163874357.0
159780.SZ,2026-06-25,1.438,181721638.0
159781.SZ,2026-06-22,1.405,845013661.0
159781.SZ,2026-06-23,1.352,718613209.0
159781.SZ,2026-06-24,1.381,519236225.0
159781.SZ,2026-06-25,1.44,556240765.0
159782.SZ,2026-06-22,1.405,38507221.0
159782.SZ,2026-06-23,1.355,41874508.0
159782.SZ,2026-06-24,1.383,31859315.0
159782.SZ,2026-06-25,1.442,34262866.0
159783.SZ,2026-06-22,1.409,216114032.0
159783.SZ,2026-06-23,1.358,250979130.0
159783.SZ,2026-06-24,1.386,204175050.0
159783.SZ,2026-06-25,1.439,317647371.0
159786.SZ,2026-06-22,1.402,18425100.0
159786.SZ,2026-06-23,1.368,16622900.0
159786.SZ,2026-06-24,1.408,14566106.0
159786.SZ,2026-06-25,1.458,15666705.0
159787.SZ,2026-06-22,0.633,4195600.0
159787.SZ,2026-06-23,0.62,2804200.0
159787.SZ,2026-06-24,0.611,1260600.0
159787.SZ,2026-06-25,0.615,1132800.0
159788.SZ,2026-06-22,1.146,16712270.0
159788.SZ,2026-06-23,1.118,8402600.0
159788.SZ,2026-06-24,1.127,12685756.0
159788.SZ,2026-06-25,1.104,9090506.0
159790.SZ,2026-06-22,0.805,90658379.0
159790.SZ,2026-06-23,0.777,52402637.0
159790.SZ,2026-06-24,0.778,29570801.0
159790.SZ,2026-06-25,0.777,31495209.0
159791.SZ,2026-06-22,1.206,2900604.0
159791.SZ,2026-06-23,1.171,1562700.0
159791.SZ,2026-06-24,1.177,3448717.0
159791.SZ,2026-06-25,1.193,1588600.0
159792.SZ,2026-06-22,0.559,4726683704.0
159792.SZ,2026-06-23,0.536,3883169307.0
159792.SZ,2026-06-24,0.538,5006383036.0
159792.SZ,2026-06-25,0.524,4895661852.0
159793.SZ,2026-06-22,0.787,462403.0
159793.SZ,2026-06-23,0.76,811731.0
159793.SZ,2026-06-24,0.764,518200.0
159793.SZ,2026-06-25,0.753,864500.0
159795.SZ,2026-06-22,1.01,5131300.0
159795.SZ,2026-06-23,0.993,4696400.0
159795.SZ,2026-06-24,1.001,5029300.0
159795.SZ,2026-06-25,1.017,5374302.0
159796.SZ,2026-06-22,1.106,494247700.0
159796.SZ,2026-06-23,1.051,493868100.0
159796.SZ,2026-06-24,1.063,401788944.0
159796.SZ,2026-06-25,1.055,306726800.0
159797.SZ,2026-06-22,0.652,4739300.0
159797.SZ,2026-06-23,0.653,3330700.0
159797.SZ,2026-06-24,0.647,5828000.0
159797.SZ,2026-06-25,0.642,7584500.0
159798.SZ,2026-06-22,0.79,17653200.0
159798.SZ,2026-06-23,0.778,17181600.0
159798.SZ,2026-06-24,0.768,16892700.0
159798.SZ,2026-06-25,0.77,17608700.0
159800.SZ,2026-06-22,1.559,1582000.0
159800.SZ,2026-06-23,1.525,701900.0
159800.SZ,2026-06-24,1.526,284600.0
159800.SZ,2026-06-25,1.549,624700.0
159801.SZ,2026-06-22,1.444,281615921.0
159801.SZ,2026-06-23,1.411,245170600.0
159801.SZ,2026-06-24,1.491,306648295.0
159801.SZ,2026-06-25,1.571,341458312.0
159804.SZ,2026-06-22,1.908,313805.0
159804.SZ,2026-06-23,1.86,285518.0
159804.SZ,2026-06-24,1.858,256100.0
159804.SZ,2026-06-25,1.851,117500.0
159805.SZ,2026-06-22,1.19,33412006.0
159805.SZ,2026-06-23,1.156,25789400.0
159805.SZ,2026-06-24,1.149,27398900.0
159805.SZ,2026-06-25,1.155,32485100.0
159806.SZ,2026-06-22,0.866,60530203.0
159806.SZ,2026-06-23,0.828,22923917.0
159806.SZ,2026-06-24,0.84,28823300.0
159806.SZ,2026-06-25,0.831,28960700.0
159807.SZ,2026-06-22,1.092,102537102.0
159807.SZ,2026-06-23,1.05,107915900.0
159807.SZ,2026-06-24,1.08,55172782.0
159807.SZ,2026-06-25,1.132,61809046.0
159808.SZ,2026-06-22,1.68,1759500.0
159808.SZ,2026-06-23,1.633,1214200.0
159808.SZ,2026-06-24,1.638,1675900.0
159808.SZ,2026-06-25,1.685,1052205.0
159810.SZ,2026-06-22,1.754,3106500.0
159810.SZ,2026-06-23,1.684,3522800.0
159810.SZ,2026-06-24,1.712,1875700.0
159810.SZ,2026-06-25,1.761,3135200.0
159811.SZ,2026-06-22,3.914,14838000.0
159811.SZ,2026-06-23,3.75,18354000.0
159811.SZ,2026-06-24,3.837,10108800.0
159811.SZ,2026-06-25,4.021,11984301.0
159813.SZ,2026-06-22,1.865,270639923.0
159813.SZ,2026-06-23,1.822,343696767.0
159813.SZ,2026-06-24,1.923,307278645.0
159813.SZ,2026-06-25,2.027,325683655.0
159814.SZ,2026-06-22,0.918,103655019.0
159814.SZ,2026-06-23,0.881,115459387.0
159814.SZ,2026-06-24,0.889,102297200.0
159814.SZ,2026-06-25,0.924,122711600.0
159819.SZ,2026-06-22,2.128,485064286.0
159819.SZ,2026-06-23,2.051,404873073.0
159819.SZ,2026-06-24,2.099,350388055.0
159819.SZ,2026-06-25,2.18,451489134.0
159820.SZ,2026-06-22,1.525,9517703.0
159820.SZ,2026-06-23,1.494,10722200.0
159820.SZ,2026-06-24,1.517,12251900.0
159820.SZ,2026-06-25,1.537,11868700.0
159821.SZ,2026-06-22,1.64,2217200.0
159821.SZ,2026-06-23,1.58,1800000.0
159821.SZ,2026-06-24,1.6,607300.0
159821.SZ,2026-06-25,1.646,1364800.0
159824.SZ,2026-06-22,1.32,4808403.0
159824.SZ,2026-06-23,1.26,12811100.0
159824.SZ,2026-06-24,1.28,2693700.0
159824.SZ,2026-06-25,1.264,3077204.0
159825.SZ,2026-06-22,0.683,121953372.0
159825.SZ,2026-06-23,0.67,95016572.0
159825.SZ,2026-06-24,0.66,78159800.0
159825.SZ,2026-06-25,0.651,121548526.0
159827.SZ,2026-06-22,0.741,5720601.0
159827.SZ,2026-06-23,0.722,2897900.0
159827.SZ,2026-06-24,0.712,1636102.0
159827.SZ,2026-06-25,0.705,1980705.0
159828.SZ,2026-06-22,0.372,170776400.0
159828.SZ,2026-06-23,0.37,132524900.0
159828.SZ,2026-06-24,0.374,180884600.0
159828.SZ,2026-06-25,0.378,133681200.0
159835.SZ,2026-06-22,0.577,43229500.0
159835.SZ,2026-06-23,0.585,49341900.0
159835.SZ,2026-06-24,0.601,46602300.0
159835.SZ,2026-06-25,0.605,49582401.0
159836.SZ,2026-06-22,1.577,1247700.0
159836.SZ,2026-06-23,1.527,2223600.0
159836.SZ,2026-06-24,1.539,1229200.0
159836.SZ,2026-06-25,1.577,1049300.0
159837.SZ,2026-06-22,0.431,81925436.0
159837.SZ,2026-06-23,0.433,100231079.0
159837.SZ,2026-06-24,0.442,127433209.0
159837.SZ,2026-06-25,0.445,121400458.0
159838.SZ,2026-06-22,0.514,7987300.0
159838.SZ,2026-06-23,0.517,5633400.0
159838.SZ,2026-06-24,0.528,11049100.0
159838.SZ,2026-06-25,0.527,7263100.0
159839.SZ,2026-06-22,0.309,229333600.0
159839.SZ,2026-06-23,0.313,243595103.0
159839.SZ,2026-06-24,0.319,248961204.0
159839.SZ,2026-06-25,0.321,217110900.0
159840.SZ,2026-06-22,0.942,173415600.0
159840.SZ,2026-06-23,0.896,173305600.0
159840.SZ,2026-06-24,0.91,168681786.0
159840.SZ,2026-06-25,0.905,156488012.0
159841.SZ,2026-06-22,1.024,838379030.0
159841.SZ,2026-06-23,1.026,701945522.0
159841.SZ,2026-06-24,1.007,585597023.0
159841.SZ,2026-06-25,1.041,760957603.0
159842.SZ,2026-06-22,1.074,955333260.0
159842.SZ,2026-06-23,1.077,712549229.0
159842.SZ,2026-06-24,1.059,498915625.0
159842.SZ,2026-06-25,1.092,669089398.0
159843.SZ,2026-06-22,0.519,14611100.0
159843.SZ,2026-06-23,0.513,17584900.0
159843.SZ,2026-06-24,0.507,12173700.0
159843.SZ,2026-06-25,0.511,18453014.0
159845.SZ,2026-06-22,3.679,406486181.0
159845.SZ,2026-06-23,3.6,493419825.0
159845.SZ,2026-06-24,3.638,621346626.0
159845.SZ,2026-06-25,3.66,428243196.0
159847.SZ,2026-06-22,0.353,148714302.0
159847.SZ,2026-06-23,0.353,106443400.0
159847.SZ,2026-06-24,0.357,84617800.0
159847.SZ,2026-06-25,0.359,75829300.0
159848.SZ,2026-06-22,0.9,23583400.0
159848.SZ,2026-06-23,0.899,14067500.0
159848.SZ,2026-06-24,0.885,16084600.0
159848.SZ,2026-06-25,0.918,20953600.0
159849.SZ,2026-06-22,0.443,13578000.0
159849.SZ,2026-06-23,0.443,7141126.0
159849.SZ,2026-06-24,0.452,5794406.0
159849.SZ,2026-06-25,0.454,5507100.0
159851.SZ,2026-06-22,0.683,964623996.0
159851.SZ,2026-06-23,0.685,846918300.0
159851.SZ,2026-06-24,0.66,642820300.0
159851.SZ,2026-06-25,0.662,703353131.0
159852.SZ,2026-06-22,0.735,697033138.0
159852.SZ,2026-06-23,0.716,524165343.0
159852.SZ,2026-06-24,0.706,496184734.0
159852.SZ,2026-06-25,0.703,522425676.0
159855.SZ,2026-06-22,0.768,11962600.0
159855.SZ,2026-06-23,0.764,16057500.0
159855.SZ,2026-06-24,0.742,25599600.0
159855.SZ,2026-06-25,0.744,10775100.0
159856.SZ,2026-06-22,0.568,3731401.0
159856.SZ,2026-06-23,0.552,4090600.0
159856.SZ,2026-06-24,0.551,4263907.0
159856.SZ,2026-06-25,0.547,5360743.0
159857.SZ,2026-06-22,0.889,162935363.0
159857.SZ,2026-06-23,0.849,138512201.0
159857.SZ,2026-06-24,0.849,121489091.0
159857.SZ,2026-06-25,0.858,134553100.0
159858.SZ,2026-06-22,0.593,27690600.0
159858.SZ,2026-06-23,0.603,49438300.0
159858.SZ,2026-06-24,0.619,48510700.0
159858.SZ,2026-06-25,0.623,38752100.0
159859.SZ,2026-06-22,0.333,658494200.0
159859.SZ,2026-06-23,0.336,523554000.0
159859.SZ,2026-06-24,0.343,590368800.0
159859.SZ,2026-06-25,0.346,515651800.0
159861.SZ,2026-06-22,1.21,3477091.0
159861.SZ,2026-06-23,1.164,3054474.0
159861.SZ,2026-06-24,1.173,2516200.0
159861.SZ,2026-06-25,1.169,3738100.0
159862.SZ,2026-06-22,0.523,10970000.0
159862.SZ,2026-06-23,0.517,8523906.0
159862.SZ,2026-06-24,0.51,8181100.0
159862.SZ,2026-06-25,0.516,6372503.0
159863.SZ,2026-06-22,0.694,8106400.0
159863.SZ,2026-06-23,0.664,8686700.0
159863.SZ,2026-06-24,0.665,7741700.0
159863.SZ,2026-06-25,0.672,8542150.0
159864.SZ,2026-06-22,0.683,57748800.0
159864.SZ,2026-06-23,0.653,39129000.0
159864.SZ,2026-06-24,0.653,26909500.0
159864.SZ,2026-06-25,0.661,50377902.0
159865.SZ,2026-06-22,0.496,331870102.0
159865.SZ,2026-06-23,0.494,313754471.0
159865.SZ,2026-06-24,0.483,282773700.0
159865.SZ,2026-06-25,0.478,461282900.0
159867.SZ,2026-06-22,0.505,54751101.0
159867.SZ,2026-06-23,0.503,81319902.0
159867.SZ,2026-06-24,0.491,65690600.0
159867.SZ,2026-06-25,0.487,70211800.0
159869.SZ,2026-06-22,1.085,507737607.0
159869.SZ,2026-06-23,1.059,375832189.0
159869.SZ,2026-06-24,1.063,429224409.0
159869.SZ,2026-06-25,1.099,691824364.0
159870.SZ,2026-06-22,0.898,1347876059.0
159870.SZ,2026-06-23,0.865,1009532346.0
159870.SZ,2026-06-24,0.894,1085148226.0
159870.SZ,2026-06-25,0.891,869339584.0
159871.SZ,2026-06-22,1.073,78207200.0
159871.SZ,2026-06-23,0.989,101747700.0
159871.SZ,2026-06-24,0.998,59958500.0
159871.SZ,2026-06-25,0.97,54699100.0
159872.SZ,2026-06-22,0.91,3131301.0
159872.SZ,2026-06-23,0.89,2011600.0
159872.SZ,2026-06-24,0.891,1005800.0
159872.SZ,2026-06-25,0.884,550200.0
159873.SZ,2026-06-22,0.506,46156600.0
159873.SZ,2026-06-23,0.508,34632900.0
159873.SZ,2026-06-24,0.501,33097800.0
159873.SZ,2026-06-25,0.497,27459600.0
159875.SZ,2026-06-22,0.737,204861903.0
159875.SZ,2026-06-23,0.7,141768200.0
159875.SZ,2026-06-24,0.706,220809300.0
159875.SZ,2026-06-25,0.708,162592500.0
159876.SZ,2026-06-22,1.108,161906500.0
159876.SZ,2026-06-23,1.012,150786900.0
159876.SZ,2026-06-24,1.025,166077000.0
159876.SZ,2026-06-25,0.997,159836100.0
159877.SZ,2026-06-22,0.497,937300.0
159877.SZ,2026-06-23,0.498,1493917.0
159877.SZ,2026-06-24,0.491,2577407.0
159877.SZ,2026-06-25,0.487,1103500.0
159880.SZ,2026-06-22,2.178,86947697.0
159880.SZ,2026-06-23,1.987,61974700.0
159880.SZ,2026-06-24,2.011,37467352.0
159880.SZ,2026-06-25,1.961,27336700.0
159881.SZ,2026-06-22,2.055,11197300.0
159881.SZ,2026-06-23,1.895,15814400.0
159881.SZ,2026-06-24,1.913,8104300.0
159881.SZ,2026-06-25,1.856,7704700.0
159883.SZ,2026-06-22,0.425,277649000.0
159883.SZ,2026-06-23,0.426,206072400.0
159883.SZ,2026-06-24,0.421,210032400.0
159883.SZ,2026-06-25,0.417,226467199.0
159885.SZ,2026-06-22,0.821,3823510.0
159885.SZ,2026-06-23,0.793,3039450.0
159885.SZ,2026-06-24,0.799,2121300.0
159885.SZ,2026-06-25,0.793,512000.0
159886.SZ,2026-06-22,1.071,6478400.0
159886.SZ,2026-06-23,1.03,5752400.0
159886.SZ,2026-06-24,1.032,5411300.0
159886.SZ,2026-06-25,1.03,5389600.0
159887.SZ,2026-06-22,1.256,137148084.0
159887.SZ,2026-06-23,1.269,114632859.0
159887.SZ,2026-06-24,1.24,107525200.0
159887.SZ,2026-06-25,1.228,83054500.0
159888.SZ,2026-06-22,1.183,31056400.0
159888.SZ,2026-06-23,1.162,32430600.0
159888.SZ,2026-06-24,1.171,25276000.0
159888.SZ,2026-06-25,1.186,31256300.0
159889.SZ,2026-06-22,1.018,3220500.0
159889.SZ,2026-06-23,1.018,
159889.SZ,2026-06-24,1.007,3332400.0
159889.SZ,2026-06-25,1.021,4603004.0
159890.SZ,2026-06-22,1.824,14903100.0
159890.SZ,2026-06-23,1.76,18481500.0
159890.SZ,2026-06-24,1.78,25172500.0
159890.SZ,2026-06-25,1.794,21458095.0
159891.SZ,2026-06-22,0.375,34124807.0
159891.SZ,2026-06-23,0.374,39180924.0
159891.SZ,2026-06-24,0.37,35331401.0
159891.SZ,2026-06-25,0.366,34402301.0
159895.SZ,2026-06-22,1.661,3064000.0
159895.SZ,2026-06-23,1.623,3437700.0
159895.SZ,2026-06-24,1.683,1543700.0
159895.SZ,2026-06-25,1.731,1984500.0
159896.SZ,2026-06-22,1.539,1115300.0
159896.SZ,2026-06-23,1.504,2049900.0
159896.SZ,2026-06-24,1.562,1941100.0
159896.SZ,2026-06-25,1.604,3655404.0
159898.SZ,2026-06-22,0.47,39789800.0
159898.SZ,2026-06-23,0.471,49533900.0
159898.SZ,2026-06-24,0.466,111920206.0
159898.SZ,2026-06-25,0.466,57909403.0
159899.SZ,2026-06-22,0.761,41231700.0
159899.SZ,2026-06-23,0.744,33829006.0
159899.SZ,2026-06-24,0.732,31841500.0
159899.SZ,2026-06-25,0.723,20809800.0
159901.SZ,2026-06-22,4.207,97690558.0
159901.SZ,2026-06-23,4.067,95485600.0
159901.SZ,2026-06-24,4.091,122984026.0
159901.SZ,2026-06-25,4.194,112674800.0
159902.SZ,2026-06-22,5.184,2721311.0
159902.SZ,2026-06-23,5.061,1790010.0
159902.SZ,2026-06-24,5.141,1983200.0
159902.SZ,2026-06-25,5.22,2913310.0
159903.SZ,2026-06-22,2.0,20613936.0
159903.SZ,2026-06-23,1.933,43577894.0
159903.SZ,2026-06-24,1.953,20544100.0
159903.SZ,2026-06-25,1.988,23287000.0
159905.SZ,2026-06-22,1.697,36580300.0
159905.SZ,2026-06-23,1.646,32080200.0
159905.SZ,2026-06-24,1.651,20550700.0
159905.SZ,2026-06-25,1.657,25006700.0
159906.SZ,2026-06-22,2.222,4606938.0
159906.SZ,2026-06-23,2.144,7607008.0
159906.SZ,2026-06-24,2.22,8064400.0
159906.SZ,2026-06-25,2.31,6947800.0
159907.SZ,2026-06-22,1.202,14265600.0
159907.SZ,2026-06-23,1.188,7881700.0
159907.SZ,2026-06-24,1.188,7143100.0
159907.SZ,2026-06-25,1.186,6127900.0
159908.SZ,2026-06-22,4.06,15951700.0
159908.SZ,2026-06-23,3.92,20159200.0
159908.SZ,2026-06-24,3.962,16629600.0
159908.SZ,2026-06-25,4.084,16458100.0
159909.SZ,2026-06-22,1.611,12024600.0
159909.SZ,2026-06-23,1.56,9098400.0
159909.SZ,2026-06-24,1.602,6847700.0
159909.SZ,2026-06-25,1.682,9206279.0
159910.SZ,2026-06-22,2.4,352200.0
159910.SZ,2026-06-23,2.349,514300.0
159910.SZ,2026-06-24,2.348,622900.0
159910.SZ,2026-06-25,2.365,350300.0
159912.SZ,2026-06-22,2.243,1590000.0
159912.SZ,2026-06-23,2.179,1702800.0
159912.SZ,2026-06-24,2.205,1131600.0
159912.SZ,2026-06-25,2.25,666600.0
159913.SZ,2026-06-22,2.477,96500.0
159913.SZ,2026-06-23,2.403,155800.0
159913.SZ,2026-06-24,2.427,111500.0
159913.SZ,2026-06-25,2.452,209600.0
159915.SZ,2026-06-22,4.379,1592598007.0
159915.SZ,2026-06-23,4.21,1896738455.0
159915.SZ,2026-06-24,4.258,1663473156.0
159915.SZ,2026-06-25,4.395,1376051388.0
159916.SZ,2026-06-22,5.093,191088.0
159916.SZ,2026-06-23,5.023,33001.0
159916.SZ,2026-06-24,5.017,37488.0
159916.SZ,2026-06-25,5.042,81000.0
159918.SZ,2026-06-22,2.94,360900.0
159918.SZ,2026-06-23,2.843,658200.0
159918.SZ,2026-06-24,2.909,307000.0
159918.SZ,2026-06-25,2.922,688100.0
159919.SZ,2026-06-22,5.315,573442144.0
159919.SZ,2026-06-23,5.16,1108329045.0
159919.SZ,2026-06-24,5.178,1032373356.0
159919.SZ,2026-06-25,5.265,1444074359.0
159922.SZ,2026-06-22,3.582,146432243.0
159922.SZ,2026-06-23,3.509,111668746.0
159922.SZ,2026-06-24,3.576,211509498.0
159922.SZ,2026-06-25,3.614,293811626.0
159923.SZ,2026-06-22,2.377,1132300.0
159923.SZ,2026-06-23,2.291,1367800.0
159923.SZ,2026-06-24,2.307,884400.0
159923.SZ,2026-06-25,2.342,770300.0
159925.SZ,2026-06-22,5.135,44390663.0
159925.SZ,2026-06-23,4.987,28392768.0
159925.SZ,2026-06-24,5.013,29613510.0
159925.SZ,2026-06-25,5.094,12622929.0
159928.SZ,2026-06-22,0.627,593625100.0
159928.SZ,2026-06-23,0.617,444697738.0
159928.SZ,2026-06-24,0.608,489582800.0
159928.SZ,2026-06-25,0.61,604402306.0
159929.SZ,2026-06-22,1.181,71879149.0
159929.SZ,2026-06-23,1.188,78134300.0
159929.SZ,2026-06-24,1.199,116846100.0
159929.SZ,2026-06-25,1.205,70847300.0
159930.SZ,2026-06-22,1.611,105654196.0
159930.SZ,2026-06-23,1.575,80996293.0
159930.SZ,2026-06-24,1.543,44727420.0
159930.SZ,2026-06-25,1.516,87661900.0
159931.SZ,2026-06-22,1.811,459400.0
159931.SZ,2026-06-23,1.815,249300.0
159931.SZ,2026-06-24,1.779,270000.0
159931.SZ,2026-06-25,1.788,287400.0
159933.SZ,2026-06-22,2.812,43700.0
159933.SZ,2026-06-23,2.802,37600.0
159933.SZ,2026-06-24,2.757,90300.0
159933.SZ,2026-06-25,2.775,175839.0
159935.SZ,2026-06-22,2.782,1615900.0
159935.SZ,2026-06-23,2.713,2178500.0
159935.SZ,2026-06-24,2.772,608000.0
159935.SZ,2026-06-25,2.806,735400.0
159936.SZ,2026-06-22,1.934,363800.0
159936.SZ,2026-06-23,1.902,244900.0
159936.SZ,2026-06-24,1.887,3859000.0
159936.SZ,2026-06-25,1.882,1129600.0
159938.SZ,2026-06-22,0.576,85522500.0
159938.SZ,2026-06-23,0.579,102847400.0
159938.SZ,2026-06-24,0.587,114882400.0
159938.SZ,2026-06-25,0.588,86446300.0
159939.SZ,2026-06-22,1.349,65800700.0
159939.SZ,2026-06-23,1.305,60182300.0
159939.SZ,2026-06-24,1.362,102087200.0
159939.SZ,2026-06-25,1.426,35340150.0
159940.SZ,2026-06-22,1.182,11812100.0
159940.SZ,2026-06-23,1.181,8821100.0
159940.SZ,2026-06-24,1.155,7485900.0
159940.SZ,2026-06-25,1.165,9854614.0
159943.SZ,2026-06-22,1.799,13229684.0
159943.SZ,2026-06-23,1.751,16822004.0
159943.SZ,2026-06-24,1.757,11254252.0
159943.SZ,2026-06-25,1.795,12117900.0
159944.SZ,2026-06-22,1.669,9724900.0
159944.SZ,2026-06-23,1.563,7426400.0
159944.SZ,2026-06-24,1.596,4503400.0
159944.SZ,2026-06-25,1.58,6171200.0
159945.SZ,2026-06-22,1.285,7305600.0
159945.SZ,2026-06-23,1.257,7259400.0
159945.SZ,2026-06-24,1.233,8198000.0
159945.SZ,2026-06-25,1.209,5141000.0
159948.SZ,2026-06-22,4.834,28030808.0
159948.SZ,2026-06-23,4.7,24912818.0
159948.SZ,2026-06-24,4.701,21350400.0
159948.SZ,2026-06-25,4.85,20852000.0
159949.SZ,2026-06-22,2.112,1464545815.0
159949.SZ,2026-06-23,2.027,1197730558.0
159949.SZ,2026-06-24,2.049,922625410.0
159949.SZ,2026-06-25,2.115,1157379771.0
159952.SZ,2026-06-22,2.655,164041000.0
159952.SZ,2026-06-23,2.557,271831500.0
159952.SZ,2026-06-24,2.59,146069500.0
159952.SZ,2026-06-25,2.666,146698596.0
159954.SZ,2026-06-22,0.877,10449700.0
159954.SZ,2026-06-23,0.844,3465300.0
159954.SZ,2026-06-24,0.85,1920100.0
159954.SZ,2026-06-25,0.829,2399100.0
159956.SZ,2026-06-22,2.774,3991200.0
159956.SZ,2026-06-23,2.652,4986300.0
159956.SZ,2026-06-24,2.697,3169400.0
159956.SZ,2026-06-25,2.778,3460500.0
159957.SZ,2026-06-22,2.869,79241600.0
159957.SZ,2026-06-23,2.766,92868142.0
159957.SZ,2026-06-24,2.794,88577600.0
159957.SZ,2026-06-25,2.887,77649353.0
159958.SZ,2026-06-22,2.637,6309500.0
159958.SZ,2026-06-23,2.543,9233000.0
159958.SZ,2026-06-24,2.571,2098200.0
159958.SZ,2026-06-25,2.646,3076000.0
159959.SZ,2026-06-22,1.741,959900.0
159959.SZ,2026-06-23,1.689,3883200.0
159959.SZ,2026-06-24,1.715,1312400.0
159959.SZ,2026-06-25,1.724,725700.0
159960.SZ,2026-06-22,0.807,10581000.0
159960.SZ,2026-06-23,0.789,9203000.0
159960.SZ,2026-06-24,0.79,5647200.0
159960.SZ,2026-06-25,0.774,10265800.0
159961.SZ,2026-06-22,2.565,3560700.0
159961.SZ,2026-06-23,2.481,3000200.0
159961.SZ,2026-06-24,2.495,2548400.0
159961.SZ,2026-06-25,2.558,3397900.0
159964.SZ,2026-06-22,2.848,2333300.0
159964.SZ,2026-06-23,2.749,2240600.0
159964.SZ,2026-06-24,2.772,1216300.0
159964.SZ,2026-06-25,2.867,1319700.0
159965.SZ,2026-06-22,1.729,214517.0
159965.SZ,2026-06-23,1.7,189900.0
159965.SZ,2026-06-24,1.729,110700.0
159965.SZ,2026-06-25,1.76,247900.0
159966.SZ,2026-06-22,0.651,15886563.0
159966.SZ,2026-06-23,0.629,21368338.0
159966.SZ,2026-06-24,0.631,11241395.0
159966.SZ,2026-06-25,0.643,20689377.0
159967.SZ,2026-06-22,1.059,816065630.0
159967.SZ,2026-06-23,1.016,1080543104.0
159967.SZ,2026-06-24,1.041,840951438.0
159967.SZ,2026-06-25,1.088,793866161.0
159968.SZ,2026-06-22,11.482,1649494.0
159968.SZ,2026-06-23,11.242,1708900.0
159968.SZ,2026-06-24,11.451,1526870.0
159968.SZ,2026-06-25,11.607,1615119.0
159970.SZ,2026-06-22,1.201,1484900.0
159970.SZ,2026-06-23,1.16,1157700.0
159970.SZ,2026-06-24,1.168,1125600.0
159970.SZ,2026-06-25,1.197,852400.0
159971.SZ,2026-06-22,1.521,72101381.0
159971.SZ,2026-06-23,1.47,60250400.0
159971.SZ,2026-06-24,1.482,73125497.0
159971.SZ,2026-06-25,1.527,54556600.0
159973.SZ,2026-06-22,2.255,312400.0
159973.SZ,2026-06-23,2.187,252400.0
159973.SZ,2026-06-24,2.203,645600.0
159973.SZ,2026-06-25,2.255,466200.0
159974.SZ,2026-06-22,1.911,303100.0
159974.SZ,2026-06-23,1.855,618300.0
159974.SZ,2026-06-24,1.862,1130600.0
159974.SZ,2026-06-25,1.857,759500.0
159975.SZ,2026-06-22,0.884,8990770.0
159975.SZ,2026-06-23,0.855,4152800.0
159975.SZ,2026-06-24,0.859,2561800.0
159975.SZ,2026-06-25,0.881,7376490.0
159976.SZ,2026-06-22,1.352,161302.0
159976.SZ,2026-06-23,1.317,27903.0
159976.SZ,2026-06-24,1.332,67300.0
159976.SZ,2026-06-25,1.35,108000.0
159977.SZ,2026-06-22,2.267,64303213.0
159977.SZ,2026-06-23,2.188,197542500.0
159977.SZ,2026-06-24,2.216,73329763.0
159977.SZ,2026-06-25,2.273,67284200.0
159982.SZ,2026-06-22,2.35,9512500.0
159982.SZ,2026-06-23,2.306,8014500.0
159982.SZ,2026-06-24,2.347,6954500.0
159982.SZ,2026-06-25,2.375,4650200.0
159991.SZ,2026-06-22,1.043,7089600.0
159991.SZ,2026-06-23,1.004,12092700.0
159991.SZ,2026-06-24,1.012,5225183.0
159991.SZ,2026-06-25,1.048,10711437.0
159992.SZ,2026-06-22,0.743,1026388804.0
159992.SZ,2026-06-23,0.752,1378842237.0
159992.SZ,2026-06-24,0.773,1448692532.0
159992.SZ,2026-06-25,0.778,1231160300.0
159993.SZ,2026-06-22,1.232,357957824.0
159993.SZ,2026-06-23,1.233,266324412.0
159993.SZ,2026-06-24,1.209,153295900.0
159993.SZ,2026-06-25,1.247,432516811.0
159994.SZ,2026-06-22,1.716,177741502.0
159994.SZ,2026-06-23,1.644,204417238.0
159994.SZ,2026-06-24,1.695,223336346.0
159994.SZ,2026-06-25,1.76,254043761.0
159995.SZ,2026-06-22,2.92,629490387.0
159995.SZ,2026-06-23,2.853,520858111.0
159995.SZ,2026-06-24,3.012,661436552.0
159995.SZ,2026-06-25,3.175,637168412.0
159996.SZ,2026-06-22,1.472,43253600.0
159996.SZ,2026-06-23,1.45,76379801.0
159996.SZ,2026-06-24,1.436,27836903.0
159996.SZ,2026-06-25,1.437,33865779.0
159997.SZ,2026-06-22,2.565,63528400.0
159997.SZ,2026-06-23,2.496,48551910.0
159997.SZ,2026-06-24,2.616,66331100.0
159997.SZ,2026-06-25,2.73,55289304.0
159998.SZ,2026-06-22,1.045,99529702.0
159998.SZ,2026-06-23,1.014,113481800.0
159998.SZ,2026-06-24,1.034,96864896.0
159998.SZ,2026-06-25,1.053,126524500.0
160119.SZ,2026-06-22,2.468,528397.0
160119.SZ,2026-06-23,2.428,458600.0
160119.SZ,2026-06-24,2.464,480796.0
160119.SZ,2026-06-25,2.49,486956.0
160127.SZ,2026-06-22,0.87,10300.0
160127.SZ,2026-06-23,0.861,2347.0
160127.SZ,2026-06-24,0.851,11300.0
160127.SZ,2026-06-25,0.851,15390.0
160133.SZ,2026-06-22,4.177,176444.0
160133.SZ,2026-06-23,4.06,190013.0
160133.SZ,2026-06-24,4.168,194801.0
160133.SZ,2026-06-25,4.178,238063.0
160135.SZ,2026-06-22,0.984,9799.0
160135.SZ,2026-06-23,0.98,28775.0
160135.SZ,2026-06-24,0.965,17500.0
160135.SZ,2026-06-25,0.954,20100.0
160218.SZ,2026-06-22,0.561,273905.0
160218.SZ,2026-06-23,0.565,184300.0
160218.SZ,2026-06-24,0.547,145525.0
160218.SZ,2026-06-25,0.54,69870.0
160219.SZ,2026-06-22,0.503,152398.0
160219.SZ,2026-06-23,0.507,304517.0
160219.SZ,2026-06-24,0.512,689255.0
160219.SZ,2026-06-25,0.516,782614.0
160221.SZ,2026-06-22,2.543,1312247.0
160221.SZ,2026-06-23,2.365,1351547.0
160221.SZ,2026-06-24,2.365,798304.0
160221.SZ,2026-06-25,2.311,403168.0
160222.SZ,2026-06-22,0.638,927526.0
160222.SZ,2026-06-23,0.633,488117.0
160222.SZ,2026-06-24,0.629,415639.0
160222.SZ,2026-06-25,0.622,873420.0
160223.SZ,2026-06-22,2.388,167705.0
160223.SZ,2026-06-23,2.323,225185.0
160223.SZ,2026-06-24,2.332,220816.0
160223.SZ,2026-06-25,2.405,459341.0
160225.SZ,2026-06-22,2.104,204200.0
160225.SZ,2026-06-23,2.021,162651.0
160225.SZ,2026-06-24,2.042,108532.0
160225.SZ,2026-06-25,2.027,71600.0
160322.SZ,2026-06-22,1.08,116340.0
160322.SZ,2026-06-23,1.055,443300.0
160322.SZ,2026-06-24,1.067,293504.0
160322.SZ,2026-06-25,1.056,96726.0
160615.SZ,2026-06-22,1.505,2907.0
160615.SZ,2026-06-23,1.469,4100.0
160615.SZ,2026-06-24,1.47,3100.0
160615.SZ,2026-06-25,1.502,3800.0
160616.SZ,2026-06-22,2.55,8993.0
160616.SZ,2026-06-23,2.524,39025.0
160616.SZ,2026-06-24,2.549,11600.0
160616.SZ,2026-06-25,2.572,29400.0
160620.SZ,2026-06-22,3.128,132161.0
160620.SZ,2026-06-23,2.954,46651.0
160620.SZ,2026-06-24,2.935,39785.0
160620.SZ,2026-06-25,2.897,20231.0
160625.SZ,2026-06-22,0.853,798707.0
160625.SZ,2026-06-23,0.853,516764.0
160625.SZ,2026-06-24,0.839,649593.0
160625.SZ,2026-06-25,0.86,650521.0
160626.SZ,2026-06-22,1.939,268467.0
160626.SZ,2026-06-23,1.929,91490.0
160626.SZ,2026-06-24,1.96,145686.0
160626.SZ,2026-06-25,2.045,223684.0
160628.SZ,2026-06-22,0.462,220415.0
160628.SZ,2026-06-23,0.465,160995.0
160628.SZ,2026-06-24,0.446,252000.0
160628.SZ,2026-06-25,0.44,173475.0
160629.SZ,2026-06-22,1.069,139010.0
160629.SZ,2026-06-23,1.046,62977.0
160629.SZ,2026-06-24,1.039,75601.0
160629.SZ,2026-06-25,1.043,27698.0
160630.SZ,2026-06-22,1.11,339551.0
160630.SZ,2026-06-23,1.08,471722.0
160630.SZ,2026-06-24,1.08,337474.0
160630.SZ,2026-06-25,1.073,305471.0
160631.SZ,2026-06-22,1.3,59191.0
160631.SZ,2026-06-23,1.315,39780.0
160631.SZ,2026-06-24,1.286,162109.0
160631.SZ,2026-06-25,1.267,139322.0
160632.SZ,2026-06-22,0.256,14742540.0
160632.SZ,2026-06-23,0.251,12416620.0
160632.SZ,2026-06-24,0.246,14222729.0
160632.SZ,2026-06-25,0.25,19920903.0
160633.SZ,2026-06-22,1.129,830204.0
160633.SZ,2026-06-23,1.23,3390213.0
160633.SZ,2026-06-24,1.129,3053579.0
160633.SZ,2026-06-25,1.119,11089020.0
160635.SZ,2026-06-22,0.795,63200.0
160635.SZ,2026-06-23,0.809,132441.0
160635.SZ,2026-06-24,0.814,51400.0
160635.SZ,2026-06-25,0.81,56389.0
160637.SZ,2026-06-22,1.965,213492.0
160637.SZ,2026-06-23,1.907,185658.0
160637.SZ,2026-06-24,1.935,102300.0
160637.SZ,2026-06-25,1.967,69314.0
160638.SZ,2026-06-22,3.439,44203.0
160638.SZ,2026-06-23,3.37,26396.0
160638.SZ,2026-06-24,3.346,10200.0
160638.SZ,2026-06-25,3.324,27823.0
160639.SZ,2026-06-22,0.837,82789.0
160639.SZ,2026-06-23,0.832,102365.0
160639.SZ,2026-06-24,0.817,65363.0
160639.SZ,2026-06-25,0.809,129372.0
160643.SZ,2026-06-22,1.317,1300910.0
160643.SZ,2026-06-23,1.27,1854920.0
160643.SZ,2026-06-24,1.28,1621511.0
160643.SZ,2026-06-25,1.278,501078.0
160706.SZ,2026-06-22,1.279,3452287.0
160706.SZ,2026-06-23,1.253,2586398.0
160706.SZ,2026-06-24,1.252,1271909.0
160706.SZ,2026-06-25,1.271,1712009.0
160716.SZ,2026-06-22,1.994,75901.0
160716.SZ,2026-06-23,1.988,29100.0
160716.SZ,2026-06-24,1.954,28500.0
160716.SZ,2026-06-25,1.936,74600.0
160806.SZ,2026-06-22,2.241,57081.0
160806.SZ,2026-06-23,2.219,800.0
160806.SZ,2026-06-24,2.202,16000.0
160806.SZ,2026-06-25,2.23,4011.0
160807.SZ,2026-06-22,2.095,22300.0
160807.SZ,2026-06-23,2.032,3300.0
160807.SZ,2026-06-24,2.03,4300.0
160807.SZ,2026-06-25,2.048,9300.0
160919.SZ,2026-06-22,3.917,164800.0
160919.SZ,2026-06-23,3.876,225900.0
160919.SZ,2026-06-24,3.879,58300.0
160919.SZ,2026-06-25,3.93,55500.0
160925.SZ,2026-06-22,1.338,199003.0
160925.SZ,2026-06-23,1.366,218900.0
160925.SZ,2026-06-24,1.344,214665.0
160925.SZ,2026-06-25,1.308,19687.0
161017.SZ,2026-06-22,2.885,336899.0
161017.SZ,2026-06-23,2.844,440555.0
161017.SZ,2026-06-24,2.87,337584.0
161017.SZ,2026-06-25,2.902,336500.0
161024.SZ,2026-06-22,1.254,899112.0
161024.SZ,2026-06-23,1.214,1383357.0
161024.SZ,2026-06-24,1.221,838490.0
161024.SZ,2026-06-25,1.218,870725.0
161025.SZ,2026-06-22,1.619,552707.0
161025.SZ,2026-06-23,1.59,509803.0
161025.SZ,2026-06-24,1.611,157805.0
161025.SZ,2026-06-25,1.656,1187854.0
161026.SZ,2026-06-22,1.243,1168186.0
161026.SZ,2026-06-23,1.217,321499.0
161026.SZ,2026-06-24,1.222,82626.0
161026.SZ,2026-06-25,1.234,738693.0
161027.SZ,2026-06-22,1.067,2507342.0
161027.SZ,2026-06-23,1.071,2908184.0
161027.SZ,2026-06-24,1.05,2502172.0
161027.SZ,2026-06-25,1.084,1819368.0
161028.SZ,2026-06-22,1.228,1333972.0
161028.SZ,2026-06-23,1.183,1501600.0
161028.SZ,2026-06-24,1.197,1009387.0
161028.SZ,2026-06-25,1.183,355974.0
161029.SZ,2026-06-22,1.679,82900.0
161029.SZ,2026-06-23,1.712,118400.0
161029.SZ,2026-06-24,1.672,104692.0
161029.SZ,2026-06-25,1.654,43100.0
161030.SZ,2026-06-22,1.011,325948.0
161030.SZ,2026-06-23,1.004,283942.0
161030.SZ,2026-06-24,1.001,74834.0
161030.SZ,2026-06-25,1.013,447000.0
161031.SZ,2026-06-22,1.767,561629.0
161031.SZ,2026-06-23,1.742,318525.0
161031.SZ,2026-06-24,1.802,582193.0
161031.SZ,2026-06-25,1.845,335023.0
161032.SZ,2026-06-22,2.141,1277293.0
161032.SZ,2026-06-23,2.115,1403129.0
161032.SZ,2026-06-24,2.059,974421.0
161032.SZ,2026-06-25,2.03,727929.0
161033.SZ,2026-06-22,1.938,13000.0
161033.SZ,2026-06-23,1.92,12700.0
161033.SZ,2026-06-24,1.926,21200.0
161033.SZ,2026-06-25,1.94,29000.0
161035.SZ,2026-06-22,1.144,852900.0
161035.SZ,2026-06-23,1.144,198100.0
161035.SZ,2026-06-24,1.171,65800.0
161035.SZ,2026-06-25,1.167,37800.0
161036.SZ,2026-06-22,0.651,28100.0
161036.SZ,2026-06-23,0.644,9400.0
161036.SZ,2026-06-24,0.637,5000.0
161036.SZ,2026-06-25,0.639,122548.0
161037.SZ,2026-06-22,3.19,180353.0
161037.SZ,2026-06-23,3.148,111500.0
161037.SZ,2026-06-24,3.171,42967.0
161037.SZ,2026-06-25,3.24,148200.0
161039.SZ,2026-06-22,3.02,112243.0
161039.SZ,2026-06-23,2.966,27332.0
161039.SZ,2026-06-24,3.009,39561.0
161039.SZ,2026-06-25,3.03,30874.0
161118.SZ,2026-06-22,1.721,7314.0
161118.SZ,2026-06-23,1.704,2330.0
161118.SZ,2026-06-24,1.725,13930.0
161118.SZ,2026-06-25,1.73,43914.0
161121.SZ,2026-06-22,1.547,14396.0
161121.SZ,2026-06-23,1.572,206677.0
161121.SZ,2026-06-24,1.531,181280.0
161121.SZ,2026-06-25,1.52,108463.0
161122.SZ,2026-06-22,0.486,218463.0
161122.SZ,2026-06-23,0.491,185271.0
161122.SZ,2026-06-24,0.495,445016.0
161122.SZ,2026-06-25,0.495,438551.0
161123.SZ,2026-06-22,1.598,85500.0
161123.SZ,2026-06-23,1.598,67700.0
161123.SZ,2026-06-24,1.593,89577.0
161123.SZ,2026-06-25,1.587,25368.0
161217.SZ,2026-06-22,2.411,559476.0
161217.SZ,2026-06-23,2.282,480189.0
161217.SZ,2026-06-24,2.269,259907.0
161217.SZ,2026-06-25,2.223,402229.0
161227.SZ,2026-06-22,1.866,433811.0
161227.SZ,2026-06-23,1.81,160929.0
161227.SZ,2026-06-24,1.819,178509.0
161227.SZ,2026-06-25,1.859,577089.0
161607.SZ,2026-06-22,1.243,16200.0
161607.SZ,2026-06-23,1.24,4100.0
161607.SZ,2026-06-24,1.228,7300.0
161607.SZ,2026-06-25,1.236,1600.0
161631.SZ,2026-06-22,3.28,1458789.0
161631.SZ,2026-06-23,3.18,951505.0
161631.SZ,2026-06-24,3.255,643054.0
161631.SZ,2026-06-25,3.359,1285264.0
161715.SZ,2026-06-22,2.42,475535.0
161715.SZ,2026-06-23,2.318,248962.0
161715.SZ,2026-06-24,2.328,223786.0
161715.SZ,2026-06-25,2.299,207078.0
161720.SZ,2026-06-22,1.188,1485023.0
161720.SZ,2026-06-23,1.192,2360364.0
161720.SZ,2026-06-24,1.172,1031239.0
161720.SZ,2026-06-25,1.207,1542142.0
161724.SZ,2026-06-22,2.235,170438.0
161724.SZ,2026-06-23,2.237,454882.0
161724.SZ,2026-06-24,2.163,400684.0
161724.SZ,2026-06-25,2.125,218550.0
161725.SZ,2026-06-22,0.527,94538664.0
161725.SZ,2026-06-23,0.518,89928518.0
161725.SZ,2026-06-24,0.507,96297832.0
161725.SZ,2026-06-25,0.516,127679315.0
161726.SZ,2026-06-22,0.344,9702717.0
161726.SZ,2026-06-23,0.348,16389074.0
161726.SZ,2026-06-24,0.355,16543873.0
161726.SZ,2026-06-25,0.356,13934947.0
161811.SZ,2026-06-22,1.13,73841.0
161811.SZ,2026-06-23,1.108,22927.0
161811.SZ,2026-06-24,1.109,4001.0
161811.SZ,2026-06-25,1.11,26500.0
161812.SZ,2026-06-22,1.57,855419.0
161812.SZ,2026-06-23,1.529,291834.0
161812.SZ,2026-06-24,1.533,95611.0
161812.SZ,2026-06-25,1.57,235005.0
161816.SZ,2026-06-22,1.01,163116.0
161816.SZ,2026-06-23,0.988,23554.0
161816.SZ,2026-06-24,1.038,217533.0
161816.SZ,2026-06-25,1.045,170300.0
162216.SZ,2026-06-22,1.824,33008.0
162216.SZ,2026-06-23,1.806,10800.0
162216.SZ,2026-06-24,1.825,2550.0
162216.SZ,2026-06-25,1.855,29378.0
162307.SZ,2026-06-22,1.631,23500.0
162307.SZ,2026-06-23,1.611,2695.0
162307.SZ,2026-06-24,1.605,2100.0
162307.SZ,2026-06-25,1.626,100.0
162412.SZ,2026-06-22,0.523,1619074.0
162412.SZ,2026-06-23,0.521,846023.0
162412.SZ,2026-06-24,0.528,1371000.0
162412.SZ,2026-06-25,0.532,1673747.0
162509.SZ,2026-06-22,1.078,72125.0
162509.SZ,2026-06-23,1.046,48700.0
162509.SZ,2026-06-24,1.052,3411.0
162509.SZ,2026-06-25,1.065,13365.0
162711.SZ,2026-06-22,2.071,85501.0
162711.SZ,2026-06-23,2.045,16800.0
162711.SZ,2026-06-24,2.069,34200.0
162711.SZ,2026-06-25,2.08,30700.0
163109.SZ,2026-06-22,0.889,671409.0
163109.SZ,2026-06-23,0.879,387235.0
163109.SZ,2026-06-24,0.874,68899.0
163109.SZ,2026-06-25,0.89,776462.0
163110.SZ,2026-06-22,2.54,74159.0
163110.SZ,2026-06-23,2.488,34458.0
163110.SZ,2026-06-24,2.5,121160.0
163110.SZ,2026-06-25,2.481,31400.0
163111.SZ,2026-06-22,1.704,6700.0
163111.SZ,2026-06-23,1.692,1583.0
163111.SZ,2026-06-24,1.701,35953.0
163111.SZ,2026-06-25,1.715,2959.0
163113.SZ,2026-06-22,0.953,2160299.0
163113.SZ,2026-06-23,0.959,1437181.0
163113.SZ,2026-06-24,0.943,1133609.0
163113.SZ,2026-06-25,0.966,556536.0
163114.SZ,2026-06-22,1.41,134721.0
163114.SZ,2026-06-23,1.368,70184.0
163114.SZ,2026-06-24,1.364,42674.0
163114.SZ,2026-06-25,1.365,42116.0
163115.SZ,2026-06-22,1.248,117385.0
163115.SZ,2026-06-23,1.224,39546.0
163115.SZ,2026-06-24,1.223,85595.0
163115.SZ,2026-06-25,1.216,8779.0
163116.SZ,2026-06-22,2.428,144635.0
163116.SZ,2026-06-23,2.38,56240.0
163116.SZ,2026-06-24,2.451,122576.0
163116.SZ,2026-06-25,2.547,206280.0
163118.SZ,2026-06-22,0.592,263109.0
163118.SZ,2026-06-23,0.598,591971.0
163118.SZ,2026-06-24,0.601,377600.0
163118.SZ,2026-06-25,0.608,371877.0
163407.SZ,2026-06-22,2.682,584302.0
163407.SZ,2026-06-23,2.614,1397248.0
163407.SZ,2026-06-24,2.614,1159500.0
163407.SZ,2026-06-25,2.627,222199.0
163821.SZ,2026-06-22,2.114,3300.0
163821.SZ,2026-06-23,2.109,100.0
163821.SZ,2026-06-24,2.109,
163821.SZ,2026-06-25,2.129,10300.0
164508.SZ,2026-06-22,1.431,14802.0
164508.SZ,2026-06-23,1.397,2003.0
164508.SZ,2026-06-24,1.396,7314.0
164508.SZ,2026-06-25,1.419,1300.0
165309.SZ,2026-06-22,2.06,6448.0
165309.SZ,2026-06-23,2.039,3200.0
165309.SZ,2026-06-24,2.057,5800.0
165309.SZ,2026-06-25,2.057,5600.0
165511.SZ,2026-06-22,2.45,11310.0
165511.SZ,2026-06-23,2.422,10657.0
165511.SZ,2026-06-24,2.447,52280.0
165511.SZ,2026-06-25,2.469,13889.0
165515.SZ,2026-06-22,1.4,132901.0
165515.SZ,2026-06-23,1.372,18700.0
165515.SZ,2026-06-24,1.375,11546.0
165515.SZ,2026-06-25,1.389,400.0
165519.SZ,2026-06-22,0.916,11300.0
165519.SZ,2026-06-23,0.925,27004.0
165519.SZ,2026-06-24,0.95,112425.0
165519.SZ,2026-06-25,0.947,72754.0
165520.SZ,2026-06-22,3.139,1072330.0
165520.SZ,2026-06-23,2.969,1180713.0
165520.SZ,2026-06-24,2.892,767001.0
165520.SZ,2026-06-25,2.821,755766.0
165521.SZ,2026-06-22,1.225,15300.0
165521.SZ,2026-06-23,1.246,61010.0
165521.SZ,2026-06-24,1.202,17229.0
165521.SZ,2026-06-25,1.22,28373.0
165522.SZ,2026-06-22,1.623,96988.0
165522.SZ,2026-06-23,1.58,95595.0
165522.SZ,2026-06-24,1.616,85364.0
165522.SZ,2026-06-25,1.662,111605.0
165525.SZ,2026-06-22,0.751,314611.0
165525.SZ,2026-06-23,0.737,220254.0
165525.SZ,2026-06-24,0.738,205600.0
165525.SZ,2026-06-25,0.74,359000.0
167301.SZ,2026-06-22,1.018,22647670.0
167301.SZ,2026-06-23,1.002,15037734.0
167301.SZ,2026-06-24,0.987,15206476.0
167301.SZ,2026-06-25,0.997,13937363.0
167302.SZ,2026-06-22,1.019,
167302.SZ,2026-06-23,1.011,9500.0
167302.SZ,2026-06-24,1.011,100.0
167302.SZ,2026-06-25,1.026,300.0
167506.SZ,2026-06-22,1.909,10700.0
167506.SZ,2026-06-23,1.858,3700.0
167506.SZ,2026-06-24,1.883,14400.0
167506.SZ,2026-06-25,1.884,34800.0
168203.SZ,2026-06-22,1.208,57635.0
168203.SZ,2026-06-23,1.2,45919.0
168203.SZ,2026-06-24,1.183,12201.0
168203.SZ,2026-06-25,1.164,59994.0
168204.SZ,2026-06-22,1.983,1055106.0
168204.SZ,2026-06-23,1.953,1031961.0
168204.SZ,2026-06-24,1.905,849651.0
168204.SZ,2026-06-25,1.876,1223877.0
168701.SZ,2026-06-22,1.033,428228.0
168701.SZ,2026-06-23,1.014,232114.0
168701.SZ,2026-06-24,0.996,79200.0
168701.SZ,2026-06-25,1.007,637639.0
501005.SH,2026-06-22,0.891,507119.0
501005.SH,2026-06-23,0.9,624300.0
501005.SH,2026-06-24,0.923,1197411.0
501005.SH,2026-06-25,0.937,1383263.0
501007.SH,2026-06-22,0.796,164761.0
501007.SH,2026-06-23,0.795,165489.0
501007.SH,2026-06-24,0.786,298800.0
501007.SH,2026-06-25,0.776,101863.0
501008.SH,2026-06-22,0.77,90742.0
501008.SH,2026-06-23,0.77,53304.0
501008.SH,2026-06-24,0.755,98582.0
501008.SH,2026-06-25,0.752,103068.0
501009.SH,2026-06-22,1.089,358000.0
501009.SH,2026-06-23,1.105,413900.0
501009.SH,2026-06-24,1.123,563351.0
501009.SH,2026-06-25,1.13,360663.0
501010.SH,2026-06-22,1.065,95949.0
501010.SH,2026-06-23,1.072,85894.0
501010.SH,2026-06-24,1.087,126094.0
501010.SH,2026-06-25,1.104,154020.0
501011.SH,2026-06-22,0.944,693849.0
501011.SH,2026-06-23,0.958,445446.0
501011.SH,2026-06-24,0.944,281700.0
501011.SH,2026-06-25,0.931,583565.0
501012.SH,2026-06-22,0.914,138774.0
501012.SH,2026-06-23,0.925,202900.0
501012.SH,2026-06-24,0.919,111409.0
501012.SH,2026-06-25,0.902,127046.0
501016.SH,2026-06-22,1.226,1246896.0
501016.SH,2026-06-23,1.235,1190222.0
501016.SH,2026-06-24,1.207,812845.0
501016.SH,2026-06-25,1.25,1233438.0
501019.SH,2026-06-22,1.357,826313.0
501019.SH,2026-06-23,1.318,405200.0
501019.SH,2026-06-24,1.315,165720.0
501019.SH,2026-06-25,1.327,531109.0
501021.SH,2026-06-22,1.303,239950.0
501021.SH,2026-06-23,1.256,253225.0
501021.SH,2026-06-24,1.269,59188.0
501021.SH,2026-06-25,1.268,210831.0
501025.SH,2026-06-22,1.743,3641429.0
501025.SH,2026-06-23,1.749,4658123.0
501025.SH,2026-06-24,1.741,9477335.0
501025.SH,2026-06-25,1.698,6380287.0
501029.SH,2026-06-22,1.702,1419644.0
501029.SH,2026-06-23,1.706,463000.0
501029.SH,2026-06-24,1.681,717562.0
501029.SH,2026-06-25,1.663,687653.0
501030.SH,2026-06-22,0.583,74600.0
501030.SH,2026-06-23,0.573,43700.0
501030.SH,2026-06-24,0.57,157700.0
501030.SH,2026-06-25,0.569,45900.0
501031.SH,2026-06-22,0.565,26200.0
501031.SH,2026-06-23,0.564,23674.0
501031.SH,2026-06-24,0.56,6586.0
501031.SH,2026-06-25,0.557,5500.0
501036.SH,2026-06-22,1.68,304848.0
501036.SH,2026-06-23,1.645,136400.0
501036.SH,2026-06-24,1.666,127943.0
501036.SH,2026-06-25,1.686,244768.0
501037.SH,2026-06-22,1.634,13048.0
501037.SH,2026-06-23,1.594,202657.0
501037.SH,2026-06-24,1.634,132668.0
501037.SH,2026-06-25,1.643,95000.0
501043.SH,2026-06-22,1.724,515008.0
501043.SH,2026-06-23,1.687,676969.0
501043.SH,2026-06-24,1.686,433000.0
501043.SH,2026-06-25,1.71,147156.0
501045.SH,2026-06-22,1.685,128587.0
501045.SH,2026-06-23,1.649,93329.0
501045.SH,2026-06-24,1.646,13453.0
501045.SH,2026-06-25,1.666,75664.0
501047.SH,2026-06-22,1.149,168477.0
501047.SH,2026-06-23,1.158,280214.0
501047.SH,2026-06-24,1.126,203199.0
501047.SH,2026-06-25,1.162,108872.0
501048.SH,2026-06-22,1.136,153549.0
501048.SH,2026-06-23,1.14,168172.0
501048.SH,2026-06-24,1.114,56144.0
501048.SH,2026-06-25,1.15,163888.0
501050.SH,2026-06-22,1.767,1561902.0
501050.SH,2026-06-23,1.729,575700.0
501050.SH,2026-06-24,1.727,551306.0
501050.SH,2026-06-25,1.739,666019.0
501057.SH,2026-06-22,2.599,796530.0
501057.SH,2026-06-23,2.503,547700.0
501057.SH,2026-06-24,2.529,602400.0
501057.SH,2026-06-25,2.499,345300.0
501058.SH,2026-06-22,2.558,79731.0
501058.SH,2026-06-23,2.441,116132.0
501058.SH,2026-06-24,2.496,109170.0
501058.SH,2026-06-25,2.456,68100.0
501059.SH,2026-06-22,2.156,19962.0
501059.SH,2026-06-23,2.158,34101.0
501059.SH,2026-06-24,2.127,37900.0
501059.SH,2026-06-25,2.106,22900.0
501060.SH,2026-06-22,2.308,367681.0
501060.SH,2026-06-23,2.283,137700.0
501060.SH,2026-06-24,2.261,421900.0
501060.SH,2026-06-25,2.247,284200.0
501061.SH,2026-06-22,2.225,
501061.SH,2026-06-23,2.242,400.0
501061.SH,2026-06-24,2.22,300.0
501061.SH,2026-06-25,2.208,500.0
501089.SH,2026-06-22,0.986,466044.0
501089.SH,2026-06-23,0.982,417273.0
501089.SH,2026-06-24,0.973,338646.0
501089.SH,2026-06-25,0.966,730356.0
501090.SH,2026-06-22,1.028,1082500.0
501090.SH,2026-06-23,1.019,356400.0
501090.SH,2026-06-24,1.007,996844.0
501090.SH,2026-06-25,1.01,657962.0
501201.SH,2026-06-22,3.538,2743169.0
501201.SH,2026-06-23,3.408,3203247.0
501201.SH,2026-06-24,3.441,2307118.0
501201.SH,2026-06-25,3.589,2454087.0
501219.SH,2026-06-22,1.838,1598913.0
501219.SH,2026-06-23,1.798,1497361.0
501219.SH,2026-06-24,1.83,1946937.0
501219.SH,2026-06-25,1.833,1120248.0
501301.SH,2026-06-22,1.16,3962691.0
501301.SH,2026-06-23,1.128,2427775.0
501301.SH,2026-06-24,1.132,6376989.0
501301.SH,2026-06-25,1.118,577400.0
501302.SH,2026-06-22,1.084,100876.0
501302.SH,2026-06-23,1.059,308500.0
501302.SH,2026-06-24,1.067,67800.0
501302.SH,2026-06-25,1.048,93500.0
501303.SH,2026-06-22,0.997,45724.0
501303.SH,2026-06-23,0.974,23903.0
501303.SH,2026-06-24,0.971,15601.0
501303.SH,2026-06-25,0.969,9600.0
501305.SH,2026-06-22,1.229,157111.0
501305.SH,2026-06-23,1.204,96278.0
501305.SH,2026-06-24,1.202,81500.0
501305.SH,2026-06-25,1.179,225559.0
501306.SH,2026-06-22,1.19,26900.0
501306.SH,2026-06-23,1.166,32300.0
501306.SH,2026-06-24,1.157,74942.0
501306.SH,2026-06-25,1.139,173929.0
501307.SH,2026-06-22,1.199,99149.0
501307.SH,2026-06-23,1.187,25000.0
501307.SH,2026-06-24,1.174,130400.0
501307.SH,2026-06-25,1.153,185867.0
501310.SH,2026-06-22,1.311,58500.0
501310.SH,2026-06-23,1.311,7700.0
501310.SH,2026-06-24,1.289,21400.0
501310.SH,2026-06-25,1.269,64800.0
501311.SH,2026-06-22,0.883,1196489.0
501311.SH,2026-06-23,0.855,683756.0
501311.SH,2026-06-24,0.871,864100.0
501311.SH,2026-06-25,0.856,135000.0
502000.SH,2026-06-22,2.257,316984.0
502000.SH,2026-06-23,2.238,328080.0
502000.SH,2026-06-24,2.264,264063.0
502000.SH,2026-06-25,2.298,413758.0
502003.SH,2026-06-22,1.562,428032.0
502003.SH,2026-06-23,1.509,311398.0
502003.SH,2026-06-24,1.529,275010.0
502003.SH,2026-06-25,1.522,156488.0
502006.SH,2026-06-22,1.625,34196.0
502006.SH,2026-06-23,1.609,20627.0
502006.SH,2026-06-24,1.594,13520.0
502006.SH,2026-06-25,1.619,31661.0
502010.SH,2026-06-22,1.3,893267.0
502010.SH,2026-06-23,1.309,1768269.0
502010.SH,2026-06-24,1.282,705932.0
502010.SH,2026-06-25,1.321,509844.0
502013.SH,2026-06-22,1.424,223319.0
502013.SH,2026-06-23,1.419,53900.0
502013.SH,2026-06-24,1.396,14994.0
502013.SH,2026-06-25,1.407,32357.0
502023.SH,2026-06-22,1.623,25300.0
502023.SH,2026-06-23,1.613,16800.0
502023.SH,2026-06-24,1.594,3800.0
502023.SH,2026-06-25,1.564,5900.0
502048.SH,2026-06-22,1.273,696994.0
502048.SH,2026-06-23,1.24,430158.0
502048.SH,2026-06-24,1.247,186367.0
502048.SH,2026-06-25,1.262,168149.0
502053.SH,2026-06-22,1.115,1012413.0
502053.SH,2026-06-23,1.114,848876.0
502053.SH,2026-06-24,1.101,723106.0
502053.SH,2026-06-25,1.124,1092152.0
502056.SH,2026-06-22,0.595,378070.0
502056.SH,2026-06-23,0.594,247300.0
502056.SH,2026-06-24,0.6,202500.0
502056.SH,2026-06-25,0.604,471808.0
510010.SH,2026-06-22,1.726,88400.0
510010.SH,2026-06-23,1.683,42700.0
510010.SH,2026-06-24,1.673,24900.0
510010.SH,2026-06-25,1.668,8100.0
510020.SH,2026-06-22,3.94,691000.0
510020.SH,2026-06-23,3.879,1192100.0
510020.SH,2026-06-24,3.894,1799600.0
510020.SH,2026-06-25,3.881,527100.0
510030.SH,2026-06-22,1.013,4905900.0
510030.SH,2026-06-23,1.007,4125400.0
510030.SH,2026-06-24,0.991,4645300.0
510030.SH,2026-06-25,0.987,4889500.0
510040.SH,2026-06-22,1.225,4743800.0
510040.SH,2026-06-23,1.191,4182900.0
510040.SH,2026-06-24,1.199,5157600.0
510040.SH,2026-06-25,1.21,3723100.0
510050.SH,2026-06-22,3.097,1417508353.0
510050.SH,2026-06-23,3.005,1047313563.0
510050.SH,2026-06-24,3.024,1293619668.0
510050.SH,2026-06-25,3.059,657604765.0
510060.SH,2026-06-22,2.553,400089.0
510060.SH,2026-06-23,2.534,438678.0
510060.SH,2026-06-24,2.515,49600.0
510060.SH,2026-06-25,2.539,144400.0
510090.SH,2026-06-22,2.502,2200.0
510090.SH,2026-06-23,2.48,14800.0
510090.SH,2026-06-24,2.417,4400.0
510090.SH,2026-06-25,2.412,10300.0
510100.SH,2026-06-22,3.04,150762561.0
510100.SH,2026-06-23,2.947,121771525.0
510100.SH,2026-06-24,2.969,202402522.0
510100.SH,2026-06-25,3.004,144015223.0
510130.SH,2026-06-22,7.785,676200.0
510130.SH,2026-06-23,7.596,231200.0
510130.SH,2026-06-24,7.62,286100.0
510130.SH,2026-06-25,7.69,179900.0
510150.SH,2026-06-22,0.462,98216800.0
510150.SH,2026-06-23,0.456,70340100.0
510150.SH,2026-06-24,0.461,109598909.0
510150.SH,2026-06-25,0.462,68546200.0
510160.SH,2026-06-22,0.898,1820800.0
510160.SH,2026-06-23,0.877,1065100.0
510160.SH,2026-06-24,0.856,414000.0
510160.SH,2026-06-25,0.849,1196400.0
510170.SH,2026-06-22,1.495,19373300.0
510170.SH,2026-06-23,1.406,24284900.0
510170.SH,2026-06-24,1.42,32572300.0
510170.SH,2026-06-25,1.405,30260939.0
510180.SH,2026-06-22,4.196,46333018.0
510180.SH,2026-06-23,4.087,54540718.0
510180.SH,2026-06-24,4.117,64635468.0
510180.SH,2026-06-25,4.165,68390500.0
510190.SH,2026-06-22,4.408,527000.0
510190.SH,2026-06-23,4.292,445300.0
510190.SH,2026-06-24,4.315,121200.0
510190.SH,2026-06-25,4.368,325200.0
510200.SH,2026-06-22,1.216,13192000.0
510200.SH,2026-06-23,1.218,14388300.0
510200.SH,2026-06-24,1.203,6435600.0
510200.SH,2026-06-25,1.24,9099000.0
510210.SH,2026-06-22,1.045,798425802.0
510210.SH,2026-06-23,1.029,918068800.0
510210.SH,2026-06-24,1.032,595881742.0
510210.SH,2026-06-25,1.034,509186511.0
510230.SH,2026-06-22,1.279,194088200.0
510230.SH,2026-06-23,1.279,256250900.0
510230.SH,2026-06-24,1.247,255589100.0
510230.SH,2026-06-25,1.254,332163299.0
510270.SH,2026-06-22,1.52,439800.0
510270.SH,2026-06-23,1.486,859900.0
510270.SH,2026-06-24,1.479,811900.0
510270.SH,2026-06-25,1.477,200600.0
510290.SH,2026-06-22,2.825,1176700.0
510290.SH,2026-06-23,2.786,1771700.0
510290.SH,2026-06-24,2.823,1697500.0
510290.SH,2026-06-25,2.855,1028800.0
510300.SH,2026-06-22,5.091,1913157765.0
510300.SH,2026-06-23,4.942,2617335439.0
510300.SH,2026-06-24,4.967,2590673409.0
510300.SH,2026-06-25,5.048,2640608736.0
510310.SH,2026-06-22,4.933,1164515455.0
510310.SH,2026-06-23,4.796,1539127091.0
510310.SH,2026-06-24,4.817,1419404327.0
510310.SH,2026-06-25,4.894,1992086080.0
510320.SH,2026-06-22,1.371,24174800.0
510320.SH,2026-06-23,1.328,19758550.0
510320.SH,2026-06-24,1.337,19735000.0
510320.SH,2026-06-25,1.353,10225100.0
510330.SH,2026-06-22,5.302,343463971.0
510330.SH,2026-06-23,5.15,1138733671.0
510330.SH,2026-06-24,5.176,1283449044.0
510330.SH,2026-06-25,5.259,1853386863.0
510350.SH,2026-06-22,5.312,4734124.0
510350.SH,2026-06-23,5.185,5009700.0
510350.SH,2026-06-24,5.191,3117500.0
510350.SH,2026-06-25,5.273,2604600.0
510360.SH,2026-06-22,1.942,36378400.0
510360.SH,2026-06-23,1.886,38185000.0
510360.SH,2026-06-24,1.888,32931053.0
510360.SH,2026-06-25,1.92,17994700.0
510370.SH,2026-06-22,1.127,4989300.0
510370.SH,2026-06-23,1.11,2771500.0
510370.SH,2026-06-24,1.101,4370400.0
510370.SH,2026-06-25,1.12,3421600.0
510380.SH,2026-06-22,1.502,545200.0
510380.SH,2026-06-23,1.456,572300.0
510380.SH,2026-06-24,1.468,725000.0
510380.SH,2026-06-25,1.488,517900.0
510390.SH,2026-06-22,5.729,773200.0
510390.SH,2026-06-23,5.548,1619900.0
510390.SH,2026-06-24,5.58,2267318.0
510390.SH,2026-06-25,5.673,884800.0
510410.SH,2026-06-22,2.078,21834700.0
510410.SH,2026-06-23,1.956,28416900.0
510410.SH,2026-06-24,1.959,9763200.0
510410.SH,2026-06-25,1.932,15097700.0
510500.SH,2026-06-22,9.007,370108740.0
510500.SH,2026-06-23,8.815,423346147.0
510500.SH,2026-06-24,8.985,282708434.0
510500.SH,2026-06-25,9.085,206275576.0
510510.SH,2026-06-22,2.85,23203700.0
510510.SH,2026-06-23,2.79,31880600.0
510510.SH,2026-06-24,2.841,26237500.0
510510.SH,2026-06-25,2.872,21499000.0
510530.SH,2026-06-22,9.8,598400.0
510530.SH,2026-06-23,9.651,1042300.0
510530.SH,2026-06-24,9.786,642700.0
510530.SH,2026-06-25,9.908,469400.0
510550.SH,2026-06-22,2.266,841400.0
510550.SH,2026-06-23,2.228,570000.0
510550.SH,2026-06-24,2.261,503000.0
510550.SH,2026-06-25,2.279,732900.0
510560.SH,2026-06-22,2.181,554200.0
510560.SH,2026-06-23,2.144,314700.0
510560.SH,2026-06-24,2.186,562900.0
510560.SH,2026-06-25,2.192,451900.0
510570.SH,2026-06-22,1.386,4376200.0
510570.SH,2026-06-23,1.375,2578400.0
510570.SH,2026-06-24,1.397,5069400.0
510570.SH,2026-06-25,1.413,2386000.0
510580.SH,2026-06-22,4.626,58618436.0
510580.SH,2026-06-23,4.535,52233362.0
510580.SH,2026-06-24,4.615,49681999.0
510580.SH,2026-06-25,4.669,52415904.0
510590.SH,2026-06-22,9.548,594038.0
510590.SH,2026-06-23,9.327,348200.0
510590.SH,2026-06-24,9.508,299500.0
510590.SH,2026-06-25,9.599,845400.0
510600.SH,2026-06-22,3.998,1126500.0
510600.SH,2026-06-23,3.902,974500.0
510600.SH,2026-06-24,3.874,1857900.0
510600.SH,2026-06-25,3.94,222100.0
510630.SH,2026-06-22,0.769,75117300.0
510630.SH,2026-06-23,0.757,38932000.0
510630.SH,2026-06-24,0.752,47177400.0
510630.SH,2026-06-25,0.747,58222700.0
510650.SH,2026-06-22,2.763,552100.0
510650.SH,2026-06-23,2.764,46900.0
510650.SH,2026-06-24,2.708,1044100.0
510650.SH,2026-06-25,2.705,229000.0
510660.SH,2026-06-22,2.174,6634100.0
510660.SH,2026-06-23,2.182,11458600.0
510660.SH,2026-06-24,2.226,10014900.0
510660.SH,2026-06-25,2.238,6368400.0
510670.SH,2026-06-22,1.034,10885500.0
510670.SH,2026-06-23,1.004,12075700.0
510670.SH,2026-06-24,1.015,12265700.0
510670.SH,2026-06-25,1.027,5243700.0
510680.SH,2026-06-22,3.264,3924400.0
510680.SH,2026-06-23,3.194,2298800.0
510680.SH,2026-06-24,3.196,3682400.0
510680.SH,2026-06-25,3.23,1187400.0
510710.SH,2026-06-22,4.408,1777600.0
510710.SH,2026-06-23,4.319,975400.0
510710.SH,2026-06-24,4.3,5474600.0
510710.SH,2026-06-25,4.35,565765.0
510720.SH,2026-06-22,0.978,325909900.0
510720.SH,2026-06-23,0.969,203903200.0
510720.SH,2026-06-24,0.95,407924700.0
510720.SH,2026-06-25,0.935,310853100.0
510760.SH,2026-06-22,1.352,223129100.0
510760.SH,2026-06-23,1.333,195046800.0
510760.SH,2026-06-24,1.332,134264300.0
510760.SH,2026-06-25,1.331,138913400.0
510770.SH,2026-06-22,1.22,9193000.0
510770.SH,2026-06-23,1.191,6497900.0
510770.SH,2026-06-24,1.235,10391100.0
510770.SH,2026-06-25,1.262,7520250.0
510800.SH,2026-06-22,1.428,5598000.0
510800.SH,2026-06-23,1.39,4817900.0
510800.SH,2026-06-24,1.398,4756200.0
510800.SH,2026-06-25,1.412,3655400.0
510810.SH,2026-06-22,0.837,9373400.0
510810.SH,2026-06-23,0.831,5961700.0
510810.SH,2026-06-24,0.82,7859300.0
510810.SH,2026-06-25,0.822,7935300.0
510850.SH,2026-06-22,3.645,3706400.0
510850.SH,2026-06-23,3.541,3881700.0
510850.SH,2026-06-24,3.562,6471300.0
510850.SH,2026-06-25,3.607,2838800.0
510880.SH,2026-06-22,3.125,354088357.0
510880.SH,2026-06-23,3.104,206025270.0
510880.SH,2026-06-24,3.048,341368300.0
510880.SH,2026-06-25,3.006,342219912.0
510910.SH,2026-06-22,1.024,25354000.0
510910.SH,2026-06-23,1.011,8883100.0
510910.SH,2026-06-24,1.014,8164700.0
510910.SH,2026-06-25,1.017,10085100.0
510950.SH,2026-06-22,1.015,15483323.0
510950.SH,2026-06-23,0.985,14363845.0
510950.SH,2026-06-24,0.99,18567373.0
510950.SH,2026-06-25,1.001,9309760.0
510980.SH,2026-06-22,1.457,57289300.0
510980.SH,2026-06-23,1.442,62366900.0
510980.SH,2026-06-24,1.438,47341800.0
510980.SH,2026-06-25,1.44,44790600.0
510990.SH,2026-06-22,1.077,7942100.0
510990.SH,2026-06-23,1.05,4221200.0
510990.SH,2026-06-24,1.055,5980500.0
510990.SH,2026-06-25,1.065,4987500.0
512000.SH,2026-06-22,0.539,5962516671.0
512000.SH,2026-06-23,0.54,4700898945.0
512000.SH,2026-06-24,0.531,3149300952.0
512000.SH,2026-06-25,0.55,4665520331.0
512010.SH,2026-06-22,0.333,1620529688.0
512010.SH,2026-06-23,0.333,2334422885.0
512010.SH,2026-06-24,0.341,2880599709.0
512010.SH,2026-06-25,0.341,1896428349.0
512020.SH,2026-06-22,1.427,33524961.0
512020.SH,2026-06-23,1.387,47082940.0
512020.SH,2026-06-24,1.398,46996200.0
512020.SH,2026-06-25,1.42,39777199.0
512030.SH,2026-06-22,1.152,3765900.0
512030.SH,2026-06-23,1.128,1539800.0
512030.SH,2026-06-24,1.125,2949100.0
512030.SH,2026-06-25,1.134,1979800.0
512040.SH,2026-06-22,1.187,345093904.0
512040.SH,2026-06-23,1.174,133191125.0
512040.SH,2026-06-24,1.164,186952100.0
512040.SH,2026-06-25,1.153,305291823.0
512050.SH,2026-06-22,1.349,1386641818.0
512050.SH,2026-06-23,1.306,1399453454.0
512050.SH,2026-06-24,1.319,1442100125.0
512050.SH,2026-06-25,1.34,1031161328.0
512060.SH,2026-06-22,1.32,1120600.0
512060.SH,2026-06-23,1.272,1230500.0
512060.SH,2026-06-24,1.283,2119300.0
512060.SH,2026-06-25,1.299,1434800.0
512070.SH,2026-06-22,0.81,1593892753.0
512070.SH,2026-06-23,0.8,1150092602.0
512070.SH,2026-06-24,0.783,834949576.0
512070.SH,2026-06-25,0.803,1003864692.0
512080.SH,2026-06-22,1.443,6793200.0
512080.SH,2026-06-23,1.4,11185400.0
512080.SH,2026-06-24,1.413,13155600.0
512080.SH,2026-06-25,1.438,7968700.0
512090.SH,2026-06-22,2.161,68074400.0
512090.SH,2026-06-23,2.098,38774400.0
512090.SH,2026-06-24,2.114,54808100.0
512090.SH,2026-06-25,2.148,26599000.0
512100.SH,2026-06-22,3.58,580212395.0
512100.SH,2026-06-23,3.51,580459780.0
512100.SH,2026-06-24,3.551,882868186.0
512100.SH,2026-06-25,3.569,417739741.0
512120.SH,2026-06-22,0.407,42145600.0
512120.SH,2026-06-23,0.41,44043400.0
512120.SH,2026-06-24,0.419,67501900.0
512120.SH,2026-06-25,0.422,44495700.0
512130.SH,2026-06-22,1.168,180000.0
512130.SH,2026-06-23,1.136,99900.0
512130.SH,2026-06-24,1.113,4140600.0
512130.SH,2026-06-25,1.113,81300.0
512140.SH,2026-06-22,0.964,19459300.0
512140.SH,2026-06-23,0.952,12212100.0
512140.SH,2026-06-24,0.936,22112300.0
512140.SH,2026-06-25,0.917,19678000.0
512150.SH,2026-06-22,2.03,717100.0
512150.SH,2026-06-23,1.975,428000.0
512150.SH,2026-06-24,1.972,232400.0
512150.SH,2026-06-25,1.994,338800.0
512160.SH,2026-06-22,1.65,1325800.0
512160.SH,2026-06-23,1.606,968200.0
512160.SH,2026-06-24,1.616,4284700.0
512160.SH,2026-06-25,1.634,709100.0
512170.SH,2026-06-22,0.297,2359268896.0
512170.SH,2026-06-23,0.298,2062647384.0
512170.SH,2026-06-24,0.302,2361449211.0
512170.SH,2026-06-25,0.302,2083115175.0
512180.SH,2026-06-22,1.854,90700.0
512180.SH,2026-06-23,1.831,127700.0
512180.SH,2026-06-24,1.819,68300.0
512180.SH,2026-06-25,1.831,28700.0
512190.SH,2026-06-22,2.88,380800.0
512190.SH,2026-06-23,2.835,104800.0
512190.SH,2026-06-24,2.896,563300.0
512190.SH,2026-06-25,2.905,317400.0
512200.SH,2026-06-22,1.241,234236099.0
512200.SH,2026-06-23,1.233,101123077.0
512200.SH,2026-06-24,1.212,137073701.0
512200.SH,2026-06-25,1.202,165598371.0
512220.SH,2026-06-22,4.849,10556400.0
512220.SH,2026-06-23,4.705,13738500.0
512220.SH,2026-06-24,4.862,11889700.0
512220.SH,2026-06-25,5.083,7741600.0
512240.SH,2026-06-22,1.218,2812700.0
512240.SH,2026-06-23,1.193,1848800.0
512240.SH,2026-06-24,1.189,3651100.0
512240.SH,2026-06-25,1.186,2108400.0
512250.SH,2026-06-22,1.299,1865100.0
512250.SH,2026-06-23,1.258,1360900.0
512250.SH,2026-06-24,1.266,2625800.0
512250.SH,2026-06-25,1.277,1682700.0
512260.SH,2026-06-22,2.01,1041700.0
512260.SH,2026-06-23,1.992,586400.0
512260.SH,2026-06-24,1.986,294000.0
512260.SH,2026-06-25,1.99,937800.0
512290.SH,2026-06-22,0.887,116217000.0
512290.SH,2026-06-23,0.891,163592204.0
512290.SH,2026-06-24,0.911,206180880.0
512290.SH,2026-06-25,0.923,198708600.0
512330.SH,2026-06-22,2.146,107335200.0
512330.SH,2026-06-23,2.13,5646100.0
512330.SH,2026-06-24,2.229,8353900.0
512330.SH,2026-06-25,2.3,8061300.0
512360.SH,2026-06-22,1.955,86000.0
512360.SH,2026-06-23,1.939,24300.0
512360.SH,2026-06-24,1.919,119300.0
512360.SH,2026-06-25,1.995,161000.0
512370.SH,2026-06-22,1.28,8135600.0
512370.SH,2026-06-23,1.247,12969100.0
512370.SH,2026-06-24,1.255,11887900.0
512370.SH,2026-06-25,1.273,3642700.0
512380.SH,2026-06-22,1.753,405000.0
512380.SH,2026-06-23,1.703,883000.0
512380.SH,2026-06-24,1.72,1453300.0
512380.SH,2026-06-25,1.744,599500.0
512390.SH,2026-06-22,1.292,754600.0
512390.SH,2026-06-23,1.291,1057100.0
512390.SH,2026-06-24,1.274,1320300.0
512390.SH,2026-06-25,1.29,517800.0
512400.SH,2026-06-22,2.155,931878216.0
512400.SH,2026-06-23,1.976,1089698723.0
512400.SH,2026-06-24,1.98,837687731.0
512400.SH,2026-06-25,1.922,676903848.0
512430.SH,2026-06-22,0.953,2046600.0
512430.SH,2026-06-23,0.943,786400.0
512430.SH,2026-06-24,0.936,3078000.0
512430.SH,2026-06-25,0.93,1469200.0
512450.SH,2026-06-22,0.814,4625500.0
512450.SH,2026-06-23,0.809,8930000.0
512450.SH,2026-06-24,0.793,11140700.0
512450.SH,2026-06-25,0.787,8212600.0
512460.SH,2026-06-22,1.1,32685600.0
512460.SH,2026-06-23,1.051,23237600.0
512460.SH,2026-06-24,1.06,19644800.0
512460.SH,2026-06-25,1.052,13555000.0
512480.SH,2026-06-22,2.552,769111821.0
512480.SH,2026-06-23,2.512,772716822.0
512480.SH,2026-06-24,2.652,877675046.0
512480.SH,2026-06-25,2.774,752743315.0
512500.SH,2026-06-22,4.992,131063569.0
512500.SH,2026-06-23,4.896,82960044.0
512500.SH,2026-06-24,4.98,83820107.0
512500.SH,2026-06-25,5.044,76360167.0
512510.SH,2026-06-22,2.619,9585891.0
512510.SH,2026-06-23,2.566,9659797.0
512510.SH,2026-06-24,2.615,5883943.0
512510.SH,2026-06-25,2.642,5412497.0
512520.SH,2026-06-22,1.584,779000.0
512520.SH,2026-06-23,1.562,59700.0
512520.SH,2026-06-24,1.551,397500.0
512520.SH,2026-06-25,1.57,174328.0
512530.SH,2026-06-22,1.525,5823900.0
512530.SH,2026-06-23,1.519,6375500.0
512530.SH,2026-06-24,1.49,5868800.0
512530.SH,2026-06-25,1.475,3432400.0
512550.SH,2026-06-22,1.939,9958300.0
512550.SH,2026-06-23,1.88,9580900.0
512550.SH,2026-06-24,1.894,3207200.0
512550.SH,2026-06-25,1.914,3864000.0
512560.SH,2026-06-22,0.812,56760879.0
512560.SH,2026-06-23,0.78,52731200.0
512560.SH,2026-06-24,0.789,49897551.0
512560.SH,2026-06-25,0.789,36997800.0
512570.SH,2026-06-22,1.138,237514375.0
512570.SH,2026-06-23,1.139,255561368.0
512570.SH,2026-06-24,1.121,194611300.0
512570.SH,2026-06-25,1.156,218653600.0
512580.SH,2026-06-22,1.38,8543100.0
512580.SH,2026-06-23,1.329,11076000.0
512580.SH,2026-06-24,1.335,7268100.0
512580.SH,2026-06-25,1.333,4501000.0
512600.SH,2026-06-22,0.536,22326653.0
512600.SH,2026-06-23,0.527,15275600.0
512600.SH,2026-06-24,0.52,17425400.0
512600.SH,2026-06-25,0.522,18463200.0
512620.SH,2026-06-22,0.83,11578900.0
512620.SH,2026-06-23,0.815,9958100.0
512620.SH,2026-06-24,0.802,17818300.0
512620.SH,2026-06-25,0.791,7477500.0
512630.SH,2026-06-22,1.36,140841816.0
512630.SH,2026-06-23,1.305,116423400.0
512630.SH,2026-06-24,1.329,122511245.0
512630.SH,2026-06-25,1.338,116310644.0
512640.SH,2026-06-22,2.296,4515000.0
512640.SH,2026-06-23,2.292,4447300.0
512640.SH,2026-06-24,2.245,3192400.0
512640.SH,2026-06-25,2.256,1729000.0
512650.SH,2026-06-22,1.476,3614500.0
512650.SH,2026-06-23,1.462,2692600.0
512650.SH,2026-06-24,1.47,4373400.0
512650.SH,2026-06-25,1.495,2110000.0
512660.SH,2026-06-22,1.298,286142831.0
512660.SH,2026-06-23,1.252,212929100.0
512660.SH,2026-06-24,1.262,200802474.0
512660.SH,2026-06-25,1.26,168412600.0
512670.SH,2026-06-22,0.877,97103300.0
512670.SH,2026-06-23,0.844,86634000.0
512670.SH,2026-06-24,0.849,59821400.0
512670.SH,2026-06-25,0.849,68209900.0
512680.SH,2026-06-22,1.328,36501901.0
512680.SH,2026-06-23,1.28,30687100.0
512680.SH,2026-06-24,1.291,57760300.0
512680.SH,2026-06-25,1.288,33121500.0
512690.SH,2026-06-22,0.407,2257714586.0
512690.SH,2026-06-23,0.399,1745172097.0
512690.SH,2026-06-24,0.39,1897967400.0
512690.SH,2026-06-25,0.396,2339498536.0
512700.SH,2026-06-22,1.42,61934100.0
512700.SH,2026-06-23,1.432,80352100.0
512700.SH,2026-06-24,1.402,78902600.0
512700.SH,2026-06-25,1.387,58431200.0
512710.SH,2026-06-22,0.689,513449641.0
512710.SH,2026-06-23,0.666,466677305.0
512710.SH,2026-06-24,0.664,313120300.0
512710.SH,2026-06-25,0.662,384930384.0
512720.SH,2026-06-22,1.263,27417297.0
512720.SH,2026-06-23,1.223,24028350.0
512720.SH,2026-06-24,1.249,27470800.0
512720.SH,2026-06-25,1.272,27009100.0
512730.SH,2026-06-22,1.584,10530700.0
512730.SH,2026-06-23,1.596,6299200.0
512730.SH,2026-06-24,1.559,12057900.0
512730.SH,2026-06-25,1.549,3569400.0
512750.SH,2026-06-22,1.369,2885200.0
512750.SH,2026-06-23,1.354,1025100.0
512750.SH,2026-06-24,1.333,1236600.0
512750.SH,2026-06-25,1.33,1439700.0
512760.SH,2026-06-22,1.355,508668207.0
512760.SH,2026-06-23,1.334,505813222.0
512760.SH,2026-06-24,1.409,590822775.0
512760.SH,2026-06-25,1.48,606608900.0
512770.SH,2026-06-22,3.187,4168500.0
512770.SH,2026-06-23,3.087,1896100.0
512770.SH,2026-06-24,3.164,3025700.0
512770.SH,2026-06-25,3.293,1398700.0
512800.SH,2026-06-22,0.771,1659863678.0
512800.SH,2026-06-23,0.778,1244068860.0
512800.SH,2026-06-24,0.761,1240928627.0
512800.SH,2026-06-25,0.753,1238922624.0
512810.SH,2026-06-22,0.753,46470800.0
512810.SH,2026-06-23,0.728,55234500.0
512810.SH,2026-06-24,0.734,63588000.0
512810.SH,2026-06-25,0.734,37140500.0
512820.SH,2026-06-22,1.353,76666000.0
512820.SH,2026-06-23,1.366,83427500.0
512820.SH,2026-06-24,1.337,81594900.0
512820.SH,2026-06-25,1.324,63001500.0
512870.SH,2026-06-22,1.61,618100.0
512870.SH,2026-06-23,1.609,178800.0
512870.SH,2026-06-24,1.621,387600.0
512870.SH,2026-06-25,1.746,277100.0
512880.SH,2026-06-22,1.131,5112703846.0
512880.SH,2026-06-23,1.131,4349564356.0
512880.SH,2026-06-24,1.111,3088978861.0
512880.SH,2026-06-25,1.149,3698637079.0
512890.SH,2026-06-22,1.114,1028564500.0
512890.SH,2026-06-23,1.118,885441072.0
512890.SH,2026-06-24,1.099,791890777.0
512890.SH,2026-06-25,1.086,685895086.0
512900.SH,2026-06-22,1.116,108194200.0
512900.SH,2026-06-23,1.119,99912800.0
512900.SH,2026-06-24,1.098,68229300.0
512900.SH,2026-06-25,1.137,174064100.0
512910.SH,2026-06-22,1.43,11199500.0
512910.SH,2026-06-23,1.381,7510600.0
512910.SH,2026-06-24,1.392,10140600.0
512910.SH,2026-06-25,1.411,7960000.0
512930.SH,2026-06-22,0.757,312396788.0
512930.SH,2026-06-23,0.73,280107200.0
512930.SH,2026-06-24,0.747,290943600.0
512930.SH,2026-06-25,0.774,310157700.0
512940.SH,2026-06-22,0.957,61186100.0
512940.SH,2026-06-23,0.883,65868800.0
512940.SH,2026-06-24,0.88,93828600.0
512940.SH,2026-06-25,0.859,64870300.0
512950.SH,2026-06-22,1.618,6131500.0
512950.SH,2026-06-23,1.574,19441400.0
512950.SH,2026-06-24,1.587,8194900.0
512950.SH,2026-06-25,1.6,4513500.0
512960.SH,2026-06-22,1.562,15466500.0
512960.SH,2026-06-23,1.55,8502500.0
512960.SH,2026-06-24,1.536,3347300.0
512960.SH,2026-06-25,1.55,14124900.0
512970.SH,2026-06-22,1.704,592600.0
512970.SH,2026-06-23,1.657,897800.0
512970.SH,2026-06-24,1.693,742500.0
512970.SH,2026-06-25,1.737,750900.0
512980.SH,2026-06-22,0.853,243202706.0
512980.SH,2026-06-23,0.825,181258500.0
512980.SH,2026-06-24,0.821,140959200.0
512980.SH,2026-06-25,0.827,169678374.0
512990.SH,2026-06-22,2.199,2796500.0
512990.SH,2026-06-23,2.14,1101800.0
512990.SH,2026-06-24,2.154,4120600.0
512990.SH,2026-06-25,2.19,841900.0
513020.SH,2026-06-22,0.92,243331214.0
513020.SH,2026-06-23,0.883,180535592.0
513020.SH,2026-06-24,0.905,247837524.0
513020.SH,2026-06-25,0.894,238088102.0
513040.SH,2026-06-22,0.912,536073600.0
513040.SH,2026-06-23,0.873,581596441.0
513040.SH,2026-06-24,0.879,633202278.0
513040.SH,2026-06-25,0.854,470062100.0
513070.SH,2026-06-22,1.062,179523100.0
513070.SH,2026-06-23,1.041,173058206.0
513070.SH,2026-06-24,1.047,84745931.0
513070.SH,2026-06-25,1.043,101258700.0
513090.SH,2026-06-22,1.887,10023048788.0
513090.SH,2026-06-23,1.839,6500867820.0
513090.SH,2026-06-24,1.81,4605119558.0
513090.SH,2026-06-25,1.812,7328602859.0
513150.SH,2026-06-22,0.936,72045000.0
513150.SH,2026-06-23,0.9,102766000.0
513150.SH,2026-06-24,0.922,108090600.0
513150.SH,2026-06-25,0.911,77251500.0
513160.SH,2026-06-22,0.965,501480324.0
513160.SH,2026-06-23,0.923,353570504.0
513160.SH,2026-06-24,0.952,418510088.0
513160.SH,2026-06-25,0.934,286328500.0
513190.SH,2026-06-22,1.732,360107319.0
513190.SH,2026-06-23,1.714,188611900.0
513190.SH,2026-06-24,1.69,330569900.0
513190.SH,2026-06-25,1.65,303813300.0
513200.SH,2026-06-22,0.842,168438003.0
513200.SH,2026-06-23,0.836,230236800.0
513200.SH,2026-06-24,0.865,300823863.0
513200.SH,2026-06-25,0.86,248006700.0
513230.SH,2026-06-22,0.841,35010600.0
513230.SH,2026-06-23,0.825,21154700.0
513230.SH,2026-06-24,0.828,30767700.0
513230.SH,2026-06-25,0.824,22578700.0
513240.SH,2026-06-22,1.19,137849000.0
513240.SH,2026-06-23,1.126,98029600.0
513240.SH,2026-06-24,1.18,193929300.0
513240.SH,2026-06-25,1.185,234162200.0
513320.SH,2026-06-22,1.006,4885800.0
513320.SH,2026-06-23,0.971,4494200.0
513320.SH,2026-06-24,0.996,29135400.0
513320.SH,2026-06-25,0.982,4802700.0
513550.SH,2026-06-22,1.059,100941420.0
513550.SH,2026-06-23,1.037,73027703.0
513550.SH,2026-06-24,1.045,42285100.0
513550.SH,2026-06-25,1.026,54522000.0
513560.SH,2026-06-22,1.098,63070375.0
513560.SH,2026-06-23,1.059,53116800.0
513560.SH,2026-06-24,1.085,76579100.0
513560.SH,2026-06-25,1.069,60045146.0
513590.SH,2026-06-22,0.749,5178300.0
513590.SH,2026-06-23,0.736,4909000.0
513590.SH,2026-06-24,0.74,6152000.0
513590.SH,2026-06-25,0.736,4101200.0
513600.SH,2026-06-22,2.607,57913317.0
513600.SH,2026-06-23,2.545,40563858.0
513600.SH,2026-06-24,2.57,45134500.0
513600.SH,2026-06-25,2.523,68635302.0
513620.SH,2026-06-22,0.842,12323000.0
513620.SH,2026-06-23,0.835,11570500.0
513620.SH,2026-06-24,0.867,32881600.0
513620.SH,2026-06-25,0.866,13923600.0
513630.SH,2026-06-22,1.506,486803624.0
513630.SH,2026-06-23,1.489,349312113.0
513630.SH,2026-06-24,1.491,280521867.0
513630.SH,2026-06-25,1.483,382466300.0
513660.SH,2026-06-22,1.413,146584200.0
513660.SH,2026-06-23,1.381,49783282.0
513660.SH,2026-06-24,1.395,51302100.0
513660.SH,2026-06-25,1.371,66738100.0
513690.SH,2026-06-22,1.064,195817500.0
513690.SH,2026-06-23,1.048,147640300.0
513690.SH,2026-06-24,1.049,144698177.0
513690.SH,2026-06-25,1.035,139021400.0
513700.SH,2026-06-22,0.506,298163700.0
513700.SH,2026-06-23,0.502,334011600.0
513700.SH,2026-06-24,0.518,437219600.0
513700.SH,2026-06-25,0.515,296875300.0
513720.SH,2026-06-22,0.637,13127813.0
513720.SH,2026-06-23,0.612,21424960.0
513720.SH,2026-06-24,0.615,28919041.0
513720.SH,2026-06-25,0.597,15780300.0
513750.SH,2026-06-22,1.513,1577345000.0
513750.SH,2026-06-23,1.469,659886062.0
513750.SH,2026-06-24,1.451,811182403.0
513750.SH,2026-06-25,1.437,1136733000.0
513770.SH,2026-06-22,0.344,1538574573.0
513770.SH,2026-06-23,0.33,1350702700.0
513770.SH,2026-06-24,0.332,1679993060.0
513770.SH,2026-06-25,0.323,1734693254.0
513780.SH,2026-06-22,1.277,233559000.0
513780.SH,2026-06-23,1.27,338562900.0
513780.SH,2026-06-24,1.32,493083255.0
513780.SH,2026-06-25,1.314,362048100.0
513820.SH,2026-06-22,1.178,67885000.0
513820.SH,2026-06-23,1.158,54836400.0
513820.SH,2026-06-24,1.15,50026400.0
513820.SH,2026-06-25,1.127,99956300.0
513830.SH,2026-06-22,1.131,2586800.0
513830.SH,2026-06-23,1.11,1390600.0
513830.SH,2026-06-24,1.105,1597500.0
513830.SH,2026-06-25,1.083,1720200.0
513860.SH,2026-06-22,0.59,247404100.0
513860.SH,2026-06-23,0.566,257284000.0
513860.SH,2026-06-24,0.581,274120000.0
513860.SH,2026-06-25,0.572,215105600.0
513900.SH,2026-06-22,0.928,26729300.0
513900.SH,2026-06-23,0.904,17208000.0
513900.SH,2026-06-24,0.917,21602400.0
513900.SH,2026-06-25,0.902,10145900.0
513910.SH,2026-06-22,1.493,252561000.0
513910.SH,2026-06-23,1.468,160648400.0
513910.SH,2026-06-24,1.469,149209419.0
513910.SH,2026-06-25,1.448,188348734.0
513920.SH,2026-06-22,1.515,160514700.0
513920.SH,2026-06-23,1.486,104657800.0
513920.SH,2026-06-24,1.476,117079809.0
513920.SH,2026-06-25,1.455,155978603.0
513930.SH,2026-06-22,0.818,92948100.0
513930.SH,2026-06-23,0.814,105229200.0
513930.SH,2026-06-24,0.843,209103100.0
513930.SH,2026-06-25,0.834,177714400.0
513980.SH,2026-06-22,0.588,1218698353.0
513980.SH,2026-06-23,0.565,1187723274.0
513980.SH,2026-06-24,0.581,1061881791.0
513980.SH,2026-06-25,0.572,773114036.0
513990.SH,2026-06-22,1.06,28805500.0
513990.SH,2026-06-23,1.029,12702800.0
513990.SH,2026-06-24,1.042,25478800.0
513990.SH,2026-06-25,1.027,17043000.0
515000.SH,2026-06-22,1.598,213040106.0
515000.SH,2026-06-23,1.552,172607109.0
515000.SH,2026-06-24,1.609,197656855.0
515000.SH,2026-06-25,1.672,303634499.0
515010.SH,2026-06-22,1.301,89803996.0
515010.SH,2026-06-23,1.302,99271254.0
515010.SH,2026-06-24,1.276,110947400.0
515010.SH,2026-06-25,1.32,94058900.0
515020.SH,2026-06-22,1.646,64083100.0
515020.SH,2026-06-23,1.662,80010900.0
515020.SH,2026-06-24,1.623,82569000.0
515020.SH,2026-06-25,1.608,74300100.0
515030.SH,2026-06-22,1.973,110232843.0
515030.SH,2026-06-23,1.882,100400000.0
515030.SH,2026-06-24,1.911,102065300.0
515030.SH,2026-06-25,1.889,97264400.0
515050.SH,2026-06-22,1.407,1394340349.0
515050.SH,2026-06-23,1.342,1746078730.0
515050.SH,2026-06-24,1.387,1261349739.0
515050.SH,2026-06-25,1.439,1364864240.0
515060.SH,2026-06-22,0.596,52660500.0
515060.SH,2026-06-23,0.594,66334600.0
515060.SH,2026-06-24,0.583,72369762.0
515060.SH,2026-06-25,0.577,104295700.0
515070.SH,2026-06-22,2.693,145790800.0
515070.SH,2026-06-23,2.593,113266900.0
515070.SH,2026-06-24,2.656,115795800.0
515070.SH,2026-06-25,2.758,110473700.0
515080.SH,2026-06-22,1.503,379791657.0
515080.SH,2026-06-23,1.493,228772887.0
515080.SH,2026-06-24,1.473,276962600.0
515080.SH,2026-06-25,1.455,239314100.0
515090.SH,2026-06-22,1.482,768900.0
515090.SH,2026-06-23,1.425,708400.0
515090.SH,2026-06-24,1.444,1192500.0
515090.SH,2026-06-25,1.474,233900.0
515100.SH,2026-06-22,1.358,143714204.0
515100.SH,2026-06-23,1.357,77608900.0
515100.SH,2026-06-24,1.333,86330168.0
515100.SH,2026-06-25,1.32,101013900.0
515110.SH,2026-06-22,1.704,5466700.0
515110.SH,2026-06-23,1.674,2564400.0
515110.SH,2026-06-24,1.678,5645500.0
515110.SH,2026-06-25,1.657,6694800.0
515120.SH,2026-06-22,0.555,747610100.0
515120.SH,2026-06-23,0.563,1038501985.0
515120.SH,2026-06-24,0.578,1342055702.0
515120.SH,2026-06-25,0.583,1021518300.0
515130.SH,2026-06-22,1.678,4290600.0
515130.SH,2026-06-23,1.636,8936700.0
515130.SH,2026-06-24,1.636,9057200.0
515130.SH,2026-06-25,1.663,14053200.0
515150.SH,2026-06-22,1.626,5266200.0
515150.SH,2026-06-23,1.587,1716800.0
515150.SH,2026-06-24,1.595,2841600.0
515150.SH,2026-06-25,1.581,1867800.0
515160.SH,2026-06-22,1.761,172800.0
515160.SH,2026-06-23,1.726,59000.0
515160.SH,2026-06-24,1.721,1480400.0
515160.SH,2026-06-25,1.747,571600.0
515170.SH,2026-06-22,0.446,183154800.0
515170.SH,2026-06-23,0.441,232418100.0
515170.SH,2026-06-24,0.436,166446200.0
515170.SH,2026-06-25,0.44,203581700.0
515180.SH,2026-06-22,1.361,368955200.0
515180.SH,2026-06-23,1.351,322106701.0
515180.SH,2026-06-24,1.334,262302300.0
515180.SH,2026-06-25,1.318,316901500.0
515190.SH,2026-06-22,1.849,4654800.0
515190.SH,2026-06-23,1.822,3702700.0
515190.SH,2026-06-24,1.85,4822300.0
515190.SH,2026-06-25,1.867,2908300.0
515200.SH,2026-06-22,2.861,1075100.0
515200.SH,2026-06-23,2.766,1523200.0
515200.SH,2026-06-24,2.862,1723000.0
515200.SH,2026-06-25,2.955,1860900.0
515210.SH,2026-06-22,1.232,84339600.0
515210.SH,2026-06-23,1.201,83295000.0
515210.SH,2026-06-24,1.198,73565300.0
515210.SH,2026-06-25,1.175,43000700.0
515220.SH,2026-06-22,1.181,1183634024.0
515220.SH,2026-06-23,1.165,662435454.0
515220.SH,2026-06-24,1.129,833439474.0
515220.SH,2026-06-25,1.11,672053532.0
515230.SH,2026-06-22,0.751,339947265.0
515230.SH,2026-06-23,0.734,236264972.0
515230.SH,2026-06-24,0.721,321607600.0
515230.SH,2026-06-25,0.714,208051019.0
515250.SH,2026-06-22,1.07,21092500.0
515250.SH,2026-06-23,1.05,17771000.0
515250.SH,2026-06-24,1.064,30904300.0
515250.SH,2026-06-25,1.071,22135200.0
515260.SH,2026-06-22,1.062,132051500.0
515260.SH,2026-06-23,1.028,91994400.0
515260.SH,2026-06-24,1.075,118724700.0
515260.SH,2026-06-25,1.125,116709100.0
515290.SH,2026-06-22,1.382,34913000.0
515290.SH,2026-06-23,1.395,56133600.0
515290.SH,2026-06-24,1.363,32240900.0
515290.SH,2026-06-25,1.35,33466200.0
515300.SH,2026-06-22,1.237,123128500.0
515300.SH,2026-06-23,1.234,74440500.0
515300.SH,2026-06-24,1.21,75630600.0
515300.SH,2026-06-25,1.204,63209000.0
515310.SH,2026-06-22,1.515,17385400.0
515310.SH,2026-06-23,1.469,18722100.0
515310.SH,2026-06-24,1.477,23619300.0
515310.SH,2026-06-25,1.498,10980100.0
515320.SH,2026-06-22,1.918,17612400.0
515320.SH,2026-06-23,1.852,13501900.0
515320.SH,2026-06-24,1.937,10257300.0
515320.SH,2026-06-25,2.038,16249500.0
515330.SH,2026-06-22,1.457,9456000.0
515330.SH,2026-06-23,1.424,16904200.0
515330.SH,2026-06-24,1.423,14200200.0
515330.SH,2026-06-25,1.448,13935100.0
515350.SH,2026-06-22,6.795,689300.0
515350.SH,2026-06-23,6.678,1267400.0
515350.SH,2026-06-24,6.641,495200.0
515350.SH,2026-06-25,6.756,628000.0
515360.SH,2026-06-22,7.3,245400.0
515360.SH,2026-06-23,7.255,141200.0
515360.SH,2026-06-24,7.116,1151700.0
515360.SH,2026-06-25,7.244,547200.0
515370.SH,2026-06-22,0.993,36193600.0
515370.SH,2026-06-23,0.949,32480100.0
515370.SH,2026-06-24,0.949,28207000.0
515370.SH,2026-06-25,0.958,30255600.0
515380.SH,2026-06-22,5.878,3836800.0
515380.SH,2026-06-23,5.717,3530700.0
515380.SH,2026-06-24,5.778,5813200.0
515380.SH,2026-06-25,5.837,3463900.0
515390.SH,2026-06-22,1.479,108127500.0
515390.SH,2026-06-23,1.437,73457500.0
515390.SH,2026-06-24,1.44,294985800.0
515390.SH,2026-06-25,1.47,111632090.0
515400.SH,2026-06-22,0.91,99298767.0
515400.SH,2026-06-23,0.878,87284900.0
515400.SH,2026-06-24,0.892,74977379.0
515400.SH,2026-06-25,0.898,86740291.0
515450.SH,2026-06-22,1.364,287960431.0
515450.SH,2026-06-23,1.362,264510600.0
515450.SH,2026-06-24,1.344,165906700.0
515450.SH,2026-06-25,1.334,160608136.0
515460.SH,2026-06-22,0.879,31263100.0
515460.SH,2026-06-23,0.858,10840000.0
515460.SH,2026-06-24,0.871,14274000.0
515460.SH,2026-06-25,0.867,9354500.0
515530.SH,2026-06-22,4.861,657749.0
515530.SH,2026-06-23,4.755,902500.0
515530.SH,2026-06-24,4.84,497600.0
515530.SH,2026-06-25,4.895,956800.0
515550.SH,2026-06-22,1.957,1976600.0
515550.SH,2026-06-23,1.925,1129400.0
515550.SH,2026-06-24,1.952,1614600.0
515550.SH,2026-06-25,1.983,205000.0
515560.SH,2026-06-22,1.035,20780600.0
515560.SH,2026-06-23,1.038,22093000.0
515560.SH,2026-06-24,1.019,22008900.0
515560.SH,2026-06-25,1.053,22942799.0
515580.SH,2026-06-22,1.524,11115574.0
515580.SH,2026-06-23,1.499,10965736.0
515580.SH,2026-06-24,1.54,11147000.0
515580.SH,2026-06-25,1.578,6938100.0
515590.SH,2026-06-22,2.092,1508200.0
515590.SH,2026-06-23,2.034,675200.0
515590.SH,2026-06-24,2.046,291300.0
515590.SH,2026-06-25,2.066,674400.0
515600.SH,2026-06-22,1.772,2647000.0
515600.SH,2026-06-23,1.723,1986300.0
515600.SH,2026-06-24,1.726,2492300.0
515600.SH,2026-06-25,1.726,1230200.0
515630.SH,2026-06-22,1.296,89421933.0
515630.SH,2026-06-23,1.289,87807172.0
515630.SH,2026-06-24,1.266,59140800.0
515630.SH,2026-06-25,1.3,72235462.0
515640.SH,2026-06-22,0.985,388300.0
515640.SH,2026-06-23,0.972,220700.0
515640.SH,2026-06-24,0.964,166000.0
515640.SH,2026-06-25,0.965,934200.0
515650.SH,2026-06-22,0.981,96074100.0
515650.SH,2026-06-23,0.971,59751100.0
515650.SH,2026-06-24,0.956,43892400.0
515650.SH,2026-06-25,0.96,41101300.0
515660.SH,2026-06-22,6.315,8881200.0
515660.SH,2026-06-23,6.218,482600.0
515660.SH,2026-06-24,6.152,651800.0
515660.SH,2026-06-25,6.266,219000.0
515680.SH,2026-06-22,1.78,742800.0
515680.SH,2026-06-23,1.732,447200.0
515680.SH,2026-06-24,1.735,3181077.0
515680.SH,2026-06-25,1.735,1731000.0
515700.SH,2026-06-22,2.636,26896400.0
515700.SH,2026-06-23,2.512,23569900.0
515700.SH,2026-06-24,2.555,25768600.0
515700.SH,2026-06-25,2.529,24466500.0
515710.SH,2026-06-22,0.477,70041700.0
515710.SH,2026-06-23,0.471,60501100.0
515710.SH,2026-06-24,0.467,57732781.0
515710.SH,2026-06-25,0.469,71480100.0
515720.SH,2026-06-22,0.764,34100600.0
515720.SH,2026-06-23,0.759,30492600.0
515720.SH,2026-06-24,0.735,29726100.0
515720.SH,2026-06-25,0.738,25753800.0
515730.SH,2026-06-22,0.9,2173100.0
515730.SH,2026-06-23,0.89,802200.0
515730.SH,2026-06-24,0.881,2612600.0
515730.SH,2026-06-25,0.876,438300.0
515750.SH,2026-06-22,2.068,9952262.0
515750.SH,2026-06-23,2.021,7956000.0
515750.SH,2026-06-24,2.053,8667500.0
515750.SH,2026-06-25,2.082,5495600.0
515760.SH,2026-06-22,1.403,2613900.0
515760.SH,2026-06-23,1.419,5019700.0
515760.SH,2026-06-24,1.387,4311600.0
515760.SH,2026-06-25,1.383,1022400.0
515770.SH,2026-06-22,1.528,2955000.0
515770.SH,2026-06-23,1.512,355100.0
515770.SH,2026-06-24,1.508,6496200.0
515770.SH,2026-06-25,1.509,343800.0
515790.SH,2026-06-22,1.043,334974456.0
515790.SH,2026-06-23,0.998,309058633.0
515790.SH,2026-06-24,0.998,254517786.0
515790.SH,2026-06-25,1.008,234469300.0
515800.SH,2026-06-22,1.407,99776818.0
515800.SH,2026-06-23,1.368,65338200.0
515800.SH,2026-06-24,1.386,65816400.0
515800.SH,2026-06-25,1.405,60607900.0
515810.SH,2026-06-22,1.863,12478600.0
515810.SH,2026-06-23,1.808,6663092.0
515810.SH,2026-06-24,1.822,25213702.0
515810.SH,2026-06-25,1.855,5372500.0
515850.SH,2026-06-22,1.407,62813400.0
515850.SH,2026-06-23,1.412,58349700.0
515850.SH,2026-06-24,1.382,75474800.0
515850.SH,2026-06-25,1.428,57100400.0
515860.SH,2026-06-22,2.255,3157700.0
515860.SH,2026-06-23,2.19,2669600.0
515860.SH,2026-06-24,2.239,3915200.0
515860.SH,2026-06-25,2.321,4657700.0
515880.SH,2026-06-22,1.859,2911327171.0
515880.SH,2026-06-23,1.794,3564661413.0
515880.SH,2026-06-24,1.827,2824649306.0
515880.SH,2026-06-25,1.883,3580699454.0
515890.SH,2026-06-22,1.394,11365400.0
515890.SH,2026-06-23,1.387,5538000.0
515890.SH,2026-06-24,1.369,5785300.0
515890.SH,2026-06-25,1.349,6194200.0
515900.SH,2026-06-22,1.765,1631300.0
515900.SH,2026-06-23,1.716,977000.0
515900.SH,2026-06-24,1.717,3837200.0
515900.SH,2026-06-25,1.72,1607500.0
515910.SH,2026-06-22,0.731,11185700.0
515910.SH,2026-06-23,0.7,2079800.0
515910.SH,2026-06-24,0.703,820200.0
515910.SH,2026-06-25,0.714,1623900.0
515920.SH,2026-06-22,1.424,7246600.0
515920.SH,2026-06-23,1.384,6216200.0
515920.SH,2026-06-24,1.431,4824000.0
515920.SH,2026-06-25,1.471,5793000.0
515950.SH,2026-06-22,0.829,13824000.0
515950.SH,2026-06-23,0.834,13515600.0
515950.SH,2026-06-24,0.849,17359400.0
515950.SH,2026-06-25,0.853,13697400.0
515960.SH,2026-06-22,0.745,7083100.0
515960.SH,2026-06-23,0.751,6531800.0
515960.SH,2026-06-24,0.76,15050100.0
515960.SH,2026-06-25,0.761,8046700.0
515970.SH,2026-06-22,0.924,86683300.0
515970.SH,2026-06-23,0.891,68669100.0
515970.SH,2026-06-24,0.875,107486200.0
515970.SH,2026-06-25,0.869,73935900.0
515980.SH,2026-06-22,1.247,368449694.0
515980.SH,2026-06-23,1.203,342016801.0
515980.SH,2026-06-24,1.235,272022223.0
515980.SH,2026-06-25,1.279,289749070.0
515990.SH,2026-06-22,1.577,658200.0
515990.SH,2026-06-23,1.576,2120700.0
515990.SH,2026-06-24,1.564,508700.0
515990.SH,2026-06-25,1.545,795700.0
516000.SH,2026-06-22,0.995,31064800.0
516000.SH,2026-06-23,0.96,19861400.0
516000.SH,2026-06-24,0.978,35890500.0
516000.SH,2026-06-25,0.986,25417100.0
516010.SH,2026-06-22,1.078,113451800.0
516010.SH,2026-06-23,1.053,71951900.0
516010.SH,2026-06-24,1.054,66724800.0
516010.SH,2026-06-25,1.089,129689186.0
516020.SH,2026-06-22,0.956,257841200.0
516020.SH,2026-06-23,0.923,223713200.0
516020.SH,2026-06-24,0.954,204567100.0
516020.SH,2026-06-25,0.949,194013999.0
516050.SH,2026-06-22,1.7,9475700.0
516050.SH,2026-06-23,1.649,9440200.0
516050.SH,2026-06-24,1.708,9965200.0
516050.SH,2026-06-25,1.796,7622500.0
516060.SH,2026-06-22,0.512,20034100.0
516060.SH,2026-06-23,0.519,32335600.0
516060.SH,2026-06-24,0.532,31835100.0
516060.SH,2026-06-25,0.537,24469300.0
516070.SH,2026-06-22,0.659,9303000.0
516070.SH,2026-06-23,0.635,5343400.0
516070.SH,2026-06-24,0.638,17267700.0
516070.SH,2026-06-25,0.637,6312700.0
516080.SH,2026-06-22,0.589,166550600.0
516080.SH,2026-06-23,0.598,247475300.0
516080.SH,2026-06-24,0.615,305807900.0
516080.SH,2026-06-25,0.619,264872000.0
516090.SH,2026-06-22,0.614,118266900.0
516090.SH,2026-06-23,0.583,107498070.0
516090.SH,2026-06-24,0.589,96991500.0
516090.SH,2026-06-25,0.59,80829200.0
516100.SH,2026-06-22,1.135,73424673.0
516100.SH,2026-06-23,1.134,72432800.0
516100.SH,2026-06-24,1.095,62623900.0
516100.SH,2026-06-25,1.101,73001118.0
516110.SH,2026-06-22,1.152,37767800.0
516110.SH,2026-06-23,1.124,24356300.0
516110.SH,2026-06-24,1.111,25620000.0
516110.SH,2026-06-25,1.106,21828600.0
516120.SH,2026-06-22,0.979,263357000.0
516120.SH,2026-06-23,0.943,136928600.0
516120.SH,2026-06-24,0.972,154972800.0
516120.SH,2026-06-25,0.97,119039900.0
516130.SH,2026-06-22,0.645,24159300.0
516130.SH,2026-06-23,0.636,13187200.0
516130.SH,2026-06-24,0.627,12019600.0
516130.SH,2026-06-25,0.628,12083900.0
516150.SH,2026-06-22,2.235,302246500.0
516150.SH,2026-06-23,2.088,304232410.0
516150.SH,2026-06-24,2.092,215539200.0
516150.SH,2026-06-25,2.099,138115337.0
516160.SH,2026-06-22,3.118,68479854.0
516160.SH,2026-06-23,2.97,95834849.0
516160.SH,2026-06-24,2.996,86316881.0
516160.SH,2026-06-25,2.99,84666474.0
516180.SH,2026-06-22,0.86,13793300.0
516180.SH,2026-06-23,0.822,7311600.0
516180.SH,2026-06-24,0.821,20050000.0
516180.SH,2026-06-25,0.828,10369600.0
516190.SH,2026-06-22,1.02,19306100.0
516190.SH,2026-06-23,0.992,16224100.0
516190.SH,2026-06-24,0.983,18307400.0
516190.SH,2026-06-25,0.993,34030300.0
516200.SH,2026-06-22,1.081,23182500.0
516200.SH,2026-06-23,1.082,22986600.0
516200.SH,2026-06-24,1.063,19358300.0
516200.SH,2026-06-25,1.098,22654500.0
516210.SH,2026-06-22,1.314,10655300.0
516210.SH,2026-06-23,1.327,9071900.0
516210.SH,2026-06-24,1.295,7980200.0
516210.SH,2026-06-25,1.283,9477900.0
516220.SH,2026-06-22,0.999,29708400.0
516220.SH,2026-06-23,0.961,22477600.0
516220.SH,2026-06-24,0.992,31750700.0
516220.SH,2026-06-25,0.99,22491200.0
516230.SH,2026-06-22,0.955,22819200.0
516230.SH,2026-06-23,0.913,8268900.0
516230.SH,2026-06-24,0.914,11653800.0
516230.SH,2026-06-25,0.922,8805000.0
516250.SH,2026-06-22,1.047,14162100.0
516250.SH,2026-06-23,1.014,8149000.0
516250.SH,2026-06-24,0.995,16872300.0
516250.SH,2026-06-25,0.986,8638700.0
516260.SH,2026-06-22,1.654,1681200.0
516260.SH,2026-06-23,1.614,902800.0
516260.SH,2026-06-24,1.67,2170900.0
516260.SH,2026-06-25,1.716,951300.0
516270.SH,2026-06-22,0.736,24735400.0
516270.SH,2026-06-23,0.704,18310700.0
516270.SH,2026-06-24,0.71,14583100.0
516270.SH,2026-06-25,0.71,13142800.0
516290.SH,2026-06-22,0.646,44038800.0
516290.SH,2026-06-23,0.619,37962700.0
516290.SH,2026-06-24,0.619,27205600.0
516290.SH,2026-06-25,0.624,39149100.0
516300.SH,2026-06-22,3.68,2663700.0
516300.SH,2026-06-23,3.602,1509400.0
516300.SH,2026-06-24,3.651,1900450.0
516300.SH,2026-06-25,3.663,960540.0
516310.SH,2026-06-22,1.276,87398850.0
516310.SH,2026-06-23,1.291,140597000.0
516310.SH,2026-06-24,1.256,125925549.0
516310.SH,2026-06-25,1.245,88507600.0
516320.SH,2026-06-22,1.095,5868800.0
516320.SH,2026-06-23,1.055,4544900.0
516320.SH,2026-06-24,1.055,6643900.0
516320.SH,2026-06-25,1.054,2829900.0
516330.SH,2026-06-22,1.867,2411600.0
516330.SH,2026-06-23,1.834,558900.0
516330.SH,2026-06-24,1.902,441700.0
516330.SH,2026-06-25,1.954,207600.0
516350.SH,2026-06-22,2.028,110493436.0
516350.SH,2026-06-23,1.989,106603700.0
516350.SH,2026-06-24,2.11,116712238.0
516350.SH,2026-06-25,2.218,147899350.0
516360.SH,2026-06-22,1.259,10257500.0
516360.SH,2026-06-23,1.218,8778500.0
516360.SH,2026-06-24,1.257,5674200.0
516360.SH,2026-06-25,1.279,4603800.0
516370.SH,2026-06-22,0.966,32761400.0
516370.SH,2026-06-23,0.954,22529000.0
516370.SH,2026-06-24,0.935,25867000.0
516370.SH,2026-06-25,0.92,28423200.0
516380.SH,2026-06-22,1.03,662800.0
516380.SH,2026-06-23,0.997,904500.0
516380.SH,2026-06-24,1.016,574000.0
516380.SH,2026-06-25,1.016,404900.0
516390.SH,2026-06-22,1.059,8398900.0
516390.SH,2026-06-23,1.014,7388200.0
516390.SH,2026-06-24,1.029,6790100.0
516390.SH,2026-06-25,1.015,3105800.0
516460.SH,2026-06-22,1.188,41014600.0
516460.SH,2026-06-23,1.151,30547500.0
516460.SH,2026-06-24,1.147,31807100.0
516460.SH,2026-06-25,1.145,23293300.0
516500.SH,2026-06-22,0.55,11344000.0
516500.SH,2026-06-23,0.553,17226800.0
516500.SH,2026-06-24,0.564,38899600.0
516500.SH,2026-06-25,0.569,21388400.0
516510.SH,2026-06-22,1.797,92200173.0
516510.SH,2026-06-23,1.73,151173585.0
516510.SH,2026-06-24,1.747,84016433.0
516510.SH,2026-06-25,1.758,93913910.0
516520.SH,2026-06-22,1.201,66685100.0
516520.SH,2026-06-23,1.181,50287000.0
516520.SH,2026-06-24,1.194,63112100.0
516520.SH,2026-06-25,1.204,88135600.0
516530.SH,2026-06-22,0.981,935800.0
516530.SH,2026-06-23,0.984,764000.0
516530.SH,2026-06-24,0.996,811500.0
516530.SH,2026-06-25,1.005,509400.0
516550.SH,2026-06-22,0.678,14121500.0
516550.SH,2026-06-23,0.662,6310000.0
516550.SH,2026-06-24,0.666,15451900.0
516550.SH,2026-06-25,0.659,12105800.0
516560.SH,2026-06-22,0.706,4948500.0
516560.SH,2026-06-23,0.708,2853500.0
516560.SH,2026-06-24,0.698,4101800.0
516560.SH,2026-06-25,0.694,3601900.0
516570.SH,2026-06-22,1.038,81963500.0
516570.SH,2026-06-23,1.008,43120000.0
516570.SH,2026-06-24,1.038,52844444.0
516570.SH,2026-06-25,1.027,44178995.0
516580.SH,2026-06-22,0.727,4532800.0
516580.SH,2026-06-23,0.694,4105000.0
516580.SH,2026-06-24,0.7,3793700.0
516580.SH,2026-06-25,0.701,2523500.0
516590.SH,2026-06-22,1.292,2579400.0
516590.SH,2026-06-23,1.254,1883600.0
516590.SH,2026-06-24,1.276,3127200.0
516590.SH,2026-06-25,1.276,2170100.0
516600.SH,2026-06-22,0.588,3303200.0
516600.SH,2026-06-23,0.58,1420600.0
516600.SH,2026-06-24,0.581,2519900.0
516600.SH,2026-06-25,0.584,2861200.0
516610.SH,2026-06-22,0.415,8369800.0
516610.SH,2026-06-23,0.417,8589600.0
516610.SH,2026-06-24,0.411,8705600.0
516610.SH,2026-06-25,0.406,6490300.0
516620.SH,2026-06-22,0.859,24607400.0
516620.SH,2026-06-23,0.855,27970300.0
516620.SH,2026-06-24,0.83,21821300.0
516620.SH,2026-06-25,0.832,24636100.0
516630.SH,2026-06-22,1.751,44861600.0
516630.SH,2026-06-23,1.686,46765200.0
516630.SH,2026-06-24,1.703,39056900.0
516630.SH,2026-06-25,1.713,33599500.0
516640.SH,2026-06-22,1.793,132299012.0
516640.SH,2026-06-23,1.759,130991819.0
516640.SH,2026-06-24,1.866,153011397.0
516640.SH,2026-06-25,1.964,158497033.0
516650.SH,2026-06-22,2.054,178204500.0
516650.SH,2026-06-23,1.879,225347400.0
516650.SH,2026-06-24,1.891,238951258.0
516650.SH,2026-06-25,1.835,114409452.0
516660.SH,2026-06-22,1.204,1530700.0
516660.SH,2026-06-23,1.15,1961300.0
516660.SH,2026-06-24,1.167,1455200.0
516660.SH,2026-06-25,1.155,2057800.0
516670.SH,2026-06-22,0.556,93011600.0
516670.SH,2026-06-23,0.554,112221800.0
516670.SH,2026-06-24,0.541,99805225.0
516670.SH,2026-06-25,0.536,62881000.0
516700.SH,2026-06-22,0.955,21273100.0
516700.SH,2026-06-23,0.92,21327700.0
516700.SH,2026-06-24,0.937,23453500.0
516700.SH,2026-06-25,0.941,15195300.0
516710.SH,2026-06-22,0.915,9067100.0
516710.SH,2026-06-23,0.887,10668700.0
516710.SH,2026-06-24,0.913,8603500.0
516710.SH,2026-06-25,0.929,7639900.0
516720.SH,2026-06-22,1.244,588200.0
516720.SH,2026-06-23,1.203,104200.0
516720.SH,2026-06-24,1.215,196500.0
516720.SH,2026-06-25,1.23,111700.0
516730.SH,2026-06-22,1.038,26849700.0
516730.SH,2026-06-23,1.034,23831200.0
516730.SH,2026-06-24,1.015,13576800.0
516730.SH,2026-06-25,1.051,17166100.0
516750.SH,2026-06-22,0.628,6881100.0
516750.SH,2026-06-23,0.616,6773200.0
516750.SH,2026-06-24,0.607,13184800.0
516750.SH,2026-06-25,0.612,10902600.0
516760.SH,2026-06-22,0.532,9273200.0
516760.SH,2026-06-23,0.528,8624200.0
516760.SH,2026-06-24,0.516,10097200.0
516760.SH,2026-06-25,0.514,9817100.0
516770.SH,2026-06-22,1.135,31227700.0
516770.SH,2026-06-23,1.113,18198900.0
516770.SH,2026-06-24,1.116,27201300.0
516770.SH,2026-06-25,1.15,44853000.0
516780.SH,2026-06-22,1.079,216513194.0
516780.SH,2026-06-23,1.013,218330686.0
516780.SH,2026-06-24,1.017,161990724.0
516780.SH,2026-06-25,1.018,104625115.0
516790.SH,2026-06-22,0.5,2512600.0
516790.SH,2026-06-23,0.502,5390500.0
516790.SH,2026-06-24,0.493,5403100.0
516790.SH,2026-06-25,0.49,5504600.0
516800.SH,2026-06-22,1.168,22388500.0
516800.SH,2026-06-23,1.136,14378000.0
516800.SH,2026-06-24,1.185,17636500.0
516800.SH,2026-06-25,1.223,11932800.0
516810.SH,2026-06-22,0.702,138924900.0
516810.SH,2026-06-23,0.688,133657600.0
516810.SH,2026-06-24,0.679,145211500.0
516810.SH,2026-06-25,0.669,133273500.0
516820.SH,2026-06-22,0.309,291493106.0
516820.SH,2026-06-23,0.311,269716600.0
516820.SH,2026-06-24,0.315,223058100.0
516820.SH,2026-06-25,0.316,239342350.0
516830.SH,2026-06-22,1.128,6839700.0
516830.SH,2026-06-23,1.095,3472900.0
516830.SH,2026-06-24,1.105,4377500.0
516830.SH,2026-06-25,1.121,4700800.0
516840.SH,2026-06-22,0.811,2676200.0
516840.SH,2026-06-23,0.792,7714400.0
516840.SH,2026-06-24,0.777,4196800.0
516840.SH,2026-06-25,0.772,9819200.0
516850.SH,2026-06-22,1.147,20229200.0
516850.SH,2026-06-23,1.09,15968100.0
516850.SH,2026-06-24,1.101,14280000.0
516850.SH,2026-06-25,1.099,12447400.0
516860.SH,2026-06-22,1.173,114116500.0
516860.SH,2026-06-23,1.17,81227300.0
516860.SH,2026-06-24,1.131,81142200.0
516860.SH,2026-06-25,1.136,82649300.0
516880.SH,2026-06-22,0.882,41186949.0
516880.SH,2026-06-23,0.844,41800282.0
516880.SH,2026-06-24,0.845,33973555.0
516880.SH,2026-06-25,0.853,34850642.0
516890.SH,2026-06-22,0.948,2113200.0
516890.SH,2026-06-23,0.918,2595500.0
516890.SH,2026-06-24,0.945,2345500.0
516890.SH,2026-06-25,0.963,3015500.0
516900.SH,2026-06-22,0.479,6484800.0
516900.SH,2026-06-23,0.473,5368400.0
516900.SH,2026-06-24,0.467,9689900.0
516900.SH,2026-06-25,0.471,7361400.0
516910.SH,2026-06-22,1.14,20886900.0
516910.SH,2026-06-23,1.142,13507500.0
516910.SH,2026-06-24,1.153,16287900.0
516910.SH,2026-06-25,1.141,13021400.0
516920.SH,2026-06-22,1.74,44395900.0
516920.SH,2026-06-23,1.709,39438100.0
516920.SH,2026-06-24,1.806,49594100.0
516920.SH,2026-06-25,1.902,57858744.0
516930.SH,2026-06-22,0.436,239900.0
516930.SH,2026-06-23,0.438,716400.0
516930.SH,2026-06-24,0.446,856400.0
516930.SH,2026-06-25,0.451,4012400.0
516950.SH,2026-06-22,1.082,19316400.0
516950.SH,2026-06-23,1.049,8764200.0
516950.SH,2026-06-24,1.039,10342300.0
516950.SH,2026-06-25,1.033,10981500.0
516960.SH,2026-06-22,1.036,1489800.0
516960.SH,2026-06-23,0.997,1296200.0
516960.SH,2026-06-24,1.001,568200.0
516960.SH,2026-06-25,0.994,531300.0
516970.SH,2026-06-22,1.173,41225938.0
516970.SH,2026-06-23,1.146,39550179.0
516970.SH,2026-06-24,1.15,37904055.0
516970.SH,2026-06-25,1.149,37789540.0
516980.SH,2026-06-22,1.115,12338200.0
516980.SH,2026-06-23,1.095,28920200.0
516980.SH,2026-06-24,1.071,17156000.0
516980.SH,2026-06-25,1.108,15929000.0
517000.SH,2026-06-22,1.032,1253400.0
517000.SH,2026-06-23,1.007,427100.0
517000.SH,2026-06-24,1.014,138700.0
517000.SH,2026-06-25,1.014,482400.0
517010.SH,2026-06-22,1.144,3414800.0
517010.SH,2026-06-23,1.115,599600.0
517010.SH,2026-06-24,1.123,2596900.0
517010.SH,2026-06-25,1.13,1767700.0
517030.SH,2026-06-22,1.177,302200.0
517030.SH,2026-06-23,1.138,442600.0
517030.SH,2026-06-24,1.154,176500.0
517030.SH,2026-06-25,1.163,132900.0
517050.SH,2026-06-22,0.648,4528700.0
517050.SH,2026-06-23,0.629,2906100.0
517050.SH,2026-06-24,0.627,3140100.0
517050.SH,2026-06-25,0.623,1479000.0
517080.SH,2026-06-22,1.019,1240800.0
517080.SH,2026-06-23,0.995,1178400.0
517080.SH,2026-06-24,1.003,1697200.0
517080.SH,2026-06-25,1.007,1068200.0
517090.SH,2026-06-22,1.496,3303800.0
517090.SH,2026-06-23,1.475,5001700.0
517090.SH,2026-06-24,1.448,3336100.0
517090.SH,2026-06-25,1.423,6123600.0
517100.SH,2026-06-22,1.042,1018500.0
517100.SH,2026-06-23,1.019,244300.0
517100.SH,2026-06-24,1.025,1093100.0
517100.SH,2026-06-25,1.029,1906100.0
517110.SH,2026-06-22,0.629,14436400.0
517110.SH,2026-06-23,0.636,42835400.0
517110.SH,2026-06-24,0.659,42821000.0
517110.SH,2026-06-25,0.659,33834600.0
517120.SH,2026-06-22,0.602,17225300.0
517120.SH,2026-06-23,0.604,21065600.0
517120.SH,2026-06-24,0.629,48679300.0
517120.SH,2026-06-25,0.629,32451900.0
517130.SH,2026-06-22,1.009,19723200.0
517130.SH,2026-06-23,0.975,12125400.0
517130.SH,2026-06-24,0.977,7626600.0
517130.SH,2026-06-25,0.984,7926500.0
517160.SH,2026-06-22,1.032,225800.0
517160.SH,2026-06-23,1.01,1082600.0
517160.SH,2026-06-24,1.025,557700.0
517160.SH,2026-06-25,1.093,2460700.0
517170.SH,2026-06-22,1.033,791300.0
517170.SH,2026-06-23,1.011,357300.0
517170.SH,2026-06-24,1.016,248000.0
517170.SH,2026-06-25,1.02,400200.0
517180.SH,2026-06-22,1.417,1194500.0
517180.SH,2026-06-23,1.389,2786000.0
517180.SH,2026-06-24,1.378,6750500.0
517180.SH,2026-06-25,1.356,2317800.0
517200.SH,2026-06-22,0.576,2352800.0
517200.SH,2026-06-23,0.557,3514800.0
517200.SH,2026-06-24,0.556,1749600.0
517200.SH,2026-06-25,0.552,1855700.0
517300.SH,2026-06-22,0.977,2643400.0
517300.SH,2026-06-23,0.953,2504000.0
517300.SH,2026-06-24,0.959,746400.0
517300.SH,2026-06-25,0.961,5102500.0
517330.SH,2026-06-22,1.042,604700.0
517330.SH,2026-06-23,1.027,343200.0
517330.SH,2026-06-24,1.04,375400.0
517330.SH,2026-06-25,1.048,475900.0
517350.SH,2026-06-22,1.022,2506800.0
517350.SH,2026-06-23,0.988,1222600.0
517350.SH,2026-06-24,1.01,1088100.0
517350.SH,2026-06-25,1.022,2928800.0
517360.SH,2026-06-22,0.937,486700.0
517360.SH,2026-06-23,0.912,298600.0
517360.SH,2026-06-24,0.924,542000.0
517360.SH,2026-06-25,0.92,656000.0
517380.SH,2026-06-22,0.671,47881500.0
517380.SH,2026-06-23,0.671,49663600.0
517380.SH,2026-06-24,0.699,111083500.0
517380.SH,2026-06-25,0.703,97365100.0
517390.SH,2026-06-22,2.035,5209500.0
517390.SH,2026-06-23,1.957,4272700.0
517390.SH,2026-06-24,1.976,5761000.0
517390.SH,2026-06-25,1.988,7089800.0
517400.SH,2026-06-22,1.474,30393000.0
517400.SH,2026-06-23,1.354,51969202.0
517400.SH,2026-06-24,1.35,21565100.0
517400.SH,2026-06-25,1.286,87708200.0
517520.SH,2026-06-22,1.869,242624412.0
517520.SH,2026-06-23,1.71,285674483.0
517520.SH,2026-06-24,1.711,231118012.0
517520.SH,2026-06-25,1.631,274842789.0
517550.SH,2026-06-22,0.614,5635700.0
517550.SH,2026-06-23,0.602,3527100.0
517550.SH,2026-06-24,0.601,7048800.0
517550.SH,2026-06-25,0.599,7972400.0
517660.SH,2026-06-22,1.43,390300.0
517660.SH,2026-06-23,1.405,514600.0
517660.SH,2026-06-24,1.453,3318800.0
517660.SH,2026-06-25,1.49,887600.0
517770.SH,2026-06-22,0.919,6576200.0
517770.SH,2026-06-23,0.891,5326600.0
517770.SH,2026-06-24,0.884,5758600.0
517770.SH,2026-06-25,0.877,6820100.0
517800.SH,2026-06-22,1.142,14932900.0
517800.SH,2026-06-23,1.104,14661100.0
517800.SH,2026-06-24,1.125,11567852.0
517800.SH,2026-06-25,1.145,15773000.0
517850.SH,2026-06-22,1.441,927200.0
517850.SH,2026-06-23,1.425,921300.0
517850.SH,2026-06-24,1.471,769000.0
517850.SH,2026-06-25,1.509,921400.0
517880.SH,2026-06-22,0.721,1479000.0
517880.SH,2026-06-23,0.705,2214700.0
517880.SH,2026-06-24,0.707,6251500.0
517880.SH,2026-06-25,0.71,4416500.0
517900.SH,2026-06-22,1.45,20519000.0
517900.SH,2026-06-23,1.458,13126200.0
517900.SH,2026-06-24,1.43,21848000.0
517900.SH,2026-06-25,1.406,30688000.0
517950.SH,2026-06-22,1.301,6235800.0
517950.SH,2026-06-23,1.263,6617600.0
517950.SH,2026-06-24,1.297,6437600.0
517950.SH,2026-06-25,1.342,6304100.0
517990.SH,2026-06-22,0.754,436500.0
517990.SH,2026-06-23,0.754,898500.0
517990.SH,2026-06-24,0.778,6871000.0
517990.SH,2026-06-25,0.764,2215600.0
520510.SH,2026-06-22,0.727,149948000.0
520510.SH,2026-06-23,0.72,151964300.0
520510.SH,2026-06-24,0.748,351483400.0
520510.SH,2026-06-25,0.751,173994200.0
520530.SH,2026-06-22,0.793,35908000.0
520530.SH,2026-06-23,0.764,46529000.0
520530.SH,2026-06-24,0.78,58072300.0
520530.SH,2026-06-25,0.769,34084700.0
520550.SH,2026-06-22,1.073,47220800.0
520550.SH,2026-06-23,1.056,41877100.0
520550.SH,2026-06-24,1.047,42869800.0
520550.SH,2026-06-25,1.035,42820300.0
520560.SH,2026-06-22,0.775,19170500.0
520560.SH,2026-06-23,0.756,17965100.0
520560.SH,2026-06-24,0.761,15669800.0
520560.SH,2026-06-25,0.743,17059100.0
520600.SH,2026-06-22,1.071,152367500.0
520600.SH,2026-06-23,1.031,151897300.0
520600.SH,2026-06-24,1.03,155597600.0
520600.SH,2026-06-25,1.008,166694000.0
520610.SH,2026-06-22,0.895,3777300.0
520610.SH,2026-06-23,0.884,9475400.0
520610.SH,2026-06-24,0.885,9769500.0
520610.SH,2026-06-25,0.878,6519700.0
520620.SH,2026-06-22,0.787,7781700.0
520620.SH,2026-06-23,0.772,8216100.0
520620.SH,2026-06-24,0.777,12414800.0
520620.SH,2026-06-25,0.777,6644500.0
520630.SH,2026-06-22,0.642,8588100.0
520630.SH,2026-06-23,0.614,20047500.0
520630.SH,2026-06-24,0.617,21971600.0
520630.SH,2026-06-25,0.6,9276300.0
520650.SH,2026-06-22,0.582,588885100.0
520650.SH,2026-06-23,0.56,150438600.0
520650.SH,2026-06-24,0.562,246693100.0
520650.SH,2026-06-25,0.546,129563400.0
520660.SH,2026-06-22,0.977,157985400.0
520660.SH,2026-06-23,0.95,68536600.0
520660.SH,2026-06-24,0.956,85286800.0
520660.SH,2026-06-25,0.939,96570000.0
520670.SH,2026-06-22,0.777,18476600.0
520670.SH,2026-06-23,0.741,15966400.0
520670.SH,2026-06-24,0.762,22648200.0
520670.SH,2026-06-25,0.747,17768600.0
520680.SH,2026-06-22,0.86,3519500.0
520680.SH,2026-06-23,0.831,1666500.0
520680.SH,2026-06-24,0.827,8207700.0
520680.SH,2026-06-25,0.809,4782600.0
520690.SH,2026-06-22,0.621,108737300.0
520690.SH,2026-06-23,0.619,149391700.0
520690.SH,2026-06-24,0.633,222458300.0
520690.SH,2026-06-25,0.621,149894500.0
520700.SH,2026-06-22,1.23,181954714.0
520700.SH,2026-06-23,1.222,265079900.0
520700.SH,2026-06-24,1.27,483951000.0
520700.SH,2026-06-25,1.265,306117100.0
520710.SH,2026-06-22,1.055,82522400.0
520710.SH,2026-06-23,1.001,37642000.0
520710.SH,2026-06-24,1.05,93710600.0
520710.SH,2026-06-25,1.053,53302000.0
520720.SH,2026-06-22,0.787,56840949.0
520720.SH,2026-06-23,0.759,28065409.0
520720.SH,2026-06-24,0.76,34386863.0
520720.SH,2026-06-25,0.742,36034600.0
520730.SH,2026-06-22,0.799,10889700.0
520730.SH,2026-06-23,0.774,2028300.0
520730.SH,2026-06-24,0.773,4837700.0
520730.SH,2026-06-25,0.761,4068600.0
520760.SH,2026-06-22,0.761,6486200.0
520760.SH,2026-06-23,0.756,13604300.0
520760.SH,2026-06-24,0.785,24216300.0
520760.SH,2026-06-25,0.776,11211700.0
520770.SH,2026-06-22,0.879,25327700.0
520770.SH,2026-06-23,0.858,1394800.0
520770.SH,2026-06-24,0.868,6732900.0
520770.SH,2026-06-25,0.854,4888300.0
520780.SH,2026-06-22,0.868,12782900.0
520780.SH,2026-06-23,0.836,9746600.0
520780.SH,2026-06-24,0.836,14688900.0
520780.SH,2026-06-25,0.818,10531200.0
520790.SH,2026-06-22,0.8,8128400.0
520790.SH,2026-06-23,0.766,8751800.0
520790.SH,2026-06-24,0.772,14478900.0
520790.SH,2026-06-25,0.749,8184100.0
520810.SH,2026-06-22,0.973,2579600.0
520810.SH,2026-06-23,0.954,7699300.0
520810.SH,2026-06-24,0.949,8531600.0
520810.SH,2026-06-25,0.932,1717700.0
520820.SH,2026-06-22,0.875,1612900.0
520820.SH,2026-06-23,0.854,1940200.0
520820.SH,2026-06-24,0.863,2962700.0
520820.SH,2026-06-25,0.848,1484900.0
520840.SH,2026-06-22,0.764,84837100.0
520840.SH,2026-06-23,0.732,107433500.0
520840.SH,2026-06-24,0.751,135307400.0
520840.SH,2026-06-25,0.735,89651000.0
520850.SH,2026-06-22,0.691,6715895.0
520850.SH,2026-06-23,0.683,7106600.0
520850.SH,2026-06-24,0.71,15838500.0
520850.SH,2026-06-25,0.711,7884100.0
520860.SH,2026-06-22,0.766,29697000.0
520860.SH,2026-06-23,0.737,15550100.0
520860.SH,2026-06-24,0.756,34399700.0
520860.SH,2026-06-25,0.745,18678000.0
520880.SH,2026-06-22,0.382,708625637.0
520880.SH,2026-06-23,0.381,1307960000.0
520880.SH,2026-06-24,0.39,1709195000.0
520880.SH,2026-06-25,0.383,1135610500.0
520890.SH,2026-06-22,1.299,23195600.0
520890.SH,2026-06-23,1.279,16468500.0
520890.SH,2026-06-24,1.273,19625700.0
520890.SH,2026-06-25,1.254,15261100.0
520900.SH,2026-06-22,0.985,95602200.0
520900.SH,2026-06-23,0.955,98883800.0
520900.SH,2026-06-24,0.957,100704400.0
520900.SH,2026-06-25,0.945,108025700.0
520910.SH,2026-06-22,0.617,58096000.0
520910.SH,2026-06-23,0.591,46638800.0
520910.SH,2026-06-24,0.594,75122800.0
520910.SH,2026-06-25,0.578,44811600.0
520930.SH,2026-06-22,0.758,11442300.0
520930.SH,2026-06-23,0.755,23441300.0
520930.SH,2026-06-24,0.784,48725800.0
520930.SH,2026-06-25,0.775,36535900.0
520940.SH,2026-06-22,0.948,11171200.0
520940.SH,2026-06-23,0.924,6635900.0
520940.SH,2026-06-24,0.934,10205400.0
520940.SH,2026-06-25,0.92,8267900.0
520950.SH,2026-06-22,0.794,52589100.0
520950.SH,2026-06-23,0.774,17015000.0
520950.SH,2026-06-24,0.784,44312400.0
520950.SH,2026-06-25,0.766,14716200.0
520960.SH,2026-06-22,0.861,3187900.0
520960.SH,2026-06-23,0.842,2762000.0
520960.SH,2026-06-24,0.851,4504700.0
520960.SH,2026-06-25,0.834,2060400.0
520970.SH,2026-06-22,0.686,82735100.0
520970.SH,2026-06-23,0.683,107798600.0
520970.SH,2026-06-24,0.711,228007500.0
520970.SH,2026-06-25,0.706,162959900.0
520980.SH,2026-06-22,0.878,594514300.0
520980.SH,2026-06-23,0.838,444046997.0
520980.SH,2026-06-24,0.866,804935814.0
520980.SH,2026-06-25,0.849,411616707.0
520990.SH,2026-06-22,0.968,236322200.0
520990.SH,2026-06-23,0.94,393242000.0
520990.SH,2026-06-24,0.938,122508100.0
520990.SH,2026-06-25,0.925,117822500.0
526000.SH,2026-06-22,1.387,291182000.0
526000.SH,2026-06-23,1.313,289071600.0
526000.SH,2026-06-24,1.378,397027400.0
526000.SH,2026-06-25,1.383,385179300.0
526010.SH,2026-06-22,0.796,4614100.0
526010.SH,2026-06-23,0.789,4132000.0
526010.SH,2026-06-24,0.818,12126400.0
526010.SH,2026-06-25,0.821,5108800.0
526050.SH,2026-06-22,1.252,107447100.0
526050.SH,2026-06-23,1.185,102331300.0
526050.SH,2026-06-24,1.24,145653300.0
526050.SH,2026-06-25,1.248,114174100.0
526070.SH,2026-06-22,0.931,11688900.0
526070.SH,2026-06-23,0.91,7466700.0
526070.SH,2026-06-24,0.918,16760300.0
526070.SH,2026-06-25,0.905,11528200.0
530000.SH,2026-06-22,1.41,3842000.0
530000.SH,2026-06-23,1.381,2212900.0
530000.SH,2026-06-24,1.376,7192600.0
530000.SH,2026-06-25,1.397,6997700.0
530050.SH,2026-06-22,1.205,6098500.0
530050.SH,2026-06-23,1.17,6750100.0
530050.SH,2026-06-24,1.177,4907900.0
530050.SH,2026-06-25,1.194,4785700.0
530060.SH,2026-06-22,1.034,58178000.0
530060.SH,2026-06-23,1.019,57460300.0
530060.SH,2026-06-24,1.019,45909700.0
530060.SH,2026-06-25,1.027,42094200.0
530080.SH,2026-06-22,1.277,6740000.0
530080.SH,2026-06-23,1.241,4928700.0
530080.SH,2026-06-24,1.248,4715500.0
530080.SH,2026-06-25,1.268,5804600.0
530100.SH,2026-06-22,1.323,4544200.0
530100.SH,2026-06-23,1.302,7742203.0
530100.SH,2026-06-24,1.322,5266900.0
530100.SH,2026-06-25,1.326,3531700.0
530180.SH,2026-06-22,1.251,10593300.0
530180.SH,2026-06-23,1.218,5109100.0
530180.SH,2026-06-24,1.225,12501300.0
530180.SH,2026-06-25,1.248,6736000.0
530280.SH,2026-06-22,1.261,189300.0
530280.SH,2026-06-23,1.234,1926800.0
530280.SH,2026-06-24,1.238,2500.0
530280.SH,2026-06-25,1.246,5400.0
530300.SH,2026-06-22,1.279,6221700.0
530300.SH,2026-06-23,1.243,6434900.0
530300.SH,2026-06-24,1.255,5163900.0
530300.SH,2026-06-25,1.27,4390100.0
530380.SH,2026-06-22,1.182,11439800.0
530380.SH,2026-06-23,1.161,6599700.0
530380.SH,2026-06-24,1.179,8533200.0
530380.SH,2026-06-25,1.187,4224100.0
530530.SH,2026-06-22,1.317,8415200.0
530530.SH,2026-06-23,1.294,5798100.0
530530.SH,2026-06-24,1.322,6312900.0
530530.SH,2026-06-25,1.327,10998100.0
530580.SH,2026-06-22,1.23,9874900.0
530580.SH,2026-06-23,1.197,9542700.0
530580.SH,2026-06-24,1.206,15246200.0
530580.SH,2026-06-25,1.221,10853600.0
530680.SH,2026-06-22,1.216,2113000.0
530680.SH,2026-06-23,1.178,4349600.0
530680.SH,2026-06-24,1.193,8042800.0
530680.SH,2026-06-25,1.205,3961578.0
530800.SH,2026-06-22,1.268,991600.0
530800.SH,2026-06-23,1.235,2882800.0
530800.SH,2026-06-24,1.241,2007300.0
530800.SH,2026-06-25,1.258,3000000.0
530880.SH,2026-06-22,1.031,6794800.0
530880.SH,2026-06-23,1.022,5591200.0
530880.SH,2026-06-24,1.002,3648700.0
530880.SH,2026-06-25,0.985,3819200.0
560010.SH,2026-06-22,3.664,143973344.0
560010.SH,2026-06-23,3.595,128777372.0
560010.SH,2026-06-24,3.648,248370432.0
560010.SH,2026-06-25,3.663,160379125.0
560020.SH,2026-06-22,1.068,2567300.0
560020.SH,2026-06-23,1.058,2195800.0
560020.SH,2026-06-24,1.045,3216500.0
560020.SH,2026-06-25,1.035,2228000.0
560030.SH,2026-06-22,1.271,27200.0
560030.SH,2026-06-23,1.258,179700.0
560030.SH,2026-06-24,1.238,764400.0
560030.SH,2026-06-25,1.238,41600.0
560050.SH,2026-06-22,1.176,85853588.0
560050.SH,2026-06-23,1.139,81600429.0
560050.SH,2026-06-24,1.145,103926264.0
560050.SH,2026-06-25,1.155,58459331.0
560060.SH,2026-06-22,1.041,1609400.0
560060.SH,2026-06-23,1.002,2221500.0
560060.SH,2026-06-24,1.002,1227800.0
560060.SH,2026-06-25,0.999,113300.0
560070.SH,2026-06-22,1.127,3181836.0
560070.SH,2026-06-23,1.113,3916100.0
560070.SH,2026-06-24,1.116,2573600.0
560070.SH,2026-06-25,1.106,1921122.0
560080.SH,2026-06-22,0.896,125500600.0
560080.SH,2026-06-23,0.904,124709600.0
560080.SH,2026-06-24,0.892,52025300.0
560080.SH,2026-06-25,0.882,58750881.0
560090.SH,2026-06-22,1.21,223277328.0
560090.SH,2026-06-23,1.216,186124742.0
560090.SH,2026-06-24,1.192,132272654.0
560090.SH,2026-06-25,1.233,169390902.0
560100.SH,2026-06-22,1.507,13035700.0
560100.SH,2026-06-23,1.463,6410900.0
560100.SH,2026-06-24,1.496,15252200.0
560100.SH,2026-06-25,1.507,5795900.0
560110.SH,2026-06-22,1.322,14218500.0
560110.SH,2026-06-23,1.299,15709500.0
560110.SH,2026-06-24,1.315,14513100.0
560110.SH,2026-06-25,1.319,5687700.0
560120.SH,2026-06-22,1.166,34997600.0
560120.SH,2026-06-23,1.142,31052600.0
560120.SH,2026-06-24,1.135,31615000.0
560120.SH,2026-06-25,1.131,25693500.0
560130.SH,2026-06-22,0.883,1175100.0
560130.SH,2026-06-23,0.891,864200.0
560130.SH,2026-06-24,0.885,386100.0
560130.SH,2026-06-25,0.882,985100.0
560150.SH,2026-06-22,1.073,6751400.0
560150.SH,2026-06-23,1.078,2449100.0
560150.SH,2026-06-24,1.058,7665900.0
560150.SH,2026-06-25,1.047,10075600.0
560160.SH,2026-06-22,0.887,5358000.0
560160.SH,2026-06-23,0.891,2073600.0
560160.SH,2026-06-24,0.885,5323600.0
560160.SH,2026-06-25,0.884,2416400.0
560170.SH,2026-06-22,1.483,52674268.0
560170.SH,2026-06-23,1.433,43334816.0
560170.SH,2026-06-24,1.482,58854621.0
560170.SH,2026-06-25,1.518,24293262.0
560180.SH,2026-06-22,1.287,3089900.0
560180.SH,2026-06-23,1.254,2535800.0
560180.SH,2026-06-24,1.261,3188300.0
560180.SH,2026-06-25,1.27,1981000.0
560190.SH,2026-06-22,1.044,683900.0
560190.SH,2026-06-23,1.05,823300.0
560190.SH,2026-06-24,1.025,814400.0
560190.SH,2026-06-25,1.007,592400.0
560210.SH,2026-06-22,0.737,15682100.0
560210.SH,2026-06-23,0.732,9139800.0
560210.SH,2026-06-24,0.712,8180600.0
560210.SH,2026-06-25,0.705,17589900.0
560220.SH,2026-06-22,1.585,2741000.0
560220.SH,2026-06-23,1.574,3698300.0
560220.SH,2026-06-24,1.575,2131600.0
560220.SH,2026-06-25,1.564,1669400.0
560230.SH,2026-06-22,0.944,7471300.0
560230.SH,2026-06-23,0.901,10484000.0
560230.SH,2026-06-24,0.904,14719400.0
560230.SH,2026-06-25,0.911,6720800.0
560250.SH,2026-06-22,0.952,10765700.0
560250.SH,2026-06-23,0.937,4251400.0
560250.SH,2026-06-24,0.945,2267000.0
560250.SH,2026-06-25,0.943,6861700.0
560260.SH,2026-06-22,0.75,9290983.0
560260.SH,2026-06-23,0.749,13249000.0
560260.SH,2026-06-24,0.755,13850100.0
560260.SH,2026-06-25,0.761,10468500.0
560270.SH,2026-06-22,0.994,15427600.0
560270.SH,2026-06-23,0.987,14375400.0
560270.SH,2026-06-24,0.967,14609500.0
560270.SH,2026-06-25,0.948,13195300.0
560280.SH,2026-06-22,1.67,188385649.0
560280.SH,2026-06-23,1.609,133126687.0
560280.SH,2026-06-24,1.578,104683630.0
560280.SH,2026-06-25,1.564,68425103.0
560290.SH,2026-06-22,0.933,16446200.0
560290.SH,2026-06-23,0.856,18370000.0
560290.SH,2026-06-24,0.865,10389500.0
560290.SH,2026-06-25,0.841,8111300.0
560300.SH,2026-06-22,2.584,1057100.0
560300.SH,2026-06-23,2.593,1659200.0
560300.SH,2026-06-24,2.552,1260200.0
560300.SH,2026-06-25,2.566,802400.0
560310.SH,2026-06-22,0.937,1586300.0
560310.SH,2026-06-23,0.905,1489300.0
560310.SH,2026-06-24,0.898,1773000.0
560310.SH,2026-06-25,0.907,1054200.0
560320.SH,2026-06-22,0.897,5922800.0
560320.SH,2026-06-23,0.901,7295100.0
560320.SH,2026-06-24,0.896,1459600.0
560320.SH,2026-06-25,0.893,6030700.0
560330.SH,2026-06-22,1.19,451500.0
560330.SH,2026-06-23,1.187,319400.0
560330.SH,2026-06-24,1.165,141300.0
560330.SH,2026-06-25,1.165,399000.0
560350.SH,2026-06-22,1.351,34713545.0
560350.SH,2026-06-23,1.309,22164900.0
560350.SH,2026-06-24,1.313,21999678.0
560350.SH,2026-06-25,1.32,11241377.0
560360.SH,2026-06-22,1.313,8713000.0
560360.SH,2026-06-23,1.283,5103900.0
560360.SH,2026-06-24,1.266,4839500.0
560360.SH,2026-06-25,1.26,2721400.0
560370.SH,2026-06-22,0.875,4823100.0
560370.SH,2026-06-23,0.852,2561900.0
560370.SH,2026-06-24,0.863,6594400.0
560370.SH,2026-06-25,0.865,2890900.0
560380.SH,2026-06-22,1.369,9331500.0
560380.SH,2026-06-23,1.319,4925300.0
560380.SH,2026-06-24,1.333,15780800.0
560380.SH,2026-06-25,1.355,10705900.0
560390.SH,2026-06-22,1.15,175350500.0
560390.SH,2026-06-23,1.121,128641400.0
560390.SH,2026-06-24,1.12,91540300.0
560390.SH,2026-06-25,1.133,107729200.0
560400.SH,2026-06-22,1.019,100512100.0
560400.SH,2026-06-23,1.021,58777900.0
560400.SH,2026-06-24,1.0,40820100.0
560400.SH,2026-06-25,1.039,43458700.0
560410.SH,2026-06-22,1.094,6096600.0
560410.SH,2026-06-23,1.058,3285600.0
560410.SH,2026-06-24,1.056,6113000.0
560410.SH,2026-06-25,1.049,2656300.0
560420.SH,2026-06-22,0.892,3636400.0
560420.SH,2026-06-23,0.903,6558800.0
560420.SH,2026-06-24,0.895,4928500.0
560420.SH,2026-06-25,0.895,7867500.0
560450.SH,2026-06-22,0.979,25176700.0
560450.SH,2026-06-23,0.967,17583300.0
560450.SH,2026-06-24,0.95,25255700.0
560450.SH,2026-06-25,0.932,20892800.0
560460.SH,2026-06-22,0.942,10707900.0
560460.SH,2026-06-23,0.933,10943500.0
560460.SH,2026-06-24,0.915,11625200.0
560460.SH,2026-06-25,0.899,14439500.0
560470.SH,2026-06-22,0.999,20404500.0
560470.SH,2026-06-23,0.917,27786700.0
560470.SH,2026-06-24,0.919,13900100.0
560470.SH,2026-06-25,0.891,9790200.0
560480.SH,2026-06-22,0.94,15032600.0
560480.SH,2026-06-23,0.931,9539800.0
560480.SH,2026-06-24,0.912,15264600.0
560480.SH,2026-06-25,0.896,9410800.0
560490.SH,2026-06-22,1.118,28388400.0
560490.SH,2026-06-23,1.024,23596000.0
560490.SH,2026-06-24,1.021,22122400.0
560490.SH,2026-06-25,0.998,11982700.0
560500.SH,2026-06-22,1.444,19033800.0
560500.SH,2026-06-23,1.408,2999200.0
560500.SH,2026-06-24,1.423,2411200.0
560500.SH,2026-06-25,1.428,1405600.0
560510.SH,2026-06-22,1.326,38524984.0
560510.SH,2026-06-23,1.289,48891112.0
560510.SH,2026-06-24,1.298,48703708.0
560510.SH,2026-06-25,1.318,37783310.0
560520.SH,2026-06-22,1.06,855200.0
560520.SH,2026-06-23,1.063,483600.0
560520.SH,2026-06-24,1.042,383300.0
560520.SH,2026-06-25,1.031,330800.0
560530.SH,2026-06-22,1.363,54996188.0
560530.SH,2026-06-23,1.326,78703687.0
560530.SH,2026-06-24,1.337,71750477.0
560530.SH,2026-06-25,1.358,71211437.0
560550.SH,2026-06-22,1.076,841500.0
560550.SH,2026-06-23,1.035,536700.0
560550.SH,2026-06-24,1.041,1124200.0
560550.SH,2026-06-25,1.032,1142400.0
560560.SH,2026-06-22,0.772,644700.0
560560.SH,2026-06-23,0.751,1071000.0
560560.SH,2026-06-24,0.75,1592300.0
560560.SH,2026-06-25,0.744,631000.0
560570.SH,2026-06-22,0.952,18621800.0
560570.SH,2026-06-23,0.953,8968400.0
560570.SH,2026-06-24,0.939,17943600.0
560570.SH,2026-06-25,0.933,16597600.0
560580.SH,2026-06-22,1.152,17069900.0
560580.SH,2026-06-23,1.138,15097900.0
560580.SH,2026-06-24,1.117,11835000.0
560580.SH,2026-06-25,1.098,14204200.0
560590.SH,2026-06-22,1.634,1679600.0
560590.SH,2026-06-23,1.608,5171100.0
560590.SH,2026-06-24,1.612,1709900.0
560590.SH,2026-06-25,1.621,1424200.0
560610.SH,2026-06-22,1.328,63417697.0
560610.SH,2026-06-23,1.301,132187558.0
560610.SH,2026-06-24,1.302,111524000.0
560610.SH,2026-06-25,1.32,103287689.0
560620.SH,2026-06-22,0.983,316600.0
560620.SH,2026-06-23,0.968,574100.0
560620.SH,2026-06-24,0.954,310700.0
560620.SH,2026-06-25,0.94,468100.0
560630.SH,2026-06-22,1.29,13207100.0
560630.SH,2026-06-23,1.273,7303200.0
560630.SH,2026-06-24,1.285,9197600.0
560630.SH,2026-06-25,1.278,6200200.0
560650.SH,2026-06-22,1.109,1270800.0
560650.SH,2026-06-23,1.072,449400.0
560650.SH,2026-06-24,1.084,200400.0
560650.SH,2026-06-25,1.095,477200.0
560660.SH,2026-06-22,1.21,10903900.0
560660.SH,2026-06-23,1.161,9081800.0
560660.SH,2026-06-24,1.171,10880500.0
560660.SH,2026-06-25,1.186,15421300.0
560670.SH,2026-06-22,0.991,8493300.0
560670.SH,2026-06-23,0.997,12364400.0
560670.SH,2026-06-24,0.976,16980900.0
560670.SH,2026-06-25,0.967,12049900.0
560680.SH,2026-06-22,0.689,17126300.0
560680.SH,2026-06-23,0.678,17384200.0
560680.SH,2026-06-24,0.669,14966400.0
560680.SH,2026-06-25,0.672,18924700.0
560690.SH,2026-06-22,2.479,1926800.0
560690.SH,2026-06-23,2.461,2685900.0
560690.SH,2026-06-24,2.45,1990800.0
560690.SH,2026-06-25,2.471,2174000.0
560700.SH,2026-06-22,1.147,9427072.0
560700.SH,2026-06-23,1.134,4723700.0
560700.SH,2026-06-24,1.14,5052904.0
560700.SH,2026-06-25,1.126,3589160.0
560710.SH,2026-06-22,0.95,126547200.0
560710.SH,2026-06-23,0.93,64442500.0
560710.SH,2026-06-24,0.916,96952000.0
560710.SH,2026-06-25,0.899,63965100.0
560720.SH,2026-06-22,0.952,10387100.0
560720.SH,2026-06-23,0.955,4325100.0
560720.SH,2026-06-24,0.937,12183200.0
560720.SH,2026-06-25,0.925,9435500.0
560750.SH,2026-06-22,1.48,7796900.0
560750.SH,2026-06-23,1.436,5989400.0
560750.SH,2026-06-24,1.451,2516900.0
560750.SH,2026-06-25,1.474,3666900.0
560770.SH,2026-06-22,1.139,36524300.0
560770.SH,2026-06-23,1.123,19976800.0
560770.SH,2026-06-24,1.131,51709700.0
560770.SH,2026-06-25,1.126,21316200.0
560780.SH,2026-06-22,3.469,211546400.0
560780.SH,2026-06-23,3.459,214162700.0
560780.SH,2026-06-24,3.659,258067004.0
560780.SH,2026-06-25,3.777,285137300.0
560790.SH,2026-06-22,0.897,14028800.0
560790.SH,2026-06-23,0.878,6268800.0
560790.SH,2026-06-24,0.862,6789200.0
560790.SH,2026-06-25,0.859,7570200.0
560800.SH,2026-06-22,1.38,10913500.0
560800.SH,2026-06-23,1.34,11112600.0
560800.SH,2026-06-24,1.394,17062500.0
560800.SH,2026-06-25,1.458,10414300.0
560810.SH,2026-06-22,1.34,450900.0
560810.SH,2026-06-23,1.311,2327900.0
560810.SH,2026-06-24,1.316,972600.0
560810.SH,2026-06-25,1.307,1556700.0
560820.SH,2026-06-22,1.269,61400.0
560820.SH,2026-06-23,1.228,53500.0
560820.SH,2026-06-24,1.238,32500.0
560820.SH,2026-06-25,1.236,74500.0
560830.SH,2026-06-22,0.943,38473600.0
560830.SH,2026-06-23,0.931,26299600.0
560830.SH,2026-06-24,0.914,34624100.0
560830.SH,2026-06-25,0.897,41692500.0
560850.SH,2026-06-22,1.509,7859000.0
560850.SH,2026-06-23,1.47,5227300.0
560850.SH,2026-06-24,1.488,3313600.0
560850.SH,2026-06-25,1.519,5126200.0
560860.SH,2026-06-22,1.893,399320061.0
560860.SH,2026-06-23,1.735,545445357.0
560860.SH,2026-06-24,1.717,551354599.0
560860.SH,2026-06-25,1.676,363155639.0
560870.SH,2026-06-22,1.085,19067500.0
560870.SH,2026-06-23,0.991,14170600.0
560870.SH,2026-06-24,0.991,9858400.0
560870.SH,2026-06-25,0.969,16339800.0
560880.SH,2026-06-22,1.551,19912400.0
560880.SH,2026-06-23,1.529,8760100.0
560880.SH,2026-06-24,1.515,21093400.0
560880.SH,2026-06-25,1.512,7839400.0
560900.SH,2026-06-22,0.799,11576100.0
560900.SH,2026-06-23,0.811,20893100.0
560900.SH,2026-06-24,0.831,27164300.0
560900.SH,2026-06-25,0.838,22603900.0
560910.SH,2026-06-22,0.975,16776200.0
560910.SH,2026-06-23,0.934,14219200.0
560910.SH,2026-06-24,0.943,18326400.0
560910.SH,2026-06-25,0.939,10763900.0
560930.SH,2026-06-22,0.926,16368800.0
560930.SH,2026-06-23,0.913,11860000.0
560930.SH,2026-06-24,0.896,13143500.0
560930.SH,2026-06-25,0.878,15506000.0
560950.SH,2026-06-22,1.479,1248700.0
560950.SH,2026-06-23,1.472,360700.0
560950.SH,2026-06-24,1.471,438900.0
560950.SH,2026-06-25,1.479,237800.0
560970.SH,2026-06-22,1.107,28511100.0
560970.SH,2026-06-23,1.013,14193700.0
560970.SH,2026-06-24,1.01,8609200.0
560970.SH,2026-06-25,0.988,6700400.0
560980.SH,2026-06-22,0.823,43307700.0
560980.SH,2026-06-23,0.787,34874200.0
560980.SH,2026-06-24,0.79,32281200.0
560980.SH,2026-06-25,0.793,35224900.0
560990.SH,2026-06-22,1.309,4568300.0
560990.SH,2026-06-23,1.266,3318800.0
560990.SH,2026-06-24,1.302,2983800.0
560990.SH,2026-06-25,1.337,1114200.0
561000.SH,2026-06-22,1.369,4823000.0
561000.SH,2026-06-23,1.34,2359800.0
561000.SH,2026-06-24,1.353,3510700.0
561000.SH,2026-06-25,1.367,2656900.0
561010.SH,2026-06-22,0.952,19498500.0
561010.SH,2026-06-23,0.933,10749900.0
561010.SH,2026-06-24,0.916,10559700.0
561010.SH,2026-06-25,0.904,7127000.0
561030.SH,2026-06-22,0.96,8993200.0
561030.SH,2026-06-23,0.928,6325000.0
561030.SH,2026-06-24,0.908,11052700.0
561030.SH,2026-06-25,0.9,10408900.0
561050.SH,2026-06-22,1.14,33603000.0
561050.SH,2026-06-23,1.056,57498000.0
561050.SH,2026-06-24,1.082,30754400.0
561050.SH,2026-06-25,1.073,21925900.0
561060.SH,2026-06-22,1.106,5828500.0
561060.SH,2026-06-23,1.105,1434000.0
561060.SH,2026-06-24,1.084,3232300.0
561060.SH,2026-06-25,1.07,602700.0
561080.SH,2026-06-22,1.171,3153500.0
561080.SH,2026-06-23,1.146,2788400.0
561080.SH,2026-06-24,1.133,2432300.0
561080.SH,2026-06-25,1.131,3885300.0
561090.SH,2026-06-22,1.36,11301100.0
561090.SH,2026-06-23,1.315,9379300.0
561090.SH,2026-06-24,1.34,8981600.0
561090.SH,2026-06-25,1.366,2920600.0
561100.SH,2026-06-22,2.105,47908200.0
561100.SH,2026-06-23,2.015,61956600.0
561100.SH,2026-06-24,2.099,53075019.0
561100.SH,2026-06-25,2.21,53738000.0
561120.SH,2026-06-22,1.301,8869000.0
561120.SH,2026-06-23,1.28,3451900.0
561120.SH,2026-06-24,1.271,9370800.0
561120.SH,2026-06-25,1.271,2571600.0
561130.SH,2026-06-22,1.14,16943200.0
561130.SH,2026-06-23,1.106,5607400.0
561130.SH,2026-06-24,1.122,18405700.0
561130.SH,2026-06-25,1.147,9114300.0
561160.SH,2026-06-22,0.948,131571400.0
561160.SH,2026-06-23,0.905,121506404.0
561160.SH,2026-06-24,0.912,94816100.0
561160.SH,2026-06-25,0.907,111834000.0
561170.SH,2026-06-22,1.196,49292200.0
561170.SH,2026-06-23,1.18,41647900.0
561170.SH,2026-06-24,1.161,46042900.0
561170.SH,2026-06-25,1.14,47288000.0
561180.SH,2026-06-22,1.445,3139200.0
561180.SH,2026-06-23,1.4,1412400.0
561180.SH,2026-06-24,1.406,1814000.0
561180.SH,2026-06-25,1.426,1107800.0
561190.SH,2026-06-22,1.089,6849200.0
561190.SH,2026-06-23,1.045,5030600.0
561190.SH,2026-06-24,1.05,5977500.0
561190.SH,2026-06-25,1.042,5907200.0
561200.SH,2026-06-22,1.597,3156900.0
561200.SH,2026-06-23,1.544,2028800.0
561200.SH,2026-06-24,1.556,3485300.0
561200.SH,2026-06-25,1.575,1461800.0
561220.SH,2026-06-22,2.124,2835900.0
561220.SH,2026-06-23,2.072,3354300.0
561220.SH,2026-06-24,2.15,3759500.0
561220.SH,2026-06-25,2.221,2289000.0
561230.SH,2026-06-22,1.401,16672500.0
561230.SH,2026-06-23,1.357,12997300.0
561230.SH,2026-06-24,1.356,12590700.0
561230.SH,2026-06-25,1.362,9793400.0
561260.SH,2026-06-22,1.293,1658600.0
561260.SH,2026-06-23,1.254,422531.0
561260.SH,2026-06-24,1.245,5765300.0
561260.SH,2026-06-25,1.226,3623747.0
561280.SH,2026-06-22,1.824,4590600.0
561280.SH,2026-06-23,1.798,3944600.0
561280.SH,2026-06-24,1.82,7625100.0
561280.SH,2026-06-25,1.804,7189000.0
561300.SH,2026-06-22,1.098,52445600.0
561300.SH,2026-06-23,1.066,18797600.0
561300.SH,2026-06-24,1.078,27886189.0
561300.SH,2026-06-25,1.089,18804300.0
561310.SH,2026-06-22,1.874,10747200.0
561310.SH,2026-06-23,1.8,7014700.0
561310.SH,2026-06-24,1.898,10510900.0
561310.SH,2026-06-25,1.956,10578700.0
561320.SH,2026-06-22,0.899,673500.0
561320.SH,2026-06-23,0.902,717000.0
561320.SH,2026-06-24,0.907,1706600.0
561320.SH,2026-06-25,0.909,1004471.0
561330.SH,2026-06-22,2.188,73457284.0
561330.SH,2026-06-23,2.025,46879800.0
561330.SH,2026-06-24,2.015,50253003.0
561330.SH,2026-06-25,0.984,66585182.0
561350.SH,2026-06-22,1.405,29323700.0
561350.SH,2026-06-23,1.378,10830400.0
561350.SH,2026-06-24,1.4,26025600.0
561350.SH,2026-06-25,1.416,25323300.0
561360.SH,2026-06-22,1.444,68567934.0
561360.SH,2026-06-23,1.429,39504553.0
561360.SH,2026-06-24,1.447,45607832.0
561360.SH,2026-06-25,1.409,49591408.0
561370.SH,2026-06-22,1.575,500700.0
561370.SH,2026-06-23,1.568,1608400.0
561370.SH,2026-06-24,1.56,1328800.0
561370.SH,2026-06-25,1.552,469400.0
561380.SH,2026-06-22,2.442,121272179.0
561380.SH,2026-06-23,2.376,103140100.0
561380.SH,2026-06-24,2.373,98604589.0
561380.SH,2026-06-25,0.961,145639600.0
561500.SH,2026-06-22,0.867,4405800.0
561500.SH,2026-06-23,0.839,3664400.0
561500.SH,2026-06-24,0.849,4466200.0
561500.SH,2026-06-25,0.863,2299000.0
561510.SH,2026-06-22,0.872,1273700.0
561510.SH,2026-06-23,0.886,1587500.0
561510.SH,2026-06-24,0.869,5751300.0
561510.SH,2026-06-25,0.859,1463000.0
561550.SH,2026-06-22,1.586,87623400.0
561550.SH,2026-06-23,1.55,42936500.0
561550.SH,2026-06-24,1.577,38273700.0
561550.SH,2026-06-25,1.597,36387300.0
561560.SH,2026-06-22,1.328,89667301.0
561560.SH,2026-06-23,1.311,81733805.0
561560.SH,2026-06-24,1.287,172873140.0
561560.SH,2026-06-25,1.264,186787451.0
561570.SH,2026-06-22,1.363,26971000.0
561570.SH,2026-06-23,1.352,11654900.0
561570.SH,2026-06-24,1.366,16171900.0
561570.SH,2026-06-25,1.336,12516900.0
561580.SH,2026-06-22,1.159,72146025.0
561580.SH,2026-06-23,1.155,54126739.0
561580.SH,2026-06-24,1.146,41535773.0
561580.SH,2026-06-25,1.125,66260037.0
561590.SH,2026-06-22,1.709,3698800.0
561590.SH,2026-06-23,1.674,3459600.0
561590.SH,2026-06-24,1.703,4242300.0
561590.SH,2026-06-25,1.709,2337800.0
561600.SH,2026-06-22,1.934,26499000.0
561600.SH,2026-06-23,1.864,112679600.0
561600.SH,2026-06-24,1.93,29822200.0
561600.SH,2026-06-25,2.028,32000500.0
561660.SH,2026-06-22,1.019,6644900.0
561660.SH,2026-06-23,0.982,8317800.0
561660.SH,2026-06-24,0.984,4694600.0
561660.SH,2026-06-25,0.973,3389000.0
561680.SH,2026-06-22,0.949,1115100.0
561680.SH,2026-06-23,0.95,985100.0
561680.SH,2026-06-24,0.933,1345100.0
561680.SH,2026-06-25,0.925,1178600.0
561700.SH,2026-06-22,1.154,14950800.0
561700.SH,2026-06-23,1.137,10759900.0
561700.SH,2026-06-24,1.117,6219700.0
561700.SH,2026-06-25,1.099,10254000.0
561750.SH,2026-06-22,1.236,1990300.0
561750.SH,2026-06-23,1.213,662900.0
561750.SH,2026-06-24,1.201,1591600.0
561750.SH,2026-06-25,1.196,631100.0
561760.SH,2026-06-22,1.331,11186300.0
561760.SH,2026-06-23,1.326,3438400.0
561760.SH,2026-06-24,1.336,8845200.0
561760.SH,2026-06-25,1.305,4078500.0
561770.SH,2026-06-22,1.355,1691500.0
561770.SH,2026-06-23,1.314,378500.0
561770.SH,2026-06-24,1.321,1484400.0
561770.SH,2026-06-25,1.331,86400.0
561780.SH,2026-06-22,1.795,3340100.0
561780.SH,2026-06-23,1.764,693200.0
561780.SH,2026-06-24,1.764,1164200.0
561780.SH,2026-06-25,1.77,909200.0
561790.SH,2026-06-22,1.289,4429494.0
561790.SH,2026-06-23,1.255,746694.0
561790.SH,2026-06-24,1.245,2067600.0
561790.SH,2026-06-25,1.225,1415394.0
561800.SH,2026-06-22,1.342,42348100.0
561800.SH,2026-06-23,1.247,69090700.0
561800.SH,2026-06-24,1.271,41393800.0
561800.SH,2026-06-25,1.263,33551500.0
561870.SH,2026-06-22,1.164,6484400.0
561870.SH,2026-06-23,1.14,3834600.0
561870.SH,2026-06-24,1.117,3924900.0
561870.SH,2026-06-25,1.117,4403700.0
561880.SH,2026-06-22,1.404,10617500.0
561880.SH,2026-06-23,1.358,3547100.0
561880.SH,2026-06-24,1.366,6195100.0
561880.SH,2026-06-25,1.379,2785600.0
561900.SH,2026-06-22,1.072,4619600.0
561900.SH,2026-06-23,1.04,1865600.0
561900.SH,2026-06-24,1.047,5399900.0
561900.SH,2026-06-25,1.063,3527000.0
561910.SH,2026-06-22,0.941,238933639.0
561910.SH,2026-06-23,0.897,213512400.0
561910.SH,2026-06-24,0.909,175432545.0
561910.SH,2026-06-25,0.901,125221300.0
561920.SH,2026-06-22,0.608,1349500.0
561920.SH,2026-06-23,0.621,11243800.0
561920.SH,2026-06-24,0.617,7029300.0
561920.SH,2026-06-25,0.615,3830100.0
561930.SH,2026-06-22,1.691,6515900.0
561930.SH,2026-06-23,1.649,7066100.0
561930.SH,2026-06-24,1.656,10343900.0
561930.SH,2026-06-25,1.68,6468100.0
561950.SH,2026-06-22,1.503,6567800.0
561950.SH,2026-06-23,1.465,4101500.0
561950.SH,2026-06-24,1.489,9696000.0
561950.SH,2026-06-25,1.498,4711100.0
561960.SH,2026-06-22,1.224,239500.0
561960.SH,2026-06-23,1.208,171100.0
561960.SH,2026-06-24,1.213,531696.0
561960.SH,2026-06-25,1.201,426400.0
561980.SH,2026-06-22,3.829,124284783.0
561980.SH,2026-06-23,3.813,134151074.0
561980.SH,2026-06-24,4.029,146821030.0
561980.SH,2026-06-25,4.147,134673934.0
561990.SH,2026-06-22,1.084,38717000.0
561990.SH,2026-06-23,1.057,20259800.0
561990.SH,2026-06-24,1.068,41435100.0
561990.SH,2026-06-25,1.076,25882400.0
562000.SH,2026-06-22,0.657,20800100.0
562000.SH,2026-06-23,0.634,11857200.0
562000.SH,2026-06-24,0.642,29324600.0
562000.SH,2026-06-25,0.651,13988400.0
562010.SH,2026-06-22,1.01,925500.0
562010.SH,2026-06-23,0.976,957700.0
562010.SH,2026-06-24,0.987,496800.0
562010.SH,2026-06-25,0.993,565100.0
562030.SH,2026-06-22,0.565,9262300.0
562030.SH,2026-06-23,0.555,7075400.0
562030.SH,2026-06-24,0.563,9324100.0
562030.SH,2026-06-25,0.576,34407600.0
562050.SH,2026-06-22,0.874,10621300.0
562050.SH,2026-06-23,0.884,16251200.0
562050.SH,2026-06-24,0.893,20488200.0
562050.SH,2026-06-25,0.892,15403500.0
562060.SH,2026-06-22,0.593,129681500.0
562060.SH,2026-06-23,0.594,70395600.0
562060.SH,2026-06-24,0.585,105295800.0
562060.SH,2026-06-25,0.579,86164300.0
562070.SH,2026-06-22,1.106,8234800.0
562070.SH,2026-06-23,1.077,13372400.0
562070.SH,2026-06-24,1.085,9546100.0
562070.SH,2026-06-25,1.102,4748100.0
562080.SH,2026-06-22,0.592,54205300.0
562080.SH,2026-06-23,0.575,45666000.0
562080.SH,2026-06-24,0.57,78432500.0
562080.SH,2026-06-25,0.565,48177400.0
562300.SH,2026-06-22,0.777,886500.0
562300.SH,2026-06-23,0.748,307100.0
562300.SH,2026-06-24,0.752,1321500.0
562300.SH,2026-06-25,0.761,1000400.0
562310.SH,2026-06-22,1.23,33827383.0
562310.SH,2026-06-23,1.18,33380933.0
562310.SH,2026-06-24,1.198,29686088.0
562310.SH,2026-06-25,1.226,19957854.0
562320.SH,2026-06-22,1.288,5640500.0
562320.SH,2026-06-23,1.275,3242700.0
562320.SH,2026-06-24,1.256,4750100.0
562320.SH,2026-06-25,1.261,2610300.0
562330.SH,2026-06-22,1.264,143400.0
562330.SH,2026-06-23,1.243,98900.0
562330.SH,2026-06-24,1.233,629500.0
562330.SH,2026-06-25,1.255,300900.0
562340.SH,2026-06-22,1.498,264300.0
562340.SH,2026-06-23,1.5,132100.0
562340.SH,2026-06-24,1.493,401100.0
562340.SH,2026-06-25,1.506,192600.0
562350.SH,2026-06-22,1.152,18207400.0
562350.SH,2026-06-23,1.137,11886300.0
562350.SH,2026-06-24,1.119,12547500.0
562350.SH,2026-06-25,1.095,13193000.0
562360.SH,2026-06-22,1.248,18318900.0
562360.SH,2026-06-23,1.228,16342500.0
562360.SH,2026-06-24,1.239,16105600.0
562360.SH,2026-06-25,1.233,12394700.0
562380.SH,2026-06-22,1.522,6923100.0
562380.SH,2026-06-23,1.47,3341600.0
562380.SH,2026-06-24,1.514,13795400.0
562380.SH,2026-06-25,1.549,6531500.0
562390.SH,2026-06-22,0.817,1235000.0
562390.SH,2026-06-23,0.829,1768200.0
562390.SH,2026-06-24,0.813,1692100.0
562390.SH,2026-06-25,0.804,1163100.0
562500.SH,2026-06-22,1.154,1010513957.0
562500.SH,2026-06-23,1.137,694274165.0
562500.SH,2026-06-24,1.146,641143546.0
562500.SH,2026-06-25,1.141,609010422.0
562510.SH,2026-06-22,0.576,101981900.0
562510.SH,2026-06-23,0.575,71532900.0
562510.SH,2026-06-24,0.564,61253500.0
562510.SH,2026-06-25,0.572,91002300.0
562520.SH,2026-06-22,1.518,5566700.0
562520.SH,2026-06-23,1.494,4321900.0
562520.SH,2026-06-24,1.507,4260900.0
562520.SH,2026-06-25,1.51,4790900.0
562530.SH,2026-06-22,1.222,3596900.0
562530.SH,2026-06-23,1.218,3132100.0
562530.SH,2026-06-24,1.201,3970900.0
562530.SH,2026-06-25,1.184,1990500.0
562550.SH,2026-06-22,1.189,137437500.0
562550.SH,2026-06-23,1.177,139372400.0
562550.SH,2026-06-24,1.156,128851000.0
562550.SH,2026-06-25,1.134,133513800.0
562560.SH,2026-06-22,2.785,1761200.0
562560.SH,2026-06-23,2.689,735900.0
562560.SH,2026-06-24,2.798,1097800.0
562560.SH,2026-06-25,2.918,678800.0
562570.SH,2026-06-22,1.512,31154600.0
562570.SH,2026-06-23,1.474,12491500.0
562570.SH,2026-06-24,1.492,20120400.0
562570.SH,2026-06-25,1.523,18212300.0
562580.SH,2026-06-22,1.094,6174600.0
562580.SH,2026-06-23,1.082,4634600.0
562580.SH,2026-06-24,1.07,4231600.0
562580.SH,2026-06-25,1.061,3797900.0
562590.SH,2026-06-22,3.327,209546993.0
562590.SH,2026-06-23,3.322,197728604.0
562590.SH,2026-06-24,3.518,219285100.0
562590.SH,2026-06-25,3.616,188467048.0
562600.SH,2026-06-22,0.745,35908800.0
562600.SH,2026-06-23,0.746,32362800.0
562600.SH,2026-06-24,0.738,66368500.0
562600.SH,2026-06-25,0.733,32052200.0
562660.SH,2026-06-22,2.006,27051300.0
562660.SH,2026-06-23,2.006,18033650.0
562660.SH,2026-06-24,2.0,28246200.0
562660.SH,2026-06-25,1.97,26967900.0
562700.SH,2026-06-22,1.385,11220400.0
562700.SH,2026-06-23,1.356,8990300.0
562700.SH,2026-06-24,1.361,20386200.0
562700.SH,2026-06-25,1.35,7867800.0
562800.SH,2026-06-22,1.241,660631749.0
562800.SH,2026-06-23,1.154,1024985587.0
562800.SH,2026-06-24,1.18,698831509.0
562800.SH,2026-06-25,1.172,409016677.0
562810.SH,2026-06-22,1.226,6380200.0
562810.SH,2026-06-23,1.217,6916000.0
562810.SH,2026-06-24,1.213,3963900.0
562810.SH,2026-06-25,1.219,5470400.0
562820.SH,2026-06-22,3.742,17628000.0
562820.SH,2026-06-23,3.646,18767200.0
562820.SH,2026-06-24,3.857,19728400.0
562820.SH,2026-06-25,4.071,27059400.0
562850.SH,2026-06-22,1.305,14680100.0
562850.SH,2026-06-23,1.264,9097291.0
562850.SH,2026-06-24,1.253,19557648.0
562850.SH,2026-06-25,1.236,11386654.0
562860.SH,2026-06-22,0.598,8148400.0
562860.SH,2026-06-23,0.61,17941600.0
562860.SH,2026-06-24,0.608,18181300.0
562860.SH,2026-06-25,0.605,12033800.0
562870.SH,2026-06-22,0.958,47429700.0
562870.SH,2026-06-23,0.958,38981600.0
562870.SH,2026-06-24,0.94,26513200.0
562870.SH,2026-06-25,0.972,29310201.0
562880.SH,2026-06-22,0.967,87685921.0
562880.SH,2026-06-23,0.92,62729686.0
562880.SH,2026-06-24,0.931,165922019.0
562880.SH,2026-06-25,0.924,41276999.0
562890.SH,2026-06-22,1.441,9942800.0
562890.SH,2026-06-23,1.394,18199300.0
562890.SH,2026-06-24,1.403,12889300.0
562890.SH,2026-06-25,1.407,4967900.0
562900.SH,2026-06-22,0.627,14105100.0
562900.SH,2026-06-23,0.622,15056300.0
562900.SH,2026-06-24,0.606,17258100.0
562900.SH,2026-06-25,0.602,16610300.0
562910.SH,2026-06-22,0.972,19528900.0
562910.SH,2026-06-23,0.933,16855500.0
562910.SH,2026-06-24,0.935,11597000.0
562910.SH,2026-06-25,0.935,6270400.0
562920.SH,2026-06-22,0.958,7718900.0
562920.SH,2026-06-23,0.938,6852800.0
562920.SH,2026-06-24,0.942,8280300.0
562920.SH,2026-06-25,0.955,6263900.0
562930.SH,2026-06-22,0.76,78548400.0
562930.SH,2026-06-23,0.741,58420500.0
562930.SH,2026-06-24,0.733,60265100.0
562930.SH,2026-06-25,0.726,50125700.0
562950.SH,2026-06-22,2.023,155215900.0
562950.SH,2026-06-23,1.937,121923751.0
562950.SH,2026-06-24,2.021,96885700.0
562950.SH,2026-06-25,2.122,85932083.0
562960.SH,2026-06-22,1.193,71631712.0
562960.SH,2026-06-23,1.178,46553100.0
562960.SH,2026-06-24,1.157,59152901.0
562960.SH,2026-06-25,1.136,51591300.0
562970.SH,2026-06-22,1.209,13128800.0
562970.SH,2026-06-23,1.152,16246600.0
562970.SH,2026-06-24,1.155,21721800.0
562970.SH,2026-06-25,1.165,14602200.0
562990.SH,2026-06-22,1.088,11903800.0
562990.SH,2026-06-23,1.047,13419500.0
562990.SH,2026-06-24,1.05,15297700.0
562990.SH,2026-06-25,1.046,4672400.0
563000.SH,2026-06-22,1.2,65197355.0
563000.SH,2026-06-23,1.16,54905444.0
563000.SH,2026-06-24,1.166,68275722.0
563000.SH,2026-06-25,1.18,25298343.0
563010.SH,2026-06-22,2.447,6300600.0
563010.SH,2026-06-23,2.423,9577600.0
563010.SH,2026-06-24,2.414,8190900.0
563010.SH,2026-06-25,2.426,8143100.0
563020.SH,2026-06-22,1.107,419554800.0
563020.SH,2026-06-23,1.113,225298700.0
563020.SH,2026-06-24,1.093,288308038.0
563020.SH,2026-06-25,1.081,261354100.0
563030.SH,2026-06-22,1.716,2822800.0
563030.SH,2026-06-23,1.689,2398400.0
563030.SH,2026-06-24,1.72,1778300.0
563030.SH,2026-06-25,1.739,1758400.0
563050.SH,2026-06-22,1.581,9069400.0
563050.SH,2026-06-23,1.533,5846000.0
563050.SH,2026-06-24,1.578,9574800.0
563050.SH,2026-06-25,1.615,6362500.0
563060.SH,2026-06-22,1.099,1817000.0
563060.SH,2026-06-23,1.074,2075300.0
563060.SH,2026-06-24,1.1,1870500.0
563060.SH,2026-06-25,1.09,2516700.0
563080.SH,2026-06-22,1.441,17575100.0
563080.SH,2026-06-23,1.397,17790500.0
563080.SH,2026-06-24,1.402,22868950.0
563080.SH,2026-06-25,1.408,10939600.0
563090.SH,2026-06-22,1.431,5117700.0
563090.SH,2026-06-23,1.383,4759600.0
563090.SH,2026-06-24,1.41,4582500.0
563090.SH,2026-06-25,1.432,4339700.0
563150.SH,2026-06-22,1.319,3388900.0
563150.SH,2026-06-23,1.314,3465300.0
563150.SH,2026-06-24,1.325,7539400.0
563150.SH,2026-06-25,1.3,9175600.0
563180.SH,2026-06-22,1.084,4087200.0
563180.SH,2026-06-23,1.066,5048700.0
563180.SH,2026-06-24,1.056,5927500.0
563180.SH,2026-06-25,1.045,5565900.0
563200.SH,2026-06-22,1.698,6025100.0
563200.SH,2026-06-23,1.693,4272500.0
563200.SH,2026-06-24,1.68,7752200.0
563200.SH,2026-06-25,1.666,5237000.0
563210.SH,2026-06-22,2.436,13615900.0
563210.SH,2026-06-23,2.39,9622200.0
563210.SH,2026-06-24,2.489,12671900.0
563210.SH,2026-06-25,2.546,13534500.0
563220.SH,2026-06-22,1.409,260319787.0
563220.SH,2026-06-23,1.363,338408057.0
563220.SH,2026-06-24,1.379,429870977.0
563220.SH,2026-06-25,1.4,246174383.0
563230.SH,2026-06-22,1.362,333315153.0
563230.SH,2026-06-23,1.307,213428308.0
563230.SH,2026-06-24,1.33,182376322.0
563230.SH,2026-06-25,1.339,197945740.0
563280.SH,2026-06-22,1.521,92800.0
563280.SH,2026-06-23,1.49,53500.0
563280.SH,2026-06-24,1.474,72500.0
563280.SH,2026-06-25,1.489,21100.0
563300.SH,2026-06-22,1.635,371068405.0
563300.SH,2026-06-23,1.625,299554685.0
563300.SH,2026-06-24,1.628,330041000.0
563300.SH,2026-06-25,1.613,278686453.0
563320.SH,2026-06-22,0.951,24559700.0
563320.SH,2026-06-23,0.917,24406700.0
563320.SH,2026-06-24,0.925,22194200.0
563320.SH,2026-06-25,0.91,12920400.0
563330.SH,2026-06-22,4.612,9195169.0
563330.SH,2026-06-23,4.515,9967607.0
563330.SH,2026-06-24,4.545,9232900.0
563330.SH,2026-06-25,4.579,4716200.0
563350.SH,2026-06-22,1.476,9540300.0
563350.SH,2026-06-23,1.432,18822900.0
563350.SH,2026-06-24,1.437,19192400.0
563350.SH,2026-06-25,1.44,8963600.0
563360.SH,2026-06-22,1.432,2567202322.0
563360.SH,2026-06-23,1.387,2516443361.0
563360.SH,2026-06-24,1.4,2922239462.0
563360.SH,2026-06-25,1.423,2201079624.0
563380.SH,2026-06-22,1.043,71439400.0
563380.SH,2026-06-23,1.012,55278100.0
563380.SH,2026-06-24,1.014,48533500.0
563380.SH,2026-06-25,1.003,47039600.0
563390.SH,2026-06-22,1.189,104253300.0
563390.SH,2026-06-23,1.165,64165200.0
563390.SH,2026-06-24,1.153,49350100.0
563390.SH,2026-06-25,1.149,72122800.0
563500.SH,2026-06-22,0.71,31736724.0
563500.SH,2026-06-23,0.689,36858800.0
563500.SH,2026-06-24,0.695,32303700.0
563500.SH,2026-06-25,0.706,27163312.0
563510.SH,2026-06-22,0.943,10484200.0
563510.SH,2026-06-23,0.944,6254100.0
563510.SH,2026-06-24,0.931,7711600.0
563510.SH,2026-06-25,0.924,6268700.0
563520.SH,2026-06-22,1.306,17876000.0
563520.SH,2026-06-23,1.268,20799100.0
563520.SH,2026-06-24,1.268,20945400.0
563520.SH,2026-06-25,1.287,17542500.0
563530.SH,2026-06-22,1.36,126411177.0
563530.SH,2026-06-23,1.306,128541900.0
563530.SH,2026-06-24,1.328,119686700.0
563530.SH,2026-06-25,1.336,100076122.0
563550.SH,2026-06-22,1.397,6582700.0
563550.SH,2026-06-23,1.359,2901800.0
563550.SH,2026-06-24,1.373,9353300.0
563550.SH,2026-06-25,1.397,3036600.0
563560.SH,2026-06-22,1.48,12924500.0
563560.SH,2026-06-23,1.423,8313900.0
563560.SH,2026-06-24,1.477,9343600.0
563560.SH,2026-06-25,1.546,8435800.0
563570.SH,2026-06-22,0.806,7727600.0
563570.SH,2026-06-23,0.802,14173000.0
563570.SH,2026-06-24,0.779,27687600.0
563570.SH,2026-06-25,0.78,23844500.0
563580.SH,2026-06-22,1.085,13346767.0
563580.SH,2026-06-23,1.053,11001300.0
563580.SH,2026-06-24,1.047,11949000.0
563580.SH,2026-06-25,1.047,10949622.0
563590.SH,2026-06-22,0.935,370600.0
563590.SH,2026-06-23,0.935,79800.0
563590.SH,2026-06-24,0.923,81700.0
563590.SH,2026-06-25,0.913,67700.0
563600.SH,2026-06-22,1.169,3326500.0
563600.SH,2026-06-23,1.131,3855600.0
563600.SH,2026-06-24,1.14,5250400.0
563600.SH,2026-06-25,1.15,1733400.0
563620.SH,2026-06-22,1.066,2609600.0
563620.SH,2026-06-23,1.045,331900.0
563620.SH,2026-06-24,1.029,2308700.0
563620.SH,2026-06-25,1.026,488000.0
563630.SH,2026-06-22,1.412,620000.0
563630.SH,2026-06-23,1.359,1698400.0
563630.SH,2026-06-24,1.381,585500.0
563630.SH,2026-06-25,1.407,956400.0
563650.SH,2026-06-22,1.424,3268000.0
563650.SH,2026-06-23,1.387,2582100.0
563650.SH,2026-06-24,1.395,6437200.0
563650.SH,2026-06-25,1.413,1539900.0
563660.SH,2026-06-22,1.399,5335600.0
563660.SH,2026-06-23,1.353,4536600.0
563660.SH,2026-06-24,1.368,4529800.0
563660.SH,2026-06-25,1.39,2551300.0
563670.SH,2026-06-22,0.739,7271600.0
563670.SH,2026-06-23,0.739,9404200.0
563670.SH,2026-06-24,0.718,5820800.0
563670.SH,2026-06-25,0.714,4625000.0
563680.SH,2026-06-22,1.164,6774300.0
563680.SH,2026-06-23,1.133,7109000.0
563680.SH,2026-06-24,1.126,6629200.0
563680.SH,2026-06-25,1.124,5250900.0
563690.SH,2026-06-22,0.965,1409600.0
563690.SH,2026-06-23,0.969,1708000.0
563690.SH,2026-06-24,0.951,1514600.0
563690.SH,2026-06-25,0.942,1119600.0
563700.SH,2026-06-22,1.028,7537400.0
563700.SH,2026-06-23,1.029,3746600.0
563700.SH,2026-06-24,1.019,8763600.0
563700.SH,2026-06-25,1.006,8999400.0
563750.SH,2026-06-22,1.232,18920200.0
563750.SH,2026-06-23,1.206,14612900.0
563750.SH,2026-06-24,1.228,22218200.0
563750.SH,2026-06-25,1.24,19294400.0
563760.SH,2026-06-22,1.141,82206000.0
563760.SH,2026-06-23,1.119,60628333.0
563760.SH,2026-06-24,1.108,83747700.0
563760.SH,2026-06-25,1.109,115999100.0
563770.SH,2026-06-22,1.165,6975800.0
563770.SH,2026-06-23,1.142,7013300.0
563770.SH,2026-06-24,1.131,7893500.0
563770.SH,2026-06-25,1.133,6658500.0
563780.SH,2026-06-22,1.187,8149800.0
563780.SH,2026-06-23,1.16,2557600.0
563780.SH,2026-06-24,1.15,5841000.0
563780.SH,2026-06-25,1.147,6484900.0
563790.SH,2026-06-22,1.025,97630900.0
563790.SH,2026-06-23,0.986,78494091.0
563790.SH,2026-06-24,1.001,67051399.0
563790.SH,2026-06-25,1.009,92497999.0
563800.SH,2026-06-22,1.352,278381005.0
563800.SH,2026-06-23,1.314,369619344.0
563800.SH,2026-06-24,1.321,347745169.0
563800.SH,2026-06-25,1.344,214271985.0
563830.SH,2026-06-22,1.168,4058100.0
563830.SH,2026-06-23,1.153,3695100.0
563830.SH,2026-06-24,1.129,8919900.0
563830.SH,2026-06-25,1.123,5226400.0
563850.SH,2026-06-22,0.911,1874400.0
563850.SH,2026-06-23,0.914,1505600.0
563850.SH,2026-06-24,0.908,1978800.0
563850.SH,2026-06-25,0.907,2048200.0
563860.SH,2026-06-22,1.432,26590000.0
563860.SH,2026-06-23,1.388,16643800.0
563860.SH,2026-06-24,1.408,29117700.0
563860.SH,2026-06-25,1.432,13754100.0
563870.SH,2026-06-22,0.734,14363800.0
563870.SH,2026-06-23,0.713,3218100.0
563870.SH,2026-06-24,0.711,2043200.0
563870.SH,2026-06-25,0.702,1143200.0
563880.SH,2026-06-22,1.395,87943300.0
563880.SH,2026-06-23,1.351,113258300.0
563880.SH,2026-06-24,1.365,81134300.0
563880.SH,2026-06-25,1.39,89548600.0
563890.SH,2026-06-22,1.005,857800.0
563890.SH,2026-06-23,1.005,451100.0
563890.SH,2026-06-24,0.987,191500.0
563890.SH,2026-06-25,0.975,331100.0
563900.SH,2026-06-22,1.119,27999100.0
563900.SH,2026-06-23,1.087,23866700.0
563900.SH,2026-06-24,1.078,33125500.0
563900.SH,2026-06-25,1.067,31582500.0
563930.SH,2026-06-22,1.05,1818600.0
563930.SH,2026-06-23,1.035,2784100.0
563930.SH,2026-06-24,1.042,2134500.0
563930.SH,2026-06-25,1.033,890500.0
563960.SH,2026-06-22,0.949,4801300.0
563960.SH,2026-06-23,0.935,5588800.0
563960.SH,2026-06-24,0.938,4078300.0
563960.SH,2026-06-25,0.942,3298900.0
563980.SH,2026-06-22,0.941,2065400.0
563980.SH,2026-06-23,0.942,1523900.0
563980.SH,2026-06-24,0.924,3303700.0
563980.SH,2026-06-25,0.915,233100.0
563990.SH,2026-06-22,1.202,13739100.0
563990.SH,2026-06-23,1.166,12811200.0
563990.SH,2026-06-24,1.164,18327500.0
563990.SH,2026-06-25,1.164,9837500.0
588000.SH,2026-06-22,2.056,3609573754.0
588000.SH,2026-06-23,2.023,3643158120.0
588000.SH,2026-06-24,2.096,4244590621.0
588000.SH,2026-06-25,2.178,3663353147.0
588010.SH,2026-06-22,1.42,161815000.0
588010.SH,2026-06-23,1.361,137050000.0
588010.SH,2026-06-24,1.39,107696100.0
588010.SH,2026-06-25,1.413,119400000.0
588020.SH,2026-06-22,3.349,76663940.0
588020.SH,2026-06-23,3.269,69423082.0
588020.SH,2026-06-24,3.401,67636845.0
588020.SH,2026-06-25,3.507,64520960.0
588030.SH,2026-06-22,2.049,220298245.0
588030.SH,2026-06-23,2.028,150016651.0
588030.SH,2026-06-24,2.094,98909219.0
588030.SH,2026-06-25,2.121,145068300.0
588040.SH,2026-06-22,1.982,12700900.0
588040.SH,2026-06-23,1.952,9180300.0
588040.SH,2026-06-24,2.02,9576600.0
588040.SH,2026-06-25,2.109,9110500.0
588050.SH,2026-06-22,2.001,303237233.0
588050.SH,2026-06-23,1.965,250571285.0
588050.SH,2026-06-24,2.037,251966075.0
588050.SH,2026-06-25,2.118,461318980.0
588060.SH,2026-06-22,1.236,453334000.0
588060.SH,2026-06-23,1.219,342925300.0
588060.SH,2026-06-24,1.263,354248800.0
588060.SH,2026-06-25,1.312,296494400.0
588070.SH,2026-06-22,2.869,3857300.0
588070.SH,2026-06-23,2.846,2556700.0
588070.SH,2026-06-24,2.921,3681100.0
588070.SH,2026-06-25,3.016,1979400.0
588080.SH,2026-06-22,1.99,937508448.0
588080.SH,2026-06-23,1.956,1061573882.0
588080.SH,2026-06-24,2.036,1184631946.0
588080.SH,2026-06-25,2.115,871239101.0
588090.SH,2026-06-22,1.997,135633155.0
588090.SH,2026-06-23,1.967,95005630.0
588090.SH,2026-06-24,2.04,158803382.0
588090.SH,2026-06-25,2.119,342375608.0
588100.SH,2026-06-22,3.085,9625900.0
588100.SH,2026-06-23,3.046,6138100.0
588100.SH,2026-06-24,3.175,7898900.0
588100.SH,2026-06-25,3.298,6063900.0
588110.SH,2026-06-22,3.262,20660500.0
588110.SH,2026-06-23,3.183,16802200.0
588110.SH,2026-06-24,3.328,21253300.0
588110.SH,2026-06-25,3.432,16027500.0
588120.SH,2026-06-22,2.067,48115800.0
588120.SH,2026-06-23,2.053,64148600.0
588120.SH,2026-06-24,1.058,108672800.0
588120.SH,2026-06-25,1.068,76747000.0
588130.SH,2026-06-22,0.923,11832300.0
588130.SH,2026-06-23,0.94,25660500.0
588130.SH,2026-06-24,0.951,25492300.0
588130.SH,2026-06-25,0.957,16746300.0
588140.SH,2026-06-22,1.461,16272500.0
588140.SH,2026-06-23,1.431,5953100.0
588140.SH,2026-06-24,1.458,8626500.0
588140.SH,2026-06-25,1.483,6695900.0
588150.SH,2026-06-22,1.374,49141400.0
588150.SH,2026-06-23,1.351,42935400.0
588150.SH,2026-06-24,1.404,43945633.0
588150.SH,2026-06-25,1.459,35577933.0
588160.SH,2026-06-22,1.454,51037000.0
588160.SH,2026-06-23,1.396,35054700.0
588160.SH,2026-06-24,1.427,47520900.0
588160.SH,2026-06-25,1.448,46889500.0
588170.SH,2026-06-22,3.214,1179245966.0
588170.SH,2026-06-23,3.226,1129700546.0
588170.SH,2026-06-24,3.39,1210305659.0
588170.SH,2026-06-25,3.498,1233965501.0
588180.SH,2026-06-22,1.26,38671100.0
588180.SH,2026-06-23,1.239,26065100.0
588180.SH,2026-06-24,1.286,33388200.0
588180.SH,2026-06-25,1.338,25176000.0
588190.SH,2026-06-22,2.036,117838200.0
588190.SH,2026-06-23,2.007,89666824.0
588190.SH,2026-06-24,2.076,105477938.0
588190.SH,2026-06-25,2.101,130766022.0
588200.SH,2026-06-22,4.229,1627412988.0
588200.SH,2026-06-23,4.18,1178552045.0
588200.SH,2026-06-24,4.377,1652543942.0
588200.SH,2026-06-25,4.55,1743073471.0
588210.SH,2026-06-22,2.041,7403300.0
588210.SH,2026-06-23,2.018,5634100.0
588210.SH,2026-06-24,2.087,5691500.0
588210.SH,2026-06-25,2.116,5160700.0
588220.SH,2026-06-22,2.044,377065757.0
588220.SH,2026-06-23,2.018,255404670.0
588220.SH,2026-06-24,2.088,314215248.0
588220.SH,2026-06-25,2.11,350406384.0
588230.SH,2026-06-22,2.173,81345532.0
588230.SH,2026-06-23,2.126,59498928.0
588230.SH,2026-06-24,2.172,45654900.0
588230.SH,2026-06-25,2.204,37233645.0
588240.SH,2026-06-22,2.008,28007400.0
588240.SH,2026-06-23,1.976,28098200.0
588240.SH,2026-06-24,2.016,19472500.0
588240.SH,2026-06-25,2.047,15298900.0
588250.SH,2026-06-22,0.94,6929900.0
588250.SH,2026-06-23,0.967,18801000.0
588250.SH,2026-06-24,0.965,18027400.0
588250.SH,2026-06-25,0.971,12273400.0
588260.SH,2026-06-22,3.01,2482700.0
588260.SH,2026-06-23,2.984,988800.0
588260.SH,2026-06-24,3.09,1227100.0
588260.SH,2026-06-25,3.203,950300.0
588270.SH,2026-06-22,2.03,16306311.0
588270.SH,2026-06-23,1.994,10904500.0
588270.SH,2026-06-24,2.038,15458480.0
588270.SH,2026-06-25,2.064,8920400.0
588280.SH,2026-06-22,1.403,16686400.0
588280.SH,2026-06-23,1.379,17827700.0
588280.SH,2026-06-24,1.429,21637600.0
588280.SH,2026-06-25,1.484,16096300.0
588290.SH,2026-06-22,4.134,135848200.0
588290.SH,2026-06-23,4.083,139417600.0
588290.SH,2026-06-24,4.279,122593520.0
588290.SH,2026-06-25,4.446,108330120.0
588300.SH,2026-06-22,1.445,52997902.0
588300.SH,2026-06-23,1.397,67835099.0
588300.SH,2026-06-24,1.423,66125600.0
588300.SH,2026-06-25,1.48,79742800.0
588310.SH,2026-06-22,1.509,1436200.0
588310.SH,2026-06-23,1.473,2648000.0
588310.SH,2026-06-24,1.485,2807000.0
588310.SH,2026-06-25,1.548,2047300.0
588320.SH,2026-06-22,2.221,9781100.0
588320.SH,2026-06-23,2.135,11575700.0
588320.SH,2026-06-24,2.188,8815200.0
588320.SH,2026-06-25,2.275,9419700.0
588330.SH,2026-06-22,1.426,82105400.0
588330.SH,2026-06-23,1.372,82193000.0
588330.SH,2026-06-24,1.406,87080200.0
588330.SH,2026-06-25,1.464,68805171.0
588350.SH,2026-06-22,2.177,3551300.0
588350.SH,2026-06-23,2.095,5132800.0
588350.SH,2026-06-24,2.138,11434400.0
588350.SH,2026-06-25,2.236,6174200.0
588360.SH,2026-06-22,1.522,30628200.0
588360.SH,2026-06-23,1.465,23610100.0
588360.SH,2026-06-24,1.505,25546500.0
588360.SH,2026-06-25,1.561,27719100.0
588370.SH,2026-06-22,2.074,7241700.0
588370.SH,2026-06-23,2.044,4235400.0
588370.SH,2026-06-24,2.105,5292100.0
588370.SH,2026-06-25,2.181,3315400.0
588380.SH,2026-06-22,1.433,109517509.0
588380.SH,2026-06-23,1.379,119531100.0
588380.SH,2026-06-24,1.41,107631583.0
588380.SH,2026-06-25,1.467,123858295.0
588390.SH,2026-06-22,1.522,8585100.0
588390.SH,2026-06-23,1.464,10553900.0
588390.SH,2026-06-24,1.5,7043000.0
588390.SH,2026-06-25,1.563,9901900.0
588400.SH,2026-06-22,1.416,32600933.0
588400.SH,2026-06-23,1.369,58624000.0
588400.SH,2026-06-24,1.394,31362700.0
588400.SH,2026-06-25,1.451,33410700.0
588410.SH,2026-06-22,1.494,9474600.0
588410.SH,2026-06-23,1.443,11718300.0
588410.SH,2026-06-24,1.482,5382400.0
588410.SH,2026-06-25,1.539,5235800.0
588420.SH,2026-06-22,1.492,17235400.0
588420.SH,2026-06-23,1.441,14015100.0
588420.SH,2026-06-24,1.483,13868800.0
588420.SH,2026-06-25,1.538,14163200.0
588430.SH,2026-06-22,1.522,10636300.0
588430.SH,2026-06-23,1.469,10440400.0
588430.SH,2026-06-24,1.51,8293800.0
588430.SH,2026-06-25,1.568,9557900.0
588450.SH,2026-06-22,2.52,6737200.0
588450.SH,2026-06-23,2.472,6432100.0
588450.SH,2026-06-24,2.561,8484500.0
588450.SH,2026-06-25,2.644,6131100.0
588460.SH,2026-06-22,2.413,55699900.0
588460.SH,2026-06-23,2.393,39904700.0
588460.SH,2026-06-24,2.471,46758052.0
588460.SH,2026-06-25,2.567,35955900.0
588470.SH,2026-06-22,1.054,70091200.0
588470.SH,2026-06-23,1.022,43578400.0
588470.SH,2026-06-24,1.046,47063900.0
588470.SH,2026-06-25,1.084,115728500.0
588480.SH,2026-06-22,1.123,20168200.0
588480.SH,2026-06-23,1.086,13835200.0
588480.SH,2026-06-24,1.11,11550000.0
588480.SH,2026-06-25,1.156,23816300.0
588500.SH,2026-06-22,3.021,3603300.0
588500.SH,2026-06-23,2.985,2744100.0
588500.SH,2026-06-24,3.094,3040100.0
588500.SH,2026-06-25,3.133,2858000.0
588510.SH,2026-06-22,1.059,41795900.0
588510.SH,2026-06-23,1.029,44902800.0
588510.SH,2026-06-24,1.053,28850300.0
588510.SH,2026-06-25,1.094,44518700.0
588520.SH,2026-06-22,1.589,982800.0
588520.SH,2026-06-23,1.569,866800.0
588520.SH,2026-06-24,1.593,3468900.0
588520.SH,2026-06-25,1.621,1312700.0
588550.SH,2026-06-22,1.65,12131100.0
588550.SH,2026-06-23,1.621,3445700.0
588550.SH,2026-06-24,1.66,7685600.0
588550.SH,2026-06-25,1.723,4996900.0
588660.SH,2026-06-22,2.353,1777800.0
588660.SH,2026-06-23,2.253,1838700.0
588660.SH,2026-06-24,2.306,3401300.0
588660.SH,2026-06-25,2.398,1684900.0
588670.SH,2026-06-22,2.071,3164200.0
588670.SH,2026-06-23,2.068,1983200.0
588670.SH,2026-06-24,2.11,1703300.0
588670.SH,2026-06-25,2.149,1760900.0
588680.SH,2026-06-22,2.851,2470500.0
588680.SH,2026-06-23,2.823,1071700.0
588680.SH,2026-06-24,2.908,2151700.0
588680.SH,2026-06-25,2.947,1606500.0
588690.SH,2026-06-22,1.43,2876100.0
588690.SH,2026-06-23,1.408,570000.0
588690.SH,2026-06-24,1.448,7160500.0
588690.SH,2026-06-25,1.474,2682400.0
588700.SH,2026-06-22,0.901,38630600.0
588700.SH,2026-06-23,0.92,46203000.0
588700.SH,2026-06-24,0.927,44642100.0
588700.SH,2026-06-25,0.932,39742200.0
588710.SH,2026-06-22,3.31,164371815.0
588710.SH,2026-06-23,3.314,198841389.0
588710.SH,2026-06-24,3.502,185442544.0
588710.SH,2026-06-25,3.597,227630971.0
588720.SH,2026-06-22,1.968,14595600.0
588720.SH,2026-06-23,1.936,6817700.0
588720.SH,2026-06-24,2.001,10828000.0
588720.SH,2026-06-25,2.08,3793700.0
588730.SH,2026-06-22,1.784,102954817.0
588730.SH,2026-06-23,1.733,88467600.0
588730.SH,2026-06-24,1.793,120712000.0
588730.SH,2026-06-25,1.853,114450400.0
588750.SH,2026-06-22,2.812,177635280.0
588750.SH,2026-06-23,2.784,118247473.0
588750.SH,2026-06-24,2.913,152425432.0
588750.SH,2026-06-25,3.035,238466400.0
588760.SH,2026-06-22,0.907,380951400.0
588760.SH,2026-06-23,0.883,281062600.0
588760.SH,2026-06-24,0.911,356726200.0
588760.SH,2026-06-25,0.94,348525706.0
588770.SH,2026-06-22,2.199,19552300.0
588770.SH,2026-06-23,2.164,8922900.0
588770.SH,2026-06-24,2.255,27321000.0
588770.SH,2026-06-25,2.339,14437000.0
588780.SH,2026-06-22,1.234,310387403.0
588780.SH,2026-06-23,1.212,252572888.0
588780.SH,2026-06-24,1.259,466948200.0
588780.SH,2026-06-25,1.33,257238336.0
588790.SH,2026-06-22,0.957,459826000.0
588790.SH,2026-06-23,0.933,367490496.0
588790.SH,2026-06-24,0.962,484747355.0
588790.SH,2026-06-25,0.995,494691709.0
588800.SH,2026-06-22,2.022,154845744.0
588800.SH,2026-06-23,1.99,243368231.0
588800.SH,2026-06-24,2.061,177220200.0
588800.SH,2026-06-25,2.088,235319300.0
588810.SH,2026-06-22,3.0,59234200.0
588810.SH,2026-06-23,2.966,42701438.0
588810.SH,2026-06-24,3.105,46676600.0
588810.SH,2026-06-25,3.229,49047136.0
588820.SH,2026-06-22,2.329,19479000.0
588820.SH,2026-06-23,2.281,13823300.0
588820.SH,2026-06-24,2.327,11978400.0
588820.SH,2026-06-25,2.364,6891100.0
588830.SH,2026-06-22,1.616,83670300.0
588830.SH,2026-06-23,1.551,74582468.0
588830.SH,2026-06-24,1.553,70284237.0
588830.SH,2026-06-25,1.556,73721900.0
588840.SH,2026-06-22,1.8,3226500.0
588840.SH,2026-06-23,1.779,3649400.0
588840.SH,2026-06-24,1.839,3842300.0
588840.SH,2026-06-25,1.906,4149400.0
588850.SH,2026-06-22,2.228,54311500.0
588850.SH,2026-06-23,2.159,24525900.0
588850.SH,2026-06-24,2.222,21154800.0
588850.SH,2026-06-25,2.26,23567800.0
588860.SH,2026-06-22,0.602,23185700.0
588860.SH,2026-06-23,0.615,30395000.0
588860.SH,2026-06-24,0.619,29425200.0
588860.SH,2026-06-25,0.623,22774600.0
588870.SH,2026-06-22,1.974,43728600.0
588870.SH,2026-06-23,1.944,38916100.0
588870.SH,2026-06-24,2.016,41156700.0
588870.SH,2026-06-25,2.098,43868700.0
588880.SH,2026-06-22,2.017,6536100.0
588880.SH,2026-06-23,1.985,2260300.0
588880.SH,2026-06-24,2.055,4033200.0
588880.SH,2026-06-25,2.086,6944300.0
588890.SH,2026-06-22,4.763,49576700.0
588890.SH,2026-06-23,4.702,49308700.0
588890.SH,2026-06-24,4.916,34977100.0
588890.SH,2026-06-25,5.128,33910700.0
588900.SH,2026-06-22,2.087,4110400.0
588900.SH,2026-06-23,2.06,2017700.0
588900.SH,2026-06-24,2.132,4642000.0
588900.SH,2026-06-25,2.16,3241200.0
588910.SH,2026-06-22,1.704,6062600.0
588910.SH,2026-06-23,1.702,4805300.0
588910.SH,2026-06-24,1.707,8711700.0
588910.SH,2026-06-25,1.717,5470300.0
588920.SH,2026-06-22,2.701,19643561.0
588920.SH,2026-06-23,2.672,15337000.0
588920.SH,2026-06-24,2.795,20130200.0
588920.SH,2026-06-25,2.908,21576900.0
588930.SH,2026-06-22,1.888,54252400.0
588930.SH,2026-06-23,1.838,52678100.0
588930.SH,2026-06-24,1.894,46681200.0
588930.SH,2026-06-25,1.957,50919200.0
588940.SH,2026-06-22,2.015,52946670.0
588940.SH,2026-06-23,1.981,40666412.0
588940.SH,2026-06-24,2.06,42966609.0
588940.SH,2026-06-25,2.139,37275709.0
588950.SH,2026-06-22,2.026,25577600.0
588950.SH,2026-06-23,1.987,24007000.0
588950.SH,2026-06-24,2.072,24032500.0
588950.SH,2026-06-25,2.155,20281400.0
588960.SH,2026-06-22,1.475,19996700.0
588960.SH,2026-06-23,1.419,17807400.0
588960.SH,2026-06-24,1.423,17029300.0
588960.SH,2026-06-25,1.424,24048600.0
588980.SH,2026-06-22,1.855,2236600.0
588980.SH,2026-06-23,1.823,1990200.0
588980.SH,2026-06-24,1.888,2165600.0
588980.SH,2026-06-25,1.908,1345800.0
588990.SH,2026-06-22,4.396,26044000.0
588990.SH,2026-06-23,4.346,16388200.0
588990.SH,2026-06-24,4.548,20343200.0
588990.SH,2026-06-25,4.739,14442800.0
589000.SH,2026-06-22,1.846,80893000.0
589000.SH,2026-06-23,1.821,54390623.0
589000.SH,2026-06-24,1.872,80136377.0
589000.SH,2026-06-25,1.911,51550681.0
589010.SH,2026-06-22,1.69,74265200.0
589010.SH,2026-06-23,1.645,60735100.0
589010.SH,2026-06-24,1.7,100813700.0
589010.SH,2026-06-25,1.756,65415500.0
589020.SH,2026-06-22,2.593,160555347.0
589020.SH,2026-06-23,2.599,156813160.0
589020.SH,2026-06-24,2.735,182345310.0
589020.SH,2026-06-25,2.809,180168500.0
589030.SH,2026-06-22,1.423,107366800.0
589030.SH,2026-06-23,1.403,102069500.0
589030.SH,2026-06-24,1.458,94514400.0
589030.SH,2026-06-25,1.541,94729900.0
589050.SH,2026-06-22,1.618,7637000.0
589050.SH,2026-06-23,1.583,1754700.0
589050.SH,2026-06-24,1.647,3633600.0
589050.SH,2026-06-25,1.678,2103100.0
589060.SH,2026-06-22,1.929,3708100.0
589060.SH,2026-06-23,1.909,1952000.0
589060.SH,2026-06-24,1.98,7318200.0
589060.SH,2026-06-25,1.998,2688500.0
589070.SH,2026-06-22,1.338,90502500.0
589070.SH,2026-06-23,1.318,89476733.0
589070.SH,2026-06-24,1.37,69829200.0
589070.SH,2026-06-25,1.449,73886700.0
589080.SH,2026-06-22,1.827,16904200.0
589080.SH,2026-06-23,1.808,10858300.0
589080.SH,2026-06-24,1.857,21482700.0
589080.SH,2026-06-25,1.892,13911300.0
589090.SH,2026-06-22,1.276,10068900.0
589090.SH,2026-06-23,1.243,7932800.0
589090.SH,2026-06-24,1.284,7973000.0
589090.SH,2026-06-25,1.321,8844700.0
589100.SH,2026-06-22,2.709,26753590.0
589100.SH,2026-06-23,2.678,25205200.0
589100.SH,2026-06-24,1.124,58132514.0
589100.SH,2026-06-25,1.169,73208850.0
589110.SH,2026-06-22,1.109,11453400.0
589110.SH,2026-06-23,1.079,13423400.0
589110.SH,2026-06-24,1.113,26929601.0
589110.SH,2026-06-25,1.155,15228223.0
589120.SH,2026-06-22,0.716,93280500.0
589120.SH,2026-06-23,0.742,126166000.0
589120.SH,2026-06-24,0.752,168213600.0
589120.SH,2026-06-25,0.764,136841600.0
589130.SH,2026-06-22,1.672,123624502.0
589130.SH,2026-06-23,1.653,74953506.0
589130.SH,2026-06-24,1.732,104131700.0
589130.SH,2026-06-25,1.802,127737000.0
589150.SH,2026-06-22,1.413,14189600.0
589150.SH,2026-06-23,1.392,17273400.0
589150.SH,2026-06-24,1.445,14661700.0
589150.SH,2026-06-25,1.497,11211600.0
589160.SH,2026-06-22,1.526,23927200.0
589160.SH,2026-06-23,1.511,22137400.0
589160.SH,2026-06-24,1.579,25271500.0
589160.SH,2026-06-25,1.649,21062100.0
589170.SH,2026-06-22,1.35,12622300.0
589170.SH,2026-06-23,1.334,10029300.0
589170.SH,2026-06-24,1.377,10596900.0
589170.SH,2026-06-25,1.459,14117100.0
589180.SH,2026-06-22,2.331,42630700.0
589180.SH,2026-06-23,2.228,27439700.0
589180.SH,2026-06-24,2.28,19149100.0
589180.SH,2026-06-25,2.33,24204400.0
589190.SH,2026-06-22,1.535,69959700.0
589190.SH,2026-06-23,1.517,80949200.0
589190.SH,2026-06-24,1.584,69179800.0
589190.SH,2026-06-25,1.651,77607300.0
589200.SH,2026-06-22,1.668,9781300.0
589200.SH,2026-06-23,1.626,1710100.0
589200.SH,2026-06-24,1.662,5313200.0
589200.SH,2026-06-25,1.689,949400.0
589210.SH,2026-06-22,1.692,10485800.0
589210.SH,2026-06-23,1.67,19227200.0
589210.SH,2026-06-24,1.735,27627100.0
589210.SH,2026-06-25,1.83,14904400.0
589220.SH,2026-06-22,1.23,38419977.0
589220.SH,2026-06-23,1.203,19955538.0
589220.SH,2026-06-24,1.226,34046880.0
589220.SH,2026-06-25,1.247,23408793.0
589230.SH,2026-06-22,1.036,23958300.0
589230.SH,2026-06-23,1.009,22912500.0
589230.SH,2026-06-24,1.04,32747600.0
589230.SH,2026-06-25,1.076,37357900.0
589250.SH,2026-06-22,1.551,13156500.0
589250.SH,2026-06-23,1.53,7267800.0
589250.SH,2026-06-24,1.585,9506600.0
589250.SH,2026-06-25,1.698,20477600.0
589260.SH,2026-06-22,1.557,10415500.0
589260.SH,2026-06-23,1.533,11439800.0
589260.SH,2026-06-24,1.594,15237700.0
589260.SH,2026-06-25,1.68,12579900.0
589270.SH,2026-06-22,1.29,3686800.0
589270.SH,2026-06-23,1.269,3413500.0
589270.SH,2026-06-24,1.316,2967000.0
589270.SH,2026-06-25,1.331,2888100.0
589280.SH,2026-06-22,1.044,16267500.0
589280.SH,2026-06-23,1.038,10148800.0
589280.SH,2026-06-24,1.059,14762900.0
589280.SH,2026-06-25,1.073,11732300.0
589300.SH,2026-06-22,2.018,4047000.0
589300.SH,2026-06-23,1.988,1735100.0
589300.SH,2026-06-24,2.041,2923300.0
589300.SH,2026-06-25,2.081,2738200.0
589320.SH,2026-06-22,1.038,19720800.0
589320.SH,2026-06-23,1.018,17926400.0
589320.SH,2026-06-24,1.036,27377600.0
589320.SH,2026-06-25,1.054,21766300.0
589330.SH,2026-06-22,1.054,19521600.0
589330.SH,2026-06-23,1.03,7458700.0
589330.SH,2026-06-24,1.055,13907400.0
589330.SH,2026-06-25,1.068,13363900.0
589380.SH,2026-06-22,1.708,7811400.0
589380.SH,2026-06-23,1.658,8277600.0
589380.SH,2026-06-24,1.718,9823700.0
589380.SH,2026-06-25,1.775,7201600.0
589500.SH,2026-06-22,1.858,9672700.0
589500.SH,2026-06-23,1.837,6406700.0
589500.SH,2026-06-24,1.89,8826900.0
589500.SH,2026-06-25,1.932,4094000.0
589520.SH,2026-06-22,0.724,82761700.0
589520.SH,2026-06-23,0.705,61953200.0
589520.SH,2026-06-24,0.728,72975713.0
589520.SH,2026-06-25,0.752,75232900.0
589550.SH,2026-06-22,1.39,764600.0
589550.SH,2026-06-23,1.37,1301000.0
589550.SH,2026-06-24,1.396,1913300.0
589550.SH,2026-06-25,1.414,930900.0
589560.SH,2026-06-22,1.146,15706900.0
589560.SH,2026-06-23,1.117,11713700.0
589560.SH,2026-06-24,1.154,11652500.0
589560.SH,2026-06-25,1.188,11884700.0
589580.SH,2026-06-22,1.834,213100.0
589580.SH,2026-06-23,1.83,597500.0
589580.SH,2026-06-24,1.87,501800.0
589580.SH,2026-06-25,1.903,44100.0
589600.SH,2026-06-22,1.836,10438200.0
589600.SH,2026-06-23,1.814,13477500.0
589600.SH,2026-06-24,1.868,9417400.0
589600.SH,2026-06-25,1.905,7525700.0
589630.SH,2026-06-22,1.85,16520323.0
589630.SH,2026-06-23,1.831,9881448.0
589630.SH,2026-06-24,1.873,32252048.0
589630.SH,2026-06-25,1.92,11853777.0
589660.SH,2026-06-22,1.86,41728900.0
589660.SH,2026-06-23,1.83,24135200.0
589660.SH,2026-06-24,1.881,27177700.0
589660.SH,2026-06-25,1.92,26445700.0
589680.SH,2026-06-22,1.803,174832900.0
589680.SH,2026-06-23,1.779,127348400.0
589680.SH,2026-06-24,1.825,108952100.0
589680.SH,2026-06-25,1.861,46893700.0
589700.SH,2026-06-22,2.81,2857000.0
589700.SH,2026-06-23,2.72,7199900.0
589700.SH,2026-06-24,2.835,3322100.0
589700.SH,2026-06-25,2.917,1941600.0
589720.SH,2026-06-22,0.776,368611800.0
589720.SH,2026-06-23,0.799,488414400.0
589720.SH,2026-06-24,0.813,544557461.0
589720.SH,2026-06-25,0.833,427982657.0
589770.SH,2026-06-22,1.859,8464500.0
589770.SH,2026-06-23,1.827,7151700.0
589770.SH,2026-06-24,1.884,19034300.0
589770.SH,2026-06-25,1.926,14098200.0
589780.SH,2026-06-22,1.48,3168500.0
589780.SH,2026-06-23,1.45,1692000.0
589780.SH,2026-06-24,1.479,4433800.0
589780.SH,2026-06-25,1.5,2535300.0
589800.SH,2026-06-22,1.849,106152409.0
589800.SH,2026-06-23,1.826,43878097.0
589800.SH,2026-06-24,1.877,82448426.0
589800.SH,2026-06-25,1.916,69722568.0
589820.SH,2026-06-22,1.518,11245000.0
589820.SH,2026-06-23,1.487,8565100.0
589820.SH,2026-06-24,1.512,6431000.0
589820.SH,2026-06-25,1.532,7470900.0
589850.SH,2026-06-22,1.861,58314600.0
589850.SH,2026-06-23,1.835,53894900.0
589850.SH,2026-06-24,1.905,57011100.0
589850.SH,2026-06-25,1.978,50677600.0
589860.SH,2026-06-22,1.839,19320200.0
589860.SH,2026-06-23,1.815,15709000.0
589860.SH,2026-06-24,1.863,13768200.0
589860.SH,2026-06-25,1.902,9886000.0
589880.SH,2026-06-22,1.83,12710021.0
589880.SH,2026-06-23,1.834,17599500.0
589880.SH,2026-06-24,1.872,45075800.0
589880.SH,2026-06-25,1.899,17618300.0
589890.SH,2026-06-22,1.827,5647400.0
589890.SH,2026-06-23,1.803,4634100.0
589890.SH,2026-06-24,1.855,6392700.0
589890.SH,2026-06-25,1.891,6155100.0
589900.SH,2026-06-22,1.85,13718123.0
589900.SH,2026-06-23,1.83,15598256.0
589900.SH,2026-06-24,1.883,18269422.0
589900.SH,2026-06-25,1.916,12301941.0
589950.SH,2026-06-22,1.521,5386700.0
589950.SH,2026-06-23,1.5,4341500.0
589950.SH,2026-06-24,1.558,4998300.0
589950.SH,2026-06-25,1.582,3984500.0
589960.SH,2026-06-22,1.126,36987000.0
589960.SH,2026-06-23,1.087,40025300.0
589960.SH,2026-06-24,1.088,39523800.0
589960.SH,2026-06-25,1.089,38810200.0
589980.SH,2026-06-22,2.1,3845700.0
589980.SH,2026-06-23,2.09,3914700.0
589980.SH,2026-06-24,2.144,3132100.0
589980.SH,2026-06-25,2.17,3225500.0
589990.SH,2026-06-22,1.895,3824000.0
589990.SH,2026-06-23,1.876,4596700.0
589990.SH,2026-06-24,1.917,3992100.0
589990.SH,2026-06-25,1.958,2629600.0
159007.SZ,6/26/2026,0.781,25784646.0
159008.SZ,6/26/2026,1.035,18221040.0
159009.SZ,6/26/2026,1.045,3501710.0
159010.SZ,6/26/2026,0.85,11617771.0
159011.SZ,6/26/2026,0.943,10722335.0
159012.SZ,6/26/2026,1.15,11780192.0
159013.SZ,6/26/2026,1.161,5725422.0
159015.SZ,6/26/2026,0.834,8699172.0
159016.SZ,6/26/2026,1.037,68451622.0
159017.SZ,6/26/2026,0.847,8703808.0
159018.SZ,6/26/2026,0.842,2979404.0
159019.SZ,6/26/2026,0.858,18634600.0
159020.SZ,6/26/2026,0.808,10807524.0
159021.SZ,6/26/2026,0.904,5797971.0
159022.SZ,6/26/2026,1.23,34682601.0
159023.SZ,6/26/2026,0.948,5294994.0
159026.SZ,6/26/2026,0.853,8595224.0
159027.SZ,6/26/2026,0.805,10838892.0
159028.SZ,6/26/2026,0.728,5045492.0
159029.SZ,6/26/2026,0.896,36998426.0
159030.SZ,6/26/2026,0.783,16374598.0
159031.SZ,6/26/2026,0.873,10409142.0
159032.SZ,6/26/2026,0.888,24945918.0
159033.SZ,6/26/2026,0.889,21608238.0
159035.SZ,6/26/2026,0.805,9616283.0
159036.SZ,6/26/2026,0.918,53778908.0
159037.SZ,6/26/2026,0.908,3827922.0
159038.SZ,6/26/2026,0.837,12643477.0
159039.SZ,6/26/2026,0.934,47957760.0
159040.SZ,6/26/2026,0.957,112605668.0
159041.SZ,6/26/2026,0.911,4690518.0
159042.SZ,6/26/2026,0.91,6822735.0
159045.SZ,6/26/2026,0.957,21778970.0
159046.SZ,6/26/2026,0.912,23598505.0
159048.SZ,6/26/2026,0.963,19793727.0
159050.SZ,6/26/2026,0.95,26935318.0
159051.SZ,6/26/2026,0.922,7660765.0
159052.SZ,6/26/2026,1.003,13854504.0
159053.SZ,6/26/2026,1.07,34891409.0
159055.SZ,6/26/2026,1.092,22666721.0
159056.SZ,6/26/2026,0.921,6727238.0
159057.SZ,6/26/2026,0.925,2837743.0
159060.SZ,6/26/2026,0.924,6888307.0
159061.SZ,6/26/2026,0.928,12459648.0
159062.SZ,6/26/2026,0.983,31320387.0
159063.SZ,6/26/2026,0.942,7478304.0
159065.SZ,6/26/2026,0.941,42152910.0
159070.SZ,6/26/2026,0.945,49125938.0
159071.SZ,6/26/2026,0.991,13726493.0
159101.SZ,6/26/2026,0.654,384184494.0
159102.SZ,6/26/2026,0.653,56271825.0
159103.SZ,6/26/2026,0.663,17509506.0
159105.SZ,6/26/2026,0.739,201267800.0
159106.SZ,6/26/2026,1.214,720001.0
159107.SZ,6/26/2026,0.77,68169400.0
159108.SZ,6/26/2026,1.125,11735405.0
159109.SZ,6/26/2026,0.732,35908836.0
159117.SZ,6/26/2026,0.935,2690212.0
159118.SZ,6/26/2026,0.891,4189841.0
159119.SZ,6/26/2026,0.898,26164705.0
159120.SZ,6/26/2026,0.694,29503526.0
159121.SZ,6/26/2026,0.706,13018347.0
159122.SZ,6/26/2026,1.069,6521400.0
159123.SZ,6/26/2026,1.066,7590700.0
159125.SZ,6/26/2026,0.633,47362435.0
159126.SZ,6/26/2026,0.842,24290607.0
159127.SZ,6/26/2026,0.862,19156312.0
159128.SZ,6/26/2026,0.64,105508186.0
159129.SZ,6/26/2026,1.127,38605279.0
159130.SZ,6/26/2026,0.74,6374507.0
159131.SZ,6/26/2026,1.068,1858362803.0
159132.SZ,6/26/2026,0.762,44751861.0
159133.SZ,6/26/2026,1.157,42283900.0
159135.SZ,6/26/2026,0.737,17629366.0
159136.SZ,6/26/2026,1.015,3109300.0
159137.SZ,6/26/2026,0.756,57920000.0
159138.SZ,6/26/2026,0.921,13681301.0
159139.SZ,6/26/2026,1.532,28926700.0
159140.SZ,6/26/2026,1.54,87795884.0
159141.SZ,6/26/2026,1.452,140897609.0
159142.SZ,6/26/2026,1.475,78280900.0
159143.SZ,6/26/2026,0.886,4870900.0
159145.SZ,6/26/2026,0.98,10508408.0
159146.SZ,6/26/2026,1.003,50487550.0
159147.SZ,6/26/2026,0.999,60500376.0
159148.SZ,6/26/2026,0.91,18660700.0
159149.SZ,6/26/2026,1.021,9706706.0
159150.SZ,6/26/2026,1.766,6141900.0
159151.SZ,6/26/2026,0.858,16149500.0
159152.SZ,6/26/2026,0.719,63300704.0
159153.SZ,6/26/2026,1.603,29947100.0
159155.SZ,6/26/2026,0.996,24347195.0
159156.SZ,6/26/2026,1.0,6952288.0
159157.SZ,6/26/2026,0.84,176362044.0
159158.SZ,6/26/2026,0.996,40555349.0
159159.SZ,6/26/2026,0.989,3406710.0
159160.SZ,6/26/2026,0.988,30099712.0
159162.SZ,6/26/2026,0.829,27382919.0
159163.SZ,6/26/2026,0.743,15836602.0
159165.SZ,6/26/2026,0.768,10673228.0
159166.SZ,6/26/2026,0.772,3921650.0
159167.SZ,6/26/2026,0.747,52993413.0
159168.SZ,6/26/2026,0.871,64905801.0
159169.SZ,6/26/2026,0.784,22322401.0
159170.SZ,6/26/2026,0.738,33215880.0
159171.SZ,6/26/2026,0.807,9213501.0
159172.SZ,6/26/2026,0.742,20320003.0
159173.SZ,6/26/2026,0.772,13413308.0
159175.SZ,6/26/2026,1.061,35555916.0
159176.SZ,6/26/2026,0.981,8315500.0
159177.SZ,6/26/2026,0.961,15086813.0
159178.SZ,6/26/2026,1.406,20161603.0
159179.SZ,6/26/2026,0.734,13080196.0
159180.SZ,6/26/2026,1.202,6057823.0
159181.SZ,6/26/2026,0.813,18653663.0
159182.SZ,6/26/2026,0.916,385100.0
159183.SZ,6/26/2026,0.958,13373312.0
159185.SZ,6/26/2026,1.216,306897801.0
159186.SZ,6/26/2026,0.709,4631455.0
159187.SZ,6/26/2026,1.036,6763213.0
159188.SZ,6/26/2026,0.882,1507517.0
159189.SZ,6/26/2026,0.816,20233722.0
159190.SZ,6/26/2026,1.011,18351504.0
159191.SZ,6/26/2026,0.809,2159407.0
159192.SZ,6/26/2026,0.949,4207904.0
159193.SZ,6/26/2026,0.948,18259546.0
159195.SZ,6/26/2026,0.836,17790428.0
159196.SZ,6/26/2026,1.364,425427900.0
159197.SZ,6/26/2026,0.834,15456000.0
159198.SZ,6/26/2026,1.367,147529205.0
159199.SZ,6/26/2026,0.83,3701228.0
159201.SZ,6/26/2026,1.062,382387394.0
159203.SZ,6/26/2026,1.463,2924000.0
159205.SZ,6/26/2026,2.06,46940000.0
159206.SZ,6/26/2026,1.672,838029681.0
159207.SZ,6/26/2026,1.065,125969490.0
159208.SZ,6/26/2026,1.139,32806400.0
159209.SZ,6/26/2026,1.067,112488001.0
159210.SZ,6/26/2026,0.8,16399200.0
159211.SZ,6/26/2026,1.598,1132800.0
159212.SZ,6/26/2026,1.632,20909900.0
159213.SZ,6/26/2026,1.32,32622700.0
159215.SZ,6/26/2026,1.389,13979508.0
159216.SZ,6/26/2026,1.641,1912011.0
159217.SZ,6/26/2026,0.973,722608400.0
159218.SZ,6/26/2026,1.645,164097141.0
159219.SZ,6/26/2026,1.52,2366200.0
159220.SZ,6/26/2026,0.542,46860200.0
159221.SZ,6/26/2026,1.059,80707030.0
159222.SZ,6/26/2026,1.132,74798318.0
159223.SZ,6/26/2026,1.028,14471000.0
159225.SZ,6/26/2026,1.117,13797701.0
159226.SZ,6/26/2026,1.304,14665900.0
159227.SZ,6/26/2026,1.093,318875068.0
159228.SZ,6/26/2026,0.956,494029.0
159229.SZ,6/26/2026,1.096,18244400.0
159230.SZ,6/26/2026,1.044,22784600.0
159231.SZ,6/26/2026,0.544,15441700.0
159232.SZ,6/26/2026,1.113,255324160.0
159233.SZ,6/26/2026,1.102,30465100.0
159235.SZ,6/26/2026,1.135,74417501.0
159236.SZ,6/26/2026,1.097,9976720.0
159237.SZ,6/26/2026,0.829,21640000.0
159238.SZ,6/26/2026,1.4,7253500.0
159239.SZ,6/26/2026,0.744,6043700.0
159240.SZ,6/26/2026,1.377,1006800.0
159241.SZ,6/26/2026,1.122,106851500.0
159242.SZ,6/26/2026,2.54,78757501.0
159243.SZ,6/26/2026,1.531,45352800.0
159245.SZ,6/26/2026,0.75,874900.0
159246.SZ,6/26/2026,1.421,135797300.0
159247.SZ,6/26/2026,1.262,37944401.0
159248.SZ,6/26/2026,2.046,17312400.0
159249.SZ,6/26/2026,1.403,12513100.0
159251.SZ,6/26/2026,0.68,16365709.0
159253.SZ,6/26/2026,0.893,10458700.0
159255.SZ,6/26/2026,0.935,6382800.0
159256.SZ,6/26/2026,0.848,98670721.0
159257.SZ,6/26/2026,0.942,9386000.0
159258.SZ,6/26/2026,1.234,31538569.0
159259.SZ,6/26/2026,1.739,534538069.0
159260.SZ,6/26/2026,0.873,21368300.0
159261.SZ,6/26/2026,1.657,4666900.0
159262.SZ,6/26/2026,0.807,1328268161.0
159263.SZ,6/26/2026,1.042,304862575.0
159265.SZ,6/26/2026,0.773,12370200.0
159266.SZ,6/26/2026,0.891,17319901.0
159267.SZ,6/26/2026,0.933,186620000.0
159268.SZ,6/26/2026,0.747,30559000.0
159269.SZ,6/26/2026,0.779,259756092.0
159270.SZ,6/26/2026,1.272,10650400.0
159271.SZ,6/26/2026,0.868,2078010.0
159272.SZ,6/26/2026,0.898,151818249.0
159273.SZ,6/26/2026,1.388,44780809.0
159275.SZ,6/26/2026,0.744,21025100.0
159276.SZ,6/26/2026,0.992,15498500.0
159277.SZ,6/26/2026,0.89,7548907.0
159278.SZ,6/26/2026,1.054,145316500.0
159279.SZ,6/26/2026,1.71,41317500.0
159280.SZ,6/26/2026,0.607,9009300.0
159281.SZ,6/26/2026,0.874,97869609.0
159283.SZ,6/26/2026,0.925,20386600.0
159285.SZ,6/26/2026,0.742,16133215.0
159286.SZ,6/26/2026,0.62,113012095.0
159287.SZ,6/26/2026,1.292,4729301.0
159288.SZ,6/26/2026,1.155,7187902.0
159289.SZ,6/26/2026,1.267,2271087.0
159290.SZ,6/26/2026,1.363,3135403.0
159291.SZ,6/26/2026,1.371,2511800.0
159292.SZ,6/26/2026,1.315,1756500.0
159293.SZ,6/26/2026,1.203,7317904.0
159295.SZ,6/26/2026,1.346,4836802.0
159296.SZ,6/26/2026,0.917,3660619.0
159297.SZ,6/26/2026,0.606,428434003.0
159298.SZ,6/26/2026,1.494,6507400.0
159299.SZ,6/26/2026,0.693,43874227.0
159300.SZ,6/26/2026,5.243,16195400.0
159301.SZ,6/26/2026,0.946,22983800.0
159302.SZ,6/26/2026,1.185,5665700.0
159305.SZ,6/26/2026,0.97,97639200.0
159306.SZ,6/26/2026,1.247,2371600.0
159307.SZ,6/26/2026,0.954,147761300.0
159309.SZ,6/26/2026,1.304,27521200.0
159310.SZ,6/26/2026,3.78,15923200.0
159311.SZ,6/26/2026,1.805,1431800.0
159312.SZ,6/26/2026,1.063,5917900.0
159315.SZ,6/26/2026,1.3,12190300.0
159316.SZ,6/26/2026,0.958,877162409.0
159318.SZ,6/26/2026,1.181,486500.0
159320.SZ,6/26/2026,2.28,47498700.0
159321.SZ,6/26/2026,1.219,25878100.0
159322.SZ,6/26/2026,1.285,7344400.0
159323.SZ,6/26/2026,1.001,115051000.0
159325.SZ,6/26/2026,2.744,110784700.0
159326.SZ,6/26/2026,2.084,617273532.0
159327.SZ,6/26/2026,4.2,79101600.0
159328.SZ,6/26/2026,1.021,2738700.0
159330.SZ,6/26/2026,1.515,29464500.0
159331.SZ,6/26/2026,1.172,4590289.0
159332.SZ,6/26/2026,1.089,777307.0
159333.SZ,6/26/2026,1.248,9285900.0
159335.SZ,6/26/2026,1.631,4061700.0
159336.SZ,6/26/2026,1.084,39582300.0
159337.SZ,6/26/2026,1.989,11521200.0
159338.SZ,6/26/2026,1.309,3043598131.0
159339.SZ,6/26/2026,1.319,138421010.0
159350.SZ,6/26/2026,1.73,30812500.0
159351.SZ,6/26/2026,1.313,354851800.0
159352.SZ,6/26/2026,1.36,2179262360.0
159353.SZ,6/26/2026,1.323,128402202.0
159355.SZ,6/26/2026,0.97,2294600.0
159356.SZ,6/26/2026,1.378,73684600.0
159357.SZ,6/26/2026,1.376,23063605.0
159358.SZ,6/26/2026,1.403,62408206.0
159359.SZ,6/26/2026,1.37,25315005.0
159360.SZ,6/26/2026,1.404,37348513.0
159361.SZ,6/26/2026,1.334,1140119704.0
159362.SZ,6/26/2026,1.39,52340300.0
159363.SZ,6/26/2026,1.51,1149477241.0
159365.SZ,6/26/2026,0.897,3663200.0
159366.SZ,6/26/2026,1.129,78672100.0
159367.SZ,6/26/2026,2.133,11460500.0
159368.SZ,6/26/2026,1.588,160822906.0
159369.SZ,6/26/2026,1.729,17227500.0
159370.SZ,6/26/2026,2.241,2778100.0
159371.SZ,6/26/2026,2.119,3551400.0
159372.SZ,6/26/2026,2.256,1698400.0
159373.SZ,6/26/2026,2.173,31116800.0
159375.SZ,6/26/2026,0.905,16919100.0
159376.SZ,6/26/2026,1.421,6455200.0
159377.SZ,6/26/2026,0.866,21140900.0
159378.SZ,6/26/2026,1.112,32865800.0
159379.SZ,6/26/2026,1.434,4148518.0
159380.SZ,6/26/2026,1.45,9038500.0
159381.SZ,6/26/2026,1.43,372638691.0
159382.SZ,6/26/2026,3.227,74551311.0
159383.SZ,6/26/2026,2.099,4586000.0
159385.SZ,6/26/2026,2.178,8565200.0
159386.SZ,6/26/2026,1.376,9638400.0
159387.SZ,6/26/2026,0.878,448798026.0
159388.SZ,6/26/2026,1.236,173616900.0
159389.SZ,6/26/2026,2.173,27657900.0
159390.SZ,6/26/2026,1.235,8626500.0
159391.SZ,6/26/2026,0.996,4982600.0
159392.SZ,6/26/2026,1.022,3979000.0
159393.SZ,6/26/2026,5.185,6277166.0
159399.SZ,6/26/2026,0.912,226713378.0
159500.SZ,6/26/2026,1.3,15167600.0
159505.SZ,6/26/2026,1.797,4858100.0
159506.SZ,6/26/2026,1.032,538260000.0
159507.SZ,6/26/2026,1.102,134874500.0
159508.SZ,6/26/2026,0.698,11655600.0
159510.SZ,6/26/2026,1.191,3723501.0
159511.SZ,6/26/2026,2.785,15174000.0
159512.SZ,6/26/2026,1.025,12958700.0
159515.SZ,6/26/2026,1.075,2840000.0
159516.SZ,6/26/2026,1.762,3416900953.0
159517.SZ,6/26/2026,1.438,2033400.0
159520.SZ,6/26/2026,0.843,7076400.0
159521.SZ,6/26/2026,1.354,942900.0
159523.SZ,6/26/2026,1.351,11926400.0
159525.SZ,6/26/2026,1.008,12805600.0
159526.SZ,6/26/2026,1.609,26653424.0
159527.SZ,6/26/2026,2.101,11995200.0
159528.SZ,6/26/2026,1.277,730500.0
159530.SZ,6/26/2026,1.49,663984925.0
159531.SZ,6/26/2026,1.534,128854400.0
159532.SZ,6/26/2026,1.76,20078400.0
159533.SZ,6/26/2026,2.094,1184400.0
159535.SZ,6/26/2026,1.576,5123700.0
159536.SZ,6/26/2026,1.519,12732822.0
159537.SZ,6/26/2026,1.18,32350000.0
159538.SZ,6/26/2026,2.371,31442400.0
159539.SZ,6/26/2026,2.343,10075300.0
159540.SZ,6/26/2026,2.49,29542200.0
159541.SZ,6/26/2026,1.76,6220700.0
159542.SZ,6/26/2026,1.356,4600300.0
159543.SZ,6/26/2026,1.638,594600.0
159545.SZ,6/26/2026,1.229,136775400.0
159546.SZ,6/26/2026,1.06,174640300.0
159547.SZ,6/26/2026,1.107,111925745.0
159549.SZ,6/26/2026,1.099,5952900.0
159550.SZ,6/26/2026,0.724,6808401.0
159551.SZ,6/26/2026,1.422,25402100.0
159552.SZ,6/26/2026,2.266,31762793.0
159553.SZ,6/26/2026,1.948,927300.0
159555.SZ,6/26/2026,1.788,3126800.0
159556.SZ,6/26/2026,1.296,689900.0
159558.SZ,6/26/2026,4.147,375389269.0
159559.SZ,6/26/2026,1.333,124098600.0
159560.SZ,6/26/2026,3.031,15904300.0
159562.SZ,6/26/2026,1.723,102401224.0
159563.SZ,6/26/2026,2.085,3948300.0
159565.SZ,6/26/2026,1.402,21705600.0
159566.SZ,6/26/2026,2.185,243692731.0
159567.SZ,6/26/2026,0.581,2014262851.0
159568.SZ,6/26/2026,1.006,55252200.0
159569.SZ,6/26/2026,1.252,61382100.0
159570.SZ,6/26/2026,1.206,2164881436.0
159571.SZ,6/26/2026,1.634,424900.0
159572.SZ,6/26/2026,1.631,14256500.0
159573.SZ,6/26/2026,1.644,15278300.0
159575.SZ,6/26/2026,1.607,673500.0
159576.SZ,6/26/2026,1.733,5065200.0
159578.SZ,6/26/2026,1.18,619200.0
159581.SZ,6/26/2026,0.973,40658800.0
159582.SZ,6/26/2026,4.643,28412900.0
159583.SZ,6/26/2026,2.037,542631217.0
159586.SZ,6/26/2026,1.045,16522300.0
159587.SZ,6/26/2026,1.077,13951100.0
159588.SZ,6/26/2026,1.152,33891300.0
159589.SZ,6/26/2026,0.995,6459100.0
159590.SZ,6/26/2026,0.861,52499000.0
159591.SZ,6/26/2026,1.37,29033000.0
159592.SZ,6/26/2026,1.34,14660600.0
159593.SZ,6/26/2026,1.355,38473032.0
159595.SZ,6/26/2026,1.361,99511290.0
159596.SZ,6/26/2026,0.654,20197400.0
159597.SZ,6/26/2026,3.0,23359200.0
159599.SZ,6/26/2026,3.745,102255200.0
159601.SZ,6/26/2026,1.14,60100701.0
159602.SZ,6/26/2026,1.103,9456700.0
159603.SZ,6/26/2026,2.145,12938300.0
159606.SZ,6/26/2026,1.357,9078304.0
159608.SZ,6/26/2026,1.279,193305854.0
159609.SZ,6/26/2026,0.583,41435300.0
159610.SZ,6/26/2026,1.375,9964904.0
159611.SZ,6/26/2026,1.032,570472670.0
159613.SZ,6/26/2026,0.851,8207502.0
159616.SZ,6/26/2026,0.747,20784400.0
159617.SZ,6/26/2026,1.278,1702502.0
159618.SZ,6/26/2026,0.792,5163000.0
159619.SZ,6/26/2026,0.925,4479916.0
159620.SZ,6/26/2026,1.364,4842700.0
159621.SZ,6/26/2026,1.185,3214800.0
159622.SZ,6/26/2026,0.957,94951100.0
159623.SZ,6/26/2026,1.05,10366200.0
159625.SZ,6/26/2026,1.202,96144200.0
159627.SZ,6/26/2026,1.368,7719901.0
159628.SZ,6/26/2026,1.505,52170600.0
159629.SZ,6/26/2026,3.574,30068262.0
159630.SZ,6/26/2026,1.438,1779700.0
159631.SZ,6/26/2026,1.31,5111100.0
159633.SZ,6/26/2026,3.665,138847210.0
159635.SZ,6/26/2026,0.98,35863900.0
159636.SZ,6/26/2026,0.459,2205953359.0
159637.SZ,6/26/2026,0.888,20219100.0
159638.SZ,6/26/2026,0.924,75008520.0
159639.SZ,6/26/2026,1.004,9356011.0
159640.SZ,6/26/2026,0.984,1776901.0
159641.SZ,6/26/2026,1.046,9478208.0
159642.SZ,6/26/2026,0.99,385500.0
159643.SZ,6/26/2026,0.483,11210100.0
159645.SZ,6/26/2026,0.543,560700.0
159647.SZ,6/26/2026,0.799,19529100.0
159652.SZ,6/26/2026,1.549,166848200.0
159653.SZ,6/26/2026,1.241,20000.0
159656.SZ,6/26/2026,1.334,15133100.0
159657.SZ,6/26/2026,0.527,3164800.0
159658.SZ,6/26/2026,2.161,6380100.0
159661.SZ,6/26/2026,1.48,8291500.0
159662.SZ,6/26/2026,0.933,8425800.0
159663.SZ,6/26/2026,2.619,39287900.0
159665.SZ,6/26/2026,3.255,42739400.0
159666.SZ,6/26/2026,0.929,20330700.0
159667.SZ,6/26/2026,0.878,357036200.0
159669.SZ,6/26/2026,1.107,9733300.0
159670.SZ,6/26/2026,0.78,4253600.0
159671.SZ,6/26/2026,1.565,95321404.0
159672.SZ,6/26/2026,0.57,4877300.0
159673.SZ,6/26/2026,1.347,47659600.0
159675.SZ,6/26/2026,1.749,6294800.0
159676.SZ,6/26/2026,1.832,7448800.0
159677.SZ,6/26/2026,1.613,10235400.0
159678.SZ,6/26/2026,1.696,5528300.0
159679.SZ,6/26/2026,1.315,4606800.0
159680.SZ,6/26/2026,1.813,34930119.0
159681.SZ,6/26/2026,1.986,82864986.0
159682.SZ,6/26/2026,1.961,234743200.0
159685.SZ,6/26/2026,1.64,3664600.0
159686.SZ,6/26/2026,1.333,10254100.0
159689.SZ,6/26/2026,0.568,3765400.0
159690.SZ,6/26/2026,1.912,25973400.0
159691.SZ,6/26/2026,1.097,300784800.0
159692.SZ,6/26/2026,1.246,170675200.0
159695.SZ,6/26/2026,3.608,36291849.0
159697.SZ,6/26/2026,1.221,40513500.0
159698.SZ,6/26/2026,0.837,47479700.0
159701.SZ,6/26/2026,1.528,2998300.0
159703.SZ,6/26/2026,1.108,6585703.0
159706.SZ,6/26/2026,1.035,9433600.0
159707.SZ,6/26/2026,0.433,148467600.0
159708.SZ,6/26/2026,0.78,22403300.0
159709.SZ,6/26/2026,1.982,703006.0
159711.SZ,6/26/2026,1.197,18620300.0
159712.SZ,6/26/2026,1.116,14235100.0
159713.SZ,6/26/2026,1.464,67374479.0
159715.SZ,6/26/2026,1.345,104655000.0
159716.SZ,6/26/2026,1.24,2505511.0
159717.SZ,6/26/2026,1.093,3059500.0
159718.SZ,6/26/2026,0.714,25964300.0
159719.SZ,6/26/2026,1.438,2229200.0
159720.SZ,6/26/2026,0.785,851900.0
159721.SZ,6/26/2026,1.179,4596800.0
159723.SZ,6/26/2026,1.16,2023600.0
159725.SZ,6/26/2026,0.744,5952303.0
159726.SZ,6/26/2026,1.231,4530300.0
159728.SZ,6/26/2026,0.74,5501500.0
159729.SZ,6/26/2026,0.627,1107700.0
159730.SZ,6/26/2026,0.985,3947300.0
159731.SZ,6/26/2026,0.925,89953900.0
159732.SZ,6/26/2026,1.835,677652200.0
159735.SZ,6/26/2026,0.632,101158800.0
159736.SZ,6/26/2026,0.545,41401200.0
159738.SZ,6/26/2026,2.005,15616700.0
159739.SZ,6/26/2026,1.573,24690200.0
159743.SZ,6/26/2026,1.645,2124300.0
159745.SZ,6/26/2026,0.551,100024412.0
159748.SZ,6/26/2026,0.684,68117300.0
159751.SZ,6/26/2026,0.808,55721626.0
159752.SZ,6/26/2026,0.707,17397300.0
159755.SZ,6/26/2026,1.063,585451085.0
159757.SZ,6/26/2026,0.884,18363401.0
159758.SZ,6/26/2026,1.057,147855700.0
159760.SZ,6/26/2026,0.519,3466800.0
159761.SZ,6/26/2026,0.972,44714264.0
159763.SZ,6/26/2026,0.884,11519303.0
159766.SZ,6/26/2026,0.551,237524671.0
159767.SZ,6/26/2026,0.868,10849500.0
159768.SZ,6/26/2026,0.388,84372000.0
159770.SZ,6/26/2026,1.133,167576800.0
159773.SZ,6/26/2026,1.529,20041300.0
159775.SZ,6/26/2026,0.883,31402600.0
159776.SZ,6/26/2026,0.952,23136800.0
159777.SZ,6/26/2026,1.428,1709900.0
159778.SZ,6/26/2026,1.39,2334900.0
159779.SZ,6/26/2026,1.875,16545800.0
159780.SZ,6/26/2026,1.386,167431194.0
159781.SZ,6/26/2026,1.388,619769025.0
159782.SZ,6/26/2026,1.39,40022317.0
159783.SZ,6/26/2026,1.391,217089586.0
159786.SZ,6/26/2026,1.421,16090801.0
159787.SZ,6/26/2026,0.606,1210500.0
159788.SZ,6/26/2026,1.083,6659100.0
159790.SZ,6/26/2026,0.757,37286162.0
159791.SZ,6/26/2026,1.165,4274705.0
159792.SZ,6/26/2026,0.511,5549279771.0
159793.SZ,6/26/2026,0.736,665100.0
159795.SZ,6/26/2026,0.981,5620600.0
159796.SZ,6/26/2026,1.0,339657660.0
159797.SZ,6/26/2026,0.613,7222600.0
159798.SZ,6/26/2026,0.767,16912700.0
159800.SZ,6/26/2026,1.507,488900.0
159801.SZ,6/26/2026,1.547,320479002.0
159804.SZ,6/26/2026,1.812,173600.0
159805.SZ,6/26/2026,1.12,26101900.0
159806.SZ,6/26/2026,0.78,38638100.0
159807.SZ,6/26/2026,1.096,65054800.0
159808.SZ,6/26/2026,1.621,1308500.0
159810.SZ,6/26/2026,1.687,3634600.0
159811.SZ,6/26/2026,3.814,18014000.0
159813.SZ,6/26/2026,1.997,374460166.0
159814.SZ,6/26/2026,0.879,85789000.0
159819.SZ,6/26/2026,2.078,465136512.0
159820.SZ,6/26/2026,1.5,9902400.0
159821.SZ,6/26/2026,1.58,2828600.0
159824.SZ,6/26/2026,1.189,21319500.0
159825.SZ,6/26/2026,0.652,234999300.0
159827.SZ,6/26/2026,0.703,3165300.0
159828.SZ,6/26/2026,0.368,118964601.0
159835.SZ,6/26/2026,0.587,29816500.0
159836.SZ,6/26/2026,1.52,3573600.0
159837.SZ,6/26/2026,0.433,99863119.0
159838.SZ,6/26/2026,0.514,4753207.0
159839.SZ,6/26/2026,0.313,159223804.0
159840.SZ,6/26/2026,0.853,180677400.0
159841.SZ,6/26/2026,1.003,593052200.0
159842.SZ,6/26/2026,1.053,555696100.0
159843.SZ,6/26/2026,0.5,14226900.0
159845.SZ,6/26/2026,3.566,418270110.0
159847.SZ,6/26/2026,0.35,81286700.0
159848.SZ,6/26/2026,0.887,12644100.0
159849.SZ,6/26/2026,0.44,6905400.0
159851.SZ,6/26/2026,0.623,560243628.0
159852.SZ,6/26/2026,0.666,854589732.0
159855.SZ,6/26/2026,0.719,12320300.0
159856.SZ,6/26/2026,0.528,3845900.0
159857.SZ,6/26/2026,0.856,147842867.0
159858.SZ,6/26/2026,0.604,36333200.0
159859.SZ,6/26/2026,0.336,403831920.0
159861.SZ,6/26/2026,1.148,5603595.0
159862.SZ,6/26/2026,0.504,3879300.0
159863.SZ,6/26/2026,0.668,10639600.0
159864.SZ,6/26/2026,0.655,43710400.0
159865.SZ,6/26/2026,0.48,542569002.0
159867.SZ,6/26/2026,0.489,74132700.0
159869.SZ,6/26/2026,1.066,674412134.0
159870.SZ,6/26/2026,0.856,756848842.0
159871.SZ,6/26/2026,0.928,57238500.0
159872.SZ,6/26/2026,0.846,1070900.0
159873.SZ,6/26/2026,0.477,34915400.0
159875.SZ,6/26/2026,0.684,189418100.0
159876.SZ,6/26/2026,0.955,111478900.0
159877.SZ,6/26/2026,0.47,3854201.0
159880.SZ,6/26/2026,1.877,40484200.0
159881.SZ,6/26/2026,0.89,14122300.0
159883.SZ,6/26/2026,0.402,250600503.0
159885.SZ,6/26/2026,0.775,1472100.0
159886.SZ,6/26/2026,0.992,6039900.0
159887.SZ,6/26/2026,1.216,67228500.0
159888.SZ,6/26/2026,1.148,23004600.0
159889.SZ,6/26/2026,0.988,3327300.0
159890.SZ,6/26/2026,1.692,19901200.0
159891.SZ,6/26/2026,0.353,31670305.0
159895.SZ,6/26/2026,1.661,2446400.0
159896.SZ,6/26/2026,1.546,3232300.0
159898.SZ,6/26/2026,0.446,49200702.0
159899.SZ,6/26/2026,0.684,34979800.0
159901.SZ,6/26/2026,4.027,110041325.0
159902.SZ,6/26/2026,5.045,1621900.0
159903.SZ,6/26/2026,1.928,29952835.0
159905.SZ,6/26/2026,1.622,16126600.0
159906.SZ,6/26/2026,2.246,10396100.0
159907.SZ,6/26/2026,1.152,8600604.0
159908.SZ,6/26/2026,3.919,19621400.0
159909.SZ,6/26/2026,1.619,10563100.0
159910.SZ,6/26/2026,2.324,236602.0
159912.SZ,6/26/2026,2.178,1315000.0
159913.SZ,6/26/2026,2.451,197700.0
159915.SZ,6/26/2026,4.215,1536030375.0
159916.SZ,6/26/2026,5.028,48400.0
159918.SZ,6/26/2026,2.854,751800.0
159919.SZ,6/26/2026,5.115,208701401.0
159922.SZ,6/26/2026,3.528,222738126.0
159923.SZ,6/26/2026,2.275,1571100.0
159925.SZ,6/26/2026,4.949,11983833.0
159928.SZ,6/26/2026,0.603,446033919.0
159929.SZ,6/26/2026,1.17,71021700.0
159930.SZ,6/26/2026,1.499,59692607.0
159931.SZ,6/26/2026,1.75,119800.0
159933.SZ,6/26/2026,2.696,109700.0
159935.SZ,6/26/2026,2.736,1234800.0
159936.SZ,6/26/2026,1.846,359300.0
159938.SZ,6/26/2026,0.573,79876700.0
159939.SZ,6/26/2026,1.388,132186700.0
159940.SZ,6/26/2026,1.134,7276700.0
159943.SZ,6/26/2026,1.739,17079800.0
159944.SZ,6/26/2026,1.529,3604200.0
159945.SZ,6/26/2026,1.191,4716204.0
159948.SZ,6/26/2026,4.649,31682200.0
159949.SZ,6/26/2026,2.018,1388432120.0
159952.SZ,6/26/2026,2.557,153228000.0
159954.SZ,6/26/2026,0.818,2601800.0
159956.SZ,6/26/2026,2.75,3922600.0
159957.SZ,6/26/2026,2.767,66957400.0
159958.SZ,6/26/2026,2.554,4348700.0
159959.SZ,6/26/2026,1.683,270300.0
159960.SZ,6/26/2026,0.763,10524600.0
159961.SZ,6/26/2026,2.455,4509000.0
159964.SZ,6/26/2026,2.747,4235100.0
159965.SZ,6/26/2026,1.729,368000.0
159966.SZ,6/26/2026,0.62,28060400.0
159967.SZ,6/26/2026,1.037,1153928733.0
159968.SZ,6/26/2026,11.315,2202400.0
159970.SZ,6/26/2026,1.15,1047200.0
159971.SZ,6/26/2026,1.474,75289200.0
159973.SZ,6/26/2026,2.141,605700.0
159974.SZ,6/26/2026,1.817,627700.0
159975.SZ,6/26/2026,0.846,5014700.0
159976.SZ,6/26/2026,1.315,147500.0
159977.SZ,6/26/2026,2.196,143781300.0
159982.SZ,6/26/2026,2.313,9068600.0
159991.SZ,6/26/2026,1.0,13501800.0
159992.SZ,6/26/2026,0.753,964620700.0
159993.SZ,6/26/2026,1.2,398307400.0
159994.SZ,6/26/2026,1.655,299875500.0
159995.SZ,6/26/2026,3.127,796138184.0
159996.SZ,6/26/2026,1.413,55224487.0
159997.SZ,6/26/2026,2.662,63865895.0
159998.SZ,6/26/2026,1.011,112950600.0
160119.SZ,6/26/2026,2.434,661088.0
160127.SZ,6/26/2026,0.855,22748.0
160133.SZ,6/26/2026,4.148,145623.0
160135.SZ,6/26/2026,0.949,20444.0
160218.SZ,6/26/2026,0.537,291535.0
160219.SZ,6/26/2026,0.505,179068.0
160221.SZ,6/26/2026,2.224,613348.0
160222.SZ,6/26/2026,0.616,900191.0
160223.SZ,6/26/2026,2.339,369394.0
160225.SZ,6/26/2026,1.935,210000.0
160322.SZ,6/26/2026,1.042,97422.0
160615.SZ,6/26/2026,1.487,23800.0
160616.SZ,6/26/2026,2.517,3900.0
160620.SZ,6/26/2026,2.81,24500.0
160625.SZ,6/26/2026,0.831,335872.0
160626.SZ,6/26/2026,1.994,87644.0
160628.SZ,6/26/2026,0.434,79300.0
160629.SZ,6/26/2026,1.024,41700.0
160630.SZ,6/26/2026,1.065,397423.0
160631.SZ,6/26/2026,1.264,95449.0
160632.SZ,6/26/2026,0.244,9900056.0
160633.SZ,6/26/2026,1.083,3854732.0
160635.SZ,6/26/2026,0.79,27100.0
160637.SZ,6/26/2026,1.925,244876.0
160638.SZ,6/26/2026,3.245,15120.0
160639.SZ,6/26/2026,0.799,41052.0
160643.SZ,6/26/2026,1.279,1587297.0
160706.SZ,6/26/2026,1.24,1940000.0
160716.SZ,6/26/2026,1.916,24700.0
160806.SZ,6/26/2026,2.208,300.0
160807.SZ,6/26/2026,2.009,900.0
160919.SZ,6/26/2026,3.895,235800.0
160925.SZ,6/26/2026,1.291,27854.0
161017.SZ,6/26/2026,2.845,301800.0
161024.SZ,6/26/2026,1.202,1124691.0
161025.SZ,6/26/2026,1.617,452932.0
161026.SZ,6/26/2026,1.221,436981.0
161027.SZ,6/26/2026,1.046,993855.0
161028.SZ,6/26/2026,1.117,1348000.0
161029.SZ,6/26/2026,1.631,35600.0
161030.SZ,6/26/2026,1.0,149399.0
161031.SZ,6/26/2026,1.807,288901.0
161032.SZ,6/26/2026,1.975,657172.0
161033.SZ,6/26/2026,1.93,87000.0
161035.SZ,6/26/2026,1.145,6800.0
161036.SZ,6/26/2026,0.629,11729.0
161037.SZ,6/26/2026,3.191,104400.0
161039.SZ,6/26/2026,3.005,25200.0
161118.SZ,6/26/2026,1.7,36222.0
161121.SZ,6/26/2026,1.502,88900.0
161122.SZ,6/26/2026,0.481,232710.0
161123.SZ,6/26/2026,1.541,66792.0
161217.SZ,6/26/2026,2.18,429969.0
161227.SZ,6/26/2026,1.796,204578.0
161607.SZ,6/26/2026,1.225,400.0
161631.SZ,6/26/2026,3.248,935026.0
161715.SZ,6/26/2026,2.266,192015.0
161720.SZ,6/26/2026,1.168,924182.0
161724.SZ,6/26/2026,2.066,196636.0
161725.SZ,6/26/2026,0.502,94739774.0
161726.SZ,6/26/2026,0.347,9166111.0
161811.SZ,6/26/2026,1.099,400.0
161812.SZ,6/26/2026,1.527,102271.0
161816.SZ,6/26/2026,1.009,339751.0
162216.SZ,6/26/2026,1.818,26200.0
162307.SZ,6/26/2026,1.609,400.0
162412.SZ,6/26/2026,0.518,1136399.0
162509.SZ,6/26/2026,1.048,24800.0
162711.SZ,6/26/2026,2.083,24200.0
163109.SZ,6/26/2026,0.864,304734.0
163110.SZ,6/26/2026,2.454,13200.0
163111.SZ,6/26/2026,1.707,1952.0
163113.SZ,6/26/2026,0.94,954421.0
163114.SZ,6/26/2026,1.329,32313.0
163115.SZ,6/26/2026,1.211,27771.0
163116.SZ,6/26/2026,2.501,180314.0
163118.SZ,6/26/2026,0.594,204201.0
163407.SZ,6/26/2026,2.553,581100.0
163821.SZ,6/26/2026,2.087,9300.0
164508.SZ,6/26/2026,1.403,5900.0
165309.SZ,6/26/2026,2.036,400.0
165511.SZ,6/26/2026,2.437,3917.0
165515.SZ,6/26/2026,1.351,98423.0
165519.SZ,6/26/2026,0.929,44712.0
165520.SZ,6/26/2026,2.712,444184.0
165521.SZ,6/26/2026,1.191,17700.0
165522.SZ,6/26/2026,1.629,49564.0
165525.SZ,6/26/2026,0.728,562756.0
167301.SZ,6/26/2026,0.955,21611893.0
167302.SZ,6/26/2026,0.995,3600.0
167506.SZ,6/26/2026,1.835,34400.0
168203.SZ,6/26/2026,1.14,23100.0
168204.SZ,6/26/2026,1.83,775085.0
168701.SZ,6/26/2026,0.966,125900.0
501005.SH,6/26/2026,0.916,733611.0
501007.SH,6/26/2026,0.747,121484.0
501008.SH,6/26/2026,0.724,88864.0
501009.SH,6/26/2026,1.098,337763.0
501010.SH,6/26/2026,1.072,214723.0
501011.SH,6/26/2026,0.912,282700.0
501012.SH,6/26/2026,0.884,92491.0
501016.SH,6/26/2026,1.219,823666.0
501019.SH,6/26/2026,1.295,350631.0
501021.SH,6/26/2026,1.226,363500.0
501025.SH,6/26/2026,1.681,4213066.0
501029.SH,6/26/2026,1.638,600952.0
501030.SH,6/26/2026,0.557,52700.0
501031.SH,6/26/2026,0.55,1800.0
501036.SH,6/26/2026,1.664,187740.0
501037.SH,6/26/2026,1.628,184784.0
501043.SH,6/26/2026,1.673,347504.0
501045.SH,6/26/2026,1.642,18736.0
501047.SH,6/26/2026,1.131,267422.0
501048.SH,6/26/2026,1.114,43414.0
501050.SH,6/26/2026,1.714,317400.0
501057.SH,6/26/2026,2.364,647563.0
501058.SH,6/26/2026,2.338,124700.0
501059.SH,6/26/2026,2.088,28800.0
501060.SH,6/26/2026,2.214,325700.0
501061.SH,6/26/2026,2.164,400.0
501089.SH,6/26/2026,0.942,1436203.0
501090.SH,6/26/2026,1.003,954441.0
501201.SH,6/26/2026,3.481,2449712.0
501219.SH,6/26/2026,1.788,723600.0
501301.SH,6/26/2026,1.11,1001847.0
501302.SH,6/26/2026,1.026,311619.0
501303.SH,6/26/2026,0.941,27351.0
501305.SH,6/26/2026,1.174,140118.0
501306.SH,6/26/2026,1.129,40900.0
501307.SH,6/26/2026,1.146,33700.0
501310.SH,6/26/2026,1.265,236300.0
501311.SH,6/26/2026,0.837,750496.0
502000.SH,6/26/2026,2.25,296984.0
502003.SH,6/26/2026,1.507,294388.0
502006.SH,6/26/2026,1.603,690.0
502010.SH,6/26/2026,1.282,413374.0
502013.SH,6/26/2026,1.386,26381.0
502023.SH,6/26/2026,1.52,5755.0
502048.SH,6/26/2026,1.237,244629.0
502053.SH,6/26/2026,1.093,182500.0
502056.SH,6/26/2026,0.591,231500.0
510010.SH,6/26/2026,1.654,13800.0
510020.SH,6/26/2026,3.794,363710.0
510030.SH,6/26/2026,0.969,5356400.0
510040.SH,6/26/2026,1.187,5789200.0
510050.SH,6/26/2026,3.0,712155915.0
510060.SH,6/26/2026,2.489,144800.0
510090.SH,6/26/2026,2.355,1900.0
510100.SH,6/26/2026,2.942,145085308.0
510130.SH,6/26/2026,7.58,587700.0
510150.SH,6/26/2026,0.452,66910909.0
510160.SH,6/26/2026,0.833,637600.0
510170.SH,6/26/2026,1.374,16934904.0
510180.SH,6/26/2026,4.076,24406943.0
510190.SH,6/26/2026,4.278,724600.0
510200.SH,6/26/2026,1.2,6846700.0
510210.SH,6/26/2026,1.014,1377436703.0
510230.SH,6/26/2026,1.228,62139300.0
510270.SH,6/26/2026,1.457,2182700.0
510290.SH,6/26/2026,2.79,1412900.0
510300.SH,6/26/2026,4.907,958242943.0
510310.SH,6/26/2026,4.764,176812274.0
510320.SH,6/26/2026,1.32,17109700.0
510330.SH,6/26/2026,5.112,111646800.0
510350.SH,6/26/2026,5.134,5510600.0
510360.SH,6/26/2026,1.869,39796600.0
510370.SH,6/26/2026,1.09,6493900.0
510380.SH,6/26/2026,1.45,463200.0
510390.SH,6/26/2026,5.52,1326400.0
510410.SH,6/26/2026,1.901,11490000.0
510500.SH,6/26/2026,8.861,335195688.0
510510.SH,6/26/2026,2.809,30614700.0
510530.SH,6/26/2026,9.668,940200.0
510550.SH,6/26/2026,2.238,1429900.0
510560.SH,6/26/2026,2.164,298200.0
510570.SH,6/26/2026,1.371,2032100.0
510580.SH,6/26/2026,4.562,51567770.0
510590.SH,6/26/2026,9.373,415309.0
510600.SH,6/26/2026,3.898,2214600.0
510630.SH,6/26/2026,0.734,58701800.0
510650.SH,6/26/2026,2.662,166100.0
510660.SH,6/26/2026,2.177,6034800.0
510670.SH,6/26/2026,1.005,2395000.0
510680.SH,6/26/2026,3.165,3668800.0
510710.SH,6/26/2026,4.269,1578400.0
510720.SH,6/26/2026,0.916,317147800.0
510760.SH,6/26/2026,1.301,246931800.0
510770.SH,6/26/2026,1.221,6024800.0
510800.SH,6/26/2026,1.388,3659800.0
510810.SH,6/26/2026,0.807,8862600.0
510850.SH,6/26/2026,3.542,4997500.0
510880.SH,6/26/2026,2.954,367663133.0
510910.SH,6/26/2026,1.006,16354500.0
510950.SH,6/26/2026,0.982,16646516.0
510980.SH,6/26/2026,1.416,107171000.0
510990.SH,6/26/2026,1.047,5743700.0
512000.SH,6/26/2026,0.529,4458969350.0
512010.SH,6/26/2026,0.335,2008452617.0
512020.SH,6/26/2026,1.381,47916225.0
512030.SH,6/26/2026,1.123,2804700.0
512040.SH,6/26/2026,1.134,183887900.0
512050.SH,6/26/2026,1.305,1230538788.0
512060.SH,6/26/2026,1.268,1298500.0
512070.SH,6/26/2026,0.771,918920700.0
512080.SH,6/26/2026,1.398,25617400.0
512090.SH,6/26/2026,2.084,39840300.0
512100.SH,6/26/2026,3.484,540517674.0
512120.SH,6/26/2026,0.412,31239000.0
512130.SH,6/26/2026,1.099,373400.0
512140.SH,6/26/2026,0.909,19240600.0
512150.SH,6/26/2026,1.943,304900.0
512160.SH,6/26/2026,1.595,2234000.0
512170.SH,6/26/2026,0.296,1825046432.0
512180.SH,6/26/2026,1.801,27400.0
512190.SH,6/26/2026,2.838,633900.0
512200.SH,6/26/2026,1.191,141358716.0
512220.SH,6/26/2026,4.911,14637300.0
512240.SH,6/26/2026,1.158,2339600.0
512250.SH,6/26/2026,1.232,2920100.0
512260.SH,6/26/2026,1.939,2334500.0
512290.SH,6/26/2026,0.898,132062800.0
512330.SH,6/26/2026,2.29,12499500.0
512360.SH,6/26/2026,1.905,595300.0
512370.SH,6/26/2026,1.246,14228300.0
512380.SH,6/26/2026,1.712,9304800.0
512390.SH,6/26/2026,1.264,83200.0
512400.SH,6/26/2026,1.839,915382100.0
512430.SH,6/26/2026,0.923,1470000.0
512450.SH,6/26/2026,0.794,7176400.0
512460.SH,6/26/2026,1.002,21528900.0
512480.SH,6/26/2026,2.747,968312264.0
512500.SH,6/26/2026,4.915,81230477.0
512510.SH,6/26/2026,2.582,11371712.0
512520.SH,6/26/2026,1.531,400900.0
512530.SH,6/26/2026,1.462,3692300.0
512550.SH,6/26/2026,1.855,4278600.0
512560.SH,6/26/2026,0.776,53703600.0
512570.SH,6/26/2026,1.111,234062000.0
512580.SH,6/26/2026,1.301,11216800.0
512600.SH,6/26/2026,0.517,17639600.0
512620.SH,6/26/2026,0.793,15566500.0
512630.SH,6/26/2026,1.349,170262907.0
512640.SH,6/26/2026,2.21,2131800.0
512650.SH,6/26/2026,1.582,4558200.0
512660.SH,6/26/2026,1.241,206761201.0
512670.SH,6/26/2026,0.839,91860300.0
512680.SH,6/26/2026,1.268,87385400.0
512690.SH,6/26/2026,0.388,1589622564.0
512700.SH,6/26/2026,1.374,72373800.0
512710.SH,6/26/2026,0.659,442149140.0
512720.SH,6/26/2026,1.216,22280500.0
512730.SH,6/26/2026,1.53,4649600.0
512750.SH,6/26/2026,1.305,2005500.0
512760.SH,6/26/2026,1.462,666934302.0
512770.SH,6/26/2026,3.171,4360600.0
512800.SH,6/26/2026,0.746,895153900.0
512810.SH,6/26/2026,0.721,42071400.0
512820.SH,6/26/2026,1.308,58756900.0
512870.SH,6/26/2026,1.656,2430100.0
512880.SH,6/26/2026,1.107,3857875751.0
512890.SH,6/26/2026,1.081,639536405.0
512900.SH,6/26/2026,1.094,271300200.0
512910.SH,6/26/2026,1.37,6295100.0
512930.SH,6/26/2026,0.74,334284200.0
512940.SH,6/26/2026,0.821,53354100.0
512950.SH,6/26/2026,1.562,6757500.0
512960.SH,6/26/2026,1.508,1132400.0
512970.SH,6/26/2026,1.695,1166100.0
512980.SH,6/26/2026,0.799,253119708.0
512990.SH,6/26/2026,2.126,680500.0
513020.SH,6/26/2026,0.861,180923332.0
513040.SH,6/26/2026,0.831,659759236.0
513070.SH,6/26/2026,1.04,95770937.0
513090.SH,6/26/2026,1.743,3825321584.0
513150.SH,6/26/2026,0.877,86903400.0
513160.SH,6/26/2026,0.899,355788372.0
513190.SH,6/26/2026,1.625,314018500.0
513200.SH,6/26/2026,0.851,230581500.0
513230.SH,6/26/2026,0.821,21173300.0
513240.SH,6/26/2026,1.13,123962500.0
513320.SH,6/26/2026,0.955,6202500.0
513550.SH,6/26/2026,1.009,110987436.0
513560.SH,6/26/2026,1.032,51052166.0
513590.SH,6/26/2026,0.733,3536200.0
513600.SH,6/26/2026,2.481,51095000.0
513620.SH,6/26/2026,0.856,13367000.0
513630.SH,6/26/2026,1.468,293162900.0
513660.SH,6/26/2026,1.348,58131000.0
513690.SH,6/26/2026,1.03,196417800.0
513700.SH,6/26/2026,0.507,225441400.0
513720.SH,6/26/2026,0.583,11111084.0
513750.SH,6/26/2026,1.391,979943590.0
513770.SH,6/26/2026,0.315,1296350141.0
513780.SH,6/26/2026,1.299,335663900.0
513820.SH,6/26/2026,1.121,88670300.0
513830.SH,6/26/2026,1.078,2163200.0
513860.SH,6/26/2026,0.552,290252900.0
513900.SH,6/26/2026,0.889,11391700.0
513910.SH,6/26/2026,1.43,205334000.0
513920.SH,6/26/2026,1.44,92479200.0
513930.SH,6/26/2026,0.826,141209600.0
513980.SH,6/26/2026,0.551,1368953210.0
513990.SH,6/26/2026,1.006,16104600.0
515000.SH,6/26/2026,1.634,226538896.0
515010.SH,6/26/2026,1.275,106631000.0
515020.SH,6/26/2026,1.596,74610700.0
515030.SH,6/26/2026,1.776,95516917.0
515050.SH,6/26/2026,1.359,2008242301.0
515060.SH,6/26/2026,0.572,76307600.0
515070.SH,6/26/2026,2.627,120128400.0
515080.SH,6/26/2026,1.429,338457626.0
515090.SH,6/26/2026,1.422,1002000.0
515100.SH,6/26/2026,1.305,77753600.0
515110.SH,6/26/2026,1.626,4181600.0
515120.SH,6/26/2026,0.564,705528000.0
515130.SH,6/26/2026,1.617,14060700.0
515150.SH,6/26/2026,1.545,1553300.0
515160.SH,6/26/2026,1.703,234300.0
515170.SH,6/26/2026,0.43,171076201.0
515180.SH,6/26/2026,1.295,373448900.0
515190.SH,6/26/2026,1.832,4491400.0
515200.SH,6/26/2026,2.972,2093400.0
515210.SH,6/26/2026,1.138,104189700.0
515220.SH,6/26/2026,1.081,500921193.0
515230.SH,6/26/2026,0.674,332799554.0
515250.SH,6/26/2026,1.036,33673200.0
515260.SH,6/26/2026,1.092,145378200.0
515290.SH,6/26/2026,1.338,57682900.0
515300.SH,6/26/2026,1.192,94075000.0
515310.SH,6/26/2026,1.458,22967200.0
515320.SH,6/26/2026,1.971,12183300.0
515330.SH,6/26/2026,1.41,37454800.0
515350.SH,6/26/2026,6.545,1024100.0
515360.SH,6/26/2026,7.028,497900.0
515370.SH,6/26/2026,0.953,38000100.0
515380.SH,6/26/2026,5.671,3007200.0
515390.SH,6/26/2026,1.423,117944300.0
515400.SH,6/26/2026,0.849,88306800.0
515450.SH,6/26/2026,1.32,162139000.0
515460.SH,6/26/2026,0.845,22459900.0
515530.SH,6/26/2026,4.776,1418100.0
515550.SH,6/26/2026,1.942,2534900.0
515560.SH,6/26/2026,1.016,16593300.0
515580.SH,6/26/2026,1.524,8372200.0
515590.SH,6/26/2026,2.006,472700.0
515600.SH,6/26/2026,1.686,1279200.0
515630.SH,6/26/2026,1.252,60135480.0
515640.SH,6/26/2026,0.943,849700.0
515650.SH,6/26/2026,0.955,59913482.0
515660.SH,6/26/2026,6.086,743000.0
515680.SH,6/26/2026,1.7,1770100.0
515700.SH,6/26/2026,2.372,27826200.0
515710.SH,6/26/2026,0.46,49702600.0
515720.SH,6/26/2026,0.696,25430700.0
515730.SH,6/26/2026,0.867,2447800.0
515750.SH,6/26/2026,2.009,10417700.0
515760.SH,6/26/2026,1.358,3492200.0
515770.SH,6/26/2026,1.481,1199300.0
515790.SH,6/26/2026,1.003,368441100.0
515800.SH,6/26/2026,1.377,113946200.0
515810.SH,6/26/2026,1.8,11955189.0
515850.SH,6/26/2026,1.376,86855000.0
515860.SH,6/26/2026,2.27,4988500.0
515880.SH,6/26/2026,1.757,5710508959.0
515890.SH,6/26/2026,1.325,8289800.0
515900.SH,6/26/2026,1.681,974900.0
515910.SH,6/26/2026,0.688,3373800.0
515920.SH,6/26/2026,1.428,5287600.0
515950.SH,6/26/2026,0.83,13083400.0
515960.SH,6/26/2026,0.738,5997400.0
515970.SH,6/26/2026,0.852,104758700.0
515980.SH,6/26/2026,1.22,340444214.0
515990.SH,6/26/2026,1.523,345600.0
516000.SH,6/26/2026,0.932,28610300.0
516010.SH,6/26/2026,1.059,109898200.0
516020.SH,6/26/2026,0.919,173731600.0
516050.SH,6/26/2026,1.742,12839700.0
516060.SH,6/26/2026,0.521,14259000.0
516070.SH,6/26/2026,0.625,12357300.0
516080.SH,6/26/2026,0.599,207130600.0
516090.SH,6/26/2026,0.571,108190900.0
516100.SH,6/26/2026,1.035,55352807.0
516110.SH,6/26/2026,1.073,23939200.0
516120.SH,6/26/2026,0.937,104113300.0
516130.SH,6/26/2026,0.624,22842800.0
516150.SH,6/26/2026,2.017,133121314.0
516160.SH,6/26/2026,2.889,212340179.0
516180.SH,6/26/2026,0.825,11296100.0
516190.SH,6/26/2026,0.962,22256100.0
516200.SH,6/26/2026,1.058,21974200.0
516210.SH,6/26/2026,1.272,8378200.0
516220.SH,6/26/2026,0.954,20393000.0
516230.SH,6/26/2026,0.918,17699600.0
516250.SH,6/26/2026,0.966,11336100.0
516260.SH,6/26/2026,1.652,2387000.0
516270.SH,6/26/2026,0.689,65079200.0
516290.SH,6/26/2026,0.622,57396900.0
516300.SH,6/26/2026,3.568,4449111.0
516310.SH,6/26/2026,1.234,103708892.0
516320.SH,6/26/2026,1.022,8098400.0
516330.SH,6/26/2026,1.88,609300.0
516350.SH,6/26/2026,2.191,156320252.0
516360.SH,6/26/2026,1.256,5967400.0
516370.SH,6/26/2026,0.914,27380700.0
516380.SH,6/26/2026,0.955,5030200.0
516390.SH,6/26/2026,0.955,11596100.0
516460.SH,6/26/2026,1.118,30029800.0
516500.SH,6/26/2026,0.553,14307700.0
516510.SH,6/26/2026,1.658,142769700.0
516520.SH,6/26/2026,1.166,86063834.0
516530.SH,6/26/2026,0.95,1000600.0
516550.SH,6/26/2026,0.651,5958200.0
516560.SH,6/26/2026,0.676,5405000.0
516570.SH,6/26/2026,1.009,48916095.0
516580.SH,6/26/2026,0.677,2946000.0
516590.SH,6/26/2026,1.2,3410500.0
516600.SH,6/26/2026,0.573,2598200.0
516610.SH,6/26/2026,0.392,9365100.0
516620.SH,6/26/2026,0.805,30752600.0
516630.SH,6/26/2026,1.617,38409100.0
516640.SH,6/26/2026,1.936,169763632.0
516650.SH,6/26/2026,1.751,194043400.0
516660.SH,6/26/2026,1.084,1912400.0
516670.SH,6/26/2026,0.54,89260100.0
516700.SH,6/26/2026,0.892,22051500.0
516710.SH,6/26/2026,0.92,9776500.0
516720.SH,6/26/2026,1.195,53500.0
516730.SH,6/26/2026,1.011,13853800.0
516750.SH,6/26/2026,0.601,9557800.0
516760.SH,6/26/2026,0.517,11834300.0
516770.SH,6/26/2026,1.119,37061500.0
516780.SH,6/26/2026,0.98,170475752.0
516790.SH,6/26/2026,0.473,4320900.0
516800.SH,6/26/2026,1.192,11662600.0
516810.SH,6/26/2026,0.671,148463400.0
516820.SH,6/26/2026,0.308,151705400.0
516830.SH,6/26/2026,1.092,5382300.0
516840.SH,6/26/2026,0.747,5107600.0
516850.SH,6/26/2026,1.065,16586500.0
516860.SH,6/26/2026,1.07,98722300.0
516880.SH,6/26/2026,0.848,53218470.0
516890.SH,6/26/2026,0.948,3239400.0
516900.SH,6/26/2026,0.461,5667800.0
516910.SH,6/26/2026,1.104,18598100.0
516920.SH,6/26/2026,1.89,78368500.0
516930.SH,6/26/2026,0.437,2187000.0
516950.SH,6/26/2026,1.018,9491700.0
516960.SH,6/26/2026,0.965,1284800.0
516970.SH,6/26/2026,1.128,55058553.0
516980.SH,6/26/2026,1.07,8803300.0
517000.SH,6/26/2026,0.993,909500.0
517010.SH,6/26/2026,1.106,1707400.0
517030.SH,6/26/2026,1.13,44000.0
517050.SH,6/26/2026,0.602,2795700.0
517080.SH,6/26/2026,0.988,966900.0
517090.SH,6/26/2026,1.415,2817200.0
517100.SH,6/26/2026,1.007,1259500.0
517110.SH,6/26/2026,0.647,21386700.0
517120.SH,6/26/2026,0.615,18743200.0
517130.SH,6/26/2026,0.945,9136100.0
517160.SH,6/26/2026,1.011,4348900.0
517170.SH,6/26/2026,0.998,622700.0
517180.SH,6/26/2026,1.346,3189800.0
517200.SH,6/26/2026,0.532,1974100.0
517300.SH,6/26/2026,0.942,2339600.0
517330.SH,6/26/2026,1.029,55800.0
517350.SH,6/26/2026,0.99,3771300.0
517360.SH,6/26/2026,0.895,110200.0
517380.SH,6/26/2026,0.692,52485334.0
517390.SH,6/26/2026,1.894,5565200.0
517400.SH,6/26/2026,1.253,29756000.0
517520.SH,6/26/2026,1.587,214136098.0
517550.SH,6/26/2026,0.592,11110000.0
517660.SH,6/26/2026,1.431,1022000.0
517770.SH,6/26/2026,0.854,8556700.0
517800.SH,6/26/2026,1.095,10787500.0
517850.SH,6/26/2026,1.47,638400.0
517880.SH,6/26/2026,0.702,9735800.0
517900.SH,6/26/2026,1.389,29364000.0
517950.SH,6/26/2026,1.3,10162600.0
517990.SH,6/26/2026,0.76,1024300.0
520510.SH,6/26/2026,0.74,160225700.0
520530.SH,6/26/2026,0.743,33881300.0
520550.SH,6/26/2026,1.026,46291500.0
520560.SH,6/26/2026,0.727,16617700.0
520600.SH,6/26/2026,0.975,87128100.0
520610.SH,6/26/2026,0.869,12305600.0
520620.SH,6/26/2026,0.775,4813800.0
520630.SH,6/26/2026,0.585,9653700.0
520650.SH,6/26/2026,0.531,363912200.0
520660.SH,6/26/2026,0.928,91851600.0
520670.SH,6/26/2026,0.72,15812800.0
520680.SH,6/26/2026,0.782,1798100.0
520690.SH,6/26/2026,0.613,123441400.0
520700.SH,6/26/2026,1.252,247149400.0
520710.SH,6/26/2026,1.0,38671700.0
520720.SH,6/26/2026,0.718,28246500.0
520730.SH,6/26/2026,0.738,11067000.0
520760.SH,6/26/2026,0.768,8799300.0
520770.SH,6/26/2026,0.84,21465500.0
520780.SH,6/26/2026,0.791,10660800.0
520790.SH,6/26/2026,0.731,6999500.0
520810.SH,6/26/2026,0.927,1010700.0
520820.SH,6/26/2026,0.836,9460700.0
520840.SH,6/26/2026,0.708,119717100.0
520850.SH,6/26/2026,0.703,5764600.0
520860.SH,6/26/2026,0.719,22568700.0
520880.SH,6/26/2026,0.378,941957700.0
520890.SH,6/26/2026,1.245,30892600.0
520900.SH,6/26/2026,0.934,106519400.0
520910.SH,6/26/2026,0.563,63655800.0
520930.SH,6/26/2026,0.767,32899500.0
520940.SH,6/26/2026,0.904,12644300.0
520950.SH,6/26/2026,0.75,23081500.0
520960.SH,6/26/2026,0.82,4320800.0
520970.SH,6/26/2026,0.699,141721900.0
520980.SH,6/26/2026,0.818,465105536.0
520990.SH,6/26/2026,0.915,149615500.0
526000.SH,6/26/2026,1.312,387534000.0
526010.SH,6/26/2026,0.813,1845000.0
526030.SH,6/26/2026,0.961,53108086.0
526050.SH,6/26/2026,1.184,107298800.0
526070.SH,6/26/2026,0.888,3364600.0
530000.SH,6/26/2026,1.375,8858700.0
530050.SH,6/26/2026,1.169,5379100.0
530060.SH,6/26/2026,1.007,94498300.0
530080.SH,6/26/2026,1.239,6677700.0
530100.SH,6/26/2026,1.3,3509300.0
530180.SH,6/26/2026,1.219,10121200.0
530280.SH,6/26/2026,1.232,4700.0
530300.SH,6/26/2026,1.242,7849600.0
530380.SH,6/26/2026,1.164,3345600.0
530530.SH,6/26/2026,1.291,2261900.0
530580.SH,6/26/2026,1.198,14099300.0
530680.SH,6/26/2026,1.18,13506400.0
530800.SH,6/26/2026,1.229,2290700.0
530880.SH,6/26/2026,0.965,3814000.0
560010.SH,6/26/2026,3.574,252690596.0
560020.SH,6/26/2026,1.013,2406900.0
560030.SH,6/26/2026,1.22,290700.0
560050.SH,6/26/2026,1.12,58115465.0
560060.SH,6/26/2026,0.97,1615100.0
560070.SH,6/26/2026,1.09,3363087.0
560080.SH,6/26/2026,0.86,47158700.0
560090.SH,6/26/2026,1.188,143603900.0
560100.SH,6/26/2026,1.464,8919000.0
560110.SH,6/26/2026,1.286,8333500.0
560120.SH,6/26/2026,1.103,29322900.0
560130.SH,6/26/2026,0.858,404800.0
560150.SH,6/26/2026,1.04,6697400.0
560160.SH,6/26/2026,0.86,5161900.0
560170.SH,6/26/2026,1.464,43414599.0
560180.SH,6/26/2026,1.248,1735200.0
560190.SH,6/26/2026,1.002,311000.0
560210.SH,6/26/2026,0.711,16824600.0
560220.SH,6/26/2026,1.53,2844100.0
560230.SH,6/26/2026,0.903,19322100.0
560250.SH,6/26/2026,0.919,7289700.0
560260.SH,6/26/2026,0.743,6677300.0
560270.SH,6/26/2026,0.939,13445700.0
560280.SH,6/26/2026,1.532,65862800.0
560290.SH,6/26/2026,0.802,11674200.0
560300.SH,6/26/2026,2.474,1347700.0
560310.SH,6/26/2026,0.905,2619500.0
560320.SH,6/26/2026,0.87,5312800.0
560330.SH,6/26/2026,1.147,791900.0
560350.SH,6/26/2026,1.285,45264890.0
560360.SH,6/26/2026,1.195,5859800.0
560370.SH,6/26/2026,0.842,4627500.0
560380.SH,6/26/2026,1.312,10116100.0
560390.SH,6/26/2026,1.069,154009600.0
560400.SH,6/26/2026,0.998,44871700.0
560410.SH,6/26/2026,1.013,5458000.0
560420.SH,6/26/2026,0.867,4694700.0
560450.SH,6/26/2026,0.924,25802000.0
560460.SH,6/26/2026,0.892,9971000.0
560470.SH,6/26/2026,0.853,14620600.0
560480.SH,6/26/2026,0.891,12995100.0
560490.SH,6/26/2026,0.953,19696700.0
560500.SH,6/26/2026,1.391,989000.0
560510.SH,6/26/2026,1.278,60326700.0
560520.SH,6/26/2026,1.021,335200.0
560530.SH,6/26/2026,1.321,80770717.0
560550.SH,6/26/2026,1.006,1080200.0
560560.SH,6/26/2026,0.73,1237300.0
560570.SH,6/26/2026,0.92,19737200.0
560580.SH,6/26/2026,1.088,21723800.0
560590.SH,6/26/2026,1.575,1996900.0
560610.SH,6/26/2026,1.284,67755800.0
560620.SH,6/26/2026,0.936,294600.0
560630.SH,6/26/2026,1.23,7704900.0
560650.SH,6/26/2026,1.072,1750800.0
560660.SH,6/26/2026,1.122,9679200.0
560670.SH,6/26/2026,0.961,20165700.0
560680.SH,6/26/2026,0.664,26374900.0
560690.SH,6/26/2026,2.374,5221700.0
560700.SH,6/26/2026,1.114,9564309.0
560710.SH,6/26/2026,0.862,111083100.0
560720.SH,6/26/2026,0.915,7956400.0
560750.SH,6/26/2026,1.436,3828800.0
560770.SH,6/26/2026,1.083,37331200.0
560780.SH,6/26/2026,1.307,834541405.0
560790.SH,6/26/2026,0.824,9473400.0
560800.SH,6/26/2026,1.421,12117200.0
560810.SH,6/26/2026,1.275,805700.0
560820.SH,6/26/2026,1.228,44400.0
560830.SH,6/26/2026,0.891,32787400.0
560850.SH,6/26/2026,1.472,6857900.0
560860.SH,6/26/2026,1.609,246327803.0
560870.SH,6/26/2026,0.925,7456500.0
560880.SH,6/26/2026,1.485,10379200.0
560900.SH,6/26/2026,0.812,13939600.0
560910.SH,6/26/2026,0.892,16509200.0
560930.SH,6/26/2026,0.871,18447100.0
560950.SH,6/26/2026,1.44,279000.0
560970.SH,6/26/2026,0.944,13987300.0
560980.SH,6/26/2026,0.789,46602300.0
560990.SH,6/26/2026,1.289,1712600.0
561000.SH,6/26/2026,1.329,4185700.0
561010.SH,6/26/2026,0.856,12658700.0
561030.SH,6/26/2026,0.883,11692500.0
561050.SH,6/26/2026,1.026,23196000.0
561060.SH,6/26/2026,1.056,1906600.0
561080.SH,6/26/2026,1.107,4010000.0
561090.SH,6/26/2026,1.322,12118700.0
561100.SH,6/26/2026,2.115,57373100.0
561120.SH,6/26/2026,1.243,5293000.0
561130.SH,6/26/2026,1.118,14450900.0
561160.SH,6/26/2026,0.858,113078800.0
561170.SH,6/26/2026,1.132,59320200.0
561180.SH,6/26/2026,1.386,2573000.0
561190.SH,6/26/2026,1.016,4711200.0
561200.SH,6/26/2026,1.531,3215800.0
561220.SH,6/26/2026,2.165,3538800.0
561230.SH,6/26/2026,1.328,10437700.0
561260.SH,6/26/2026,1.214,4913300.0
561280.SH,6/26/2026,1.757,5966900.0
561300.SH,6/26/2026,1.055,48754473.0
561310.SH,6/26/2026,1.889,8581800.0
561320.SH,6/26/2026,0.885,1646400.0
561330.SH,6/26/2026,0.936,81063800.0
561350.SH,6/26/2026,1.382,18711800.0
561360.SH,6/26/2026,1.377,84407154.0
561370.SH,6/26/2026,1.511,417500.0
561380.SH,6/26/2026,0.907,228781250.0
561500.SH,6/26/2026,0.833,7339300.0
561510.SH,6/26/2026,0.839,1817400.0
561550.SH,6/26/2026,1.549,79626200.0
561560.SH,6/26/2026,1.253,82340405.0
561570.SH,6/26/2026,1.305,20619500.0
561580.SH,6/26/2026,1.105,57290180.0
561590.SH,6/26/2026,1.67,3854600.0
561600.SH,6/26/2026,1.947,28274800.0
561660.SH,6/26/2026,0.968,5478800.0
561680.SH,6/26/2026,0.914,1304700.0
561700.SH,6/26/2026,1.086,16705200.0
561750.SH,6/26/2026,1.172,3626400.0
561760.SH,6/26/2026,1.258,110764500.0
561770.SH,6/26/2026,1.343,1612300.0
561780.SH,6/26/2026,1.726,3256900.0
561790.SH,6/26/2026,1.215,2314000.0
561800.SH,6/26/2026,1.2,34846000.0
561870.SH,6/26/2026,1.088,3564900.0
561880.SH,6/26/2026,1.341,3652700.0
561900.SH,6/26/2026,1.038,4602400.0
561910.SH,6/26/2026,0.853,187433833.0
561920.SH,6/26/2026,0.591,1550800.0
561930.SH,6/26/2026,1.633,9118700.0
561950.SH,6/26/2026,1.457,6585900.0
561960.SH,6/26/2026,1.192,1652299.0
561980.SH,6/26/2026,0.842,688570314.0
561990.SH,6/26/2026,1.042,28064200.0
562000.SH,6/26/2026,0.632,11945600.0
562010.SH,6/26/2026,0.97,459800.0
562030.SH,6/26/2026,0.553,8707600.0
562050.SH,6/26/2026,0.859,10039300.0
562060.SH,6/26/2026,0.571,92275200.0
562070.SH,6/26/2026,1.073,6243300.0
562080.SH,6/26/2026,0.555,54361500.0
562300.SH,6/26/2026,0.732,1013800.0
562310.SH,6/26/2026,1.183,23489772.0
562320.SH,6/26/2026,1.239,7348600.0
562330.SH,6/26/2026,1.214,360600.0
562340.SH,6/26/2026,1.456,54000.0
562350.SH,6/26/2026,1.087,14185700.0
562360.SH,6/26/2026,1.187,18917100.0
562380.SH,6/26/2026,1.503,5621600.0
562390.SH,6/26/2026,0.785,1738500.0
562500.SH,6/26/2026,1.097,696849565.0
562510.SH,6/26/2026,0.559,67963600.0
562520.SH,6/26/2026,1.473,5385100.0
562530.SH,6/26/2026,1.154,6305800.0
562550.SH,6/26/2026,1.128,148651300.0
562560.SH,6/26/2026,2.857,1651700.0
562570.SH,6/26/2026,1.48,13959600.0
562580.SH,6/26/2026,1.041,4569700.0
562590.SH,6/26/2026,3.744,227694252.0
562600.SH,6/26/2026,0.708,38231300.0
562660.SH,6/26/2026,1.92,25999200.0
562700.SH,6/26/2026,1.295,11214900.0
562800.SH,6/26/2026,1.113,532051470.0
562810.SH,6/26/2026,1.193,7723100.0
562820.SH,6/26/2026,3.968,31591300.0
562850.SH,6/26/2026,1.223,17484500.0
562860.SH,6/26/2026,0.581,10258500.0
562870.SH,6/26/2026,0.938,41284200.0
562880.SH,6/26/2026,0.876,34762988.0
562890.SH,6/26/2026,1.369,15803700.0
562900.SH,6/26/2026,0.607,30954900.0
562910.SH,6/26/2026,0.906,11413300.0
562920.SH,6/26/2026,0.904,11957100.0
562930.SH,6/26/2026,0.69,73457500.0
562950.SH,6/26/2026,2.029,106513100.0
562960.SH,6/26/2026,1.128,85013738.0
562970.SH,6/26/2026,1.162,24708100.0
562990.SH,6/26/2026,1.017,8382400.0
563000.SH,6/26/2026,1.142,20873715.0
563010.SH,6/26/2026,2.337,6332700.0
563020.SH,6/26/2026,1.076,245667900.0
563030.SH,6/26/2026,1.712,2905300.0
563050.SH,6/26/2026,1.565,7437900.0
563060.SH,6/26/2026,1.093,2071966.0
563080.SH,6/26/2026,1.37,26330092.0
563090.SH,6/26/2026,1.388,6334500.0
563150.SH,6/26/2026,1.246,26837700.0
563180.SH,6/26/2026,1.03,4474800.0
563200.SH,6/26/2026,1.623,5348500.0
563210.SH,6/26/2026,2.55,14373800.0
563220.SH,6/26/2026,1.363,272611160.0
563230.SH,6/26/2026,1.348,275371100.0
563280.SH,6/26/2026,1.476,32300.0
563300.SH,6/26/2026,1.576,272063080.0
563320.SH,6/26/2026,0.905,17159400.0
563330.SH,6/26/2026,4.457,5970632.0
563350.SH,6/26/2026,1.406,9902500.0
563360.SH,6/26/2026,1.385,2522525519.0
563380.SH,6/26/2026,1.007,69836400.0
563390.SH,6/26/2026,1.125,38220300.0
563500.SH,6/26/2026,0.687,32483800.0
563510.SH,6/26/2026,0.916,10601300.0
563520.SH,6/26/2026,1.256,21950900.0
563530.SH,6/26/2026,1.349,146842100.0
563550.SH,6/26/2026,1.348,7654400.0
563560.SH,6/26/2026,1.486,9676500.0
563570.SH,6/26/2026,0.734,21341400.0
563580.SH,6/26/2026,1.024,11220200.0
563590.SH,6/26/2026,0.909,362200.0
563600.SH,6/26/2026,1.122,3210900.0
563620.SH,6/26/2026,1.004,2516200.0
563630.SH,6/26/2026,1.358,1629500.0
563650.SH,6/26/2026,1.38,3731400.0
563660.SH,6/26/2026,1.345,6958800.0
563670.SH,6/26/2026,0.675,3953900.0
563680.SH,6/26/2026,1.125,5897700.0
563690.SH,6/26/2026,0.934,333100.0
563700.SH,6/26/2026,0.996,10145231.0
563750.SH,6/26/2026,1.215,25523600.0
563760.SH,6/26/2026,1.079,97850000.0
563770.SH,6/26/2026,1.102,8568200.0
563780.SH,6/26/2026,1.12,6605300.0
563790.SH,6/26/2026,1.016,108770000.0
563800.SH,6/26/2026,1.307,260603560.0
563830.SH,6/26/2026,1.102,11078200.0
563850.SH,6/26/2026,0.884,1683400.0
563860.SH,6/26/2026,1.387,26472300.0
563870.SH,6/26/2026,0.701,5323300.0
563880.SH,6/26/2026,1.352,96643300.0
563890.SH,6/26/2026,0.961,442400.0
563900.SH,6/26/2026,1.05,26413400.0
563930.SH,6/26/2026,1.009,2706400.0
563960.SH,6/26/2026,0.924,3761900.0
563980.SH,6/26/2026,0.906,3057400.0
563990.SH,6/26/2026,1.133,22141500.0
588000.SH,6/26/2026,2.133,4048019931.0
588010.SH,6/26/2026,1.402,126200100.0
588020.SH,6/26/2026,3.414,75135101.0
588030.SH,6/26/2026,2.075,114469000.0
588040.SH,6/26/2026,2.071,12429900.0
588050.SH,6/26/2026,2.077,332874771.0
588060.SH,6/26/2026,1.29,337032241.0
588070.SH,6/26/2026,2.926,3031300.0
588080.SH,6/26/2026,2.078,1044057996.0
588090.SH,6/26/2026,2.084,309924446.0
588100.SH,6/26/2026,3.247,10195900.0
588110.SH,6/26/2026,3.341,16317900.0
588120.SH,6/26/2026,1.048,95751429.0
588130.SH,6/26/2026,0.914,13398200.0
588140.SH,6/26/2026,1.454,6428900.0
588150.SH,6/26/2026,1.438,56063200.0
588160.SH,6/26/2026,1.437,42902400.0
588170.SH,6/26/2026,3.612,1294283895.0
588180.SH,6/26/2026,1.313,56462100.0
588190.SH,6/26/2026,2.055,98027500.0
588200.SH,6/26/2026,4.487,1567645571.0
588210.SH,6/26/2026,2.072,17050400.0
588220.SH,6/26/2026,2.071,268664600.0
588230.SH,6/26/2026,2.16,41338545.0
588240.SH,6/26/2026,2.0,26350600.0
588250.SH,6/26/2026,0.932,8955500.0
588260.SH,6/26/2026,3.165,1469800.0
588270.SH,6/26/2026,2.022,15148223.0
588280.SH,6/26/2026,1.464,29482600.0
588290.SH,6/26/2026,4.385,133205000.0
588300.SH,6/26/2026,1.429,57148600.0
588310.SH,6/26/2026,1.493,2180100.0
588320.SH,6/26/2026,2.209,11313000.0
588330.SH,6/26/2026,1.412,86985100.0
588350.SH,6/26/2026,2.15,4260400.0
588360.SH,6/26/2026,1.509,31985000.0
588370.SH,6/26/2026,2.131,3723700.0
588380.SH,6/26/2026,1.416,146276200.0
588390.SH,6/26/2026,1.506,7654900.0
588400.SH,6/26/2026,1.406,86314700.0
588410.SH,6/26/2026,1.48,10172800.0
588420.SH,6/26/2026,1.471,19160400.0
588430.SH,6/26/2026,1.504,12780500.0
588450.SH,6/26/2026,2.598,9530900.0
588460.SH,6/26/2026,2.522,42332149.0
588470.SH,6/26/2026,1.039,74591100.0
588480.SH,6/26/2026,1.12,12025290.0
588500.SH,6/26/2026,3.119,1843200.0
588510.SH,6/26/2026,1.048,25973000.0
588520.SH,6/26/2026,1.6,369500.0
588550.SH,6/26/2026,1.71,1359100.0
588660.SH,6/26/2026,2.31,1890700.0
588670.SH,6/26/2026,2.131,2239400.0
588680.SH,6/26/2026,2.883,2494400.0
588690.SH,6/26/2026,1.487,485300.0
588700.SH,6/26/2026,0.898,38158900.0
588710.SH,6/26/2026,3.71,242301353.0
588720.SH,6/26/2026,2.043,9025000.0
588730.SH,6/26/2026,1.786,118473400.0
588750.SH,6/26/2026,2.993,452084028.0
588760.SH,6/26/2026,0.908,341847700.0
588770.SH,6/26/2026,2.3,20595240.0
588780.SH,6/26/2026,1.303,248485736.0
588790.SH,6/26/2026,0.957,427511700.0
588800.SH,6/26/2026,2.049,213621600.0
588810.SH,6/26/2026,3.188,44089332.0
588820.SH,6/26/2026,2.32,12038000.0
588830.SH,6/26/2026,1.502,69396900.0
588840.SH,6/26/2026,1.915,4567800.0
588850.SH,6/26/2026,2.223,18639600.0
588860.SH,6/26/2026,0.598,17131200.0
588870.SH,6/26/2026,2.059,53826900.0
588880.SH,6/26/2026,2.041,5873000.0
588890.SH,6/26/2026,5.056,45747500.0
588900.SH,6/26/2026,2.121,4290800.0
588910.SH,6/26/2026,1.682,7955800.0
588920.SH,6/26/2026,2.877,23646700.0
588930.SH,6/26/2026,1.891,49286900.0
588940.SH,6/26/2026,2.099,47295800.0
588950.SH,6/26/2026,2.117,23110400.0
588960.SH,6/26/2026,1.375,18810900.0
588980.SH,6/26/2026,1.88,2868000.0
588990.SH,6/26/2026,4.675,31737400.0
589000.SH,6/26/2026,1.873,72377100.0
589010.SH,6/26/2026,1.695,100890000.0
589020.SH,6/26/2026,2.915,239643154.0
589030.SH,6/26/2026,1.515,103594200.0
589050.SH,6/26/2026,1.658,2205300.0
589060.SH,6/26/2026,1.966,3203100.0
589070.SH,6/26/2026,1.414,91350000.0
589080.SH,6/26/2026,1.857,14536800.0
589090.SH,6/26/2026,1.281,10303200.0
589100.SH,6/26/2026,1.151,74724900.0
589110.SH,6/26/2026,1.112,7674123.0
589120.SH,6/26/2026,0.737,107144400.0
589130.SH,6/26/2026,1.772,120835600.0
589150.SH,6/26/2026,1.473,16355200.0
589160.SH,6/26/2026,1.622,25306600.0
589170.SH,6/26/2026,1.428,13599600.0
589180.SH,6/26/2026,2.294,22539300.0
589190.SH,6/26/2026,1.624,69440600.0
589200.SH,6/26/2026,1.657,2073400.0
589210.SH,6/26/2026,1.79,7283300.0
589220.SH,6/26/2026,1.221,26458096.0
589230.SH,6/26/2026,1.038,28744600.0
589250.SH,6/26/2026,1.644,21089700.0
589260.SH,6/26/2026,1.644,14490600.0
589270.SH,6/26/2026,1.305,1798500.0
589280.SH,6/26/2026,1.039,5910000.0
589290.SH,6/26/2026,1.05,102803132.0
589300.SH,6/26/2026,2.042,1823300.0
589320.SH,6/26/2026,1.034,14811000.0
589330.SH,6/26/2026,1.05,8958700.0
589360.SH,6/26/2026,1.046,89813900.0
589380.SH,6/26/2026,1.718,6771200.0
589500.SH,6/26/2026,1.889,5567800.0
589520.SH,6/26/2026,0.724,63007600.0
589550.SH,6/26/2026,1.382,1869000.0
589560.SH,6/26/2026,1.148,16291400.0
589580.SH,6/26/2026,1.886,175000.0
589600.SH,6/26/2026,1.867,9118400.0
589630.SH,6/26/2026,1.883,11390700.0
589660.SH,6/26/2026,1.889,25940000.0
589680.SH,6/26/2026,1.828,89333100.0
589700.SH,6/26/2026,2.857,2191400.0
589720.SH,6/26/2026,0.8,423633200.0
589770.SH,6/26/2026,1.882,10942100.0
589780.SH,6/26/2026,1.47,2901500.0
589800.SH,6/26/2026,1.886,101702575.0
589820.SH,6/26/2026,1.515,10923000.0
589850.SH,6/26/2026,1.945,59928700.0
589860.SH,6/26/2026,1.868,16202600.0
589880.SH,6/26/2026,1.865,37796969.0
589890.SH,6/26/2026,1.858,5457300.0
589900.SH,6/26/2026,1.88,17382552.0
589950.SH,6/26/2026,1.55,6452600.0
589960.SH,6/26/2026,1.053,38394700.0
589980.SH,6/26/2026,2.128,3562200.0
589990.SH,6/26/2026,1.925,4446700.0
159980.SZ,6/22/2026,2.128,179701424.0
159980.SZ,6/23/2026,2.087,158173139.0
159980.SZ,6/24/2026,2.077,196640400.0
159980.SZ,6/25/2026,2.028,305758365.0
159980.SZ,6/26/2026,2.036,299174265.0
159981.SZ,6/22/2026,1.476,316546671.0
159981.SZ,6/23/2026,1.459,228609912.0
159981.SZ,6/24/2026,1.441,236912300.0
159981.SZ,6/25/2026,1.4,332205500.0
159981.SZ,6/26/2026,1.403,198755500.0
159985.SZ,6/22/2026,1.989,83785922.0
159985.SZ,6/23/2026,1.994,65573421.0
159985.SZ,6/24/2026,2.0,115722800.0
159985.SZ,6/25/2026,1.997,118317464.0
159985.SZ,6/26/2026,2.007,99522000.0
180601.SZ,6/22/2026,9.444,3964600.0
180601.SZ,6/23/2026,9.366,4025000.0
180601.SZ,6/24/2026,9.145,4357244.0
180601.SZ,6/25/2026,9.533,3536011.0
180601.SZ,6/26/2026,9.447,2865000.0
180602.SZ,6/22/2026,3.69,2446800.0
180602.SZ,6/23/2026,3.586,2058500.0
180602.SZ,6/24/2026,3.519,4880000.0
180602.SZ,6/25/2026,3.598,6175800.0
180602.SZ,6/26/2026,3.555,3455100.0
180701.SZ,6/22/2026,3.787,1070300.0
180701.SZ,6/23/2026,3.72,1813700.0
180701.SZ,6/24/2026,3.609,1484800.0
180701.SZ,6/25/2026,3.726,1705918.0
180701.SZ,6/26/2026,3.729,3728192.0
180801.SZ,6/22/2026,11.34,834266.0
180801.SZ,6/23/2026,11.375,656804.0
180801.SZ,6/24/2026,11.26,518804.0
180801.SZ,6/25/2026,11.337,454195.0
180801.SZ,6/26/2026,11.31,399108.0
180901.SZ,6/22/2026,6.142,2220077.0
180901.SZ,6/23/2026,6.052,2472725.0
180901.SZ,6/24/2026,6.011,4788245.0
180901.SZ,6/25/2026,6.248,3480503.0
180901.SZ,6/26/2026,6.22,726185.0
501018.SH,6/22/2026,1.786,230064049.0
501018.SH,6/23/2026,1.685,198452473.0
501018.SH,6/24/2026,1.61,242896650.0
501018.SH,6/25/2026,1.484,293313224.0
501018.SH,6/26/2026,1.512,387927329.0
508028.SH,6/22/2026,9.589,895015.0
508028.SH,6/23/2026,9.616,591878.0
508028.SH,6/24/2026,9.655,950289.0
508028.SH,6/25/2026,9.825,1035067.0
508028.SH,6/26/2026,9.823,729268.0
508039.SH,6/22/2026,3.806,2122712.0
508039.SH,6/23/2026,3.749,1436115.0
508039.SH,6/24/2026,3.645,1154947.0
508039.SH,6/25/2026,3.665,5202961.0
508039.SH,6/26/2026,3.648,6205113.0
508048.SH,6/22/2026,2.999,1900822.0
508048.SH,6/23/2026,2.959,1295400.0
508048.SH,6/24/2026,2.8,2542800.0
508048.SH,6/25/2026,2.824,2202005.0
508048.SH,6/26/2026,2.789,1116902.0
508058.SH,6/22/2026,3.759,6570107.0
508058.SH,6/23/2026,3.758,3499316.0
508058.SH,6/24/2026,3.758,2538122.0
508058.SH,6/25/2026,3.79,1778358.0
508058.SH,6/26/2026,3.766,1612597.0
508060.SH,6/22/2026,4.246,1989924.0
508060.SH,6/23/2026,4.194,3572155.0
508060.SH,6/24/2026,4.113,4460031.0
508060.SH,6/25/2026,4.213,3484228.0
508060.SH,6/26/2026,4.17,2117124.0
508082.SH,6/22/2026,4.1,1951852.0
508082.SH,6/23/2026,4.08,1807883.0
508082.SH,6/24/2026,3.99,4530750.0
508082.SH,6/25/2026,4.181,2487910.0
508082.SH,6/26/2026,4.182,3037487.0
508088.SH,6/22/2026,3.614,1136241.0
508088.SH,6/23/2026,3.582,1996101.0
508088.SH,6/24/2026,3.53,3467798.0
508088.SH,6/25/2026,3.653,2252153.0
508088.SH,6/26/2026,3.517,3803648.0
508092.SH,6/22/2026,3.34,3104100.0
508092.SH,6/23/2026,3.192,4215072.0
508092.SH,6/24/2026,3.159,3746927.0
508092.SH,6/25/2026,3.144,3381505.0
508092.SH,6/26/2026,3.147,1404615.0
511380.SH,6/22/2026,14.039,563964090.0
511380.SH,6/23/2026,13.933,579088013.0
511380.SH,6/24/2026,13.987,568827149.0
511380.SH,6/25/2026,13.892,530152400.0
511380.SH,6/26/2026,13.792,751049966.0
513120.SH,6/22/2026,0.999,4028300721.0
513120.SH,6/23/2026,0.987,6108138014.0
513120.SH,6/24/2026,1.024,7377466618.0
513120.SH,6/25/2026,1.022,6385426469.0
513120.SH,6/26/2026,1.01,5513815556.0
513130.SH,6/22/2026,0.572,6512368046.0
513130.SH,6/23/2026,0.55,7059761245.0
513130.SH,6/24/2026,0.561,7429036275.0
513130.SH,6/25/2026,0.55,5392921969.0
513130.SH,6/26/2026,0.534,6458391552.0
513180.SH,6/22/2026,0.582,6570636895.0
513180.SH,6/23/2026,0.559,7034424509.0
513180.SH,6/24/2026,0.57,7140068391.0
513180.SH,6/25/2026,0.559,5670447769.0
513180.SH,6/26/2026,0.542,6567241156.0
518880.SH,6/22/2026,8.716,440971831.0
518880.SH,6/23/2026,8.537,425630533.0
518880.SH,6/24/2026,8.515,402997039.0
518880.SH,6/25/2026,8.287,508986639.0
518880.SH,6/26/2026,8.39,384807548.0
006074.OF,6/22/2026,1.1597,
006074.OF,6/23/2026,1.1595,
006074.OF,6/24/2026,1.1596,
006074.OF,6/25/2026,1.1599,
006074.OF,6/26/2026,1.16,
006389.OF,6/22/2026,1.139,
006389.OF,6/23/2026,1.1389,
006389.OF,6/24/2026,1.139,
006389.OF,6/25/2026,1.1392,
006389.OF,6/26/2026,1.1392,
006594.OF,6/22/2026,2.7364,
006594.OF,6/23/2026,2.6888,
006594.OF,6/24/2026,2.7355,
006594.OF,6/25/2026,2.7605,
006594.OF,6/26/2026,2.6838,
018596.OF,6/22/2026,1.2538,
018596.OF,6/23/2026,1.2513,
018596.OF,6/24/2026,1.2605,
018596.OF,6/25/2026,1.268,
018596.OF,6/26/2026,1.2635,
019018.OF,6/22/2026,10.561,
019018.OF,6/23/2026,10.073,
019018.OF,6/24/2026,10.375,
019018.OF,6/25/2026,10.782,
019018.OF,6/26/2026,10.554,
019053.OF,6/22/2026,2.9365,
019053.OF,6/23/2026,2.8818,
019053.OF,6/24/2026,2.9429,
019053.OF,6/25/2026,2.9709,
019053.OF,6/26/2026,2.879,
019560.OF,6/22/2026,1.0023,
019560.OF,6/23/2026,0.9943,
019560.OF,6/24/2026,0.997,
019560.OF,6/25/2026,1.0039,
019560.OF,6/26/2026,1.0033,
021523.OF,6/22/2026,4.982,
021523.OF,6/23/2026,4.696,
021523.OF,6/24/2026,4.801,
021523.OF,6/25/2026,5.019,
021523.OF,6/26/2026,4.927,
150998.OF,6/22/2026,1.0408,
150998.OF,6/23/2026,0.2539,
150998.OF,6/24/2026,0.2611,
150998.OF,6/25/2026,0.2502,
150998.OF,6/26/2026,0.2473,
159980.SZ,6/29/2026,2.063,224479492.0
159980.SZ,6/30/2026,2.056,217117742.0
159980.SZ,7/1/2026,2.03,205355100.0
159980.SZ,7/2/2026,2.032,155775776.0
159980.SZ,7/3/2026,2.059,197108900.0
159980.SZ,7/6/2026,2.062,153691700.0
159980.SZ,7/7/2026,2.063,93018800.0
159980.SZ,7/8/2026,2.069,90710792.0
159980.SZ,7/9/2026,2.072,132632700.0
159980.SZ,7/10/2026,2.08,125805500.0
159980.SZ,7/13/2026,2.066,101335300.0
159980.SZ,7/14/2026,2.093,165144324.0
159980.SZ,7/15/2026,2.082,157458100.0
159980.SZ,7/16/2026,2.091,152205900.0
159980.SZ,7/17/2026,2.065,148918272.0
159980.SZ,7/20/2026,2.075,138402202.0
159980.SZ,7/21/2026,2.101,125411394.0
159980.SZ,7/22/2026,2.107,175827800.0
159980.SZ,7/23/2026,2.117,172481200.0
159980.SZ,7/24/2026,2.101,130041200.0
159980.SZ,7/27/2026,2.108,144353600.0
159980.SZ,7/28/2026,2.094,160493800.0
159980.SZ,7/29/2026,2.106,120220700.0
159980.SZ,7/30/2026,2.101,130379730.0
159980.SZ,7/31/2026,2.121,140670200.0
159980.SZ,8/3/2026,2.123,162831500.0
159980.SZ,8/4/2026,2.138,212391408.0
159980.SZ,8/5/2026,2.147,311172400.0
159980.SZ,8/6/2026,2.139,269116609.0
159980.SZ,8/7/2026,2.164,194144700.0
159980.SZ,8/10/2026,2.156,186459600.0
159980.SZ,8/11/2026,2.153,171785700.0
159980.SZ,8/12/2026,2.164,138212734.0
159980.SZ,8/13/2026,2.141,183482100.0
159980.SZ,8/14/2026,2.143,178442414.0
159980.SZ,8/17/2026,2.171,143018075.0
159980.SZ,8/18/2026,2.15,151558711.0
159980.SZ,8/19/2026,2.124,190829706.0
159981.SZ,6/29/2026,1.423,209520331.0
159981.SZ,6/30/2026,1.418,222539110.0
159981.SZ,7/1/2026,1.386,201248300.0
159981.SZ,7/2/2026,1.366,207332591.0
159981.SZ,7/3/2026,1.389,193901800.0
159981.SZ,7/6/2026,1.393,179640200.0
159981.SZ,7/7/2026,1.41,192041600.0
159981.SZ,7/8/2026,1.446,347348414.0
159981.SZ,7/9/2026,1.445,300732300.0
159981.SZ,7/10/2026,1.431,225399308.0
159981.SZ,7/13/2026,1.448,296546886.0
159981.SZ,7/14/2026,1.508,503441292.0
159981.SZ,7/15/2026,1.499,279535658.0
159981.SZ,7/16/2026,1.487,225075100.0
159981.SZ,7/17/2026,1.479,237217600.0
159981.SZ,7/20/2026,1.545,321640500.0
159981.SZ,7/21/2026,1.509,214305400.0
159981.SZ,7/22/2026,1.532,320497800.0
159981.SZ,7/23/2026,1.544,235568300.0
159981.SZ,7/24/2026,1.532,357351103.0
159981.SZ,7/27/2026,1.461,274852570.0
159981.SZ,7/28/2026,1.459,193806500.0
159981.SZ,7/29/2026,1.481,163702600.0
159981.SZ,7/30/2026,1.502,249004951.0
159981.SZ,7/31/2026,1.485,193046048.0
159981.SZ,8/3/2026,1.488,185822514.0
159981.SZ,8/4/2026,1.496,170385930.0
159981.SZ,8/5/2026,1.46,215085800.0
159981.SZ,8/6/2026,1.451,170600280.0
159981.SZ,8/7/2026,1.466,205757100.0
159981.SZ,8/10/2026,1.466,136141200.0
159981.SZ,8/11/2026,1.51,300701700.0
159981.SZ,8/12/2026,1.495,163027298.0
159981.SZ,8/13/2026,1.502,132328100.0
159981.SZ,8/14/2026,1.52,150575745.0
159981.SZ,8/17/2026,1.546,182086000.0
159981.SZ,8/18/2026,1.563,240598100.0
159981.SZ,8/19/2026,1.567,245905500.0
159985.SZ,6/29/2026,2.008,74234400.0
159985.SZ,6/30/2026,1.985,56423100.0
159985.SZ,7/1/2026,1.997,107341281.0
159985.SZ,7/2/2026,2.066,276159183.0
159985.SZ,7/3/2026,2.065,152241277.0
159985.SZ,7/6/2026,2.125,172824471.0
159985.SZ,7/7/2026,2.151,339693290.0
159985.SZ,7/8/2026,2.18,240992300.0
159985.SZ,7/9/2026,2.157,259797742.0
159985.SZ,7/10/2026,2.144,222676400.0
159985.SZ,7/13/2026,2.206,465338068.0
159985.SZ,7/14/2026,2.203,318202416.0
159985.SZ,7/15/2026,2.231,177582077.0
159985.SZ,7/16/2026,2.148,232738767.0
159985.SZ,7/17/2026,2.123,394056400.0
159985.SZ,7/20/2026,2.18,249540921.0
159985.SZ,7/21/2026,2.197,274253100.0
159985.SZ,7/22/2026,2.213,184323032.0
159985.SZ,7/23/2026,2.243,201574381.0
159985.SZ,7/24/2026,2.29,365424087.0
159985.SZ,7/27/2026,2.254,408688160.0
159985.SZ,7/28/2026,2.121,415304563.0
159985.SZ,7/29/2026,2.13,355171669.0
159985.SZ,7/30/2026,2.088,166291132.0
159985.SZ,7/31/2026,2.087,147327900.0
159985.SZ,8/3/2026,2.094,255034250.0
159985.SZ,8/4/2026,2.105,139665916.0
159985.SZ,8/5/2026,2.097,103107700.0
159985.SZ,8/6/2026,2.119,153509510.0
159985.SZ,8/7/2026,2.125,154670700.0
159985.SZ,8/10/2026,2.133,121133700.0
159985.SZ,8/11/2026,2.124,73169600.0
159985.SZ,8/12/2026,2.116,81769589.0
159985.SZ,8/13/2026,2.126,81326400.0
159985.SZ,8/14/2026,2.139,97182100.0
159985.SZ,8/17/2026,2.149,95899021.0
159985.SZ,8/18/2026,2.205,211489305.0
159985.SZ,8/19/2026,2.214,265847110.0
180601.SZ,6/29/2026,9.669,878100.0
180601.SZ,6/30/2026,9.8,1303177.0
180601.SZ,7/1/2026,9.709,778300.0
180601.SZ,7/2/2026,9.601,1147300.0
180601.SZ,7/3/2026,9.8,2510137.0
180601.SZ,7/6/2026,9.789,1184200.0
180601.SZ,7/7/2026,9.692,1277200.0
180601.SZ,7/8/2026,9.6,792400.0
180601.SZ,7/9/2026,9.551,2333400.0
180601.SZ,7/10/2026,9.641,3764806.0
180601.SZ,7/13/2026,9.637,1280400.0
180601.SZ,7/14/2026,9.57,1125200.0
180601.SZ,7/15/2026,9.53,1532300.0
180601.SZ,7/16/2026,9.62,2424000.0
180601.SZ,7/17/2026,9.6,949200.0
180601.SZ,7/20/2026,9.561,746700.0
180601.SZ,7/21/2026,9.569,1086400.0
180601.SZ,7/22/2026,9.551,1268400.0
180601.SZ,7/23/2026,9.557,1391159.0
180601.SZ,7/24/2026,9.568,2571200.0
180601.SZ,7/27/2026,9.538,2016400.0
180601.SZ,7/28/2026,9.501,583800.0
180601.SZ,7/29/2026,9.482,931200.0
180601.SZ,7/30/2026,9.45,1500700.0
180601.SZ,7/31/2026,9.518,2895000.0
180601.SZ,8/3/2026,9.452,749900.0
180601.SZ,8/4/2026,9.375,991400.0
180601.SZ,8/5/2026,9.376,1372300.0
180601.SZ,8/6/2026,9.29,830200.0
180601.SZ,8/7/2026,9.401,1074600.0
180601.SZ,8/10/2026,9.354,506200.0
180601.SZ,8/11/2026,9.323,1211600.0
180601.SZ,8/12/2026,9.29,1041200.0
180601.SZ,8/13/2026,9.249,1139900.0
180601.SZ,8/14/2026,9.247,947100.0
180601.SZ,8/17/2026,9.219,1574600.0
180601.SZ,8/18/2026,9.289,2052300.0
180601.SZ,8/19/2026,9.362,1650500.0
180602.SZ,6/29/2026,3.655,2161900.0
180602.SZ,6/30/2026,3.786,2333800.0
180602.SZ,7/1/2026,3.787,1443600.0
180602.SZ,7/2/2026,3.748,2688800.0
180602.SZ,7/3/2026,3.84,2631200.0
180602.SZ,7/6/2026,3.888,1891600.0
180602.SZ,7/7/2026,3.879,2727000.0
180602.SZ,7/8/2026,3.822,1003900.0
180602.SZ,7/9/2026,3.79,1769100.0
180602.SZ,7/10/2026,3.867,1443900.0
180602.SZ,7/13/2026,3.87,3709500.0
180602.SZ,7/14/2026,3.888,2116300.0
180602.SZ,7/15/2026,3.872,958400.0
180602.SZ,7/16/2026,3.91,983900.0
180602.SZ,7/17/2026,3.884,1010700.0
180602.SZ,7/20/2026,3.86,1819500.0
180602.SZ,7/21/2026,3.869,1488900.0
180602.SZ,7/22/2026,3.869,1261300.0
180602.SZ,7/23/2026,3.88,1388700.0
180602.SZ,7/24/2026,3.902,1171315.0
180602.SZ,7/27/2026,3.862,1782200.0
180602.SZ,7/28/2026,3.855,1059500.0
180602.SZ,7/29/2026,3.867,1426600.0
180602.SZ,7/30/2026,3.873,227800.0
180602.SZ,7/31/2026,3.915,823582.0
180602.SZ,8/3/2026,3.93,761900.0
180602.SZ,8/4/2026,3.895,954100.0
180602.SZ,8/5/2026,3.86,138900.0
180602.SZ,8/6/2026,3.829,313000.0
180602.SZ,8/7/2026,3.8,515000.0
180602.SZ,8/10/2026,3.864,596500.0
180602.SZ,8/11/2026,3.861,543500.0
180602.SZ,8/12/2026,3.842,262900.0
180602.SZ,8/13/2026,3.782,1453300.0
180602.SZ,8/14/2026,3.73,2909900.0
180602.SZ,8/17/2026,3.62,1091200.0
180602.SZ,8/18/2026,3.606,2044882.0
180602.SZ,8/19/2026,3.639,1495682.0
180701.SZ,6/29/2026,3.852,1182520.0
180701.SZ,6/30/2026,3.871,892002.0
180701.SZ,7/1/2026,3.912,1205700.0
180701.SZ,7/2/2026,3.927,1451000.0
180701.SZ,7/3/2026,4.015,1272604.0
180701.SZ,7/6/2026,4.0,1834549.0
180701.SZ,7/7/2026,3.979,1676804.0
180701.SZ,7/8/2026,3.964,1084400.0
180701.SZ,7/9/2026,3.983,1495700.0
180701.SZ,7/10/2026,4.02,1010600.0
180701.SZ,7/13/2026,4.002,1633347.0
180701.SZ,7/14/2026,4.006,1352400.0
180701.SZ,7/15/2026,4.003,1097700.0
180701.SZ,7/16/2026,4.041,1835221.0
180701.SZ,7/17/2026,3.988,1385600.0
180701.SZ,7/20/2026,3.946,804900.0
180701.SZ,7/21/2026,3.9,1528800.0
180701.SZ,7/22/2026,3.79,1130700.0
180701.SZ,7/23/2026,3.823,602600.0
180701.SZ,7/24/2026,3.79,1814247.0
180701.SZ,7/27/2026,3.711,1769400.0
180701.SZ,7/28/2026,3.689,243902.0
180701.SZ,7/29/2026,3.71,1143500.0
180701.SZ,7/30/2026,3.736,1293977.0
180701.SZ,7/31/2026,3.785,1342600.0
180701.SZ,8/3/2026,3.822,1600109.0
180701.SZ,8/4/2026,3.776,906700.0
180701.SZ,8/5/2026,3.763,877300.0
180701.SZ,8/6/2026,3.747,1176830.0
180701.SZ,8/7/2026,3.798,2422800.0
180701.SZ,8/10/2026,4.0,2116800.0
180701.SZ,8/11/2026,3.949,1607000.0
180701.SZ,8/12/2026,3.876,2112800.0
180701.SZ,8/13/2026,3.84,363500.0
180701.SZ,8/14/2026,3.812,502900.0
180701.SZ,8/17/2026,3.787,1627200.0
180701.SZ,8/18/2026,3.776,1755300.0
180701.SZ,8/19/2026,3.765,3312700.0
180801.SZ,6/29/2026,11.385,532977.0
180801.SZ,6/30/2026,11.419,286990.0
180801.SZ,7/1/2026,11.48,414954.0
180801.SZ,7/2/2026,11.479,236504.0
180801.SZ,7/3/2026,11.543,92233.0
180801.SZ,7/6/2026,11.508,508254.0
180801.SZ,7/7/2026,11.527,439398.0
180801.SZ,7/8/2026,11.47,378660.0
180801.SZ,7/9/2026,11.518,545279.0
180801.SZ,7/10/2026,11.545,625051.0
180801.SZ,7/13/2026,11.378,511795.0
180801.SZ,7/14/2026,11.36,476212.0
180801.SZ,7/15/2026,11.413,594747.0
180801.SZ,7/16/2026,11.368,693277.0
180801.SZ,7/17/2026,11.357,183701.0
180801.SZ,7/20/2026,11.366,154989.0
180801.SZ,7/21/2026,11.358,528772.0
180801.SZ,7/22/2026,11.356,633063.0
180801.SZ,7/23/2026,11.362,266846.0
180801.SZ,7/24/2026,11.291,590207.0
180801.SZ,7/27/2026,11.244,815711.0
180801.SZ,7/28/2026,11.243,25308.0
180801.SZ,7/29/2026,11.315,404164.0
180801.SZ,7/30/2026,11.301,406072.0
180801.SZ,7/31/2026,11.499,348188.0
180801.SZ,8/3/2026,11.581,561721.0
180801.SZ,8/4/2026,11.62,332551.0
180801.SZ,8/5/2026,11.598,493229.0
180801.SZ,8/6/2026,11.709,525138.0
180801.SZ,8/7/2026,11.713,419605.0
180801.SZ,8/10/2026,11.646,1402051.0
180801.SZ,8/11/2026,11.647,505037.0
180801.SZ,8/12/2026,11.574,463324.0
180801.SZ,8/13/2026,11.51,196234.0
180801.SZ,8/14/2026,11.503,179621.0
180801.SZ,8/17/2026,11.425,329596.0
180801.SZ,8/18/2026,11.385,426583.0
180801.SZ,8/19/2026,11.333,341511.0
180901.SZ,6/29/2026,6.301,3027375.0
180901.SZ,6/30/2026,6.335,2035251.0
180901.SZ,7/1/2026,6.305,1009295.0
180901.SZ,7/2/2026,6.344,1368300.0
180901.SZ,7/3/2026,6.41,2793520.0
180901.SZ,7/6/2026,6.41,2014200.0
180901.SZ,7/7/2026,6.36,1693700.0
180901.SZ,7/8/2026,6.26,1919900.0
180901.SZ,7/9/2026,6.26,1633254.0
180901.SZ,7/10/2026,6.32,1972400.0
180901.SZ,7/13/2026,6.333,931985.0
180901.SZ,7/14/2026,6.335,1664128.0
180901.SZ,7/15/2026,6.31,1198593.0
180901.SZ,7/16/2026,6.316,1969479.0
180901.SZ,7/17/2026,6.28,1025000.0
180901.SZ,7/20/2026,6.246,1871345.0
180901.SZ,7/21/2026,6.171,2170282.0
180901.SZ,7/22/2026,6.01,2733976.0
180901.SZ,7/23/2026,5.898,3099087.0
180901.SZ,7/24/2026,5.81,1414388.0
180901.SZ,7/27/2026,5.743,1463306.0
180901.SZ,7/28/2026,5.7,1855200.0
180901.SZ,7/29/2026,5.66,2120069.0
180901.SZ,7/30/2026,5.671,2875298.0
180901.SZ,7/31/2026,5.726,2561606.0
180901.SZ,8/3/2026,5.697,3835503.0
180901.SZ,8/4/2026,5.597,2312969.0
180901.SZ,8/5/2026,5.4,4371862.0
180901.SZ,8/6/2026,5.33,11109564.0
180901.SZ,8/7/2026,5.52,8619061.0
180901.SZ,8/10/2026,5.529,7742500.0
180901.SZ,8/11/2026,5.529,4126506.0
180901.SZ,8/12/2026,5.43,6584442.0
180901.SZ,8/13/2026,5.39,3499779.0
180901.SZ,8/14/2026,5.348,3677876.0
180901.SZ,8/17/2026,5.27,3477741.0
180901.SZ,8/18/2026,5.305,6360118.0
180901.SZ,8/19/2026,5.317,4451434.0
501018.SH,6/29/2026,1.532,148073576.0
501018.SH,6/30/2026,1.527,72687504.0
501018.SH,7/1/2026,1.517,54078636.0
501018.SH,7/2/2026,1.471,90970504.0
501018.SH,7/3/2026,1.505,172952609.0
501018.SH,7/6/2026,1.523,184934695.0
501018.SH,7/7/2026,1.59,465939718.0
501018.SH,7/8/2026,1.733,712673070.0
501018.SH,7/9/2026,1.742,890348540.0
501018.SH,7/10/2026,1.753,802096077.0
501018.SH,7/13/2026,1.877,906816165.0
501018.SH,7/14/2026,2.03,1004453434.0
501018.SH,7/15/2026,1.911,885289492.0
501018.SH,7/16/2026,1.834,713007929.0
501018.SH,7/17/2026,1.86,837942295.0
501018.SH,7/20/2026,2.046,631980721.0
501018.SH,7/21/2026,2.018,625288352.0
501018.SH,7/22/2026,2.114,877182334.0
501018.SH,7/23/2026,2.158,720702295.0
501018.SH,7/24/2026,2.112,1105271852.0
501018.SH,7/27/2026,1.901,483954464.0
501018.SH,7/28/2026,1.841,1476753256.0
501018.SH,7/29/2026,1.902,811770014.0
501018.SH,7/30/2026,2.041,927098568.0
501018.SH,7/31/2026,1.991,771380860.0
501018.SH,8/3/2026,1.9,529294602.0
501018.SH,8/4/2026,1.958,876670706.0
501018.SH,8/5/2026,1.926,591674252.0
501018.SH,8/6/2026,1.979,546585081.0
501018.SH,8/7/2026,1.944,511270455.0
501018.SH,8/10/2026,1.764,655701403.0
501018.SH,8/11/2026,1.804,698454794.0
501018.SH,8/12/2026,1.786,265344285.0
501018.SH,8/13/2026,1.782,296625624.0
501018.SH,8/14/2026,1.785,361643805.0
501018.SH,8/17/2026,1.784,131591239.0
501018.SH,8/18/2026,1.836,471853597.0
501018.SH,8/19/2026,1.881,674607311.0
508028.SH,6/29/2026,9.825,1132811.0
508028.SH,6/30/2026,9.853,1017425.0
508028.SH,7/1/2026,9.958,1681890.0
508028.SH,7/2/2026,9.933,1572163.0
508028.SH,7/3/2026,9.94,1230266.0
508028.SH,7/6/2026,9.86,1768012.0
508028.SH,7/7/2026,9.899,634851.0
508028.SH,7/8/2026,9.818,751456.0
508028.SH,7/9/2026,9.988,204451.0
508028.SH,7/10/2026,9.978,801540.0
508028.SH,7/13/2026,9.871,692590.0
508028.SH,7/14/2026,9.778,1066449.0
508028.SH,7/15/2026,9.728,1038626.0
508028.SH,7/16/2026,9.758,2062011.0
508028.SH,7/17/2026,9.63,977330.0
508028.SH,7/20/2026,9.65,785829.0
508028.SH,7/21/2026,9.562,848662.0
508028.SH,7/22/2026,9.564,860553.0
508028.SH,7/23/2026,9.606,1498649.0
508028.SH,7/24/2026,9.536,1515502.0
508028.SH,7/27/2026,9.555,2662795.0
508028.SH,7/28/2026,9.528,390305.0
508028.SH,7/29/2026,9.54,1458216.0
508028.SH,7/30/2026,9.565,2286836.0
508028.SH,7/31/2026,9.629,1152230.0
508028.SH,8/3/2026,9.626,1045991.0
508028.SH,8/4/2026,9.598,883100.0
508028.SH,8/5/2026,9.561,986236.0
508028.SH,8/6/2026,9.581,855102.0
508028.SH,8/7/2026,9.588,1271408.0
508028.SH,8/10/2026,9.635,1035316.0
508028.SH,8/11/2026,9.649,828291.0
508028.SH,8/12/2026,9.645,1582523.0
508028.SH,8/13/2026,9.69,453102.0
508028.SH,8/14/2026,9.693,420909.0
508028.SH,8/17/2026,9.66,1376403.0
508028.SH,8/18/2026,9.659,1163600.0
508028.SH,8/19/2026,9.732,843535.0
508039.SH,6/29/2026,3.67,1402957.0
508039.SH,6/30/2026,3.727,1643964.0
508039.SH,7/1/2026,3.783,3988562.0
508039.SH,7/2/2026,3.706,1318200.0
508039.SH,7/3/2026,3.749,1102229.0
508039.SH,7/6/2026,3.819,2029823.0
508039.SH,7/7/2026,3.825,1136181.0
508039.SH,7/8/2026,3.818,666042.0
508039.SH,7/9/2026,3.81,953400.0
508039.SH,7/10/2026,3.797,571670.0
508039.SH,7/13/2026,3.748,218907.0
508039.SH,7/14/2026,3.725,297526.0
508039.SH,7/15/2026,3.613,604921.0
508039.SH,7/16/2026,3.6,514800.0
508039.SH,7/17/2026,3.58,538035.0
508039.SH,7/20/2026,3.581,118190.0
508039.SH,7/21/2026,3.52,1951301.0
508039.SH,7/22/2026,3.415,2752900.0
508039.SH,7/23/2026,3.365,5977823.0
508039.SH,7/24/2026,3.346,3970969.0
508039.SH,7/27/2026,3.258,1698212.0
508039.SH,7/28/2026,3.266,1792749.0
508039.SH,7/29/2026,3.29,1109934.0
508039.SH,7/30/2026,3.387,2556508.0
508039.SH,7/31/2026,3.477,3849496.0
508039.SH,8/3/2026,3.525,3332700.0
508039.SH,8/4/2026,3.266,1361524.0
508039.SH,8/5/2026,3.23,2308800.0
508039.SH,8/6/2026,3.155,2586000.0
508039.SH,8/7/2026,3.145,3231971.0
508039.SH,8/10/2026,3.118,2243380.0
508039.SH,8/11/2026,3.118,1840300.0
508039.SH,8/12/2026,3.233,2346526.0
508039.SH,8/13/2026,3.291,561442.0
508039.SH,8/14/2026,3.365,1029087.0
508039.SH,8/17/2026,3.328,1325707.0
508039.SH,8/18/2026,3.363,911907.0
508039.SH,8/19/2026,3.412,1260516.0
508048.SH,6/29/2026,2.817,1081851.0
508048.SH,6/30/2026,2.944,1852753.0
508048.SH,7/1/2026,2.988,889600.0
508048.SH,7/2/2026,2.972,923501.0
508048.SH,7/3/2026,3.045,867600.0
508048.SH,7/6/2026,3.08,1351800.0
508048.SH,7/7/2026,3.06,1231654.0
508048.SH,7/8/2026,3.015,767454.0
508048.SH,7/9/2026,2.995,1118500.0
508048.SH,7/10/2026,3.055,1395500.0
508048.SH,7/13/2026,3.025,520500.0
508048.SH,7/14/2026,3.021,550700.0
508048.SH,7/15/2026,2.992,298355.0
508048.SH,7/16/2026,3.084,1041955.0
508048.SH,7/17/2026,3.091,1653900.0
508048.SH,7/20/2026,3.088,876400.0
508048.SH,7/21/2026,3.08,1239400.0
508048.SH,7/22/2026,3.037,1400600.0
508048.SH,7/23/2026,3.001,612651.0
508048.SH,7/24/2026,2.982,265000.0
508048.SH,7/27/2026,2.957,90200.0
508048.SH,7/28/2026,2.93,81351.0
508048.SH,7/29/2026,2.905,591000.0
508048.SH,7/30/2026,2.921,507202.0
508048.SH,7/31/2026,2.952,1027000.0
508048.SH,8/3/2026,2.925,856459.0
508048.SH,8/4/2026,2.878,455700.0
508048.SH,8/5/2026,2.843,996900.0
508048.SH,8/6/2026,2.848,42300.0
508048.SH,8/7/2026,2.94,1056200.0
508048.SH,8/10/2026,2.947,1753953.0
508048.SH,8/11/2026,2.9,786100.0
508048.SH,8/12/2026,2.905,203251.0
508048.SH,8/13/2026,2.885,235236.0
508048.SH,8/14/2026,2.955,835400.0
508048.SH,8/17/2026,2.947,973200.0
508048.SH,8/18/2026,3.019,1296500.0
508048.SH,8/19/2026,3.059,717951.0
508058.SH,6/29/2026,3.847,998464.0
508058.SH,6/30/2026,3.897,1467387.0
508058.SH,7/1/2026,3.899,1338340.0
508058.SH,7/2/2026,3.896,986125.0
508058.SH,7/3/2026,3.917,1251323.0
508058.SH,7/6/2026,3.92,1238041.0
508058.SH,7/7/2026,3.914,1799327.0
508058.SH,7/8/2026,3.882,1127129.0
508058.SH,7/9/2026,3.878,1190801.0
508058.SH,7/10/2026,3.889,1506137.0
508058.SH,7/13/2026,3.87,806928.0
508058.SH,7/14/2026,3.882,808950.0
508058.SH,7/15/2026,3.896,1427242.0
508058.SH,7/16/2026,3.915,1239219.0
508058.SH,7/17/2026,3.905,159793.0
508058.SH,7/20/2026,3.893,724228.0
508058.SH,7/21/2026,3.859,921717.0
508058.SH,7/22/2026,3.832,1477866.0
508058.SH,7/23/2026,3.811,2034809.0
508058.SH,7/24/2026,3.811,3324677.0
508058.SH,7/27/2026,3.787,2388112.0
508058.SH,7/28/2026,3.782,2849904.0
508058.SH,7/29/2026,3.827,2398759.0
508058.SH,7/30/2026,3.882,2106343.0
508058.SH,7/31/2026,3.908,594576.0
508058.SH,8/3/2026,3.895,732293.0
508058.SH,8/4/2026,3.889,962704.0
508058.SH,8/5/2026,3.871,2507198.0
508058.SH,8/6/2026,3.856,2226993.0
508058.SH,8/7/2026,3.859,2250070.0
508058.SH,8/10/2026,3.857,739125.0
508058.SH,8/11/2026,3.856,656684.0
508058.SH,8/12/2026,3.84,1196205.0
508058.SH,8/13/2026,3.839,822931.0
508058.SH,8/14/2026,3.831,908705.0
508058.SH,8/17/2026,3.835,620405.0
508058.SH,8/18/2026,3.833,1207905.0
508058.SH,8/19/2026,3.822,2777221.0
508060.SH,6/29/2026,4.285,2826625.0
508060.SH,6/30/2026,4.32,2283707.0
508060.SH,7/1/2026,4.294,2180042.0
508060.SH,7/2/2026,4.26,1019872.0
508060.SH,7/3/2026,4.281,3205300.0
508060.SH,7/6/2026,4.244,2396200.0
508060.SH,7/7/2026,4.236,1583500.0
508060.SH,7/8/2026,4.217,2003084.0
508060.SH,7/9/2026,4.189,3241804.0
508060.SH,7/10/2026,4.212,1937200.0
508060.SH,7/13/2026,4.188,2313174.0
508060.SH,7/14/2026,4.191,2811343.0
508060.SH,7/15/2026,4.162,2404442.0
508060.SH,7/16/2026,4.189,2537424.0
508060.SH,7/17/2026,4.124,2014953.0
508060.SH,7/20/2026,4.092,2052871.0
508060.SH,7/21/2026,4.049,6786215.0
508060.SH,7/22/2026,4.018,4096359.0
508060.SH,7/23/2026,4.005,2022422.0
508060.SH,7/24/2026,3.955,2514659.0
508060.SH,7/27/2026,3.925,1751404.0
508060.SH,7/28/2026,3.879,2870822.0
508060.SH,7/29/2026,3.862,2014520.0
508060.SH,7/30/2026,3.865,2528508.0
508060.SH,7/31/2026,3.89,4523762.0
508060.SH,8/3/2026,3.87,1661660.0
508060.SH,8/4/2026,3.785,1847743.0
508060.SH,8/5/2026,3.61,3762209.0
508060.SH,8/6/2026,3.574,12384804.0
508060.SH,8/7/2026,3.73,7518757.0
508060.SH,8/10/2026,3.73,9426710.0
508060.SH,8/11/2026,3.739,6887128.0
508060.SH,8/12/2026,3.713,5520599.0
508060.SH,8/13/2026,3.699,4100088.0
508060.SH,8/14/2026,3.694,2912800.0
508060.SH,8/17/2026,3.631,3074782.0
508060.SH,8/18/2026,3.629,4193283.0
508060.SH,8/19/2026,3.63,2659400.0
508082.SH,6/29/2026,4.294,1829843.0
508082.SH,6/30/2026,4.255,1443389.0
508082.SH,7/1/2026,4.187,867913.0
508082.SH,7/2/2026,4.187,2486883.0
508082.SH,7/3/2026,4.228,1246893.0
508082.SH,7/6/2026,4.235,840029.0
508082.SH,7/7/2026,4.176,925800.0
508082.SH,7/8/2026,4.1,3834457.0
508082.SH,7/9/2026,4.103,4650994.0
508082.SH,7/10/2026,4.166,1706301.0
508082.SH,7/13/2026,4.114,1449020.0
508082.SH,7/14/2026,4.121,221245.0
508082.SH,7/15/2026,4.139,644900.0
508082.SH,7/16/2026,4.12,1445690.0
508082.SH,7/17/2026,4.087,524376.0
508082.SH,7/20/2026,4.067,174300.0
508082.SH,7/21/2026,4.03,1572827.0
508082.SH,7/22/2026,3.961,1586820.0
508082.SH,7/23/2026,4.0,1586817.0
508082.SH,7/24/2026,4.073,1897298.0
508082.SH,7/27/2026,4.056,1418700.0
508082.SH,7/28/2026,4.045,385234.0
508082.SH,7/29/2026,4.035,1018540.0
508082.SH,7/30/2026,4.062,1087919.0
508082.SH,7/31/2026,4.09,1452807.0
508082.SH,8/3/2026,4.093,3094532.0
508082.SH,8/4/2026,4.081,1089800.0
508082.SH,8/5/2026,4.003,1089700.0
508082.SH,8/6/2026,3.968,1304864.0
508082.SH,8/7/2026,3.989,3187730.0
508082.SH,8/10/2026,3.936,1327384.0
508082.SH,8/11/2026,3.9,2005051.0
508082.SH,8/12/2026,3.869,1063769.0
508082.SH,8/13/2026,3.779,4042802.0
508082.SH,8/14/2026,3.76,2203090.0
508082.SH,8/17/2026,3.735,2256548.0
508082.SH,8/18/2026,3.82,3881506.0
508082.SH,8/19/2026,3.874,2519400.0
508088.SH,6/29/2026,3.618,2894460.0
508088.SH,6/30/2026,3.644,4428246.0
508088.SH,7/1/2026,3.66,1194696.0
508088.SH,7/2/2026,3.639,1847944.0
508088.SH,7/3/2026,3.734,2780090.0
508088.SH,7/6/2026,3.68,2346112.0
508088.SH,7/7/2026,3.668,1092928.0
508088.SH,7/8/2026,3.625,1944400.0
508088.SH,7/9/2026,3.616,1684953.0
508088.SH,7/10/2026,3.653,1731438.0
508088.SH,7/13/2026,3.607,2299504.0
508088.SH,7/14/2026,3.602,1246025.0
508088.SH,7/15/2026,3.599,1258348.0
508088.SH,7/16/2026,3.642,1786471.0
508088.SH,7/17/2026,3.596,876576.0
508088.SH,7/20/2026,3.587,865804.0
508088.SH,7/21/2026,3.533,3273248.0
508088.SH,7/22/2026,3.458,3063672.0
508088.SH,7/23/2026,3.398,2329148.0
508088.SH,7/24/2026,3.428,2141404.0
508088.SH,7/27/2026,3.399,697803.0
508088.SH,7/28/2026,3.375,490999.0
508088.SH,7/29/2026,3.45,1828929.0
508088.SH,7/30/2026,3.505,1090090.0
508088.SH,7/31/2026,3.59,740984.0
508088.SH,8/3/2026,3.591,512102.0
508088.SH,8/4/2026,3.549,486878.0
508088.SH,8/5/2026,3.488,637914.0
508088.SH,8/6/2026,3.493,679875.0
508088.SH,8/7/2026,3.552,283746.0
508088.SH,8/10/2026,3.52,1068480.0
508088.SH,8/11/2026,3.481,534449.0
508088.SH,8/12/2026,3.419,1390769.0
508088.SH,8/13/2026,3.402,1950400.0
508088.SH,8/14/2026,3.39,1365169.0
508088.SH,8/17/2026,3.389,501451.0
508088.SH,8/18/2026,3.379,1536743.0
508088.SH,8/19/2026,3.436,1131369.0
508092.SH,6/29/2026,3.119,1548000.0
508092.SH,6/30/2026,3.133,956201.0
508092.SH,7/1/2026,3.09,1568501.0
508092.SH,7/2/2026,3.05,854500.0
508092.SH,7/3/2026,3.055,1207200.0
508092.SH,7/6/2026,3.07,2439606.0
508092.SH,7/7/2026,3.062,1185400.0
508092.SH,7/8/2026,3.053,527601.0
508092.SH,7/9/2026,3.043,745822.0
508092.SH,7/10/2026,3.046,2931534.0
508092.SH,7/13/2026,2.999,677904.0
508092.SH,7/14/2026,3.0,1083223.0
508092.SH,7/15/2026,2.98,1601767.0
508092.SH,7/16/2026,2.994,1479900.0
508092.SH,7/17/2026,2.988,1442200.0
508092.SH,7/20/2026,2.953,911957.0
508092.SH,7/21/2026,2.908,1015700.0
508092.SH,7/22/2026,2.968,3002651.0
508092.SH,7/23/2026,2.966,333400.0
508092.SH,7/24/2026,2.963,67344.0
508092.SH,7/27/2026,2.964,1052000.0
508092.SH,7/28/2026,2.951,179902.0
508092.SH,7/29/2026,2.938,2054710.0
508092.SH,7/30/2026,2.943,370903.0
508092.SH,7/31/2026,2.95,2355267.0
508092.SH,8/3/2026,2.95,969100.0
508092.SH,8/4/2026,2.949,1405060.0
508092.SH,8/5/2026,2.867,987400.0
508092.SH,8/6/2026,2.817,2170759.0
508092.SH,8/7/2026,2.78,3756800.0
508092.SH,8/10/2026,2.781,2972091.0
508092.SH,8/11/2026,2.772,1304500.0
508092.SH,8/12/2026,2.762,273408.0
508092.SH,8/13/2026,2.734,2432900.0
508092.SH,8/14/2026,2.742,577083.0
508092.SH,8/17/2026,2.749,1471200.0
508092.SH,8/18/2026,2.8,1770425.0
508092.SH,8/19/2026,2.845,1264396.0
511380.SH,6/29/2026,13.792,681954455.0
511380.SH,6/30/2026,13.954,532220454.0
511380.SH,7/1/2026,14.004,615513250.0
511380.SH,7/2/2026,13.942,582244180.0
511380.SH,7/3/2026,14.023,533533163.0
511380.SH,7/6/2026,14.026,512580043.0
511380.SH,7/7/2026,13.894,621168327.0
511380.SH,7/8/2026,13.853,584699579.0
511380.SH,7/9/2026,13.955,563530118.0
511380.SH,7/10/2026,13.866,576969818.0
511380.SH,7/13/2026,13.73,642514222.0
511380.SH,7/14/2026,13.845,656118273.0
511380.SH,7/15/2026,13.801,512476157.0
511380.SH,7/16/2026,13.755,540717214.0
511380.SH,7/17/2026,13.691,730339815.0
511380.SH,7/20/2026,13.709,775302427.0
511380.SH,7/21/2026,13.868,663019970.0
511380.SH,7/22/2026,13.783,521884521.0
511380.SH,7/23/2026,13.8,443956484.0
511380.SH,7/24/2026,13.732,361958015.0
511380.SH,7/27/2026,13.864,476339872.0
511380.SH,7/28/2026,13.741,418966067.0
511380.SH,7/29/2026,13.811,556379902.0
511380.SH,7/30/2026,13.761,453613241.0
511380.SH,7/31/2026,13.882,532302510.0
511380.SH,8/3/2026,13.818,393446070.0
511380.SH,8/4/2026,13.951,456571439.0
511380.SH,8/5/2026,14.042,408423098.0
511380.SH,8/6/2026,14.02,381985714.0
511380.SH,8/7/2026,14.037,394705280.0
511380.SH,8/10/2026,13.985,473677152.0
511380.SH,8/11/2026,13.9,373081950.0
511380.SH,8/12/2026,13.843,517682196.0
511380.SH,8/13/2026,13.701,469531734.0
511380.SH,8/14/2026,13.703,579882103.0
511380.SH,8/17/2026,13.817,389596276.0
511380.SH,8/18/2026,13.786,315310114.0
511380.SH,8/19/2026,13.671,469640205.0
513120.SH,6/29/2026,1.089,9873041573.0
513120.SH,6/30/2026,1.058,5884627388.0
513120.SH,7/1/2026,1.104,7709731875.0
513120.SH,7/2/2026,1.107,7824505697.0
513120.SH,7/3/2026,1.161,7137756965.0
513120.SH,7/6/2026,1.189,10772484509.0
513120.SH,7/7/2026,1.142,6970377098.0
513120.SH,7/8/2026,1.128,7258074798.0
513120.SH,7/9/2026,1.142,8260347320.0
513120.SH,7/10/2026,1.185,10209080570.0
513120.SH,7/13/2026,1.163,7531535765.0
513120.SH,7/14/2026,1.174,9132900638.0
513120.SH,7/15/2026,1.223,13284553800.0
513120.SH,7/16/2026,1.203,10024254974.0
513120.SH,7/17/2026,1.128,9659938059.0
513120.SH,7/20/2026,1.174,8028294271.0
513120.SH,7/21/2026,1.177,7617202050.0
513120.SH,7/22/2026,1.188,8022765684.0
513120.SH,7/23/2026,1.194,6591338833.0
513120.SH,7/24/2026,1.169,6703978768.0
513120.SH,7/27/2026,1.177,5464450565.0
513120.SH,7/28/2026,1.16,4626138786.0
513120.SH,7/29/2026,1.175,5696813647.0
513120.SH,7/30/2026,1.147,6375628788.0
513120.SH,7/31/2026,1.155,4921746380.0
513120.SH,8/3/2026,1.135,3817599280.0
513120.SH,8/4/2026,1.168,4615516544.0
513120.SH,8/5/2026,1.191,6409429421.0
513120.SH,8/6/2026,1.188,5070980967.0
513120.SH,8/7/2026,1.257,9083119370.0
513120.SH,8/10/2026,1.283,7847726493.0
513120.SH,8/11/2026,1.283,7504029076.0
513120.SH,8/12/2026,1.273,4849613606.0
513120.SH,8/13/2026,1.286,8255959700.0
513120.SH,8/14/2026,1.253,5402706189.0
513120.SH,8/17/2026,1.268,6067441093.0
513120.SH,8/18/2026,1.282,5594937562.0
513120.SH,8/19/2026,1.276,5954047078.0
513130.SH,6/29/2026,0.552,7122647866.0
513130.SH,6/30/2026,0.558,5849652762.0
513130.SH,7/1/2026,0.558,1738291624.0
513130.SH,7/2/2026,0.557,6236140497.0
513130.SH,7/3/2026,0.563,5568067081.0
513130.SH,7/6/2026,0.566,5877171603.0
513130.SH,7/7/2026,0.565,5667514553.0
513130.SH,7/8/2026,0.591,9714051263.0
513130.SH,7/9/2026,0.592,7970007921.0
513130.SH,7/10/2026,0.597,6295682293.0
513130.SH,7/13/2026,0.584,8543618759.0
513130.SH,7/14/2026,0.587,7565693439.0
513130.SH,7/15/2026,0.594,6564850267.0
513130.SH,7/16/2026,0.604,6956777417.0
513130.SH,7/17/2026,0.577,8013768823.0
513130.SH,7/20/2026,0.593,7772617906.0
513130.SH,7/21/2026,0.601,6578763000.0
513130.SH,7/22/2026,0.583,6157587321.0
513130.SH,7/23/2026,0.585,4490713063.0
513130.SH,7/24/2026,0.575,4138476279.0
513130.SH,7/27/2026,0.587,4539325332.0
513130.SH,7/28/2026,0.587,5294274603.0
513130.SH,7/29/2026,0.605,6862945112.0
513130.SH,7/30/2026,0.598,6107100020.0
513130.SH,7/31/2026,0.6,6180373780.0
513130.SH,8/3/2026,0.606,5698399816.0
513130.SH,8/4/2026,0.607,4507916665.0
513130.SH,8/5/2026,0.615,5600318178.0
513130.SH,8/6/2026,0.601,4396995223.0
513130.SH,8/7/2026,0.604,2987666902.0
513130.SH,8/10/2026,0.607,4473975459.0
513130.SH,8/11/2026,0.602,3553011500.0
513130.SH,8/12/2026,0.594,2656924541.0
513130.SH,8/13/2026,0.597,2891842233.0
513130.SH,8/14/2026,0.587,3529045600.0
513130.SH,8/17/2026,0.597,3182051388.0
513130.SH,8/18/2026,0.591,4191374351.0
513130.SH,8/19/2026,0.582,3626298256.0
513180.SH,6/29/2026,0.561,7499200351.0
513180.SH,6/30/2026,0.567,5843244491.0
513180.SH,7/1/2026,0.567,1728704221.0
513180.SH,7/2/2026,0.564,5765680698.0
513180.SH,7/3/2026,0.57,5556502225.0
513180.SH,7/6/2026,0.574,5102920238.0
513180.SH,7/7/2026,0.572,6716503837.0
513180.SH,7/8/2026,0.599,10188089289.0
513180.SH,7/9/2026,0.602,9750817657.0
513180.SH,7/10/2026,0.606,6817411318.0
513180.SH,7/13/2026,0.593,8305367168.0
513180.SH,7/14/2026,0.595,7877043412.0
513180.SH,7/15/2026,0.603,6664006996.0
513180.SH,7/16/2026,0.613,8053586672.0
513180.SH,7/17/2026,0.586,7764810713.0
513180.SH,7/20/2026,0.602,7422821010.0
513180.SH,7/21/2026,0.61,6584564738.0
513180.SH,7/22/2026,0.592,6190523989.0
513180.SH,7/23/2026,0.595,3962247379.0
513180.SH,7/24/2026,0.585,4624457179.0
513180.SH,7/27/2026,0.597,4108902432.0
513180.SH,7/28/2026,0.596,5119555792.0
513180.SH,7/29/2026,0.615,6476742044.0
513180.SH,7/30/2026,0.609,6744949246.0
513180.SH,7/31/2026,0.609,6638585086.0
513180.SH,8/3/2026,0.615,5574219955.0
513180.SH,8/4/2026,0.617,5023870785.0
513180.SH,8/5/2026,0.624,5291478937.0
513180.SH,8/6/2026,0.61,4424478477.0
513180.SH,8/7/2026,0.613,3156520126.0
513180.SH,8/10/2026,0.617,3618071995.0
513180.SH,8/11/2026,0.61,3975261037.0
513180.SH,8/12/2026,0.604,3268932095.0
513180.SH,8/13/2026,0.605,3602167548.0
513180.SH,8/14/2026,0.596,3386817631.0
513180.SH,8/17/2026,0.606,2659533418.0
513180.SH,8/18/2026,0.599,4700541460.0
513180.SH,8/19/2026,0.59,3320838237.0
518880.SH,6/29/2026,8.449,339834907.0
518880.SH,6/30/2026,8.378,419277945.0
518880.SH,7/1/2026,8.271,305289870.0
518880.SH,7/2/2026,8.475,514978977.0
518880.SH,7/3/2026,8.672,467668483.0
518880.SH,7/6/2026,8.631,316270803.0
518880.SH,7/7/2026,8.597,223857697.0
518880.SH,7/8/2026,8.589,241068182.0
518880.SH,7/9/2026,8.544,245420653.0
518880.SH,7/10/2026,8.541,228291524.0
518880.SH,7/13/2026,8.419,302048524.0
518880.SH,7/14/2026,8.373,236212800.0
518880.SH,7/15/2026,8.369,228330952.0
518880.SH,7/16/2026,8.363,180021910.0
518880.SH,7/17/2026,8.311,284476860.0
518880.SH,7/20/2026,8.318,200720800.0
518880.SH,7/21/2026,8.468,321197319.0
518880.SH,7/22/2026,8.56,649427312.0
518880.SH,7/23/2026,8.56,371266198.0
518880.SH,7/24/2026,8.385,369636900.0
518880.SH,7/27/2026,8.502,256733538.0
518880.SH,7/28/2026,8.4,213705679.0
518880.SH,7/29/2026,8.392,271556376.0
518880.SH,7/30/2026,8.36,403331464.0
518880.SH,7/31/2026,8.433,298389517.0
518880.SH,8/3/2026,8.417,322314406.0
518880.SH,8/4/2026,8.408,244289678.0
518880.SH,8/5/2026,8.64,747452212.0
518880.SH,8/6/2026,8.795,820062838.0
518880.SH,8/7/2026,8.892,696389542.0
518880.SH,8/10/2026,9.005,669955011.0
518880.SH,8/11/2026,9.009,926608343.0
518880.SH,8/12/2026,9.103,586195401.0
518880.SH,8/13/2026,9.042,537385711.0
518880.SH,8/14/2026,8.946,525078377.0
518880.SH,8/17/2026,9.068,445054556.0
518880.SH,8/18/2026,9.078,359753054.0
518880.SH,8/19/2026,8.974,400256583.0
006074.OF,6/29/2026,1.1603,
006074.OF,6/30/2026,1.1604,
006074.OF,7/1/2026,1.1601,
006074.OF,7/2/2026,1.1601,
006074.OF,7/3/2026,1.1602,
006074.OF,7/6/2026,1.1604,
006074.OF,7/7/2026,1.1604,
006074.OF,7/8/2026,1.1604,
006074.OF,7/9/2026,1.1604,
006074.OF,7/10/2026,1.1605,
006074.OF,7/13/2026,1.1604,
006074.OF,7/14/2026,1.1605,
006074.OF,7/15/2026,1.1605,
006074.OF,7/16/2026,1.1605,
006074.OF,7/17/2026,1.1606,
006074.OF,7/20/2026,1.1606,
006074.OF,7/21/2026,1.1606,
006074.OF,7/22/2026,1.1607,
006074.OF,7/23/2026,1.1607,
006074.OF,7/24/2026,1.1607,
006074.OF,7/27/2026,1.1607,
006074.OF,7/28/2026,1.1607,
006074.OF,7/29/2026,1.1607,
006074.OF,7/30/2026,1.1608,
006074.OF,7/31/2026,1.1609,
006074.OF,8/3/2026,1.161,
006074.OF,8/4/2026,1.1611,
006074.OF,8/5/2026,1.1611,
006074.OF,8/6/2026,1.1612,
006074.OF,8/7/2026,1.1613,
006074.OF,8/10/2026,1.1615,
006074.OF,8/11/2026,1.1614,
006074.OF,8/12/2026,1.1614,
006074.OF,8/13/2026,1.1616,
006074.OF,8/14/2026,1.1616,
006074.OF,8/17/2026,1.1617,
006074.OF,8/18/2026,1.1619,
006074.OF,8/19/2026,1.1619,
006389.OF,6/29/2026,1.1394,
006389.OF,6/30/2026,1.1394,
006389.OF,7/1/2026,1.1392,
006389.OF,7/2/2026,1.1392,
006389.OF,7/3/2026,1.1392,
006389.OF,7/6/2026,1.1395,
006389.OF,7/7/2026,1.1395,
006389.OF,7/8/2026,1.1396,
006389.OF,7/9/2026,1.1396,
006389.OF,7/10/2026,1.1397,
006389.OF,7/13/2026,1.1398,
006389.OF,7/14/2026,1.1399,
006389.OF,7/15/2026,1.14,
006389.OF,7/16/2026,1.14,
006389.OF,7/17/2026,1.1401,
006389.OF,7/20/2026,1.1402,
006389.OF,7/21/2026,1.1402,
006389.OF,7/22/2026,1.1403,
006389.OF,7/23/2026,1.1403,
006389.OF,7/24/2026,1.1403,
006389.OF,7/27/2026,1.1404,
006389.OF,7/28/2026,1.1404,
006389.OF,7/29/2026,1.1404,
006389.OF,7/30/2026,1.1405,
006389.OF,7/31/2026,1.1406,
006389.OF,8/3/2026,1.1407,
006389.OF,8/4/2026,1.1408,
006389.OF,8/5/2026,1.1408,
006389.OF,8/6/2026,1.1409,
006389.OF,8/7/2026,1.141,
006389.OF,8/10/2026,1.1412,
006389.OF,8/11/2026,1.1413,
006389.OF,8/12/2026,1.1414,
006389.OF,8/13/2026,1.1416,
006389.OF,8/14/2026,1.1417,
006389.OF,8/17/2026,1.1419,
006389.OF,8/18/2026,1.1421,
006389.OF,8/19/2026,1.1421,
006594.OF,6/29/2026,2.703,
006594.OF,6/30/2026,2.762,
006594.OF,7/1/2026,2.768,
006594.OF,7/2/2026,2.6743,
006594.OF,7/3/2026,2.7009,
006594.OF,7/6/2026,2.6774,
006594.OF,7/7/2026,2.6241,
006594.OF,7/8/2026,2.5926,
006594.OF,7/9/2026,2.6704,
006594.OF,7/10/2026,2.6387,
006594.OF,7/13/2026,2.5099,
006594.OF,7/14/2026,2.5689,
006594.OF,7/15/2026,2.5281,
006594.OF,7/16/2026,2.4669,
006594.OF,7/17/2026,2.333,
006594.OF,7/20/2026,2.2781,
006594.OF,7/21/2026,2.4045,
006594.OF,7/22/2026,2.3826,
006594.OF,7/23/2026,2.3921,
006594.OF,7/24/2026,2.331,
006594.OF,7/27/2026,2.4129,
006594.OF,7/28/2026,2.3101,
006594.OF,7/29/2026,2.3212,
006594.OF,7/30/2026,2.2546,
006594.OF,7/31/2026,2.3153,
006594.OF,8/3/2026,2.2997,
006594.OF,8/4/2026,2.3828,
006594.OF,8/5/2026,2.4663,
006594.OF,8/6/2026,2.4916,
006594.OF,8/7/2026,2.5507,
006594.OF,8/10/2026,2.5549,
006594.OF,8/11/2026,2.5435,
006594.OF,8/12/2026,2.5789,
006594.OF,8/13/2026,2.5512,
006594.OF,8/14/2026,2.5812,
006594.OF,8/17/2026,2.6568,
006594.OF,8/18/2026,2.6611,
006594.OF,8/19/2026,2.5316,
018596.OF,6/29/2026,1.2697,
018596.OF,6/30/2026,1.2739,
018596.OF,7/1/2026,1.2693,
018596.OF,7/2/2026,1.2597,
018596.OF,7/3/2026,1.2588,
018596.OF,7/6/2026,1.263,
018596.OF,7/7/2026,1.263,
018596.OF,7/8/2026,1.2667,
018596.OF,7/9/2026,1.2788,
018596.OF,7/10/2026,1.2724,
018596.OF,7/13/2026,1.2655,
018596.OF,7/14/2026,1.2681,
018596.OF,7/15/2026,1.2638,
018596.OF,7/16/2026,1.2599,
018596.OF,7/17/2026,1.2471,
018596.OF,7/20/2026,1.2459,
018596.OF,7/21/2026,1.2638,
018596.OF,7/22/2026,1.2624,
018596.OF,7/23/2026,1.2559,
018596.OF,7/24/2026,1.2509,
018596.OF,7/27/2026,1.2555,
018596.OF,7/28/2026,1.2419,
018596.OF,7/29/2026,1.2382,
018596.OF,7/30/2026,1.2235,
018596.OF,7/31/2026,1.2315,
018596.OF,8/3/2026,1.2192,
018596.OF,8/4/2026,1.2346,
018596.OF,8/5/2026,1.2482,
018596.OF,8/6/2026,1.2535,
018596.OF,8/7/2026,1.264,
018596.OF,8/10/2026,1.2614,
018596.OF,8/11/2026,1.2597,
018596.OF,8/12/2026,1.2634,
018596.OF,8/13/2026,1.2639,
018596.OF,8/14/2026,1.2661,
018596.OF,8/17/2026,1.2767,
018596.OF,8/18/2026,1.2745,
018596.OF,8/19/2026,1.2517,
019018.OF,6/29/2026,10.493,
019018.OF,6/30/2026,10.837,
019018.OF,7/1/2026,10.596,
019018.OF,7/2/2026,9.812,
019018.OF,7/3/2026,9.829,
019018.OF,7/6/2026,9.618,
019018.OF,7/7/2026,9.616,
019018.OF,7/8/2026,9.572,
019018.OF,7/9/2026,10.135,
019018.OF,7/10/2026,9.594,
019018.OF,7/13/2026,9.235,
019018.OF,7/14/2026,9.63,
019018.OF,7/15/2026,9.347,
019018.OF,7/16/2026,9.097,
019018.OF,7/17/2026,8.4,
019018.OF,7/20/2026,8.134,
019018.OF,7/21/2026,8.896,
019018.OF,7/22/2026,8.613,
019018.OF,7/23/2026,8.417,
019018.OF,7/24/2026,8.29,
019018.OF,7/27/2026,8.495,
019018.OF,7/28/2026,7.777,
019018.OF,7/29/2026,7.685,
019018.OF,7/30/2026,7.117,
019018.OF,7/31/2026,7.382,
019018.OF,8/3/2026,7.166,
019018.OF,8/4/2026,7.673,
019018.OF,8/5/2026,7.892,
019018.OF,8/6/2026,8.012,
019018.OF,8/7/2026,8.214,
019018.OF,8/10/2026,8.091,
019018.OF,8/11/2026,8.014,
019018.OF,8/12/2026,8.193,
019018.OF,8/13/2026,8.198,
019018.OF,8/14/2026,8.323,
019018.OF,8/17/2026,8.648,
019018.OF,8/18/2026,8.552,
019018.OF,8/19/2026,7.911,
019053.OF,6/29/2026,2.837,
019053.OF,6/30/2026,2.9052,
019053.OF,7/1/2026,2.9601,
019053.OF,7/2/2026,2.9183,
019053.OF,7/3/2026,2.973,
019053.OF,7/6/2026,2.9163,
019053.OF,7/7/2026,2.8664,
019053.OF,7/8/2026,2.7896,
019053.OF,7/9/2026,2.8068,
019053.OF,7/10/2026,2.7944,
019053.OF,7/13/2026,2.6976,
019053.OF,7/14/2026,2.7191,
019053.OF,7/15/2026,2.7178,
019053.OF,7/16/2026,2.6973,
019053.OF,7/17/2026,2.5758,
019053.OF,7/20/2026,2.5435,
019053.OF,7/21/2026,2.619,
019053.OF,7/22/2026,2.63,
019053.OF,7/23/2026,2.6258,
019053.OF,7/24/2026,2.564,
019053.OF,7/27/2026,2.6244,
019053.OF,7/28/2026,2.5862,
019053.OF,7/29/2026,2.6202,
019053.OF,7/30/2026,2.5772,
019053.OF,7/31/2026,2.6535,
019053.OF,8/3/2026,2.665,
019053.OF,8/4/2026,2.6861,
019053.OF,8/5/2026,2.7395,
019053.OF,8/6/2026,2.7305,
019053.OF,8/7/2026,2.7447,
019053.OF,8/10/2026,2.7373,
019053.OF,8/11/2026,2.7307,
019053.OF,8/12/2026,2.736,
019053.OF,8/13/2026,2.6964,
019053.OF,8/14/2026,2.699,
019053.OF,8/17/2026,2.7469,
019053.OF,8/18/2026,2.7516,
019053.OF,8/19/2026,2.6208,
019560.OF,6/29/2026,1.004,
019560.OF,6/30/2026,1.0061,
019560.OF,7/1/2026,0.9978,
019560.OF,7/2/2026,0.9844,
019560.OF,7/3/2026,0.9799,
019560.OF,7/6/2026,0.9788,
019560.OF,7/7/2026,0.9741,
019560.OF,7/8/2026,0.9747,
019560.OF,7/9/2026,0.9786,
019560.OF,7/10/2026,0.9775,
019560.OF,7/13/2026,0.962,
019560.OF,7/14/2026,0.9699,
019560.OF,7/15/2026,0.9741,
019560.OF,7/16/2026,0.9714,
019560.OF,7/17/2026,0.96,
019560.OF,7/20/2026,0.9503,
019560.OF,7/21/2026,0.9619,
019560.OF,7/22/2026,0.9598,
019560.OF,7/23/2026,0.9659,
019560.OF,7/24/2026,0.9591,
019560.OF,7/27/2026,0.966,
019560.OF,7/28/2026,0.9614,
019560.OF,7/29/2026,0.9753,
019560.OF,7/30/2026,0.9862,
019560.OF,7/31/2026,0.9857,
019560.OF,8/3/2026,0.9828,
019560.OF,8/4/2026,0.9863,
019560.OF,8/5/2026,0.9949,
019560.OF,8/6/2026,0.997,
019560.OF,8/7/2026,0.9983,
019560.OF,8/10/2026,1.007,
019560.OF,8/11/2026,1.0095,
019560.OF,8/12/2026,1.0147,
019560.OF,8/13/2026,1.0053,
019560.OF,8/14/2026,1.0088,
019560.OF,8/17/2026,1.0105,
019560.OF,8/18/2026,1.0133,
019560.OF,8/19/2026,0.9965,
021523.OF,6/29/2026,4.799,
021523.OF,6/30/2026,4.87,
021523.OF,7/1/2026,4.845,
021523.OF,7/2/2026,4.55,
021523.OF,7/3/2026,4.554,
021523.OF,7/6/2026,4.351,
021523.OF,7/7/2026,4.351,
021523.OF,7/8/2026,4.209,
021523.OF,7/9/2026,4.391,
021523.OF,7/10/2026,4.216,
021523.OF,7/13/2026,3.981,
021523.OF,7/14/2026,4.339,
021523.OF,7/15/2026,4.202,
021523.OF,7/16/2026,4.07,
021523.OF,7/17/2026,3.725,
021523.OF,7/20/2026,3.438,
021523.OF,7/21/2026,3.75,
021523.OF,7/22/2026,3.572,
021523.OF,7/23/2026,3.593,
021523.OF,7/24/2026,3.506,
021523.OF,7/27/2026,3.681,
021523.OF,7/28/2026,3.329,
021523.OF,7/29/2026,3.386,
021523.OF,7/30/2026,3.191,
021523.OF,7/31/2026,3.316,
021523.OF,8/3/2026,3.282,
021523.OF,8/4/2026,3.557,
021523.OF,8/5/2026,3.68,
021523.OF,8/6/2026,3.731,
021523.OF,8/7/2026,3.848,
021523.OF,8/10/2026,3.828,
021523.OF,8/11/2026,3.818,
021523.OF,8/12/2026,3.903,
021523.OF,8/13/2026,3.885,
021523.OF,8/14/2026,3.965,
021523.OF,8/17/2026,4.098,
021523.OF,8/18/2026,4.061,
021523.OF,8/19/2026,3.761,
150998.OF,6/29/2026,1.1775,
150998.OF,6/30/2026,0.269,
150998.OF,7/1/2026,0.2576,
150998.OF,7/2/2026,0.2586,
150998.OF,7/3/2026,0.2653,
150998.OF,7/6/2026,0.9041,
150998.OF,7/7/2026,0.2661,
150998.OF,7/8/2026,0.269,
150998.OF,7/9/2026,0.2649,
150998.OF,7/10/2026,0.2664,
150998.OF,7/13/2026,0.9387,
150998.OF,7/14/2026,0.2692,
150998.OF,7/15/2026,0.2709,
150998.OF,7/16/2026,0.2703,
150998.OF,7/17/2026,0.2664,
150998.OF,7/20/2026,0.9088,
150998.OF,7/21/2026,0.2746,
150998.OF,7/22/2026,0.2743,
150998.OF,7/23/2026,0.2739,
150998.OF,7/24/2026,0.2736,
150998.OF,7/27/2026,0.8693,
150998.OF,7/28/2026,0.2883,
150998.OF,7/29/2026,0.2909,
150998.OF,7/30/2026,0.2949,
150998.OF,7/31/2026,0.2935,
150998.OF,8/3/2026,0.7799,
150998.OF,8/4/2026,0.2945,
150998.OF,8/5/2026,0.2908,
150998.OF,8/6/2026,0.2933,
150998.OF,8/7/2026,0.2912,
150998.OF,8/10/2026,0.7482,
150998.OF,8/11/2026,0.2972,
150998.OF,8/12/2026,0.2933,
150998.OF,8/13/2026,0.2953,
150998.OF,8/14/2026,0.2951,
150998.OF,8/17/2026,0.7194,
150998.OF,8/18/2026,0.2942,
150998.OF,8/19/2026,0.2948,
511380.SH,6/22/2026,14.039,563964090.0
511380.SH,6/23/2026,13.933,579088013.0
511380.SH,6/24/2026,13.987,568827149.0
511380.SH,6/25/2026,13.892,530152400.0
511380.SH,6/26/2026,13.792,751049966.0
511380.SH,6/29/2026,13.792,681954455.0
511380.SH,6/30/2026,13.954,532220454.0
511380.SH,7/1/2026,14.004,615513250.0
511380.SH,7/2/2026,13.942,582244180.0
511380.SH,7/3/2026,14.023,533533163.0
511380.SH,7/6/2026,14.026,512580043.0
511380.SH,7/7/2026,13.894,621168327.0
511380.SH,7/8/2026,13.853,584699579.0
511380.SH,7/9/2026,13.955,563530118.0
511380.SH,7/10/2026,13.866,576969818.0
511380.SH,7/13/2026,13.73,642514222.0
511380.SH,7/14/2026,13.845,656118273.0
511380.SH,7/15/2026,13.801,512476157.0
511380.SH,7/16/2026,13.755,540717214.0
511380.SH,7/17/2026,13.691,730339815.0
511380.SH,7/20/2026,13.709,775302427.0
511380.SH,7/21/2026,13.868,663019970.0
511380.SH,7/22/2026,13.783,521884521.0
511380.SH,7/23/2026,13.8,443956484.0
511380.SH,7/24/2026,13.732,361958015.0
511380.SH,7/27/2026,13.864,476339872.0
511380.SH,7/28/2026,13.741,418966067.0
511380.SH,7/29/2026,13.811,556379902.0
511380.SH,7/30/2026,13.761,453613241.0
511380.SH,7/31/2026,13.882,532302510.0
511380.SH,8/3/2026,13.818,393446070.0
511380.SH,8/4/2026,13.951,456571439.0
511380.SH,8/5/2026,14.042,408423098.0
511380.SH,8/6/2026,14.02,381985714.0
511380.SH,8/7/2026,14.037,394705280.0
511380.SH,8/10/2026,13.985,473677152.0
511380.SH,8/11/2026,13.9,373081950.0
511380.SH,8/12/2026,13.843,517682196.0
511380.SH,8/13/2026,13.701,469531734.0
511380.SH,8/14/2026,13.703,579882103.0
511380.SH,8/17/2026,13.817,389596276.0
511380.SH,8/18/2026,13.786,315310114.0
511380.SH,8/19/2026,13.671,469640205.0
006389.OF,6/22/2026,1.139,
006389.OF,6/23/2026,1.1389,
006389.OF,6/24/2026,1.139,
006389.OF,6/25/2026,1.1392,
006389.OF,6/26/2026,1.1392,
006389.OF,6/29/2026,1.1394,
006389.OF,6/30/2026,1.1394,
006389.OF,7/1/2026,1.1392,
006389.OF,7/2/2026,1.1392,
006389.OF,7/3/2026,1.1392,
006389.OF,7/6/2026,1.1395,
006389.OF,7/7/2026,1.1395,
006389.OF,7/8/2026,1.1396,
006389.OF,7/9/2026,1.1396,
006389.OF,7/10/2026,1.1397,
006389.OF,7/13/2026,1.1398,
006389.OF,7/14/2026,1.1399,
006389.OF,7/15/2026,1.14,
006389.OF,7/16/2026,1.14,
006389.OF,7/17/2026,1.1401,
006389.OF,7/20/2026,1.1402,
006389.OF,7/21/2026,1.1402,
006389.OF,7/22/2026,1.1403,
006389.OF,7/23/2026,1.1403,
006389.OF,7/24/2026,1.1403,
006389.OF,7/27/2026,1.1404,
006389.OF,7/28/2026,1.1404,
006389.OF,7/29/2026,1.1404,
006389.OF,7/30/2026,1.1405,
006389.OF,7/31/2026,1.1406,
006389.OF,8/3/2026,1.1407,
006389.OF,8/4/2026,1.1408,
006389.OF,8/5/2026,1.1408,
006389.OF,8/6/2026,1.1409,
006389.OF,8/7/2026,1.141,
006389.OF,8/10/2026,1.1412,
006389.OF,8/11/2026,1.1413,
006389.OF,8/12/2026,1.1414,
006389.OF,8/13/2026,1.1416,
006389.OF,8/14/2026,1.1417,
006389.OF,8/17/2026,1.1419,
006389.OF,8/18/2026,1.1421,
006389.OF,8/19/2026,1.1421,
018596.OF,6/22/2026,1.2538,
018596.OF,6/23/2026,1.2513,
018596.OF,6/24/2026,1.2605,
018596.OF,6/25/2026,1.268,
018596.OF,6/26/2026,1.2635,
018596.OF,6/29/2026,1.2697,
018596.OF,6/30/2026,1.2739,
018596.OF,7/1/2026,1.2693,
018596.OF,7/2/2026,1.2597,
018596.OF,7/3/2026,1.2588,
018596.OF,7/6/2026,1.263,
018596.OF,7/7/2026,1.263,
018596.OF,7/8/2026,1.2667,
018596.OF,7/9/2026,1.2788,
018596.OF,7/10/2026,1.2724,
018596.OF,7/13/2026,1.2655,
018596.OF,7/14/2026,1.2681,
018596.OF,7/15/2026,1.2638,
018596.OF,7/16/2026,1.2599,
018596.OF,7/17/2026,1.2471,
018596.OF,7/20/2026,1.2459,
018596.OF,7/21/2026,1.2638,
018596.OF,7/22/2026,1.2624,
018596.OF,7/23/2026,1.2559,
018596.OF,7/24/2026,1.2509,
018596.OF,7/27/2026,1.2555,
018596.OF,7/28/2026,1.2419,
018596.OF,7/29/2026,1.2382,
018596.OF,7/30/2026,1.2235,
018596.OF,7/31/2026,1.2315,
018596.OF,8/3/2026,1.2192,
018596.OF,8/4/2026,1.2346,
018596.OF,8/5/2026,1.2482,
018596.OF,8/6/2026,1.2535,
018596.OF,8/7/2026,1.264,
018596.OF,8/10/2026,1.2614,
018596.OF,8/11/2026,1.2597,
018596.OF,8/12/2026,1.2634,
018596.OF,8/13/2026,1.2639,
018596.OF,8/14/2026,1.2661,
018596.OF,8/17/2026,1.2767,
018596.OF,8/18/2026,1.2745,
018596.OF,8/19/2026,1.2517,
019560.OF,6/22/2026,1.0023,
019560.OF,6/23/2026,0.9943,
019560.OF,6/24/2026,0.997,
019560.OF,6/25/2026,1.0039,
019560.OF,6/26/2026,1.0033,
019560.OF,6/29/2026,1.004,
019560.OF,6/30/2026,1.0061,
019560.OF,7/1/2026,0.9978,
019560.OF,7/2/2026,0.9844,
019560.OF,7/3/2026,0.9799,
019560.OF,7/6/2026,0.9788,
019560.OF,7/7/2026,0.9741,
019560.OF,7/8/2026,0.9747,
019560.OF,7/9/2026,0.9786,
019560.OF,7/10/2026,0.9775,
019560.OF,7/13/2026,0.962,
019560.OF,7/14/2026,0.9699,
019560.OF,7/15/2026,0.9741,
019560.OF,7/16/2026,0.9714,
019560.OF,7/17/2026,0.96,
019560.OF,7/20/2026,0.9503,
019560.OF,7/21/2026,0.9619,
019560.OF,7/22/2026,0.9598,
019560.OF,7/23/2026,0.9659,
019560.OF,7/24/2026,0.9591,
019560.OF,7/27/2026,0.966,
019560.OF,7/28/2026,0.9614,
019560.OF,7/29/2026,0.9753,
019560.OF,7/30/2026,0.9862,
019560.OF,7/31/2026,0.9857,
019560.OF,8/3/2026,0.9828,
019560.OF,8/4/2026,0.9863,
019560.OF,8/5/2026,0.9949,
019560.OF,8/6/2026,0.997,
019560.OF,8/7/2026,0.9983,
019560.OF,8/10/2026,1.007,
019560.OF,8/11/2026,1.0095,
019560.OF,8/12/2026,1.0147,
019560.OF,8/13/2026,1.0053,
019560.OF,8/14/2026,1.0088,
019560.OF,8/17/2026,1.0105,
019560.OF,8/18/2026,1.0133,
019560.OF,8/19/2026,0.9965,
