instrument_code,valuation_date,price,bid,ask,high,open,low,close,central_parity_rate
CZKCNY,07/01/2026,0.3187,0.318,0.3194,0.3198,0.3192,0.3176,0.318,
CZKCNY,06/30/2026,0.31935,0.3192,0.3195,0.3199,0.3197,0.3182,0.3192,
CZKCNY,06/29/2026,0.32,0.3197,0.3203,0.3201,0.3189,0.3184,0.3197,
PHPCNY,07/01/2026,0.110255,0.11021,0.1103,0.1106,0.11047,0.11005,0.11021,
PHPCNY,06/30/2026,0.1106,0.11054,0.11066,0.11109,0.11096,0.11042,0.11054,
PHPCNY,06/29/2026,0.111005,0.11096,0.11105,0.11107,0.11085,0.11078,0.11096,
NGNCNY,07/01/2026,0.004945,0.00494,0.00495,0.00495,0.00491,0.00491,0.00494,
NGNCNY,06/30/2026,0.004915,0.00491,0.00492,0.00493,0.00491,0.00489,0.00491,
NGNCNY,06/29/2026,0.004915,0.00491,0.00492,0.00493,0.00492,0.0049,0.00491,
BDTCNY,07/01/2026,0.05515,0.05492,0.05538,0.05495,0.05489,0.05487,0.05492,
BDTCNY,06/30/2026,0.055075,0.05485,0.0553,0.05495,0.05495,0.05484,0.05485,
BDTCNY,06/29/2026,0.05517,0.05494,0.0554,0.05516,0.05504,0.05492,0.05494,
KZTCNY,07/01/2026,14.18045,14.1702,14.1907,14.2212,14.1403,14.1257,14.1702,
KZTCNY,06/30/2026,14.15045,14.14,14.1609,14.2189,13.9852,13.9786,14.14,
KZTCNY,06/29/2026,13.9953,13.9852,14.0054,14.0841,13.9836,13.9491,13.9852,
UGXCNY,07/01/2026,0.18525,0.185,0.1855,0.1854,0.1846,0.1846,0.185,
UGXCNY,06/30/2026,0.18485,0.1846,0.1851,0.1859,0.1848,0.1846,0.1846,
UGXCNY,06/29/2026,0.18535,0.1851,0.1856,0.1862,0.1845,0.1844,0.1851,
TZSCNY,07/01/2026,0.25885,0.2574,0.2603,0.2574,0.2572,0.2567,0.2574,
TZSCNY,06/30/2026,0.2585,0.257,0.26,0.2571,0.2569,0.2563,0.257,
TZSCNY,06/29/2026,0.2588,0.2568,0.2608,0.2592,0.257,0.2566,0.2568,
VNDCNY,07/01/2026,2.58335,2.5831,2.5836,2.5837,2.5776,2.5776,2.5831,
VNDCNY,06/30/2026,2.57855,2.5725,2.5846,2.5839,2.5831,2.572,2.5725,
VNDCNY,06/29/2026,2.5842,2.5782,2.5902,2.5862,2.5793,2.577,2.5782,
RSDCNY,07/01/2026,0.6586,0.658,0.6592,0.6606,0.6596,0.6568,0.658,
RSDCNY,06/30/2026,0.6604,0.6597,0.6611,0.6614,0.66,0.6568,0.6597,
RSDCNY,06/29/2026,0.66125,0.6605,0.662,0.6616,0.6587,0.658,0.6605,
GHSCNY,07/01/2026,0.59995,0.5986,0.6013,0.6066,0.5978,0.5883,0.5986,
GHSCNY,06/30/2026,0.59915,0.5978,0.6005,0.6013,0.6012,0.5949,0.5978,
GHSCNY,06/29/2026,0.60255,0.6012,0.6039,0.6022,0.6016,0.5975,0.6012,
KESCNY,07/01/2026,0.05255,0.0525,0.0526,0.0527,0.0524,0.0524,0.0525,
KESCNY,06/30/2026,0.05245,0.0524,0.0525,0.0524,0.0524,0.0523,0.0524,
KESCNY,06/29/2026,0.05245,0.0524,0.0525,0.0525,0.0524,0.0524,0.0524,
ZMWCNY,07/01/2026,0.3725,0.372,0.373,0.3766,0.3676,0.3675,0.372,
ZMWCNY,06/30/2026,0.3721,0.3674,0.3768,0.3763,0.3754,0.3674,0.3674,
ZMWCNY,06/29/2026,0.37585,0.3753,0.3764,0.377,0.3766,0.3743,0.3753,
MADCNY,07/01/2026,0.72195,0.7216,0.7223,0.7242,0.722,0.7213,0.7216,
MADCNY,06/30/2026,0.7224,0.722,0.7228,0.7243,0.7235,0.7205,0.722,
MADCNY,06/29/2026,0.72385,0.7235,0.7242,0.7254,0.7241,0.7227,0.7235,
USDCNY,07/01/2026,6.7945,6.7942,6.7948,6.7972,6.7894,6.7879,6.7942,6.8067
USDCNY,06/30/2026,6.7855,6.7851,6.7859,6.7949,6.7942,6.7817,6.7851,6.8109
USDCNY,06/29/2026,6.79395,6.7936,6.7943,6.8047,6.798,6.7899,6.7936,6.8175
USDRSD,07/01/2026,103.16,103.07,103.25,103.22,102.67,102.57,103.07,
USDRSD,06/30/2026,102.75,102.65,102.85,103.04,102.63,102.46,102.65,
USDRSD,06/29/2026,102.74,102.63,102.85,102.95,102.9,102.53,102.63,
USDKZT,07/01/2026,479.165,478.84,479.49,480.39,479.19,477.7,478.84,
USDKZT,06/30/2026,479.525,479.2,479.85,485.13,485.12,476.45,479.2,
USDKZT,06/29/2026,485.445,485.12,485.77,487.08,485.12,482.31,485.12,
USDXOF,07/01/2026,575.75,572.25,579.25,573,571.75,571.75,572.25,
USDXOF,06/30/2026,575.25,571.75,578.75,574.05,571.5,571.5,571.75,
USDXOF,06/29/2026,573.5,572,575,574.5,574.5,571,572,
EURXOF,07/01/2026,673.5005,666.959,680.042,666.982,665.903,665.903,666.959,
EURXOF,06/30/2026,673.5005,666.965,680.036,666.982,666.224,666.224,666.965,
EURXOF,06/29/2026,673.5005,666.953,680.048,666.982,666.883,655.957,666.953,
USDGHS,07/01/2026,11.325,11.3,11.35,11.35,11.3,11.15,11.3,
USDGHS,06/30/2026,11.325,11.3,11.35,11.3,11.25,11.25,11.3,
USDGHS,06/29/2026,11.275,11.25,11.3,11.33,11.25,11.25,11.25,
USDKES,07/01/2026,129.2,129.1,129.3,129.43,129.4,128.8,129.1,
USDKES,06/30/2026,129.45,129.35,129.55,129.4,129.4,129.2,129.35,
USDKES,06/29/2026,129.5,129.4,129.6,129.45,129.4,129.2,129.4,
USDUGX,07/01/2026,3667.38,3662.38,3672.38,3670,3665.48,3655,3662.38,
USDUGX,06/30/2026,3670.48,3665.48,3675.48,3670,3665.48,3640,3665.48,
USDUGX,06/29/2026,3665,3660,3670,3675,3674.81,3640,3660,
USDEUR,07/01/2026,0.87895,0.8789,0.879,0.8801,0.8755,0.875,0.8789,
USDEUR,06/30/2026,0.87555,0.8755,0.8756,0.8785,0.8755,0.8742,0.8755,
USDEUR,06/29/2026,0.87555,0.8754,0.8757,0.8787,0.8774,0.8747,0.8754,
EURHKD,07/01/2026,8.92385,8.9234,8.9243,8.958,8.9575,8.9097,8.9234,
EURHKD,06/30/2026,8.95825,8.9577,8.9588,8.9689,8.952,8.9238,8.9577,
EURHKD,06/29/2026,8.95585,8.9554,8.9563,8.9652,8.9259,8.9206,8.9554,
USDAUD,07/01/2026,1.45065,1.4501,1.4512,1.4529,1.4451,1.4438,1.4501,
USDAUD,06/30/2026,1.4452,1.4451,1.4453,1.4565,1.4518,1.4426,1.4451,
USDAUD,06/29/2026,1.452,1.4518,1.4522,1.4539,1.4468,1.4468,1.4518,
USDVND,07/01/2026,26300.5,26299,26302,26321,26304,26289,26299,
USDVND,06/30/2026,26315,26255,26375,26313,26288,26245,26255,
USDVND,06/29/2026,26290,26230,26350,26315,26313,26200,26230,
USDZAR,07/01/2026,16.4099,16.4025,16.4173,16.4628,16.3774,16.3309,16.4025,
USDZAR,06/30/2026,16.39335,16.3884,16.3983,16.4747,16.4173,16.341,16.3884,
USDZAR,06/29/2026,16.42275,16.4173,16.4282,16.4977,16.45,16.3866,16.4173,
USDZMW,07/01/2026,18.24,18.215,18.265,18.216,18,18,18.215,
USDZMW,06/30/2026,18.24,18.011,18.469,18.075,18,17.957,18.011,
USDZMW,06/29/2026,18.0754,18.0504,18.1004,18.1,18,18,18.0504,
USDTRY,07/01/2026,46.6381,46.6331,46.6431,46.6764,46.6438,46.4485,46.6331,
USDTRY,06/30/2026,46.649,46.644,46.654,46.6674,46.545,46.5162,46.644,
USDTRY,06/29/2026,46.6295,46.6245,46.6345,46.6984,46.5844,46.35,46.6245,
USDTZS,07/01/2026,2625,2610,2640,2616,2610,2605,2610,
USDTZS,06/30/2026,2625,2610,2640,2610,2610,2605,2610,
USDTZS,06/29/2026,2625,2605,2645,2610,2610,2600,2605,
EURAUD,07/01/2026,1.65045,1.6502,1.6507,1.6567,1.6504,1.6483,1.6502,
EURAUD,06/30/2026,1.65075,1.6504,1.6511,1.6618,1.6579,1.6493,1.6504,
EURAUD,06/29/2026,1.6587,1.6581,1.6593,1.6603,1.6513,1.6502,1.6581,
USDMAD,07/01/2026,9.4116,9.4076,9.4156,9.4112,9.3764,9.3737,9.4076,
USDMAD,06/30/2026,9.38495,9.3825,9.3874,9.4075,9.3817,9.3693,9.3825,
USDMAD,06/29/2026,9.3856,9.3815,9.3897,9.3907,9.3835,9.3601,9.3815,
USDIDR,07/01/2026,17935,17930,17940,17980,17950,17930,17930,
USDIDR,06/30/2026,17880,17875,17885,17908,17850,17850,17875,
USDIDR,06/29/2026,17840,17835,17845,17880,17875,17825,17835,
USDINR,07/01/2026,95.2525,95.2475,95.2575,95.28,94.66,94.615,95.2475,
USDINR,06/30/2026,94.665,94.66,94.67,94.755,94.54,94.5175,94.66,
USDINR,06/29/2026,94.545,94.54,94.55,94.55,94.35,94.2475,94.54,
USDAED,07/01/2026,3.673,3.6729,3.6731,3.6734,3.6725,3.6723,3.6729,
USDAED,06/30/2026,3.6727,3.6726,3.6728,3.673,3.6725,3.6723,3.6726,
USDAED,06/29/2026,3.673,3.6725,3.6735,3.6732,3.6728,3.672,3.6725,
USDAED,06/28/2026,3.6729,3.6728,3.673,3.6728,3.6728,3.6728,3.6728,
USDSAR,07/01/2026,3.7552,3.755,3.7554,3.757,3.757,3.7535,3.755,
USDSAR,06/30/2026,3.7572,3.757,3.7574,3.757,3.7551,3.7543,3.757,
USDSAR,06/29/2026,3.7558,3.7545,3.7571,3.7555,3.7552,3.754,3.7545,
USDSAR,06/28/2026,3.7553,3.7552,3.7554,3.7552,3.7552,3.7552,3.7552,
USDPHP,07/01/2026,61.6255,61.601,61.65,61.653,61.345,61.27,61.601,
USDPHP,06/30/2026,61.35,61.32,61.38,61.405,61.185,61.105,61.32,
USDPHP,06/29/2026,61.203,61.182,61.224,61.321,61.306,61.116,61.182,
USDMXN,07/01/2026,17.555,17.547,17.563,17.571,17.4833,17.465,17.547,
USDMXN,06/30/2026,17.48855,17.4833,17.4938,17.511,17.467,17.424,17.4833,
USDMXN,06/29/2026,17.472,17.463,17.481,17.555,17.498,17.452,17.463,
USDNGN,07/01/2026,1374.365,1373.49,1375.24,1379.56,1378.96,1370.32,1373.49,
USDNGN,06/30/2026,1380.2,1378.95,1381.45,1382.52,1381.95,1373.19,1378.95,
USDNGN,06/29/2026,1382.53,1382.03,1383.03,1382.03,1376,1375.25,1382.03,
USDMYR,07/01/2026,4.094,4.092,4.096,4.092,4.076,4.075,4.092,
USDMYR,06/30/2026,4.085,4.082,4.088,4.082,4.067,4.045,4.082,
USDMYR,06/29/2026,4.071,4.067,4.075,4.09,4.085,4.05,4.067,
EURTRY,07/01/2026,53.12655,53.1186,53.1345,53.3603,53.3112,52.87,53.1186,
EURTRY,06/30/2026,53.3186,53.3032,53.334,53.3872,53.2611,52.85,53.3032,
EURTRY,06/29/2026,53.30125,53.2827,53.3198,53.315,53.0648,52.7625,53.2827,
EURGBP,07/01/2026,0.857,0.8569,0.8571,0.8617,0.8609,0.8563,0.8569,
EURGBP,06/30/2026,0.86125,0.8611,0.8614,0.8624,0.8614,0.8603,0.8611,
EURGBP,06/29/2026,0.86145,0.861,0.8619,0.8632,0.8617,0.8609,0.861,
ZARCNH,07/01/2026,0.4136,0.4132,0.414,0.4156,0.4139,0.4127,0.4132,
ZARCNH,06/30/2026,0.41425,0.4141,0.4144,0.4151,0.414,0.4122,0.4141,
ZARCNH,06/29/2026,0.4141,0.4139,0.4143,0.4145,0.4129,0.4121,0.4139,
ZARHKD,07/01/2026,0.47745,0.477,0.4779,0.4798,0.478,0.4759,0.477,
ZARHKD,06/30/2026,0.47845,0.4783,0.4786,0.4794,0.4773,0.4756,0.4783,
ZARHKD,06/29/2026,0.47745,0.4773,0.4776,0.4784,0.4771,0.4751,0.4773,
AUDNZD,07/01/2026,1.21535,1.2149,1.2158,1.2186,1.2183,1.2135,1.2149,
AUDNZD,06/30/2026,1.2188,1.2183,1.2193,1.2187,1.2185,1.2152,1.2183,
AUDNZD,06/29/2026,1.2187,1.2185,1.2189,1.2229,1.2229,1.2177,1.2185,
JPYCNH,07/01/2026,0.0417915,0.04179,0.041793,0.041861,0.041766,0.041725,0.04179,
JPYCNH,06/30/2026,0.041774,0.041766,0.041782,0.042,0.041991,0.041736,0.041766,
JPYCNH,06/29/2026,0.0419945,0.041991,0.041998,0.04208,0.042057,0.041964,0.041991,
JPYCNY,07/01/2026,0.0417675,0.041766,0.041769,0.041785,0.041738,0.041713,0.041766,0.041835
JPYCNY,06/30/2026,0.041803,0.041801,0.041805,0.041913,0.041913,0.041784,0.041801,0.042045
JPYCNY,06/29/2026,0.041971,0.04197,0.041972,0.042061,0.042058,0.041966,0.04197,0.04211
GBPCNH,07/01/2026,9.0202,9.0185,9.0219,9.0296,8.997,8.9902,9.0185,
GBPCNH,06/30/2026,9.0059,9.004,9.0078,9.0124,8.9936,8.975,9.004,
CNHRUB,07/01/2026,11.406035,11.40529,11.40678,11.69427,11.58786,11.40076,11.40529,
CNHRUB,06/30/2026,11.588865,11.58786,11.58987,11.59094,11.32087,11.31771,11.58786,
CNHRUB,06/29/2026,11.3222,11.32087,11.32353,11.60202,11.59008,11.31954,11.32087,
CNHMYR,07/01/2026,0.6025,0.6022,0.6028,0.6024,0.6011,0.5997,0.6022,
CNHMYR,06/30/2026,0.60155,0.6011,0.602,0.6014,0.598,0.5946,0.6011,
CNHMYR,06/29/2026,0.5986,0.598,0.5992,0.6012,0.6003,0.5956,0.598,
USDKRW,07/01/2026,1550.85,1550.66,1551.04,1559,1547.18,1544.92,1550.66,
USDKRW,06/30/2026,1547.53,1547.33,1547.73,1554.8,1540.56,1540.11,1547.33,
USDKRW,06/29/2026,1540.95,1540.79,1541.11,1545.69,1535.04,1534.3,1540.79,
CNHKRW,07/01/2026,228.66,228.6,228.72,229.45,227.95,227.62,228.6,
CNHKRW,06/30/2026,228.17,228.07,228.27,228.15,226.71,226.59,228.07,
CNHKRW,06/29/2026,227.37,227.27,227.47,227.29,225.73,225.45,227.27,
CNHPHP,07/01/2026,9.06955,9.0655,9.0736,9.0721,9.0263,9.0183,9.0655,
CNHPHP,06/30/2026,9.0333,9.0287,9.0379,9.0396,9.0151,9.0151,9.0287,
USDTHB,07/01/2026,33.36,33.34,33.38,33.42,33.2,33.18,33.34,
USDTHB,06/30/2026,33.22,33.2,33.24,33.35,33.25,33.14,33.2,
USDTHB,06/29/2026,33.27,33.25,33.29,33.46,33.35,33.22,33.25,
CNHTHB,07/01/2026,4.9097,4.9092,4.9102,4.9143,4.8913,4.8873,4.9092,
CNHTHB,06/30/2026,4.8918,4.8913,4.8923,4.9023,4.8915,4.8834,4.8913,
CNHTHB,06/29/2026,4.8903,4.8898,4.8908,4.911,4.9093,4.8883,4.8898,
CNYTHB,07/01/2026,4.9142,4.9097,4.9187,4.9125,4.9,4.895,4.9097,
CNYTHB,06/30/2026,4.89265,4.8882,4.8971,4.9033,4.8937,4.8821,4.8882,
CNYTHB,06/29/2026,4.89505,4.8906,4.8995,4.9145,4.8984,4.8869,4.8906,
CNHINR,07/01/2026,14.01875,14.01791,14.01959,14.02183,13.93863,13.91458,14.01791,
CNHINR,06/30/2026,13.939775,13.93863,13.94092,13.95188,13.90049,13.89661,13.93863,
CNHINR,06/29/2026,13.90204,13.90049,13.90359,13.91031,13.85755,13.85225,13.90049,
CNHIDR,07/01/2026,2637.925,2637.11,2638.74,2640.8,2638.2,2637.11,2637.11,
CNHIDR,06/30/2026,2634.67,2625.85,2643.49,2637.1,2618,2618,2625.85,
CNHIDR,06/29/2026,2626,2625,2627,2630,2626.78,2623.15,2625,
AUDCNH,07/01/2026,4.6841,4.6837,4.6845,4.6979,4.6925,4.6777,4.6837,
AUDCNH,06/30/2026,4.6996,4.699,4.7002,4.7035,4.6693,4.6687,4.699,
AUDCNY,07/01/2026,4.6807,4.6772,4.6842,4.6982,4.6823,4.6723,4.6772,4.6987
AUDCNY,06/30/2026,4.67335,4.6699,4.6768,4.7014,4.6752,4.6612,4.6699,4.6804
AUDCNY,06/29/2026,4.6792,4.6757,4.6827,4.6969,4.6825,4.6713,4.6757,4.6955
NZDCNH,07/01/2026,3.8545,3.8538,3.8552,3.8635,3.8448,3.8448,3.8538,
NZDCNH,06/30/2026,3.8554,3.8545,3.8563,3.8619,3.8393,3.8344,3.8545,
NZDCNY,07/01/2026,3.8552,3.8519,3.8585,3.8652,3.8486,3.8424,3.8519,3.8566
NZDCNY,06/30/2026,3.8395,3.8362,3.8428,3.8607,3.8406,3.8299,3.8362,3.8414
NZDCNY,06/29/2026,3.8389,3.8356,3.8422,3.8431,3.8352,3.8309,3.8356,3.8404
EURZAR,07/01/2026,18.6693,18.6591,18.6795,18.7586,18.7171,18.6128,18.6591,
EURZAR,06/30/2026,18.72215,18.71,18.7343,18.7955,18.7506,18.6172,18.71,
EURZAR,06/29/2026,18.7577,18.7506,18.7648,18.7828,18.723,18.6969,18.7506,
ZARCNY,07/01/2026,0.4136,0.4132,0.414,0.4156,0.4135,0.4123,0.4132,0.414886114
ZARCNY,06/30/2026,0.41395,0.4138,0.4141,0.4148,0.4135,0.412,0.4138,0.414404708
ZARCNY,06/29/2026,0.4137,0.4135,0.4139,0.4142,0.4125,0.4119,0.4135,0.413907285
CNHKZT,07/01/2026,70.51795,70.4696,70.5663,70.6525,70.5619,70.2345,70.4696,
CNHKZT,06/30/2026,70.61185,70.5619,70.6618,71.3833,71.3286,70.1497,70.5619,
CNHKZT,06/29/2026,71.3806,71.3286,71.4326,71.6171,71.3902,70.9381,71.3286,
HKDCNY,07/01/2026,0.866235,0.86618,0.86629,0.86658,0.86512,0.86503,0.86618,0.86784
HKDCNY,06/30/2026,0.865185,0.86512,0.86525,0.86646,0.86638,0.86472,0.86512,0.86855
HKDCNY,06/29/2026,0.8665,0.86644,0.86656,0.86767,0.86687,0.86568,0.86644,0.86919
SGDCNY,07/01/2026,5.24365,5.242,5.2453,5.2481,5.2423,5.2348,5.242,5.2528
SGDCNY,06/30/2026,5.24465,5.2423,5.247,5.2566,5.2533,5.2366,5.2423,5.2605
SGDCNY,06/29/2026,5.2546,5.2525,5.2567,5.2574,5.2494,5.2454,5.2525,5.2623
CHFCNY,07/01/2026,8.3924,8.3889,8.3959,8.4097,8.387,8.3642,8.3889,8.4088
CHFCNY,06/30/2026,8.3943,8.3912,8.3974,8.4142,8.4006,8.3717,8.3912,8.4228
CHFCNY,06/29/2026,8.412,8.41,8.414,8.4163,8.3864,8.3822,8.41,8.4108
CADCNY,07/01/2026,4.7793,4.7779,4.7807,4.787,4.7782,4.7698,4.7779,4.7842
CADCNY,06/30/2026,4.77985,4.7792,4.7805,4.7853,4.7798,4.7618,4.7792,4.7847
CADCNY,06/29/2026,4.78095,4.7795,4.7824,4.7953,4.7904,4.7772,4.7795,4.8004
MYRCNY,07/01/2026,1.6596,1.6587,1.6605,1.6622,1.6622,1.6571,1.6587,1.66605578
MYRCNY,06/30/2026,1.6611,1.6598,1.6624,1.677,1.6671,1.6598,1.6598,1.673416112
MYRCNY,06/29/2026,1.66885,1.6671,1.6706,1.6751,1.6621,1.6601,1.6671,1.666611113
RUBCNY,07/01/2026,0.0877,0.0877,0.0877,0.0877,0.0863,0.0854,0.0877,0.0862716
RUBCNY,06/30/2026,0.0862,0.0862,0.0862,0.0882,0.0882,0.0862,0.0862,0.088266707
RUBCNY,06/29/2026,0.0882,0.0882,0.0882,0.0882,0.0862,0.0861,0.0882,0.086511926
KRWCNY,07/01/2026,0.00438,0.00438,0.00438,0.00439,0.00438,0.00435,0.00438,0.004382505
KRWCNY,06/30/2026,0.004385,0.00438,0.00439,0.00441,0.00441,0.00436,0.00438,0.004402959
KRWCNY,06/29/2026,0.00441,0.00441,0.00441,0.00443,0.00443,0.00439,0.00441,0.004432624
AEDCNY,07/01/2026,1.84985,1.8497,1.85,1.8507,1.8474,1.8469,1.8497,1.849967626
AEDCNY,06/30/2026,1.84755,1.8474,1.8477,1.8501,1.8494,1.8463,1.8474,1.851063436
AEDCNY,06/29/2026,1.8497,1.8494,1.85,1.8528,1.8508,1.8485,1.8494,1.854530618
SARCNY,07/01/2026,1.80935,1.8092,1.8095,1.8094,1.8058,1.8051,1.8092,1.808547194
SARCNY,06/30/2026,1.806,1.8058,1.8062,1.8093,1.8082,1.8051,1.8058,1.810380723
SARCNY,06/29/2026,1.8092,1.809,1.8094,1.8118,1.8102,1.8078,1.809,1.813894431
TRYCNY,07/01/2026,0.1457,0.1457,0.1457,0.1458,0.1454,0.1433,0.1457,0.145681491
TRYCNY,06/30/2026,0.14545,0.1454,0.1455,0.1458,0.1456,0.1452,0.1454,0.145807878
TRYCNY,06/29/2026,0.1457,0.1457,0.1457,0.1459,0.1459,0.144,0.1457,0.146192632
MXNCNY,07/01/2026,0.387,0.3868,0.3872,0.3883,0.3879,0.3866,0.3868,0.38889321
MXNCNY,06/30/2026,0.388,0.3879,0.3881,0.3892,0.3887,0.3874,0.3879,0.389681241
MXNCNY,06/29/2026,0.38885,0.3886,0.3891,0.3891,0.3882,0.3869,0.3886,0.389241369
EURUSD,07/01/2026,1.1377,1.1376,1.1378,1.1423,1.1421,1.1361,1.1376,
EURUSD,06/30/2026,1.14215,1.1421,1.1422,1.1436,1.1421,1.1381,1.1421,
EURUSD,06/29/2026,1.1422,1.142,1.1424,1.143,1.1385,1.1377,1.142,
USDHKD,07/01/2026,7.84375,7.8436,7.8439,7.8443,7.8427,7.8416,7.8436,
USDHKD,06/30/2026,7.84285,7.8427,7.843,7.8434,7.8405,7.8399,7.8427,
USDHKD,06/29/2026,7.84065,7.8405,7.8408,7.8435,7.8411,7.8401,7.8405,
USDRUB,07/01/2026,77.5,77.4955,77.5045,79.5,78.85,77.4955,77.4955,
USDRUB,06/30/2026,78.7,78.6955,78.7045,78.6955,78.45,77.4,78.6955,
USDRUB,06/29/2026,77,76.9955,77.0045,78.7,78.2,76.9955,76.9955,
USDCNH,07/01/2026,6.79465,6.7946,6.7947,6.8025,6.7908,6.7889,6.7946,
USDCNH,06/30/2026,6.791,6.7908,6.7912,6.8026,6.8004,6.7854,6.7908,
USDCNH,06/29/2026,6.8008,6.8004,6.8012,6.8074,6.8047,6.7924,6.8004,
GBPCNY,07/01/2026,8.9979,8.9924,9.0034,9.0069,8.9899,8.9838,8.9924,
GBPCNY,06/30/2026,8.983,8.9775,8.9885,8.9996,8.9996,8.9695,8.9775,
GBPCNY,06/29/2026,9.0059,9.0004,9.0114,9.0017,8.9799,8.9657,9.0004,
EURCNY,07/01/2026,7.7397,7.7351,7.7443,7.7523,7.7441,7.7337,7.7351,
EURCNY,06/30/2026,7.734,7.7294,7.7386,7.7576,7.7547,7.7226,7.7294,
EURCNY,06/29/2026,7.7652,7.7606,7.7698,7.7617,7.7479,7.7345,7.7606,
GBPUSD,07/01/2026,1.32755,1.3271,1.328,1.3292,1.3257,1.3216,1.3271,
GBPUSD,06/30/2026,1.32625,1.326,1.3265,1.3276,1.3255,1.3209,1.326,
GBPUSD,06/29/2026,1.32575,1.3256,1.3259,1.3262,1.32,1.3182,1.3256,
USDCHF,07/01/2026,0.8096,0.8093,0.8099,0.8119,0.8086,0.8074,0.8093,
USDCHF,06/30/2026,0.80835,0.8081,0.8086,0.8101,0.8073,0.8061,0.8081,
USDCHF,06/29/2026,0.80765,0.8075,0.8078,0.8103,0.8071,0.8069,0.8075,
USDSGD,07/01/2026,1.2961,1.2956,1.2966,1.2975,1.2933,1.2931,1.2956,
USDSGD,06/30/2026,1.2938,1.2933,1.2943,1.2952,1.2923,1.2918,1.2933,
USDSGD,06/29/2026,1.29295,1.2925,1.2934,1.2949,1.2935,1.2919,1.2925,
USDCAD,07/01/2026,1.42165,1.4215,1.4218,1.4235,1.4195,1.4188,1.4215,
USDCAD,06/30/2026,1.4196,1.4195,1.4197,1.4247,1.421,1.4176,1.4195,
USDCAD,06/29/2026,1.42105,1.4207,1.4214,1.4217,1.4189,1.4173,1.4207,
AUDUSD,07/01/2026,0.68935,0.6891,0.6896,0.6919,0.6919,0.688,0.6891,
AUDUSD,06/30/2026,0.69195,0.6919,0.692,0.6929,0.6885,0.6863,0.6919,
AUDUSD,06/29/2026,0.6887,0.6886,0.6888,0.6904,0.6896,0.6875,0.6886,
USDJPY,07/01/2026,162.575,162.56,162.59,162.83,162.52,162.28,162.56,
USDJPY,06/30/2026,162.565,162.54,162.59,162.66,161.93,161.83,162.54,
USDJPY,06/29/2026,161.945,161.94,161.95,161.97,161.71,161.68,161.94,
EURCNH,07/01/2026,7.73025,7.7285,7.732,7.7584,7.7554,7.7253,7.7285,
EURCNH,06/30/2026,7.75785,7.7561,7.7596,7.7683,7.7651,7.7296,7.7561,
EURCNH,06/29/2026,7.76835,7.7666,7.7701,7.7698,7.7413,7.7397,7.7666,
ARSCNY,07/02/2026,0.0046,0.0046,0.0046,0.0046,0.0046,0.0045,0.0046,
PHPCNY,07/02/2026,0.1104,0.11028,0.11052,0.11062,0.11021,0.11005,0.11028,
NGNCNY,07/02/2026,0.004955,0.00495,0.00496,0.00495,0.00494,0.00493,0.00495,
BDTCNY,07/02/2026,0.055065,0.05486,0.05527,0.05493,0.05493,0.05482,0.05486,
PENCNY,07/02/2026,1.995,1.99,2,1.99,1.99,1.98,1.99,
KZTCNY,07/02/2026,14.3152,14.3044,14.326,14.3839,14.1696,14.1331,14.3044,
UGXCNY,07/02/2026,0.18515,0.1849,0.1854,0.1855,0.185,0.1845,0.1849,
TZSCNY,07/02/2026,0.25865,0.2567,0.2606,0.2574,0.2574,0.2565,0.2567,
CLPCNY,07/02/2026,0.0733,0.0733,0.0733,0.074,0.0734,0.0731,0.0733,
VNDCNY,07/02/2026,2.58235,2.5817,2.583,2.5831,2.5831,2.5758,2.5817,
RSDCNY,07/02/2026,0.66135,0.6606,0.6621,0.6636,0.6577,0.6567,0.6606,
UZSCNY,07/02/2026,0.57005,0.5698,0.5703,0.57,0.5691,0.5672,0.5698,
GHSCNY,07/02/2026,0.5976,0.5965,0.5987,0.5986,0.5986,0.5876,0.5965,
GNFCNY,07/02/2026,0.77405,0.7714,0.7767,0.7721,0.7721,0.7679,0.7714,
KESCNY,07/02/2026,0.05255,0.0525,0.0526,0.0525,0.0525,0.0524,0.0525,
ZMWCNY,07/02/2026,0.3722,0.3717,0.3727,0.373,0.372,0.3714,0.3717,
DJFCNY,07/02/2026,0.38125,0.3802,0.3823,0.3805,0.3805,0.3799,0.3802,
MADCNY,07/02/2026,0.72505,0.7248,0.7253,0.7268,0.7216,0.7205,0.7248,
USDCNY,07/02/2026,6.78905,6.7886,6.7895,6.7943,6.7943,6.7832,6.7886,6.8088
USDRSD,07/02/2026,102.655,102.55,102.76,103.09,103,102.2,102.55,
USDUZS,07/02/2026,11909.66,11904.66,11914.66,11929.24,11929.24,11870,11904.66,
USDKZT,07/02/2026,474.255,473.93,474.58,479,478.83,471.77,473.93,
USDXOF,07/02/2026,575.5,572,579,573,572.25,572,572,
EURXOF,07/02/2026,673.5005,666.959,680.042,666.983,666.642,655.957,666.959,
USDGNF,07/02/2026,8770.5,8741,8800,8750,8733,8733,8741,
EURGNF,07/02/2026,10026.44,9990.96,10061.92,10027.68,9934.66,9932.04,9990.96,
USDGHS,07/02/2026,11.36,11.34,11.38,11.38,11.3,11.25,11.34,
USDKES,07/02/2026,129.3,129.2,129.4,129.45,129.15,129,129.2,
USDUGX,07/02/2026,3667.38,3662.38,3672.38,3670,3662.38,3650,3662.38,
USDDJF,07/02/2026,178.075,177.6,178.55,177.6,177.6,177.55,177.6,
USDCAD,07/02/2026,1.4182,1.4181,1.4183,1.4224,1.4215,1.4147,1.4181,
USDEUR,07/02/2026,0.87475,0.8746,0.8749,0.879,0.8787,0.8715,0.8746,
USDHKD,07/02/2026,7.84255,7.8422,7.8429,7.8444,7.8434,7.8417,7.8422,
EURHKD,07/02/2026,8.96585,8.9653,8.9664,8.9979,8.9216,8.9186,8.9653,
USDAUD,07/02/2026,1.4447,1.4445,1.4449,1.4524,1.4505,1.4399,1.4445,
USDVND,07/02/2026,26290,26285,26295,26330,26289,26285,26285,
USDARS,07/02/2026,1489,1488,1490,1492,1475,1475,1488,
USDZAR,07/02/2026,16.255,16.2462,16.2638,16.4206,16.4033,16.2097,16.2462,
USDAOA,07/02/2026,919.27,912.57,925.97,912.57,912.05,912,912.57,
EURAOA,07/02/2026,1050.91,1043.07,1058.75,1046.3,1037.55,1037.27,1043.07,
USDCDF,07/02/2026,2296.75,2243.5,2350,2277,2277,2220,2243.5,
USDZWG,07/02/2026,26.8725,26.201,27.544,26.201,26.199,25.9319,26.201,
USDZMW,07/02/2026,18.24,18.215,18.265,18.23,18.15,18.15,18.215,
USDTRY,07/02/2026,46.7222,46.7172,46.7272,46.7478,46.6353,46.4306,46.7172,
USDTZS,07/02/2026,2625,2605,2645,2615,2610,2600,2605,
EURAUD,07/02/2026,1.65175,1.6511,1.6524,1.6558,1.6499,1.6485,1.6511,
USDJPY,07/02/2026,161.1,161.09,161.11,162.6,162.6,160.62,161.09,
USDMAD,07/02/2026,9.364,9.3615,9.3665,9.408,9.4076,9.3352,9.3615,
USDBRL,07/02/2026,5.2028,5.2024,5.2032,5.22,5.2072,5.158,5.2024,
USDIDR,07/02/2026,17993,17988,17998,17999,17960,17959,17988,
USDINR,07/02/2026,95.4,95.39,95.41,95.3925,94.9275,94.9275,95.39,
USDCLP,07/02/2026,926.3,925.94,926.66,927.49,925.22,916.07,925.94,
USDAED,07/02/2026,3.673,3.6725,3.6735,3.6734,3.6725,3.6723,3.6725,
USDSAR,07/02/2026,3.7547,3.7546,3.7548,3.7553,3.755,3.7534,3.7546,
USDPHP,07/02/2026,61.4965,61.433,61.56,61.648,61.601,61.346,61.433,
USDPEN,07/02/2026,3.4023,3.4004,3.4042,3.4162,3.4148,3.3994,3.4004,
USDMXN,07/02/2026,17.46855,17.449,17.4881,17.572,17.547,17.4296,17.449,
USDNGN,07/02/2026,1370.595,1369.42,1371.77,1373.56,1372.61,1367.31,1369.42,
USDMYR,07/02/2026,4.08,4.077,4.083,4.088,4.085,4.07,4.077,
USDSGD,07/02/2026,1.29205,1.2917,1.2924,1.296,1.2953,1.2896,1.2917,
EURBRL,07/02/2026,5.9478,5.9463,5.9493,5.9696,5.9239,5.9085,5.9463,
EURTRY,07/02/2026,53.5348,53.5198,53.5498,53.6865,53.0867,52.94,53.5198,
EURGBP,07/02/2026,0.85655,0.8564,0.8567,0.8574,0.8566,0.8544,0.8564,
ZARCNH,07/02/2026,0.41765,0.4174,0.4179,0.4184,0.4139,0.4131,0.4174,
ZARHKD,07/02/2026,0.4825,0.4822,0.4828,0.4835,0.4778,0.4768,0.4822,
AUDNZD,07/02/2026,1.2149,1.214,1.2158,1.2156,1.2147,1.2128,1.214,
CZKCNY,07/02/2026,0.3208,0.3206,0.321,0.3218,0.3185,0.3182,0.3206,
JPYCNH,07/02/2026,0.04214,0.042131,0.042149,0.042254,0.04179,0.041748,0.042131,
JPYCNY,07/02/2026,0.0421125,0.042109,0.042116,0.042148,0.041773,0.041739,0.042109,0.04184
GBPCNH,07/02/2026,9.0602,9.0582,9.0622,9.0924,9.0924,9.0165,9.0582,
CNHRUB,07/02/2026,11.415865,11.41352,11.41821,11.52186,11.40495,11.37938,11.41352,
CNHMYR,07/02/2026,0.601,0.6005,0.6015,0.6024,0.6022,0.5992,0.6005,
USDKRW,07/02/2026,1540.12,1539.93,1540.31,1556.5,1550.36,1536.3,1539.93,
CNHKRW,07/02/2026,229.155,229.1,229.21,229.14,228.32,228.25,229.1,
CNHPHP,07/02/2026,9.059,9.0493,9.0687,9.0757,9.0651,9.0419,9.0493,
USDTHB,07/02/2026,33.22,33.2,33.24,33.39,33.34,33.11,33.2,
CNHTHB,07/02/2026,4.8959,4.8954,4.8964,4.9126,4.9092,4.8787,4.8954,
CNYTHB,07/02/2026,4.9046,4.9001,4.9091,4.915,4.9091,4.8941,4.9001,4.9054
CNHINR,07/02/2026,14.052555,14.04901,14.0561,14.0616,14.0175,13.97946,14.04901,
CNHIDR,07/02/2026,2649.715,2648.88,2650.55,2650.46,2631.35,2631.35,2648.88,
AUDCNH,07/02/2026,4.69915,4.6985,4.6998,4.7111,4.6811,4.6752,4.6985,
AUDCNY,07/02/2026,4.68775,4.6843,4.6912,4.7133,4.6808,4.6699,4.6843,4.685
NZDCNH,07/02/2026,3.86805,3.8676,3.8685,3.8783,3.853,3.8495,3.8676,
NZDCNY,07/02/2026,3.8632,3.8599,3.8665,3.8804,3.8538,3.8445,3.8599,3.8575
EURZAR,07/02/2026,18.5831,18.5718,18.5944,18.7006,18.6722,18.5564,18.5718,
ZARCNY,07/02/2026,0.41765,0.4174,0.4179,0.4185,0.4138,0.413,0.4174,0.414388
CNHKZT,07/02/2026,69.85845,69.8003,69.9166,70.5626,70.4726,69.4719,69.8003,
HKDCNY,07/02/2026,0.865665,0.86557,0.86576,0.86631,0.86613,0.86475,0.86557,0.86804
SGDCNY,07/02/2026,5.2545,5.2527,5.2563,5.2621,5.24,5.2356,5.2527,5.2478
CHFCNY,07/02/2026,8.44675,8.4425,8.451,8.4741,8.3889,8.3809,8.4425,8.4037
CADCNY,07/02/2026,4.78705,4.7864,4.7877,4.7973,4.7786,4.7707,4.7864,4.7811
MYRCNY,07/02/2026,1.664,1.6627,1.6653,1.6656,1.6588,1.6588,1.6627,1.662179
RUBCNY,07/02/2026,0.0876,0.0876,0.0876,0.0878,0.0877,0.0867,0.0876,0.087576
KRWCNY,07/02/2026,0.00441,0.00441,0.00441,0.00442,0.00438,0.00436,0.00441,0.004378
AEDCNY,07/02/2026,1.84835,1.848,1.8487,1.85,1.8495,1.8465,1.848,1.850961
SARCNY,07/02/2026,1.80815,1.808,1.8083,1.8094,1.8092,1.8054,1.808,1.810446
TRYCNY,07/02/2026,0.1453,0.1453,0.1453,0.1458,0.1457,0.1441,0.1453,0.145657
MXNCNY,07/02/2026,0.38865,0.3882,0.3891,0.3893,0.3868,0.3862,0.3882,0.387432
EURUSD,07/02/2026,1.1432,1.143,1.1434,1.1472,1.1376,1.1373,1.143,
USDRUB,07/02/2026,77.5,77.4955,77.5045,78.2455,78,77.2455,77.4955,
USDCZK,07/02/2026,21.1635,21.15,21.177,21.298,21.247,21.079,21.15,
USDBDT,07/02/2026,123.3,122.85,123.75,122.85,122.75,122.75,122.85,
AUDUSD,07/02/2026,0.6922,0.6921,0.6923,0.6943,0.6893,0.6882,0.6921,
EURCNH,07/02/2026,7.76125,7.7595,7.763,7.7814,7.7286,7.7239,7.7595,
EURCNY,07/02/2026,7.74925,7.7446,7.7539,7.7519,7.7276,7.7183,7.7446,7.7362
GBPCNY,07/02/2026,9.0639,9.0584,9.0694,9.0688,9.0185,8.9892,9.0584,9.0287
GBPUSD,07/02/2026,1.3347,1.3346,1.3348,1.3384,1.3273,1.3254,1.3346,
USDCHF,07/02/2026,0.80375,0.8034,0.8041,0.8099,0.8094,0.8008,0.8034,
USDCNH,07/02/2026,6.7888,6.7878,6.7898,6.7966,6.7945,6.7827,6.7878,
ARSCNY,07/03/2026,0.0046,0.0046,0.0046,0.0046,0.0046,0.0045,0.0046,
PHPCNY,07/03/2026,0.11043,0.11038,0.11048,0.11048,0.11027,0.11022,0.11038,
NGNCNY,07/03/2026,0.004955,0.00495,0.00496,0.00495,0.00495,0.00494,0.00495,
BDTCNY,07/03/2026,0.054995,0.05479,0.0552,0.05486,0.05486,0.05477,0.05479,
PENCNY,07/03/2026,1.99,1.99,1.99,2,1.99,1.99,1.99,
KZTCNY,07/03/2026,14.3406,14.3292,14.352,14.4171,14.3044,14.2846,14.3292,
UGXCNY,07/03/2026,0.1849,0.1846,0.1852,0.1858,0.1849,0.1846,0.1846,
TZSCNY,07/03/2026,0.2583,0.2563,0.2603,0.2567,0.2567,0.2562,0.2563,
CLPCNY,07/03/2026,0.0736,0.0735,0.0737,0.0738,0.0733,0.0732,0.0735,
VNDCNY,07/03/2026,2.57845,2.578,2.5789,2.5817,2.5817,2.5765,2.578,
RSDCNY,07/03/2026,0.6607,0.66,0.6614,0.6621,0.6606,0.6595,0.66,
UZSCNY,07/03/2026,0.5663,0.566,0.5666,0.5692,0.569,0.5654,0.566,
GHSCNY,07/03/2026,0.5969,0.5958,0.598,0.5965,0.5965,0.5921,0.5958,
GNFCNY,07/03/2026,0.7731,0.7704,0.7758,0.7714,0.7714,0.7668,0.7704,
KESCNY,07/03/2026,0.05245,0.0524,0.0525,0.0525,0.0525,0.0523,0.0524,
ZMWCNY,07/03/2026,0.368,0.3675,0.3685,0.3717,0.3717,0.3675,0.3675,
DJFCNY,07/03/2026,0.38075,0.3797,0.3818,0.3802,0.3802,0.3796,0.3797,
MADCNY,07/03/2026,0.7234,0.723,0.7238,0.7259,0.7248,0.7223,0.723,
USDCNY,07/03/2026,6.78045,6.7797,6.7812,6.7886,6.7886,6.7776,6.7797,6.8047
USDRSD,07/03/2026,102.63,102.53,102.73,102.69,102.57,102.24,102.53,
USDUZS,07/03/2026,11973.9,11968.9,11978.9,11970,11870,11870,11968.9,
USDKZT,07/03/2026,472.815,472.49,473.14,474.22,474.08,470.12,472.49,
USDXOF,07/03/2026,572.75,569.25,576.25,573,573,569.25,569.25,
EURXOF,07/03/2026,673.501,666.895,680.107,666.983,666.073,666.073,666.895,
USDGNF,07/03/2026,8770.5,8741,8800,8750,8741,8741,8741,
EURGNF,07/03/2026,10030.385,9995.33,10065.44,10018.93,9995.33,9981.35,9995.33,
USDGHS,07/03/2026,11.36,11.34,11.38,11.35,11.34,11.33,11.34,
USDKES,07/03/2026,129.3,129.2,129.4,129.3,129.15,129,129.2,
USDUGX,07/03/2026,3667.38,3662.38,3672.38,3662.38,3659,3640,3662.38,
USDDJF,07/03/2026,178.075,177.6,178.55,177.6,177.6,177.55,177.6,
USDCAD,07/03/2026,1.41985,1.4198,1.4199,1.4208,1.4179,1.4157,1.4198,
USDEUR,07/03/2026,0.8744,0.8743,0.8745,0.8756,0.8744,0.8723,0.8743,
USDHKD,07/03/2026,7.8431,7.843,7.8432,7.8437,7.8422,7.8413,7.843,
EURHKD,07/03/2026,8.97055,8.9652,8.9759,8.9895,8.9637,8.9548,8.9652,
USDAUD,07/03/2026,1.4408,1.4407,1.4409,1.447,1.4445,1.4384,1.4407,
USDVND,07/03/2026,26296,26294,26298,26302,26287,26287,26294,
USDARS,07/03/2026,1488.25,1488,1488.5,1489,1480,1480,1488,
USDZAR,07/03/2026,16.2392,16.2242,16.2542,16.2743,16.2471,16.1707,16.2242,
USDAOA,07/03/2026,919.27,912.57,925.97,912.57,912,912,912.57,
EURAOA,07/03/2026,1051.32,1043.52,1059.12,1045.99,1043.52,1042.06,1043.52,
USDCDF,07/03/2026,2307.25,2264.5,2350,2264.5,2243.5,2220,2264.5,
USDZWG,07/03/2026,27.351,26.0103,28.6917,26.201,26.201,25.474,26.0103,
USDZMW,07/03/2026,18.425,18.4,18.45,18.4,18.2,18.2,18.4,
USDTRY,07/03/2026,46.80315,46.7875,46.8188,46.8073,46.7172,46.293,46.7875,
USDTZS,07/03/2026,2625,2605,2645,2616,2610,2605,2605,
EURAUD,07/03/2026,1.6481,1.6476,1.6486,1.6526,1.6512,1.6476,1.6476,
USDJPY,07/03/2026,161.375,161.37,161.38,161.51,161.09,160.51,161.37,
USDMAD,07/03/2026,9.3732,9.3692,9.3772,9.377,9.3611,9.3381,9.3692,
USDBRL,07/03/2026,5.16855,5.1682,5.1689,5.2074,5.2035,5.1649,5.1682,
USDIDR,07/03/2026,17950,17945,17955,17965,17940,17935,17945,
USDINR,07/03/2026,95.215,95.21,95.22,95.39,95.39,95.16,95.21,
USDCLP,07/03/2026,921.1,919.75,922.45,925.94,925.94,917.97,919.75,
USDAED,07/03/2026,3.6727,3.6726,3.6728,3.6732,3.6725,3.6722,3.6726,
USDSAR,07/03/2026,3.7546,3.7545,3.7547,3.7546,3.7546,3.7533,3.7545,
USDPHP,07/03/2026,61.401,61.38,61.422,61.549,61.433,61.332,61.38,
USDPEN,07/03/2026,3.4016,3.4003,3.4029,3.4095,3.4005,3.39,3.4003,
USDMXN,07/03/2026,17.4695,17.455,17.484,17.495,17.4636,17.4123,17.455,
USDNGN,07/03/2026,1369.62,1368.37,1370.87,1369.7,1368,1365.5,1368.37,
USDMYR,07/03/2026,4.071,4.067,4.075,4.0769,4.07,4.06,4.067,
USDSGD,07/03/2026,1.29155,1.2913,1.2918,1.2931,1.2917,1.2891,1.2913,
EURBRL,07/03/2026,5.911,5.9098,5.9122,5.9673,5.9476,5.9058,5.9098,
EURTRY,07/03/2026,53.56235,53.5445,53.5802,53.6802,53.5153,53.2229,53.5445,
EURGBP,07/03/2026,0.8567,0.8566,0.8568,0.8574,0.8559,0.8559,0.8566,
ZARCNH,07/03/2026,0.41785,0.4174,0.4183,0.4191,0.4174,0.4164,0.4174,
ZARHKD,07/03/2026,0.48295,0.4825,0.4834,0.4845,0.4822,0.4813,0.4825,
AUDNZD,07/03/2026,1.21545,1.2145,1.2164,1.2156,1.2146,1.2128,1.2145,
CZKCNY,07/03/2026,0.32065,0.3202,0.3211,0.3212,0.3206,0.3196,0.3202,
JPYCNH,07/03/2026,0.0420455,0.042038,0.042053,0.042235,0.042131,0.04202,0.042038,
JPYCNY,07/03/2026,0.0420505,0.042043,0.042058,0.042197,0.042078,0.04204,0.042043,0.042094
GBPCNH,07/03/2026,9.05885,9.0538,9.0639,9.0924,9.0553,9.0529,9.0538,
CNHRUB,07/03/2026,11.394085,11.39093,11.39724,11.50018,11.41352,11.33466,11.39093,
CNHMYR,07/03/2026,0.6,0.5993,0.6007,0.6008,0.6005,0.5983,0.5993,
USDKRW,07/03/2026,1529.3,1529.01,1529.59,1548.4,1539.67,1525.3,1529.01,
CNHKRW,07/03/2026,224.985,224.9,225.07,228.03,227.25,224.82,224.9,
CNHPHP,07/03/2026,9.04865,9.0439,9.0534,9.0674,9.0478,9.038,9.0439,
USDTHB,07/03/2026,33.165,33.13,33.2,33.26,33.2,33.09,33.13,
CNHTHB,07/03/2026,4.8847,4.8842,4.8852,4.9,4.8939,4.881,4.8842,
CNYTHB,07/03/2026,4.892,4.8875,4.8965,4.9054,4.9044,4.879,4.8875,4.8964
CNHINR,07/03/2026,14.032955,14.03015,14.03576,14.06476,14.04901,14.02299,14.03015,
CNHIDR,07/03/2026,2650,2648,2652,2648,2645.24,2631.35,2648,
AUDCNH,07/03/2026,4.7062,4.7036,4.7088,4.7135,4.6939,4.6824,4.7036,
AUDCNY,07/03/2026,4.7033,4.6998,4.7068,4.7124,4.7045,4.6792,4.6998,4.6964
NZDCNH,07/03/2026,3.87495,3.8705,3.8794,3.884,3.8601,3.8534,3.8705,
NZDCNY,07/03/2026,3.8709,3.8676,3.8742,3.8829,3.8722,3.8557,3.8676,3.8651
EURZAR,07/03/2026,18.57495,18.5503,18.5996,18.5963,18.5701,18.5173,18.5503,
ZARCNY,07/03/2026,0.41755,0.4171,0.418,0.419,0.4174,0.4166,0.4171,0.417833
CNHKZT,07/03/2026,69.6843,69.6261,69.7425,69.8575,69.8003,69.3035,69.6261,
HKDCNY,07/03/2026,0.86451,0.8644,0.86462,0.86571,0.86556,0.86414,0.8644,0.86754
SGDCNY,07/03/2026,5.2499,5.2483,5.2515,5.2588,5.2519,5.2442,5.2483,5.2562
CHFCNY,07/03/2026,8.44025,8.4388,8.4417,8.462,8.4488,8.4293,8.4388,8.4458
CADCNY,07/03/2026,4.7755,4.7748,4.7762,4.7895,4.7861,4.7701,4.7748,4.7857
MYRCNY,07/03/2026,1.66555,1.6637,1.6674,1.668,1.6627,1.6627,1.6637,1.666917
RUBCNY,07/03/2026,0.0877,0.0877,0.0877,0.0882,0.0876,0.0869,0.0877,0.087556
KRWCNY,07/03/2026,0.004435,0.00443,0.00444,0.00444,0.00441,0.00438,0.00443,0.004403
AEDCNY,07/03/2026,1.84615,1.8459,1.8464,1.8484,1.848,1.8449,1.8459,1.848566
SARCNY,07/03/2026,1.80595,1.8057,1.8062,1.808,1.808,1.8045,1.8057,1.808253
TRYCNY,07/03/2026,0.14485,0.1448,0.1449,0.1454,0.1453,0.1425,0.1448,0.145331
MXNCNY,07/03/2026,0.38815,0.3878,0.3885,0.3892,0.3885,0.3874,0.3878,0.388984
EURUSD,07/03/2026,1.14365,1.1435,1.1438,1.1462,1.1435,1.1419,1.1435,
USDRUB,07/03/2026,77.31,77.3,77.32,78,78,76.8955,77.3,
USDCZK,07/03/2026,21.146,21.118,21.174,21.186,21.15,21.084,21.118,
USDBDT,07/03/2026,123.3,122.85,123.75,,,,122.85,
AUDUSD,07/03/2026,0.69405,0.694,0.6941,0.6949,0.6921,0.6907,0.694,
EURCNH,07/03/2026,7.75985,7.7581,7.7616,7.7728,7.7592,7.7519,7.7581,
EURCNY,07/03/2026,7.75845,7.7538,7.7631,7.7704,7.7565,7.7362,7.7538,7.7609
GBPCNY,07/03/2026,9.0557,9.0502,9.0612,9.0701,9.0573,9.0465,9.0502,9.06
GBPUSD,07/03/2026,1.33525,1.3351,1.3354,1.3381,1.3346,1.3328,1.3351,
USDCHF,07/03/2026,0.80335,0.8033,0.8034,0.8046,0.803,0.8008,0.8033,
USDCNH,07/03/2026,6.7851,6.7841,6.7861,6.7901,6.7878,6.7802,6.7841,
ARSCNY,07/06/2026,0.0046,0.0046,0.0046,0.0046,0.0046,0.0045,0.0046,
PHPCNY,07/06/2026,0.110545,0.11048,0.11061,0.11057,0.11031,0.11012,0.11048,
NGNCNY,07/06/2026,0.004965,0.00496,0.00497,0.00496,0.00494,0.00494,0.00496,
BDTCNY,07/06/2026,0.055145,0.05492,0.05537,0.05492,0.05483,0.05482,0.05492,
PENCNY,07/06/2026,1.995,1.99,2,2,1.99,1.99,1.99,
KZTCNY,07/06/2026,14.3793,14.368,14.3906,14.3707,14.3404,14.3273,14.368,
UGXCNY,07/06/2026,0.1862,0.1859,0.1865,0.1862,0.1846,0.1846,0.1859,
TZSCNY,07/06/2026,0.2589,0.2569,0.2609,0.2572,0.2565,0.2565,0.2569,
CLPCNY,07/06/2026,0.0733,0.0733,0.0733,0.0737,0.0736,0.073,0.0733,
VNDCNY,07/06/2026,2.58415,2.5838,2.5845,2.5848,2.5758,2.5758,2.5838,
RSDCNY,07/06/2026,0.6626,0.6619,0.6633,0.6627,0.6606,0.659,0.6619,
UZSCNY,07/06/2026,0.56405,0.5619,0.5662,0.5668,0.566,0.5619,0.5619,
GHSCNY,07/06/2026,0.59645,0.5956,0.5973,0.6011,0.5958,0.588,0.5956,
GNFCNY,07/06/2026,0.77495,0.7723,0.7776,0.7723,0.7704,0.7668,0.7723,
KESCNY,07/06/2026,0.05255,0.0525,0.0526,0.0525,0.0524,0.0524,0.0525,
ZMWCNY,07/06/2026,0.36885,0.3683,0.3694,0.3683,0.3677,0.3677,0.3683,
DJFCNY,07/06/2026,0.38165,0.3806,0.3827,0.3806,0.3797,0.3797,0.3806,
MADCNY,07/06/2026,0.72585,0.7256,0.7261,0.7267,0.723,0.723,0.7256,
USDCNY,07/06/2026,6.79645,6.7958,6.7971,6.7959,6.7849,6.7835,6.7958,6.8066
USDRSD,07/06/2026,102.57,102.47,102.67,102.81,102.53,102.45,102.47,
USDUZS,07/06/2026,12042.05,12037.05,12047.05,12040,11968.9,11968.9,12037.05,
USDKZT,07/06/2026,472.655,472.33,472.98,472.97,472.45,472.05,472.33,
USDXOF,07/06/2026,574.25,570.75,577.75,573,569.25,569.25,570.75,
EURXOF,07/06/2026,673.5005,666.983,680.018,666.983,666.953,655.957,666.983,
USDGNF,07/06/2026,8770.5,8741,8800,8750,8741,8741,8741,
EURGNF,07/06/2026,10034.77,9999.7,10069.84,10011.75,9995.33,9971.73,9999.7,
USDGHS,07/06/2026,11.395,11.38,11.41,11.39,11.34,11.25,11.38,
USDKES,07/06/2026,129.25,129.15,129.35,129.45,129.2,129,129.15,
USDUGX,07/06/2026,3650.14,3645.14,3655.14,3665,3662.38,3640,3645.14,
USDDJF,07/06/2026,178.075,177.6,178.55,177.6,177.6,177.55,177.6,
USDCAD,07/06/2026,1.42055,1.4204,1.4207,1.4238,1.4198,1.4192,1.4204,
USDEUR,07/06/2026,0.874,0.8739,0.8741,0.8765,0.8737,0.8737,0.8739,
USDHKD,07/06/2026,7.84315,7.843,7.8433,7.8434,7.8425,7.8413,7.843,
EURHKD,07/06/2026,8.9736,8.9724,8.9748,8.9759,8.9679,8.9448,8.9724,
USDAUD,07/06/2026,1.4383,1.4382,1.4384,1.4447,1.4397,1.4366,1.4382,
USDVND,07/06/2026,26300,26299,26301,26302,26287,26270,26299,
USDARS,07/06/2026,1485.75,1485,1486.5,1491.5,1475,1475,1485,
USDZAR,07/06/2026,16.2029,16.1944,16.2114,16.2645,16.224,16.1822,16.1944,
USDAOA,07/06/2026,919.27,912.57,925.97,913,912.57,912,912.57,
EURAOA,07/06/2026,1051.785,1043.98,1059.59,1044.56,1043.52,1041.06,1043.98,
USDCDF,07/06/2026,2307.25,2264.5,2350,2264.5,2264.5,2235,2264.5,
USDZWG,07/06/2026,27.43085,26.0862,28.7755,26.3133,26.0862,25.5484,26.0862,
USDZMW,07/06/2026,18.425,18.4,18.45,,,,18.4,
USDTRY,07/06/2026,46.8224,46.8174,46.8274,46.8582,46.7836,46.5914,46.8174,
USDTZS,07/06/2026,2625,2605,2645,2615,2610,2605,2605,
EURAUD,07/06/2026,1.64555,1.6453,1.6458,1.6513,1.6476,1.6438,1.6453,
USDJPY,07/06/2026,162.085,162.08,162.09,162.42,161.35,161.22,162.08,
USDMAD,07/06/2026,9.36295,9.3605,9.3654,9.3804,9.3688,9.3391,9.3605,
USDBRL,07/06/2026,5.12855,5.1273,5.1298,5.1841,5.1692,5.1251,5.1273,
USDIDR,07/06/2026,17990,17985,17995,18008,17970,17970,17985,
USDINR,07/06/2026,95.4,95.39,95.41,95.475,95.23,95.21,95.39,
USDCLP,07/06/2026,927.375,927.06,927.69,929.4,921.89,921,927.06,
USDAED,07/06/2026,3.6729,3.6728,3.673,3.673,3.6725,3.6721,3.6728,
USDSAR,07/06/2026,3.7552,3.7549,3.7555,3.7555,3.7533,3.7533,3.7549,
USDPHP,07/06/2026,61.4815,61.449,61.514,61.542,61.435,61.371,61.449,
USDPEN,07/06/2026,3.4076,3.4056,3.4096,3.407,3.4012,3.3925,3.4056,
USDMXN,07/06/2026,17.397,17.384,17.41,17.504,17.4797,17.3695,17.384,
USDNGN,07/06/2026,1369.42,1368.92,1369.92,1370,1367,1365.11,1368.92,
USDMYR,07/06/2026,4.085,4.082,4.088,4.084,4.067,4.065,4.082,
USDSGD,07/06/2026,1.29225,1.292,1.2925,1.2939,1.2912,1.2908,1.292,
EURBRL,07/06/2026,5.86485,5.864,5.8657,5.9187,5.9098,5.8626,5.864,
EURTRY,07/06/2026,53.60515,53.589,53.6213,53.6009,53.528,53.17,53.589,
EURGBP,07/06/2026,0.85435,0.8542,0.8545,0.8568,0.856,0.8539,0.8542,
ZARCNH,07/06/2026,0.4193,0.4191,0.4195,0.4196,0.4174,0.4174,0.4191,
ZARHKD,07/06/2026,0.48405,0.4838,0.4843,0.4844,0.4825,0.4819,0.4838,
AUDNZD,07/06/2026,1.22005,1.2196,1.2205,1.2203,1.2148,1.2132,1.2196,
CZKCNY,07/06/2026,0.3218,0.3216,0.322,0.3218,0.3202,0.32,0.3216,
JPYCNH,07/06/2026,0.0419175,0.041916,0.041919,0.042058,0.042044,0.041848,0.041916,
JPYCNY,07/06/2026,0.0419175,0.041903,0.041932,0.041964,0.041945,0.041825,0.041903,0.042084
GBPCNH,07/06/2026,9.05885,9.0538,9.0639,,,,9.0538,
CNHRUB,07/06/2026,11.333115,11.33237,11.33386,11.53525,11.39244,11.29911,11.33237,
CNHMYR,07/06/2026,0.60125,0.6008,0.6017,0.601,0.5994,0.5991,0.6008,
USDKRW,07/06/2026,1528.99,1528.49,1529.49,1537.39,1527.41,1526.26,1528.49,
CNHKRW,07/06/2026,225.37,225.3,225.44,226.59,225.68,224.84,225.3,
CNHPHP,07/06/2026,9.04865,9.0439,9.0534,,,,9.0439,
USDTHB,07/06/2026,33.285,33.26,33.31,33.35,33.14,33.14,33.26,
CNHTHB,07/06/2026,4.8985,4.898,4.899,4.9054,4.9038,4.8961,4.898,
CNYTHB,07/06/2026,4.9031,4.8986,4.9076,4.9051,4.8841,4.8783,4.8986,4.8846
CNHINR,07/06/2026,14.041285,14.03971,14.04286,14.05371,14.03201,14.01384,14.03971,
CNHIDR,07/06/2026,2650,2648,2652,2650.1,2639.64,2631.35,2648,
AUDCNH,07/06/2026,4.7062,4.7036,4.7088,,,,4.7036,
AUDCNY,07/06/2026,4.7269,4.7242,4.7296,4.7265,4.7033,4.6978,4.7242,4.712
NZDCNH,07/06/2026,3.87495,3.8705,3.8794,,,,3.8705,
NZDCNY,07/06/2026,3.87385,3.8724,3.8753,3.8753,3.8593,3.8554,3.8724,3.8727
EURZAR,07/06/2026,18.5377,18.5265,18.5489,18.5863,18.5633,18.4975,18.5265,
ZARCNY,07/06/2026,0.41945,0.4192,0.4197,0.4197,0.4171,0.4171,0.4192,0.418883
CNHKZT,07/06/2026,69.56695,69.5186,69.6153,69.6749,69.6708,69.4464,69.5186,
HKDCNY,07/06/2026,0.86656,0.86647,0.86665,0.86654,0.86446,0.86433,0.86647,0.86781
SGDCNY,07/06/2026,5.2594,5.2579,5.2609,5.2619,5.2479,5.2446,5.2579,5.2592
CHFCNY,07/06/2026,8.4412,8.4367,8.4457,8.4451,8.4325,8.4148,8.4367,8.455
CADCNY,07/06/2026,4.78455,4.7838,4.7853,4.7844,4.7748,4.7697,4.7838,4.7825
MYRCNY,07/06/2026,1.66375,1.6624,1.6651,1.6655,1.6637,1.6606,1.6624,1.669951
RUBCNY,07/06/2026,0.0883,0.0883,0.0883,0.0884,0.0878,0.0867,0.0883,0.088005
KRWCNY,07/06/2026,0.004445,0.00444,0.00445,0.00445,0.00444,0.00441,0.00444,0.004439
AEDCNY,07/06/2026,1.85045,1.8502,1.8507,1.8504,1.846,1.8454,1.8502,1.849591
SARCNY,07/06/2026,1.8099,1.8096,1.8102,1.8096,1.8051,1.8051,1.8096,1.809431
TRYCNY,07/06/2026,0.14515,0.1451,0.1452,0.1452,0.1448,0.1435,0.1451,0.145142
MXNCNY,07/06/2026,0.3908,0.3906,0.391,0.3911,0.3876,0.3872,0.3906,0.389045
EURUSD,07/06/2026,1.14415,1.144,1.1443,1.1444,1.1435,1.1408,1.144,
USDRUB,07/06/2026,77,76.9955,77.0045,78.3705,76.7955,76.7955,76.9955,
USDCZK,07/06/2026,21.1215,21.112,21.131,21.175,21.11,21.097,21.112,
USDBDT,07/06/2026,123.25,122.75,123.75,122.85,122.85,122.75,122.75,
AUDUSD,07/06/2026,0.69525,0.6952,0.6953,0.6958,0.6944,0.6919,0.6952,
EURCNH,07/06/2026,7.77375,7.772,7.7755,7.774,7.7579,7.7542,7.772,
EURCNY,07/06/2026,7.77385,7.7706,7.7771,7.7738,7.7559,7.7483,7.7706,7.7708
GBPCNY,07/06/2026,9.09775,9.0931,9.1024,9.0998,9.0524,9.0488,9.0931,9.0705
GBPUSD,07/06/2026,1.3392,1.339,1.3394,1.3397,1.3351,1.3325,1.339,
USDCHF,07/06/2026,0.80515,0.8048,0.8055,0.8073,0.8016,0.8015,0.8048,
USDCNH,07/06/2026,6.79425,6.7942,6.7943,6.7998,6.7851,6.7814,6.7942,
ARSCNY,07/07/2026,0.0046,0.0046,0.0046,0.0046,0.0046,0.0045,0.0046,
PHPCNY,07/07/2026,0.11059,0.11054,0.11064,0.11069,0.11048,0.11039,0.11054,
NGNCNY,07/07/2026,0.004955,0.00495,0.00496,0.00496,0.00496,0.00493,0.00495,
BDTCNY,07/07/2026,0.05513,0.0549,0.05536,0.05495,0.05486,0.05484,0.0549,
PENCNY,07/07/2026,2,2,2,2,2,1.99,2,
KZTCNY,07/07/2026,14.44905,14.4375,14.4606,14.4815,14.3684,14.3495,14.4375,
UGXCNY,07/07/2026,0.18555,0.1853,0.1858,0.1862,0.1859,0.185,0.1853,
TZSCNY,07/07/2026,0.2588,0.2568,0.2608,0.2571,0.2567,0.2566,0.2568,
CLPCNY,07/07/2026,0.07305,0.073,0.0731,0.0735,0.0733,0.0728,0.073,
VNDCNY,07/07/2026,2.58405,2.5835,2.5846,2.5853,2.5842,2.5804,2.5835,
RSDCNY,07/07/2026,0.66075,0.6597,0.6618,0.6629,0.6626,0.6594,0.6597,
UZSCNY,07/07/2026,0.5652,0.5649,0.5655,0.5654,0.5641,0.5613,0.5649,
GHSCNY,07/07/2026,0.5973,0.5959,0.5987,0.5985,0.5956,0.5883,0.5959,
GNFCNY,07/07/2026,0.7747,0.772,0.7774,0.7726,0.7723,0.7676,0.772,
KESCNY,07/07/2026,0.05255,0.0525,0.0526,0.0526,0.0525,0.0524,0.0525,
ZMWCNY,07/07/2026,0.3674,0.3636,0.3712,0.3685,0.368,0.3636,0.3636,
DJFCNY,07/07/2026,0.38155,0.3805,0.3826,0.3808,0.3806,0.3801,0.3805,
MADCNY,07/07/2026,0.7255,0.7252,0.7258,0.7269,0.725,0.7235,0.7252,
USDCNY,07/07/2026,6.79415,6.7934,6.7949,6.7997,6.7894,6.7866,6.7934,6.8054
USDRSD,07/07/2026,102.82,102.67,102.97,102.79,102.49,102.4,102.67,
USDUZS,07/07/2026,12021.32,12016.32,12026.32,12037.05,12037.05,11975,12016.32,
USDKZT,07/07/2026,470.215,469.89,470.54,473.5,472.32,469.08,469.89,
USDXOF,07/07/2026,574,570.5,577.5,572.35,570.75,570,570.5,
EURXOF,07/07/2026,673.5,666.982,680.018,666.983,666.773,655.957,666.982,
USDGNF,07/07/2026,8770.5,8741,8800,8750,8741,8724.27,8741,
EURGNF,07/07/2026,10009.34,9974.36,10044.32,10010.88,9999.7,9968.35,9974.36,
USDGHS,07/07/2026,11.375,11.35,11.4,11.42,11.38,11.2,11.35,
USDKES,07/07/2026,129.2,129.1,129.3,129.3,129.15,129,129.1,
USDUGX,07/07/2026,3662.05,3657.05,3667.05,3665,3645.14,3640,3657.05,
USDDJF,07/07/2026,178.075,177.6,178.55,177.6,177.6,177.4,177.6,
USDCAD,07/07/2026,1.42005,1.4199,1.4202,1.4226,1.42,1.4181,1.4199,
USDEUR,07/07/2026,0.8762,0.8761,0.8763,0.8765,0.8739,0.8734,0.8761,
USDHKD,07/07/2026,7.84175,7.8417,7.8418,7.8434,7.843,7.8408,7.8417,
EURHKD,07/07/2026,8.9492,8.9488,8.9496,8.9778,8.9733,8.9441,8.9488,
USDAUD,07/07/2026,1.4433,1.4432,1.4434,1.4447,1.4382,1.436,1.4432,
USDVND,07/07/2026,26292,26289,26295,26305,26296,26270,26289,
USDARS,07/07/2026,1492,1491.5,1492.5,1492,1480,1480,1491.5,
USDZAR,07/07/2026,16.29565,16.2869,16.3044,16.3185,16.1957,16.1821,16.2869,
USDAOA,07/07/2026,919.7,913,926.4,913,912.57,911.372,913,
EURAOA,07/07/2026,1049.605,1041.82,1057.39,1044.65,1044.07,1040.32,1041.82,
USDCDF,07/07/2026,2304.5,2259,2350,2274.7,2264.5,2235,2259,
USDZWG,07/07/2026,27.33245,25.9926,28.6723,26.1266,26.1266,25.8586,25.9926,
USDZMW,07/07/2026,18.4955,18.306,18.685,18.306,18.306,18.306,18.306,
USDTRY,07/07/2026,46.8365,46.8324,46.8406,46.8438,46.8174,46.7051,46.8324,
USDTZS,07/07/2026,2625,2605,2645,,,,2605,
EURAUD,07/07/2026,1.6472,1.6469,1.6475,1.6485,1.6454,1.6437,1.6469,
USDJPY,07/07/2026,162.105,162.09,162.12,162.18,162.08,161.66,162.09,
USDMAD,07/07/2026,9.3645,9.362,9.367,9.3681,9.3655,9.3354,9.362,
USDBRL,07/07/2026,5.15875,5.1581,5.1594,5.1634,5.127,5.1229,5.1581,
USDIDR,07/07/2026,17975,17970,17980,17990,17970,17970,17970,
USDINR,07/07/2026,94.97,94.96,94.98,95.39,95.39,94.96,94.96,
USDCLP,07/07/2026,930,929.64,930.36,931.96,927.06,923,929.64,
USDAED,07/07/2026,3.6729,3.6728,3.673,3.6731,3.6728,3.6721,3.6728,
USDSAR,07/07/2026,3.75445,3.7542,3.7547,3.7556,3.7549,3.7532,3.7542,
USDPHP,07/07/2026,61.4365,61.416,61.457,61.5,61.449,61.319,61.416,
USDPEN,07/07/2026,3.3986,3.397,3.4002,3.411,3.4024,3.395,3.397,
USDMXN,07/07/2026,17.51535,17.5101,17.5206,17.549,17.384,17.3647,17.5101,
USDNGN,07/07/2026,1371.61,1370.81,1372.41,1373.81,1368.84,1364.96,1370.81,
USDMYR,07/07/2026,4.07,4.067,4.073,4.08,4.074,4.067,4.067,
USDSGD,07/07/2026,1.2927,1.2922,1.2932,1.2933,1.2925,1.2903,1.2922,
EURBRL,07/07/2026,5.8874,5.8859,5.8889,5.8913,5.8656,5.8553,5.8859,
EURTRY,07/07/2026,53.484,53.4751,53.4929,53.6368,53.5877,53.24,53.4751,
EURGBP,07/07/2026,0.85425,0.8539,0.8546,0.8554,0.8541,0.8531,0.8539,
ZARCNH,07/07/2026,0.41755,0.4173,0.4178,0.4195,0.4191,0.4167,0.4173,
ZARHKD,07/07/2026,0.48125,0.481,0.4815,0.4842,0.4838,0.4802,0.481,
AUDNZD,07/07/2026,1.22045,1.2198,1.2211,1.221,1.219,1.2179,1.2198,
CZKCNY,07/07/2026,0.3199,0.3196,0.3202,0.3219,0.3216,0.3194,0.3196,
JPYCNH,07/07/2026,0.041971,0.041966,0.041976,0.042049,0.041916,0.041886,0.041966,
JPYCNY,07/07/2026,0.041924,0.041911,0.041937,0.042025,0.041903,0.041875,0.041911,0.041961
GBPCNH,07/07/2026,9.089,9.0873,9.0907,9.1042,9.0958,9.0843,9.0873,
CNHRUB,07/07/2026,11.238,11.2362,11.2398,11.35561,11.33237,11.16671,11.2362,
CNHMYR,07/07/2026,0.5982,0.5977,0.5987,0.6009,0.6008,0.5976,0.5977,
USDKRW,07/07/2026,1514.09,1513.9,1514.28,1531.8,1528.7,1510.05,1513.9,
CNHKRW,07/07/2026,224.745,224.58,224.91,225.7,225.07,223.48,224.58,
CNHPHP,07/07/2026,9.02995,9.0266,9.0333,9.0398,9.028,9.0222,9.0266,
USDTHB,07/07/2026,33.345,33.32,33.37,33.4,33.27,33.21,33.32,
CNHTHB,07/07/2026,4.9003,4.8998,4.9008,4.9063,4.8984,4.8895,4.8998,
CNYTHB,07/07/2026,4.9,4.8955,4.9045,4.9063,4.9046,4.8948,4.8955,4.9026
CNHINR,07/07/2026,13.95858,13.9567,13.96046,14.05026,14.03971,13.95239,13.9567,
CNHIDR,07/07/2026,2644.155,2643.34,2644.97,2648.79,2631.35,2631.35,2643.34,
AUDCNH,07/07/2026,4.7144,4.7134,4.7154,4.7261,4.716,4.7099,4.7134,
AUDCNY,07/07/2026,4.70885,4.7057,4.712,4.7262,4.7221,4.7023,4.7057,4.7265
NZDCNH,07/07/2026,3.8633,3.8623,3.8643,3.8724,3.8672,3.86,3.8623,
NZDCNY,07/07/2026,3.859,3.8577,3.8603,3.875,3.8697,3.853,3.8577,3.8742
EURZAR,07/07/2026,18.5838,18.5677,18.5999,18.617,18.528,18.5067,18.5677,
ZARCNY,07/07/2026,0.41695,0.4167,0.4172,0.4196,0.4192,0.416,0.4167,0.419569
CNHKZT,07/07/2026,69.1117,69.0619,69.1615,69.6354,69.5186,68.9966,69.0619,
HKDCNY,07/07/2026,0.86641,0.86631,0.86651,0.86699,0.86645,0.86524,0.86631,0.86776
SGDCNY,07/07/2026,5.2558,5.2532,5.2584,5.264,5.2575,5.2503,5.2532,5.2607
CHFCNY,07/07/2026,8.4081,8.4035,8.4127,8.4472,8.4367,8.3952,8.4035,8.443
CADCNY,07/07/2026,4.78445,4.7834,4.7855,4.7895,4.7834,4.7739,4.7834,4.7814
MYRCNY,07/07/2026,1.6693,1.6679,1.6707,1.6683,1.664,1.6613,1.6679,1.66539
RUBCNY,07/07/2026,0.08885,0.0888,0.0889,0.0895,0.0881,0.088,0.0888,0.088155
KRWCNY,07/07/2026,0.00449,0.00449,0.00449,0.0045,0.00444,0.00444,0.00449,0.004442
AEDCNY,07/07/2026,1.84985,1.8496,1.8501,1.8514,1.8502,1.8475,1.8496,1.849352
SARCNY,07/07/2026,1.8096,1.8093,1.8099,1.8106,1.8096,1.8066,1.8093,1.808645
TRYCNY,07/07/2026,0.14505,0.145,0.1451,0.1453,0.1451,0.1448,0.145,0.145131
MXNCNY,07/07/2026,0.3879,0.3877,0.3881,0.391,0.3903,0.3871,0.3877,0.39116
EURUSD,07/07/2026,1.14125,1.1411,1.1414,1.1447,1.1441,1.1407,1.1411,
USDRUB,07/07/2026,76.46,76.45,76.47,77.0955,77.0955,75.9705,76.45,
USDCZK,07/07/2026,21.237,21.22,21.254,21.246,21.112,21.078,21.22,
USDBDT,07/07/2026,123.25,122.75,123.75,122.85,122.85,122.75,122.75,
AUDUSD,07/07/2026,0.69285,0.6928,0.6929,0.696,0.6946,0.692,0.6928,
EURCNH,07/07/2026,7.76455,7.764,7.7651,7.7763,7.7723,7.7615,7.764,
EURCNY,07/07/2026,7.75575,7.7535,7.758,7.774,7.7713,7.7457,7.7535,7.7756
GBPCNY,07/07/2026,9.07925,9.075,9.0835,9.1005,9.0938,9.0595,9.075,9.1037
GBPUSD,07/07/2026,1.3356,1.3352,1.336,1.3401,1.3388,1.3346,1.3352,
USDCHF,07/07/2026,0.80805,0.8077,0.8084,0.8088,0.8052,0.8044,0.8077,
USDCNH,07/07/2026,6.8037,6.8035,6.8039,6.8049,6.7937,6.7884,6.8035,
CNHCNY,07/07/2026,0.9986,0.9985,0.9987,1.0005,1.0002,0.9981,0.9985,
THBCNY,07/07/2026,0.203755,0.20358,0.20393,0.20436,0.20408,0.20337,0.20358,0.203973
INRCNY,07/07/2026,7.154,7.1525,7.1555,7.154,7.116,7.1131,7.1525,
IDRCNY,07/07/2026,0.037795,0.03778,0.03781,0.0378,0.03773,0.03768,0.03778,
BRLCNY,07/07/2026,1.317,1.3167,1.3173,1.3265,1.3248,1.3154,1.3167,
ARSCNY,07/08/2026,0.0046,0.0046,0.0046,0.0046,0.0046,0.0045,0.0046,
PHPCNY,07/08/2026,0.110575,0.11051,0.11064,0.11061,0.11053,0.11022,0.11051,
NGNCNY,07/08/2026,0.00494,0.00493,0.00495,0.00496,0.00493,0.00492,0.00493,
BDTCNY,07/08/2026,0.0552,0.05497,0.05543,0.05498,0.05495,0.05491,0.05497,
PENCNY,07/08/2026,1.995,1.99,2,2,2,1.99,1.99,
KZTCNY,07/08/2026,14.50545,14.4938,14.5171,14.5492,14.4356,14.4298,14.4938,
UGXCNY,07/08/2026,0.18485,0.1846,0.1851,0.1858,0.1853,0.1833,0.1846,
TZSCNY,07/08/2026,0.25885,0.257,0.2607,0.2572,0.2571,0.2568,0.257,
CLPCNY,07/08/2026,0.0728,0.0727,0.0729,0.0732,0.073,0.0724,0.0727,
VNDCNY,07/08/2026,2.5872,2.5868,2.5876,2.5871,2.581,2.581,2.5868,
RSDCNY,07/08/2026,0.6616,0.6606,0.6626,0.6627,0.6606,0.6585,0.6606,
UZSCNY,07/08/2026,0.5667,0.5664,0.567,0.5664,0.5649,0.5641,0.5664,
GHSCNY,07/08/2026,0.59545,0.5941,0.5968,0.5968,0.5933,0.5886,0.5941,
GNFCNY,07/08/2026,0.7757,0.773,0.7784,0.7731,0.772,0.7684,0.773,
KESCNY,07/08/2026,0.05265,0.0526,0.0527,0.0526,0.0525,0.0525,0.0526,
ZMWCNY,07/08/2026,0.37225,0.3717,0.3728,0.3737,0.3639,0.3637,0.3717,
DJFCNY,07/08/2026,0.38205,0.381,0.3831,0.381,0.3805,0.3805,0.381,
MADCNY,07/08/2026,0.7265,0.7261,0.7269,0.7277,0.7251,0.7245,0.7261,
USDCNY,07/08/2026,6.80325,6.8025,6.804,6.8036,6.7997,6.7954,6.8025,
USDRSD,07/08/2026,102.83,102.68,102.98,102.93,102.75,102.5,102.68,
USDUZS,07/08/2026,12004.75,11999.75,12009.75,12016.32,12016.32,11980,11999.75,
USDKZT,07/08/2026,469.015,468.69,469.34,470.72,470.55,467.09,468.69,
USDXOF,07/08/2026,574,570.5,577.5,570.5,570.5,570,570.5,
EURXOF,07/08/2026,673.501,666.877,680.125,666.982,665.745,665.745,666.877,
USDGNF,07/08/2026,8770.5,8741,8800,8750,8741,8741,8741,
EURGNF,07/08/2026,10012.41,9976.98,10047.84,9991.84,9974.36,9956,9976.98,
USDGHS,07/08/2026,11.425,11.4,11.45,11.43,11.4,11.25,11.4,
USDKES,07/08/2026,129.25,129.15,129.35,129.2,129.1,128.95,129.15,
USDUGX,07/08/2026,3680,3675,3685,3700,3657.05,3647,3675,
USDDJF,07/08/2026,178.075,177.6,178.55,177.6,177.6,177.55,177.6,
USDCAD,07/08/2026,1.41725,1.4171,1.4174,1.421,1.4195,1.4153,1.4171,
USDEUR,07/08/2026,0.87595,0.8758,0.8761,0.8778,0.8761,0.8747,0.8758,
USDHKD,07/08/2026,7.83925,7.8392,7.8393,7.8429,7.8414,7.8378,7.8392,
EURHKD,07/08/2026,8.9493,8.9463,8.9523,8.9619,8.9482,8.9278,8.9463,
USDAUD,07/08/2026,1.4431,1.4428,1.4434,1.4478,1.4432,1.4388,1.4428,
USDVND,07/08/2026,26295,26294,26296,26305,26289,26285,26294,
USDARS,07/08/2026,1487.5,1487,1488,1494.5,1490,1487,1487,
USDZAR,07/08/2026,16.41625,16.4073,16.4252,16.4828,16.286,16.2457,16.4073,
USDAOA,07/08/2026,919.543,912.843,926.243,913,913,912,912.843,
EURAOA,07/08/2026,1049.75,1041.92,1057.58,1043.65,1041.82,1039.22,1041.92,
USDCDF,07/08/2026,2310,2270,2350,2270,2259,2235,2270,
USDZWG,07/08/2026,26.7748,25.4361,28.1135,26.1054,26.1054,25.4361,25.4361,
USDZMW,07/08/2026,18.275,18.25,18.3,18.39,18.3,18.15,18.25,
USDTRY,07/08/2026,46.846,46.841,46.851,46.8743,46.8315,46.7042,46.841,
USDTZS,07/08/2026,2628.5,2610,2647,2615,2610,2600,2610,
EURAUD,07/08/2026,1.6473,1.6469,1.6477,1.6507,1.6469,1.643,1.6469,
USDJPY,07/08/2026,162.59,162.58,162.6,162.7,162.09,162.05,162.58,
USDMAD,07/08/2026,9.3645,9.3605,9.3685,9.3783,9.3615,9.3355,9.3605,
USDBRL,07/08/2026,5.15075,5.1502,5.1513,5.1838,5.1589,5.1354,5.1502,
USDIDR,07/08/2026,17994,17990,17998,18012,17970,17970,17990,
USDINR,07/08/2026,95.56,95.55,95.57,95.6,95.1725,94.985,95.55,
USDCLP,07/08/2026,934.5,933.78,935.22,938.55,929.64,928.57,933.78,
USDAED,07/08/2026,3.6729,3.6728,3.673,3.6734,3.6728,3.6721,3.6728,
USDSAR,07/08/2026,3.7551,3.755,3.7552,3.755,3.7542,3.7532,3.755,
USDPHP,07/08/2026,61.526,61.498,61.554,61.607,61.418,61.385,61.498,
USDPEN,07/08/2026,3.4081,3.406,3.4102,3.412,3.397,3.3968,3.406,
USDMXN,07/08/2026,17.58135,17.5761,17.5866,17.647,17.49,17.4824,17.5761,
USDNGN,07/08/2026,1377.83,1375.83,1379.83,1377.89,1370.12,1369.53,1375.83,
USDMYR,07/08/2026,4.077,4.074,4.08,4.083,4.073,4.065,4.074,
USDSGD,07/08/2026,1.29385,1.2935,1.2942,1.2956,1.2924,1.2909,1.2935,
EURBRL,07/08/2026,5.8801,5.8784,5.8818,5.9082,5.8868,5.8554,5.8784,
EURTRY,07/08/2026,53.51805,53.4995,53.5366,53.5925,53.474,53.27,53.4995,
EURGBP,07/08/2026,0.8527,0.8526,0.8528,0.8555,0.8537,0.8517,0.8526,
ZARCNH,07/08/2026,0.41465,0.4144,0.4149,0.4185,0.4172,0.4129,0.4144,
ZARHKD,07/08/2026,0.47755,0.4773,0.4778,0.4823,0.4809,0.4753,0.4773,
AUDNZD,07/08/2026,1.2158,1.2156,1.216,1.2201,1.2201,1.2129,1.2156,
CZKCNY,07/08/2026,0.3201,0.3199,0.3203,0.3206,0.3196,0.319,0.3199,
JPYCNH,07/08/2026,0.0418625,0.041859,0.041866,0.041979,0.041966,0.041836,0.041859,
JPYCNY,07/08/2026,0.041853,0.041843,0.041863,0.041933,0.041908,0.041803,0.041843,
GBPCNH,07/08/2026,9.0837,9.0832,9.0842,9.0884,9.0796,9.0788,9.0832,
CNHRUB,07/08/2026,11.2835,11.28251,11.28449,11.31501,11.2362,11.18915,11.28251,
CNHMYR,07/08/2026,0.599,0.5985,0.5995,0.6,0.5977,0.5975,0.5985,
USDKRW,07/08/2026,1505.45,1504.85,1506.05,1522.1,1513.84,1497.8,1504.85,
CNHKRW,07/08/2026,220.365,220.32,220.41,223.61,223.22,220.18,220.32,
CNHPHP,07/08/2026,9.0285,9.0252,9.0318,9.0287,9.0263,9.0232,9.0252,
USDTHB,07/08/2026,33.46,33.44,33.48,33.53,33.32,33.29,33.44,
CNHTHB,07/08/2026,4.916,4.9155,4.9165,4.9242,4.8987,4.8968,4.9155,
CNYTHB,07/08/2026,4.92675,4.9222,4.9313,4.9237,4.8919,4.8892,4.9222,
CNHINR,07/08/2026,14.03973,14.03785,14.04161,14.04911,13.9567,13.94768,14.03785,
CNHIDR,07/08/2026,2647.5,2646,2649,2648,2631.35,2631.35,2646,
AUDCNH,07/08/2026,4.7172,4.7168,4.7176,4.7171,4.7126,4.7076,4.7168,
AUDCNY,07/08/2026,4.7169,4.7145,4.7193,4.722,4.707,4.695,4.7145,
NZDCNH,07/08/2026,3.8676,3.8672,3.868,3.8672,3.8576,3.8576,3.8672,
NZDCNY,07/08/2026,3.8791,3.8782,3.88,3.8874,3.8571,3.853,3.8782,
EURZAR,07/08/2026,18.741,18.7255,18.7565,18.7884,18.5864,18.5448,18.7255,
ZARCNY,07/08/2026,0.41445,0.4142,0.4147,0.4181,0.4166,0.4125,0.4142,
CNHKZT,07/08/2026,68.90795,68.8582,68.9577,69.2286,69.1589,68.692,68.8582,
HKDCNY,07/08/2026,0.867845,0.86774,0.86795,0.86778,0.86618,0.86613,0.86774,
SGDCNY,07/08/2026,5.2581,5.2561,5.2601,5.2633,5.2536,5.2483,5.2561,
CHFCNY,07/08/2026,8.4178,8.4148,8.4208,8.4296,8.4025,8.3868,8.4148,
CADCNY,07/08/2026,4.80035,4.7993,4.8014,4.8033,4.7841,4.78,4.7993,
MYRCNY,07/08/2026,1.6687,1.6673,1.6701,1.6696,1.6618,1.661,1.6673,
RUBCNY,07/08/2026,0.0886,0.0886,0.0886,0.0893,0.0888,0.0883,0.0886,
KRWCNY,07/08/2026,0.00452,0.00452,0.00452,0.00454,0.00449,0.00446,0.00452,
AEDCNY,07/08/2026,1.85225,1.852,1.8525,1.8525,1.8496,1.8493,1.852,
SARCNY,07/08/2026,1.81175,1.8115,1.812,1.812,1.8093,1.8093,1.8115,
TRYCNY,07/08/2026,0.14525,0.1452,0.1453,0.1452,0.145,0.1446,0.1452,
MXNCNY,07/08/2026,0.38695,0.3868,0.3871,0.3886,0.3876,0.3854,0.3868,
EURUSD,07/08/2026,1.1416,1.1414,1.1418,1.1431,1.1411,1.139,1.1414,
USDRUB,07/08/2026,76.8,76.7955,76.8045,76.95,76.45,76.1455,76.7955,
USDCZK,07/08/2026,21.253,21.243,21.263,21.312,21.217,21.189,21.243,
USDBDT,07/08/2026,123.25,122.75,123.75,122.85,122.85,122.75,122.75,
AUDUSD,07/08/2026,0.69295,0.6928,0.6931,0.6946,0.6928,0.6905,0.6928,
EURCNH,07/08/2026,7.7713,7.7695,7.7731,7.7755,7.7642,7.7532,7.7695,
EURCNY,07/08/2026,7.77005,7.7679,7.7722,7.7781,7.7529,7.744,7.7679,
GBPCNY,07/08/2026,9.1122,9.1085,9.1159,9.1235,9.0709,9.0589,9.1085,
GBPUSD,07/08/2026,1.33885,1.3386,1.3391,1.341,1.3351,1.3319,1.3386,
USDCHF,07/08/2026,0.8082,0.808,0.8084,0.8107,0.8081,0.8061,0.808,
USDCNH,07/08/2026,6.8064,6.8062,6.8066,6.8102,6.8035,6.7973,6.8062,
CNHCNY,07/08/2026,0.99955,0.9994,0.9997,0.9998,0.9985,0.998,0.9994,
THBCNY,07/08/2026,0.203325,0.20318,0.20347,0.2038,0.20358,0.2027,0.20318,
INRCNY,07/08/2026,7.11935,7.1178,7.1209,7.1632,7.1591,7.1123,7.1178,
IDRCNY,07/08/2026,0.03781,0.0378,0.03782,0.03784,0.03782,0.03772,0.0378,
BRLCNY,07/08/2026,1.3208,1.3205,1.3211,1.3239,1.3166,1.3115,1.3205,
ARSCNY,07/09/2026,0.0046,0.0046,0.0046,0.0046,0.0046,0.0046,0.0046,
PHPCNY,07/09/2026,0.1102,0.11015,0.11025,0.11061,0.1105,0.11015,0.11015,
NGNCNY,07/09/2026,0.004935,0.00493,0.00494,0.00494,0.00493,0.00491,0.00493,
BDTCNY,07/09/2026,0.05512,0.05489,0.05535,0.05496,0.05495,0.05489,0.05489,
PENCNY,07/09/2026,2,2,2,2,1.99,1.99,2,
KZTCNY,07/09/2026,14.57615,14.5738,14.5785,14.5806,14.4941,14.4642,14.5738,
UGXCNY,07/09/2026,0.18435,0.1841,0.1846,0.1849,0.1846,0.1834,0.1841,
TZSCNY,07/09/2026,0.2582,0.2564,0.26,0.257,0.2569,0.2564,0.2564,
CLPCNY,07/09/2026,0.07325,0.0732,0.0733,0.0733,0.0727,0.0725,0.0732,
VNDCNY,07/09/2026,2.5833,2.5825,2.5841,2.5855,2.585,2.5825,2.5825,
RSDCNY,07/09/2026,0.6617,0.661,0.6624,0.6629,0.6611,0.66,0.661,
UZSCNY,07/09/2026,0.5655,0.5652,0.5658,0.5664,0.5664,0.5631,0.5652,
GHSCNY,07/09/2026,0.59455,0.5932,0.5959,0.596,0.5941,0.5882,0.5932,
GNFCNY,07/09/2026,0.7745,0.7718,0.7772,0.773,0.773,0.7683,0.7718,
KESCNY,07/09/2026,0.05255,0.0525,0.0526,0.0526,0.0526,0.0525,0.0525,
ZMWCNY,07/09/2026,0.3729,0.3685,0.3773,0.3765,0.3716,0.3685,0.3685,
DJFCNY,07/09/2026,0.38145,0.3804,0.3825,0.381,0.381,0.3803,0.3804,
MADCNY,07/09/2026,0.7261,0.7257,0.7265,0.7275,0.7261,0.7248,0.7257,
USDCNY,07/09/2026,6.79285,6.7921,6.7936,6.8011,6.8,6.7921,6.7921,6.8036
USDRSD,07/09/2026,102.655,102.56,102.75,102.73,102.68,102.35,102.56,
USDUZS,07/09/2026,12012.21,12007.21,12017.21,12007.21,11999.75,11973,12007.21,
USDKZT,07/09/2026,466.025,466,466.05,469.45,468.68,466,466,
USDXOF,07/09/2026,573.5,570,577,571.81,570.5,570,570,
EURXOF,07/09/2026,673.5,666.982,680.018,666.983,666.06,666.06,666.982,
USDGNF,07/09/2026,8770.5,8741,8800,8750,8741,8732.26,8741,
EURGNF,07/09/2026,10025.12,9990.96,10059.28,10008.25,9976.98,9975.23,9990.96,
USDGHS,07/09/2026,11.425,11.4,11.45,11.46,11.4,11.25,11.4,
USDKES,07/09/2026,129.25,129.15,129.35,129.2,129.2,128.9,129.15,
USDUGX,07/09/2026,3684.43,3679.43,3689.43,3695,3675,3665,3679.43,
USDDJF,07/09/2026,178.075,177.6,178.55,177.6,177.6,177.4,177.6,
USDCAD,07/09/2026,1.4168,1.4167,1.4169,1.4189,1.417,1.4151,1.4167,
USDEUR,07/09/2026,0.87485,0.8748,0.8749,0.8759,0.8754,0.8733,0.8748,
USDHKD,07/09/2026,7.83595,7.8357,7.8362,7.8399,7.8393,7.835,7.8357,
EURHKD,07/09/2026,8.95645,8.9562,8.9567,8.9733,8.9473,8.9464,8.9562,
USDAUD,07/09/2026,1.4407,1.4403,1.4411,1.4438,1.4428,1.4391,1.4403,
USDVND,07/09/2026,26295,26290,26300,26306,26289,26289,26290,
USDARS,07/09/2026,1487.5,1487,1488,1487,1487,1487,1487,
USDZAR,07/09/2026,16.3276,16.3205,16.3347,16.4213,16.4092,16.2989,16.3205,
USDAOA,07/09/2026,919.543,912.843,926.243,912.843,912.843,912,912.843,
EURAOA,07/09/2026,1051.085,1043.38,1058.79,1045.11,1042.65,1041.74,1043.38,
USDCDF,07/09/2026,2299,2248,2350,2270,2270,2245.7,2248,
USDZWG,07/09/2026,27.29245,25.9546,28.6303,26.0884,26.0884,25.8208,25.9546,
USDZMW,07/09/2026,18.219,18.006,18.432,18.325,18.2,18,18.006,
USDTRY,07/09/2026,46.9173,46.9123,46.9223,46.923,46.8457,46.6407,46.9123,
USDTZS,07/09/2026,2631,2613,2649,2613,2607,2605,2613,
EURAUD,07/09/2026,1.64675,1.6466,1.6469,1.6491,1.6476,1.6459,1.6466,
USDJPY,07/09/2026,162.385,162.37,162.4,162.62,162.58,162.23,162.37,
USDMAD,07/09/2026,9.3555,9.3515,9.3595,9.3685,9.3633,9.3343,9.3515,
USDBRL,07/09/2026,5.1161,5.1156,5.1166,5.1555,5.1506,5.1118,5.1156,
USDIDR,07/09/2026,18075,18070,18080,18095,18050,18050,18070,
USDINR,07/09/2026,95.39,95.38,95.4,95.5675,95.55,95.275,95.38,
USDCLP,07/09/2026,927.69,927.24,928.14,935.43,933.78,925.04,927.24,
USDAED,07/09/2026,3.6729,3.6728,3.673,3.6729,3.6728,3.6723,3.6728,
USDSAR,07/09/2026,3.7542,3.7541,3.7543,3.755,3.755,3.7525,3.7541,
USDPHP,07/09/2026,61.642,61.621,61.663,61.621,61.509,61.458,61.621,
USDPEN,07/09/2026,3.401,3.3989,3.4031,3.4087,3.4072,3.3936,3.3989,
USDMXN,07/09/2026,17.54705,17.5418,17.5523,17.5764,17.5761,17.5217,17.5418,
USDNGN,07/09/2026,1377.82,1376.57,1379.07,1378.88,1375.83,1372.97,1376.57,
USDMYR,07/09/2026,4.077,4.074,4.08,4.08,4.07,4.07,4.074,
USDSGD,07/09/2026,1.2923,1.2918,1.2928,1.2941,1.2934,1.291,1.2918,
EURBRL,07/09/2026,5.84795,5.8471,5.8488,5.8975,5.8789,5.8437,5.8471,
EURTRY,07/09/2026,53.7441,53.7272,53.761,53.7839,53.5032,53.31,53.7272,
EURGBP,07/09/2026,0.8524,0.8521,0.8527,0.854,0.8526,0.8516,0.8521,
ZARCNH,07/09/2026,0.4163,0.4161,0.4165,0.4166,0.4144,0.414,0.4161,
ZARHKD,07/09/2026,0.4799,0.4797,0.4801,0.4805,0.4773,0.4771,0.4797,
AUDNZD,07/09/2026,1.20595,1.2055,1.2064,1.2152,1.215,1.2043,1.2055,
CZKCNY,07/09/2026,0.32015,0.3199,0.3204,0.3207,0.3199,0.3194,0.3199,
JPYCNH,07/09/2026,0.0418555,0.04185,0.041861,0.041902,0.041859,0.041819,0.04185,
JPYCNY,07/09/2026,0.0418295,0.041817,0.041842,0.041873,0.041851,0.041802,0.041817,0.041863
GBPCNH,07/09/2026,9.11315,9.1119,9.1144,9.1186,9.1173,9.0972,9.1119,
CNHRUB,07/09/2026,11.20544,11.20364,11.20724,11.29478,11.28251,11.15473,11.20364,
CNHMYR,07/09/2026,0.59985,0.5994,0.6003,0.5999,0.5985,0.5981,0.5994,
USDKRW,07/09/2026,1505.58,1505.11,1506.05,1514.2,1503.72,1496.6,1505.11,
CNHKRW,07/09/2026,221.58,221.54,221.62,221.69,220.71,219.86,221.54,
CNHPHP,07/09/2026,9.06245,9.059,9.0659,9.0686,9.0589,9.0557,9.059,
USDTHB,07/09/2026,33.38,33.36,33.4,33.56,33.44,33.33,33.36,
CNHTHB,07/09/2026,4.9112,4.9107,4.9117,4.9281,4.9147,4.9078,4.9107,
CNYTHB,07/09/2026,4.9159,4.9114,4.9204,4.9327,4.9261,4.9074,4.9114,4.9209
CNHINR,07/09/2026,14.034755,14.03287,14.03664,14.05312,14.03785,14.01515,14.03287,
CNHIDR,07/09/2026,2667,2665,2669,2665,2638.79,2631.35,2665,
AUDCNH,07/09/2026,4.71755,4.7168,4.7183,4.7196,4.714,4.7119,4.7168,
AUDCNY,07/09/2026,4.7145,4.7123,4.7167,4.7193,4.7145,4.6955,4.7123,4.715
NZDCNH,07/09/2026,3.91115,3.9101,3.9122,3.9157,3.8969,3.8958,3.9101,
NZDCNY,07/09/2026,3.90925,3.9082,3.9103,3.9131,3.8782,3.8633,3.9082,3.8854
EURZAR,07/09/2026,18.6607,18.6482,18.6732,18.7567,18.7279,18.6413,18.6482,
ZARCNY,07/09/2026,0.4161,0.4159,0.4163,0.4164,0.4142,0.4137,0.4159,0.414611
CNHKZT,07/09/2026,68.5664,68.5607,68.5721,69.0429,68.8582,68.5294,68.5607,
HKDCNY,07/09/2026,0.866885,0.86676,0.86701,0.86795,0.86762,0.8665,0.86676,0.86791
SGDCNY,07/09/2026,5.2564,5.2538,5.259,5.2622,5.2565,5.2497,5.2538,5.2585
CHFCNY,07/09/2026,8.41745,8.4134,8.4215,8.4362,8.42,8.3992,8.4134,8.4171
CADCNY,07/09/2026,4.79415,4.7933,4.795,4.8037,4.7989,4.7868,4.7933,4.7999
MYRCNY,07/09/2026,1.66615,1.6647,1.6676,1.6681,1.6673,1.6636,1.6647,1.669059
RUBCNY,07/09/2026,0.0892,0.0892,0.0892,0.0896,0.0885,0.0885,0.0892,0.088641
KRWCNY,07/09/2026,0.00451,0.00451,0.00451,0.00454,0.00452,0.00448,0.00451,0.00452
AEDCNY,07/09/2026,1.84945,1.8492,1.8497,1.8522,1.852,1.8488,1.8492,1.851955
SARCNY,07/09/2026,1.8094,1.8092,1.8096,1.8115,1.8115,1.8086,1.8092,1.811693
TRYCNY,07/09/2026,0.14485,0.1448,0.1449,0.1452,0.1452,0.1439,0.1448,0.145186
MXNCNY,07/09/2026,0.38715,0.387,0.3873,0.3876,0.3868,0.3864,0.387,0.387252
EURUSD,07/09/2026,1.143,1.1428,1.1432,1.1449,1.1422,1.1412,1.1428,
USDRUB,07/09/2026,76.16,76.15,76.17,76.6455,76.55,75.8455,76.15,
USDCZK,07/09/2026,21.2195,21.206,21.233,21.245,21.242,21.168,21.206,
USDBDT,07/09/2026,123.25,122.75,123.75,122.85,122.85,122.75,122.75,
AUDUSD,07/09/2026,0.69405,0.694,0.6941,0.6947,0.6928,0.692,0.694,
EURCNH,07/09/2026,7.76785,7.7661,7.7696,7.7807,7.7695,7.7643,7.7661,
EURCNY,07/09/2026,7.76385,7.7621,7.7656,7.7787,7.7672,7.746,7.7621,7.7696
GBPCNY,07/09/2026,9.10705,9.1033,9.1108,9.1246,9.1105,9.0803,9.1033,9.1098
GBPUSD,07/09/2026,1.34085,1.3405,1.3412,1.343,1.3386,1.3374,1.3405,
USDCHF,07/09/2026,0.807,0.8067,0.8073,0.8087,0.8076,0.8051,0.8067,
USDCNH,07/09/2026,6.7958,6.7948,6.7968,6.8068,6.8062,6.7923,6.7948,
CNHCNY,07/09/2026,0.99945,0.9993,0.9996,1.0001,0.9994,0.999,0.9993,
THBCNY,07/09/2026,0.203505,0.20336,0.20365,0.20354,0.20318,0.20242,0.20336,0.203215
INRCNY,07/09/2026,7.12115,7.1196,7.1227,7.1296,7.1152,7.1106,7.1196,
IDRCNY,07/09/2026,0.037585,0.03757,0.0376,0.03779,0.03778,0.03754,0.03757,
BRLCNY,07/09/2026,1.32775,1.3275,1.328,1.3284,1.3207,1.3175,1.3275,
ARSCNY,07/10/2026,0.0046,0.0046,0.0046,0.0046,0.0046,0.0046,0.0046,
PHPCNY,07/10/2026,0.110125,0.11008,0.11017,0.11034,0.11015,0.10991,0.11008,
NGNCNY,07/10/2026,0.004915,0.00491,0.00492,0.00493,0.00492,0.0049,0.00491,
BDTCNY,07/10/2026,0.054985,0.05476,0.05521,0.05489,0.05489,0.05474,0.05476,
PENCNY,07/10/2026,2,2,2,2,2,1.99,2,
KZTCNY,07/10/2026,14.2755,14.265,14.286,14.6244,14.5426,14.2107,14.265,
UGXCNY,07/10/2026,0.18405,0.1838,0.1843,0.1843,0.1841,0.183,0.1838,
TZSCNY,07/10/2026,0.2577,0.2557,0.2597,0.2564,0.2564,0.2548,0.2557,
CLPCNY,07/10/2026,0.0733,0.0732,0.0734,0.0734,0.0732,0.073,0.0732,
VNDCNY,07/10/2026,2.57995,2.5792,2.5807,2.5833,2.5829,2.5765,2.5792,
RSDCNY,07/10/2026,0.65915,0.6585,0.6598,0.6625,0.6606,0.6578,0.6585,
UZSCNY,07/10/2026,0.5612,0.5609,0.5615,0.5653,0.5652,0.56,0.5609,
GHSCNY,07/10/2026,0.5911,0.5903,0.5919,0.5972,0.5922,0.5843,0.5903,
GNFCNY,07/10/2026,0.7727,0.7701,0.7753,0.7719,0.7718,0.7665,0.7701,
KESCNY,07/10/2026,0.05245,0.0524,0.0525,0.0525,0.0525,0.0523,0.0524,
ZMWCNY,07/10/2026,0.37595,0.3754,0.3765,0.3756,0.3685,0.3676,0.3754,
DJFCNY,07/10/2026,0.38055,0.3795,0.3816,0.3805,0.3804,0.3794,0.3795,
MADCNY,07/10/2026,0.7252,0.7248,0.7256,0.7274,0.7257,0.7237,0.7248,
USDCNY,07/10/2026,6.77695,6.7766,6.7773,6.7931,6.7931,6.7741,6.7766,6.7989
USDRSD,07/10/2026,102.815,102.72,102.91,102.8,102.51,102.24,102.72,
USDUZS,07/10/2026,12075.98,12070.98,12080.98,12070.98,12007.21,11975,12070.98,
USDKZT,07/10/2026,474.535,474.21,474.86,476.64,466.4,463.58,474.21,
USDXOF,07/10/2026,573.5,570,577,571,570,570,570,
EURXOF,07/10/2026,673.5005,666.953,680.048,666.983,666.417,666.417,666.953,
USDGNF,07/10/2026,8770.5,8741,8800,8750,8741,8741,8741,
EURGNF,07/10/2026,10010.21,9976.1,10044.32,10024,9989.21,9973.48,9976.1,
USDGHS,07/10/2026,11.465,11.45,11.48,11.46,11.45,11.3,11.45,
USDKES,07/10/2026,129.25,129.15,129.35,129.4,129.1,129,129.15,
USDUGX,07/10/2026,3682.86,3677.86,3687.86,3695,3679.43,3670,3677.86,
USDDJF,07/10/2026,178.075,177.6,178.55,177.6,177.6,177.55,177.6,
USDCAD,07/10/2026,1.41565,1.4153,1.416,1.4174,1.4173,1.4115,1.4153,
USDEUR,07/10/2026,0.87615,0.8761,0.8762,0.8763,0.8747,0.8724,0.8761,
USDHKD,07/10/2026,7.8397,7.8396,7.8398,7.8407,7.8355,7.8341,7.8396,
EURHKD,07/10/2026,8.9478,8.9448,8.9508,8.9823,8.9562,8.9436,8.9448,
USDAUD,07/10/2026,1.4383,1.4378,1.4388,1.4422,1.4407,1.4341,1.4378,
USDVND,07/10/2026,26267.5,26261,26274,26300,26284,26254,26261,
USDARS,07/10/2026,1487.5,1487,1488,1487,1487,1487,1487,
USDZAR,07/10/2026,16.3617,16.3467,16.3767,16.3555,16.3205,16.2575,16.3467,
USDAOA,07/10/2026,919.543,912.843,926.243,912.843,912.843,912,912.843,
EURAOA,07/10/2026,1049.52,1041.83,1057.21,1046.12,1043.2,1040.87,1041.83,
USDCDF,07/10/2026,2299,2248,2350,2262,2248,2248,2248,
USDZWG,07/10/2026,27.2502,25.9144,28.586,25.9144,25.7808,25.7808,25.9144,
USDZMW,07/10/2026,18.025,18,18.05,18.15,18.05,18,18,
USDTRY,07/10/2026,46.97705,46.9627,46.9914,46.9923,46.9021,46.6826,46.9627,
USDTZS,07/10/2026,2630,2610,2650,2620,2610,2600,2610,
EURAUD,07/10/2026,1.6415,1.641,1.642,1.6485,1.6471,1.641,1.641,
USDJPY,07/10/2026,161.695,161.69,161.7,162.42,162.37,161.26,161.69,
USDMAD,07/10/2026,9.33205,9.3295,9.3346,9.3609,9.3515,9.3087,9.3295,
USDBRL,07/10/2026,5.10945,5.1089,5.11,5.1267,5.1154,5.0975,5.1089,
USDIDR,07/10/2026,18050,18045,18055,18075,18060,18045,18045,
USDINR,07/10/2026,95.33,95.32,95.34,95.415,95.38,95.22,95.32,
USDCLP,07/10/2026,924.86,923.82,925.9,927.59,927.24,921.96,923.82,
USDAED,07/10/2026,3.6729,3.6728,3.673,3.673,3.6725,3.6723,3.6728,
USDSAR,07/10/2026,3.7545,3.7543,3.7547,3.7547,3.7541,3.7525,3.7543,
USDPHP,07/10/2026,61.539,61.518,61.56,61.622,61.622,61.463,61.518,
USDPEN,07/10/2026,3.3924,3.3905,3.3943,3.399,3.3968,3.3875,3.3905,
USDMXN,07/10/2026,17.471,17.465,17.477,17.5439,17.5418,17.455,17.465,
USDNGN,07/10/2026,1378.335,1377.46,1379.21,1378.3,1378.16,1372.97,1377.46,
USDMYR,07/10/2026,4.07,4.067,4.073,4.072,4.07,4.06,4.067,
USDSGD,07/10/2026,1.29175,1.2914,1.2921,1.2925,1.2919,1.2891,1.2914,
EURBRL,07/10/2026,5.8317,5.8308,5.8326,5.8627,5.8461,5.8257,5.8308,
EURTRY,07/10/2026,53.6106,53.6091,53.6121,53.8547,53.7451,53.3464,53.6091,
EURGBP,07/10/2026,0.8519,0.8516,0.8522,0.8527,0.8527,0.8506,0.8516,
ZARCNH,07/10/2026,0.41455,0.4141,0.415,0.4167,0.416,0.4141,0.4141,
ZARHKD,07/10/2026,0.47915,0.4787,0.4796,0.4816,0.4796,0.4787,0.4787,
AUDNZD,07/10/2026,1.2064,1.2059,1.2069,1.2061,1.2055,1.201,1.2059,
CZKCNY,07/10/2026,0.3189,0.3186,0.3192,0.3206,0.3198,0.3185,0.3186,
JPYCNH,07/10/2026,0.0419455,0.041938,0.041953,0.04204,0.04185,0.041807,0.041938,
JPYCNY,07/10/2026,0.0419005,0.041887,0.041914,0.042025,0.041817,0.041783,0.041887,0.041876
GBPCNH,07/10/2026,9.0882,9.084,9.0924,9.1211,9.1069,9.0828,9.084,
CNHRUB,07/10/2026,11.35308,11.35074,11.35542,11.35962,11.2038,11.18321,11.35074,
CNHMYR,07/10/2026,0.6001,0.5996,0.6006,0.6002,0.5994,0.5983,0.5996,
USDKRW,07/10/2026,1499.15,1498.85,1499.45,1513.24,1505.8,1497.98,1498.85,
CNHKRW,07/10/2026,221.35,221.27,221.43,222.9,221.46,220.88,221.27,
CNHPHP,07/10/2026,9.0738,9.0704,9.0772,9.0808,9.0657,9.0569,9.0704,
USDTHB,07/10/2026,33.29,33.25,33.33,33.4,33.38,33.21,33.25,
CNHTHB,07/10/2026,4.9135,4.913,4.914,4.9163,4.9111,4.9029,4.913,
CNYTHB,07/10/2026,4.92715,4.9226,4.9317,4.9235,4.9158,4.9158,4.9226,4.9134
CNHINR,07/10/2026,14.055705,14.05216,14.05925,14.07176,14.03307,14.02998,14.05216,
CNHIDR,07/10/2026,2665,2663,2667,2666,2631.35,2631.35,2663,
AUDCNH,07/10/2026,4.7157,4.713,4.7184,4.7243,4.7123,4.7063,4.713,
AUDCNY,07/10/2026,4.71035,4.7073,4.7134,4.723,4.7123,4.6984,4.7073,4.7173
NZDCNH,07/10/2026,3.90815,3.9063,3.91,3.9265,3.8994,3.8994,3.9063,
NZDCNY,07/10/2026,3.90445,3.902,3.9069,3.9256,3.9075,3.8957,3.902,3.915
EURZAR,07/10/2026,18.5975,18.5925,18.6025,18.6711,18.6546,18.5881,18.5925,
ZARCNY,07/10/2026,0.4142,0.4138,0.4146,0.4168,0.4158,0.4138,0.4138,0.416701
CNHKZT,07/10/2026,69.9947,69.9365,70.0529,70.3092,68.5617,68.3303,69.9365,
HKDCNY,07/10/2026,0.86444,0.86438,0.8645,0.86691,0.86666,0.86399,0.86438,0.86754
SGDCNY,07/10/2026,5.2463,5.2446,5.248,5.2623,5.2526,5.2411,5.2446,5.2606
CHFCNY,07/10/2026,8.3816,8.3796,8.3836,8.4407,8.4217,8.3713,8.3796,8.4278
CADCNY,07/10/2026,4.78715,4.7857,4.7886,4.8,4.7936,4.7789,4.7857,4.797
MYRCNY,07/10/2026,1.6651,1.6638,1.6664,1.6699,1.665,1.6632,1.6638,1.668808
RUBCNY,07/10/2026,0.088,0.088,0.088,0.0894,0.0892,0.088,0.088,0.089249
KRWCNY,07/10/2026,0.00452,0.00452,0.00452,0.00452,0.00451,0.00447,0.00452,0.004506
AEDCNY,07/10/2026,1.84515,1.845,1.8453,1.8496,1.8489,1.8441,1.845,1.850755
SARCNY,07/10/2026,1.805,1.8048,1.8052,1.8094,1.8092,1.8041,1.8048,1.810676
TRYCNY,07/10/2026,0.14425,0.1442,0.1443,0.1448,0.1448,0.1439,0.1442,0.144814
MXNCNY,07/10/2026,0.3879,0.3877,0.3881,0.3879,0.387,0.3861,0.3877,0.387732
EURUSD,07/10/2026,1.14135,1.1413,1.1414,1.146,1.1428,1.141,1.1413,
USDRUB,07/10/2026,77,76.9955,77.0045,77,76.15,75.9955,76.9955,
USDCZK,07/10/2026,21.251,21.229,21.273,21.245,21.204,21.144,21.229,
USDBDT,07/10/2026,123.25,122.75,123.75,,,,122.75,
AUDUSD,07/10/2026,0.69525,0.695,0.6955,0.6969,0.694,0.6931,0.695,
EURCNH,07/10/2026,7.74135,7.7396,7.7431,7.7712,7.7675,7.7375,7.7396,
EURCNY,07/10/2026,7.7327,7.7301,7.7353,7.7679,7.7621,7.7281,7.7301,7.7712
GBPCNY,07/10/2026,9.08365,9.0793,9.088,9.1179,9.1047,9.0685,9.0793,9.1157
GBPUSD,07/10/2026,1.34075,1.3405,1.341,1.3451,1.3407,1.3389,1.3405,
USDCHF,07/10/2026,0.80855,0.8084,0.8087,0.8091,0.8062,0.8028,0.8084,
USDCNH,07/10/2026,6.7823,6.7813,6.7833,6.7965,6.7948,6.7751,6.7813,
CNHCNY,07/10/2026,0.9992,0.999,0.9994,1.0009,0.9993,0.9987,0.999,
THBCNY,07/10/2026,0.203575,0.20332,0.20383,0.20382,0.20342,0.20296,0.20332,0.203525
INRCNY,07/10/2026,7.10895,7.1078,7.1101,7.1206,7.1206,7.103,7.1078,
IDRCNY,07/10/2026,0.037545,0.03753,0.03756,0.03757,0.03757,0.03747,0.03753,
BRLCNY,07/10/2026,1.32635,1.3261,1.3266,1.3297,1.3275,1.3216,1.3261,
ARSCNY,07/13/2026,0.0046,0.0046,0.0046,0.0046,0.0046,0.0045,0.0046,
PHPCNY,07/13/2026,0.11007,0.11001,0.11013,0.11016,0.11016,0.10991,0.11001,
NGNCNY,07/13/2026,0.004915,0.00491,0.00492,0.00492,0.00491,0.00489,0.00491,
PENCNY,07/13/2026,1.99,1.99,1.99,2,2,1.99,1.99,
KZTCNY,07/13/2026,14.2926,14.2865,14.2987,14.3532,14.2431,14.1546,14.2865,
UGXCNY,07/13/2026,0.1841,0.1838,0.1844,0.1849,0.1838,0.1828,0.1838,
TZSCNY,07/13/2026,0.2573,0.2558,0.2588,0.2565,0.2559,0.2554,0.2558,
CLPCNY,07/13/2026,0.07265,0.0726,0.0727,0.0733,0.0733,0.0725,0.0726,
VNDCNY,07/13/2026,2.5824,2.5816,2.5832,2.5833,2.5774,2.5766,2.5816,
RSDCNY,07/13/2026,0.6576,0.6569,0.6583,0.6607,0.6589,0.6562,0.6569,
UZSCNY,07/13/2026,0.5607,0.5604,0.561,0.5617,0.5609,0.5601,0.5604,
GHSCNY,07/13/2026,0.5911,0.5905,0.5917,0.5948,0.5867,0.5845,0.5905,
GNFCNY,07/13/2026,0.7731,0.7704,0.7758,0.7711,0.7701,0.7665,0.7704,
KESCNY,07/13/2026,0.05245,0.0524,0.0525,0.0525,0.0524,0.0524,0.0524,
ZMWCNY,07/13/2026,0.37615,0.3756,0.3767,0.377,0.3757,0.3734,0.3756,
DJFCNY,07/13/2026,0.38075,0.3797,0.3818,0.3801,0.3795,0.3795,0.3797,
MADCNY,07/13/2026,0.72715,0.7257,0.7286,0.7298,0.7264,0.7251,0.7257,
USDCNY,07/13/2026,6.78025,6.7795,6.781,6.7859,6.781,6.7763,6.7795,6.7972
USDRSD,07/13/2026,103.11,103.01,103.21,103.12,102.79,102.37,103.01,
USDUZS,07/13/2026,12092.87,12087.87,12097.87,12087.88,12070.98,12070,12087.87,
USDKZT,07/13/2026,474.39,474.24,474.54,479.2,475.46,471.8,474.24,
USDXOF,07/13/2026,573,571,575,571,570,570,571,
EURXOF,07/13/2026,673.5,666.982,680.018,666.983,666.947,655.957,666.982,
USDGNF,07/13/2026,8770.5,8741,8800,8750,8741,8741,8741,
EURGNF,07/13/2026,9983.025,9948.13,10017.92,10004.07,9976.1,9944.64,9948.13,
USDGHS,07/13/2026,11.47,11.46,11.48,11.49,11.45,11.3,11.46,
USDKES,07/13/2026,129.25,129.15,129.35,129.2,129.2,128.9,129.15,
USDUGX,07/13/2026,3682.86,3677.86,3687.86,3700,3677.86,3660,3677.86,
USDDJF,07/13/2026,178.075,177.6,178.55,177.6,177.6,177.55,177.6,
USDCAD,07/13/2026,1.4155,1.4154,1.4156,1.4174,1.4147,1.4124,1.4154,
USDEUR,07/13/2026,0.87855,0.8784,0.8787,0.8789,0.8762,0.8736,0.8784,
USDHKD,07/13/2026,7.8377,7.8375,7.8379,7.8405,7.8396,7.8368,7.8375,
EURHKD,07/13/2026,8.92065,8.9168,8.9245,8.9721,8.9472,8.9147,8.9168,
USDAUD,07/13/2026,1.4455,1.4451,1.4459,1.4463,1.4384,1.4358,1.4451,
USDVND,07/13/2026,26255,26250,26260,26290,26290,26249,26250,
USDARS,07/13/2026,1483,1482,1484,1491,1486,1482,1482,
USDZAR,07/13/2026,16.4743,16.4634,16.4852,16.4742,16.3443,16.3034,16.4634,
USDAOA,07/13/2026,917,912,922,912.843,912.843,912,912,
EURAOA,07/13/2026,1043.775,1037.95,1049.6,1044.75,1041.55,1037.58,1037.95,
USDCDF,07/13/2026,2304,2258,2350,2258,2248,2248,2258,
USDZWG,07/13/2026,27.3515,26.0107,28.6923,26.1448,26.1448,25.4744,26.0107,
USDZMW,07/13/2026,18.025,18,18.05,18.075,18,17.95,18,
USDTRY,07/13/2026,47.00995,47.0062,47.0137,47.0212,46.9784,46.392,47.0062,
USDTZS,07/13/2026,2635,2620,2650,2620,2610,2605,2620,
EURAUD,07/13/2026,1.6454,1.6448,1.646,1.648,1.641,1.641,1.6448,
USDJPY,07/13/2026,162.44,162.42,162.46,162.48,161.56,161.55,162.42,
USDMAD,07/13/2026,9.32455,9.3069,9.3422,9.3451,9.3402,9.287,9.3069,
USDBRL,07/13/2026,5.13695,5.1368,5.1371,5.1411,5.1075,5.1075,5.1368,
USDIDR,07/13/2026,18105,18100,18110,18140,18075,18075,18100,
USDINR,07/13/2026,95.625,95.62,95.63,95.85,95.6725,95.585,95.62,
USDCLP,07/13/2026,932.9,932.45,933.35,933.8,923.82,923.82,932.45,
USDAED,07/13/2026,3.673,3.6724,3.6736,3.6731,3.6727,3.6723,3.6724,
USDSAR,07/13/2026,3.7549,3.7548,3.755,3.7548,3.7543,3.753,3.7548,
USDPHP,07/13/2026,61.6015,61.574,61.629,61.62,61.5,61.482,61.574,
USDPEN,07/13/2026,3.4112,3.4092,3.4132,3.4107,3.3915,3.39,3.4092,
USDMXN,07/13/2026,17.529,17.519,17.539,17.541,17.495,17.463,17.519,
USDNGN,07/13/2026,1380.14,1379.04,1381.24,1380.07,1378.93,1375.8,1379.04,
USDMYR,07/13/2026,4.071,4.068,4.074,4.08,4.067,4.067,4.068,
USDSGD,07/13/2026,1.29455,1.2941,1.295,1.295,1.2912,1.2909,1.2941,
EURBRL,07/13/2026,5.84715,5.8462,5.8481,5.8586,5.8292,5.8139,5.8462,
EURTRY,07/13/2026,53.5143,53.5128,53.5158,53.8722,53.6573,53.3,53.5128,
EURGBP,07/13/2026,0.8528,0.8525,0.8531,0.854,0.8516,0.8512,0.8525,
ZARCNH,07/13/2026,0.41185,0.4115,0.4122,0.4153,0.4141,0.4115,0.4115,
ZARHKD,07/13/2026,0.47575,0.4754,0.4761,0.48,0.4787,0.4754,0.4754,
AUDNZD,07/13/2026,1.20325,1.2026,1.2039,1.2072,1.2072,1.1994,1.2026,
CZKCNY,07/13/2026,0.31755,0.3172,0.3179,0.3198,0.3186,0.317,0.3172,
JPYCNH,07/13/2026,0.0417685,0.041757,0.04178,0.041947,0.041906,0.041747,0.041757,
JPYCNY,07/13/2026,0.0417345,0.041723,0.041746,0.04189,0.04185,0.041711,0.041723,0.041922
GBPCNH,07/13/2026,9.05635,9.0555,9.0572,9.0946,9.0775,9.0533,9.0555,
CNHRUB,07/13/2026,11.29346,11.29113,11.29579,11.38139,11.35359,11.26956,11.29113,
CNHMYR,07/13/2026,0.6,0.5995,0.6005,0.6011,0.5997,0.5993,0.5995,
USDKRW,07/13/2026,1497.96,1497.56,1498.36,1508.71,1498.37,1491,1497.56,
CNHKRW,07/13/2026,221.445,221.35,221.54,222.26,220.83,220.53,221.35,
CNHPHP,07/13/2026,9.07835,9.0741,9.0826,9.0821,9.0757,9.0674,9.0741,
USDTHB,07/13/2026,33.505,33.49,33.52,33.5,33.33,33.31,33.49,
CNHTHB,07/13/2026,4.9369,4.9364,4.9374,4.938,4.9176,4.9125,4.9364,
CNYTHB,07/13/2026,4.9237,4.9192,4.9282,4.9222,4.918,4.9151,4.9192,4.916
CNHINR,07/13/2026,14.093795,14.09098,14.09661,14.12601,14.05568,14.03871,14.09098,
CNHIDR,07/13/2026,2661.17,2652.31,2670.03,2671.5,2670.57,2652.31,2652.31,
AUDCNH,07/13/2026,4.6937,4.6931,4.6943,4.7113,4.7046,4.691,4.6931,
AUDCNY,07/13/2026,4.6909,4.6896,4.6922,4.7097,4.7019,4.6855,4.6896,4.7128
NZDCNH,07/13/2026,3.9015,3.8999,3.9031,3.9242,3.9109,3.8972,3.8999,
NZDCNY,07/13/2026,3.8993,3.8978,3.9008,3.9235,3.9034,3.8924,3.8978,3.9057
EURZAR,07/13/2026,18.74165,18.7169,18.7664,18.7443,18.5976,18.572,18.7169,
ZARCNY,07/13/2026,0.41155,0.4112,0.4119,0.4151,0.4138,0.4112,0.4112,0.415282
CNHKZT,07/13/2026,69.9185,69.8861,69.9509,70.6035,69.926,69.5757,69.8861,
HKDCNY,07/13/2026,0.86508,0.86496,0.8652,0.86569,0.86438,0.86425,0.86496,0.86693
SGDCNY,07/13/2026,5.2375,5.2351,5.2399,5.2493,5.2438,5.2335,5.2351,5.2496
CHFCNY,07/13/2026,8.3224,8.3184,8.3264,8.3952,8.3744,8.3143,8.3184,8.3892
CADCNY,07/13/2026,4.79,4.7891,4.7909,4.7977,4.783,4.7797,4.7891,4.7934
MYRCNY,07/13/2026,1.6655,1.6641,1.6669,1.6642,1.6638,1.6589,1.6641,1.667334
RUBCNY,07/13/2026,0.0885,0.0885,0.0885,0.0887,0.0881,0.0878,0.0885,0.088324
KRWCNY,07/13/2026,0.004525,0.00452,0.00453,0.00454,0.00452,0.00449,0.00452,0.00452
AEDCNY,07/13/2026,1.846,1.8455,1.8465,1.8476,1.8449,1.8446,1.8455,1.848941
SARCNY,07/13/2026,1.80575,1.8055,1.806,1.8073,1.8048,1.8043,1.8055,1.808645
TRYCNY,07/13/2026,0.14425,0.1442,0.1443,0.1444,0.1442,0.1432,0.1442,0.144668
MXNCNY,07/13/2026,0.3868,0.3865,0.3871,0.3881,0.3868,0.3863,0.3865,0.387943
EURUSD,07/13/2026,1.13825,1.1381,1.1384,1.1445,1.141,1.1377,1.1381,
USDRUB,07/13/2026,76.625,76.6205,76.6295,77.2,76.95,76.4955,76.6205,
USDCZK,07/13/2026,21.351,21.331,21.371,21.356,21.229,21.184,21.331,
AUDUSD,07/13/2026,0.6918,0.6916,0.692,0.6959,0.6951,0.6912,0.6916,
EURCNH,07/13/2026,7.72235,7.7206,7.7241,7.7618,7.7331,7.7186,7.7206,
EURCNY,07/13/2026,7.71725,7.715,7.7195,7.7597,7.7257,7.7122,7.715,7.74
GBPCNY,07/13/2026,9.0495,9.0456,9.0534,9.0927,9.0698,9.0422,9.0456,9.085
GBPUSD,07/13/2026,1.3348,1.3346,1.335,1.3411,1.3388,1.3339,1.3346,
USDCHF,07/13/2026,0.8147,0.8144,0.815,0.815,0.8078,0.8071,0.8144,
USDCNH,07/13/2026,6.7849,6.7839,6.7859,6.7895,6.7815,6.777,6.7839,
CNHCNY,07/13/2026,0.99935,0.9991,0.9996,0.9999,0.9993,0.9983,0.9991,
THBCNY,07/13/2026,0.202365,0.20225,0.20248,0.20343,0.20307,0.20225,0.20225,0.203417
INRCNY,07/13/2026,7.09045,7.0893,7.0916,7.1162,7.1124,7.0754,7.0893,
IDRCNY,07/13/2026,0.03745,0.03744,0.03746,0.03756,0.03756,0.03739,0.03744,
BRLCNY,07/13/2026,1.3199,1.3197,1.3201,1.328,1.3261,1.3184,1.3197,
ARSCNY,07/14/2026,0.0046,0.0046,0.0046,0.0046,0.0046,0.0045,0.0046,
PHPCNY,07/14/2026,0.109905,0.10983,0.10998,0.1101,0.10999,0.10977,0.10983,
NGNCNY,07/14/2026,0.004895,0.00488,0.00491,0.00492,0.00491,0.00488,0.00488,
PENCNY,07/14/2026,2,2,2,2,1.99,1.98,2,
KZTCNY,07/14/2026,14.4214,14.415,14.4278,14.5146,14.2868,14.2621,14.415,
UGXCNY,07/14/2026,0.1828,0.1825,0.1831,0.1844,0.1838,0.1822,0.1825,
TZSCNY,07/14/2026,0.2565,0.255,0.258,0.2568,0.2559,0.2548,0.255,
CLPCNY,07/14/2026,0.07305,0.073,0.0731,0.0734,0.0726,0.0726,0.073,
VNDCNY,07/14/2026,2.5781,2.5776,2.5786,2.5849,2.5811,2.5774,2.5776,
RSDCNY,07/14/2026,0.65885,0.6582,0.6595,0.6618,0.6565,0.6557,0.6582,
UZSCNY,07/14/2026,0.5612,0.5609,0.5615,0.5617,0.5604,0.5588,0.5609,
GHSCNY,07/14/2026,0.5885,0.5877,0.5893,0.591,0.5905,0.5843,0.5877,
GNFCNY,07/14/2026,0.772,0.7693,0.7747,0.771,0.7704,0.7658,0.7693,
KESCNY,07/14/2026,0.05235,0.0523,0.0524,0.0525,0.0524,0.0523,0.0523,
ZMWCNY,07/14/2026,0.37355,0.373,0.3741,0.3766,0.3757,0.3726,0.373,
DJFCNY,07/14/2026,0.38025,0.3792,0.3813,0.38,0.3797,0.3791,0.3792,
MADCNY,07/14/2026,0.726,0.7256,0.7264,0.7285,0.7257,0.7247,0.7256,
USDCNY,07/14/2026,6.7707,6.77,6.7714,6.7849,6.7819,6.7695,6.77,6.799
USDRSD,07/14/2026,102.76,102.67,102.85,103.11,102.97,102.25,102.67,
USDUZS,07/14/2026,12065.49,12060.49,12070.49,12095,12087.87,12020,12060.49,
USDKZT,07/14/2026,469.49,469.33,469.65,475.07,474.23,467.06,469.33,
USDXOF,07/14/2026,576,572.5,579.5,572.5,571,571,572.5,
EURXOF,07/14/2026,673.5,666.982,680.018,666.983,665.917,665.917,666.982,
USDGNF,07/14/2026,8770.5,8741,8800,8750,8741,8741,8741,
EURGNF,07/14/2026,10015.475,9981.35,10049.6,10018.93,9951.63,9943.76,9981.35,
USDGHS,07/14/2026,11.505,11.49,11.52,11.5,11.46,11.45,11.49,
USDKES,07/14/2026,129.35,129.25,129.45,129.35,129.1,129,129.25,
USDUGX,07/14/2026,3703.81,3698.81,3708.81,3710,3677.86,3665,3698.81,
USDDJF,07/14/2026,178.075,177.6,178.55,177.6,177.6,177.55,177.6,
USDCAD,07/14/2026,1.40585,1.4055,1.4062,1.4156,1.4154,1.4046,1.4055,
USDEUR,07/14/2026,0.8757,0.8757,0.8757,0.8788,0.8782,0.8724,0.8757,
USDHKD,07/14/2026,7.8378,7.8377,7.8379,7.8389,7.8375,7.8358,7.8377,
EURHKD,07/14/2026,8.9505,8.9499,8.9511,8.9831,8.9168,8.9155,8.9499,
USDAUD,07/14/2026,1.4337,1.4335,1.4339,1.4465,1.4451,1.4296,1.4335,
USDVND,07/14/2026,26261.5,26259,26264,26266,26254,26244,26259,
USDARS,07/14/2026,1470.5,1470,1471,1477.5,1475,1468.5,1470,
USDZAR,07/14/2026,16.3758,16.3699,16.3817,16.5042,16.4562,16.3026,16.3699,
USDAOA,07/14/2026,918.75,912.05,925.45,912.735,912,912,912.05,
EURAOA,07/14/2026,1049.165,1041.47,1056.86,1045.72,1038.31,1037.49,1041.47,
USDCDF,07/14/2026,2304,2258,2350,2258,2258,2252,2258,
USDZWG,07/14/2026,27.321,25.9817,28.6603,26.3018,26.1157,25.446,25.9817,
USDZMW,07/14/2026,18.125,18.1,18.15,18.125,17.95,17.95,18.1,
USDTRY,07/14/2026,47.0328,47.0234,47.0422,47.0673,46.914,46.723,47.0234,
USDTZS,07/14/2026,2640,2625,2655,2625,2610,2605,2625,
EURAUD,07/14/2026,1.6372,1.6368,1.6376,1.6462,1.6444,1.6368,1.6368,
USDJPY,07/14/2026,162.25,162.23,162.27,162.46,162.42,161.62,162.23,
USDMAD,07/14/2026,9.3257,9.3217,9.3297,9.3444,9.3325,9.3005,9.3217,
USDBRL,07/14/2026,5.07205,5.0715,5.0726,5.1371,5.1367,5.065,5.0715,
USDIDR,07/14/2026,18085,18080,18090,18105,18100,18070,18080,
USDINR,07/14/2026,96.205,96.2,96.21,96.2375,95.945,95.945,96.2,
USDCLP,07/14/2026,926.565,926.03,927.1,932.7,932.45,922.04,926.03,
USDAED,07/14/2026,3.6729,3.6728,3.673,3.673,3.6728,3.6723,3.6728,
USDSAR,07/14/2026,3.756,3.7559,3.7561,3.7559,3.7548,3.7534,3.7559,
USDPHP,07/14/2026,61.605,61.57,61.64,61.715,61.54,61.482,61.57,
USDPEN,07/14/2026,3.3914,3.3904,3.3924,3.4216,3.4082,3.3878,3.3904,
USDMXN,07/14/2026,17.42565,17.4204,17.4309,17.5303,17.508,17.384,17.4204,
USDNGN,07/14/2026,1382.68,1379.18,1386.18,1382.88,1379.04,1378.18,1379.18,
USDMYR,07/14/2026,4.078,4.076,4.08,4.08,4.075,4.073,4.076,
USDSGD,07/14/2026,1.29135,1.291,1.2917,1.2948,1.2939,1.2888,1.291,
EURBRL,07/14/2026,5.792,5.7911,5.7929,5.8594,5.8461,5.7813,5.7911,
EURTRY,07/14/2026,53.71325,53.6959,53.7306,53.9086,53.5313,53.2763,53.6959,
EURGBP,07/14/2026,0.85295,0.8526,0.8533,0.8544,0.8525,0.8516,0.8526,
ZARCNH,07/14/2026,0.41365,0.4134,0.4139,0.415,0.4115,0.4105,0.4134,
ZARHKD,07/14/2026,0.4786,0.4784,0.4788,0.4805,0.4754,0.4747,0.4784,
AUDNZD,07/14/2026,1.20045,1.1998,1.2011,1.2033,1.2024,1.1955,1.1998,
CZKCNY,07/14/2026,0.31915,0.319,0.3193,0.3201,0.3173,0.3172,0.319,
JPYCNH,07/14/2026,0.0417495,0.041738,0.041761,0.041886,0.041757,0.041732,0.041738,
JPYCNY,07/14/2026,0.041733,0.041722,0.041744,0.04192,0.041726,0.041705,0.041722,0.04185
GBPCNH,07/14/2026,9.0712,9.0701,9.0723,9.1018,9.0513,9.0513,9.0701,
CNHRUB,07/14/2026,11.448355,11.446,11.45071,11.47408,11.29113,11.28914,11.446,
CNHMYR,07/14/2026,0.602,0.6016,0.6024,0.6021,0.5995,0.5994,0.6016,
USDKRW,07/14/2026,1489.33,1489.06,1489.6,1499.5,1497.42,1485.7,1489.06,
CNHKRW,07/14/2026,220.105,220.05,220.16,220.97,220.66,218.82,220.05,
CNHPHP,07/14/2026,9.0942,9.0886,9.0998,9.1094,9.0737,9.0693,9.0886,
USDTHB,07/14/2026,33.48,33.46,33.5,33.57,33.48,33.37,33.46,
CNHTHB,07/14/2026,4.945,4.94,4.95,4.9472,4.9364,4.9334,4.94,
CNYTHB,07/14/2026,4.93525,4.9307,4.9398,4.9435,4.9339,4.9232,4.9307,4.9321
CNHINR,07/14/2026,14.202305,14.19947,14.20514,14.21122,14.09098,14.08455,14.19947,
CNHIDR,07/14/2026,2669,2667,2671,2668.02,2662.6,2631.35,2667,
AUDCNH,07/14/2026,4.72455,4.724,4.7251,4.7332,4.6898,4.6898,4.724,
AUDCNY,07/14/2026,4.72215,4.7195,4.7248,4.7392,4.6882,4.6842,4.7195,4.7015
NZDCNH,07/14/2026,3.9368,3.9356,3.938,3.9553,3.894,3.894,3.9356,
NZDCNY,07/14/2026,3.93535,3.9342,3.9365,3.9598,3.8965,3.8937,3.9342,3.9148
EURZAR,07/14/2026,18.70065,18.6925,18.7088,18.809,18.7169,18.6673,18.6925,
ZARCNY,07/14/2026,0.41345,0.4133,0.4136,0.4155,0.4112,0.4105,0.4133,0.412626
CNHKZT,07/14/2026,69.30865,69.2748,69.3425,70.0307,69.8861,68.8513,69.2748,
HKDCNY,07/14/2026,0.86385,0.86375,0.86395,0.86568,0.86495,0.86366,0.86375,0.86746
SGDCNY,07/14/2026,5.24315,5.2412,5.2451,5.2582,5.2359,5.2339,5.2412,5.25
CHFCNY,07/14/2026,8.36665,8.3622,8.3711,8.4028,8.3194,8.3133,8.3622,8.3423
CADCNY,07/14/2026,4.8161,4.8144,4.8178,4.8231,4.7891,4.7868,4.8144,4.8016
MYRCNY,07/14/2026,1.6603,1.6593,1.6613,1.6628,1.6596,1.6576,1.6593,1.668697
RUBCNY,07/14/2026,0.0873,0.0873,0.0873,0.0885,0.0884,0.0871,0.0873,0.088534
KRWCNY,07/14/2026,0.004545,0.00454,0.00455,0.00456,0.00453,0.00451,0.00454,0.004536
AEDCNY,07/14/2026,1.84345,1.8432,1.8437,1.8474,1.8458,1.8429,1.8432,1.850241
SARCNY,07/14/2026,1.80265,1.8024,1.8029,1.8069,1.8055,1.8013,1.8024,1.809693
TRYCNY,07/14/2026,0.14395,0.1439,0.144,0.1444,0.1442,0.1433,0.1439,0.144534
MXNCNY,07/14/2026,0.38855,0.3884,0.3887,0.3896,0.3865,0.3863,0.3884,0.387958
EURUSD,07/14/2026,1.14195,1.1419,1.142,1.1462,1.1385,1.1376,1.1419,
USDRUB,07/14/2026,77.55,77.5455,77.5545,77.8,76.6455,76.6455,77.5455,
USDCZK,07/14/2026,21.215,21.205,21.225,21.346,21.327,21.139,21.205,
AUDUSD,07/14/2026,0.6975,0.6974,0.6976,0.6992,0.6916,0.6911,0.6974,
EURCNH,07/14/2026,7.73635,7.7346,7.7381,7.7587,7.7234,7.7191,7.7346,
EURCNY,07/14/2026,7.7335,7.7309,7.7361,7.7662,7.715,7.7116,7.7309,7.7367
GBPCNY,07/14/2026,9.06755,9.0633,9.0718,9.1102,9.047,9.0429,9.0633,9.0721
GBPUSD,07/14/2026,1.33905,1.3389,1.3392,1.3442,1.3346,1.3339,1.3389,
USDCHF,07/14/2026,0.80925,0.8089,0.8096,0.8151,0.8145,0.8058,0.8089,
USDCNH,07/14/2026,6.7739,6.7729,6.7749,6.7878,6.7839,6.7682,6.7729,
CNHCNY,07/14/2026,0.99955,0.9993,0.9998,1.0015,0.9991,0.9988,0.9993,
THBCNY,07/14/2026,0.20223,0.20209,0.20237,0.20298,0.20231,0.20195,0.20209,0.202753
INRCNY,07/14/2026,7.0378,7.0367,7.0389,7.0949,7.0918,7.0362,7.0367,
IDRCNY,07/14/2026,0.037435,0.03742,0.03745,0.0375,0.03745,0.03742,0.03742,
BRLCNY,07/14/2026,1.3349,1.3346,1.3352,1.3378,1.3198,1.3192,1.3346,
USDCZK,07/01/2026,21.322,21.276,21.368,21.337,21.24,21.194,21.276,
USDCZK,06/30/2026,21.248,21.239,21.257,21.311,21.214,21.189,21.239,
USDCZK,06/29/2026,21.2305,21.214,21.247,21.314,21.293,21.206,21.214,
ARSCNY,07/15/2026,0.0046,0.0046,0.0046,0.0046,0.0046,0.0046,0.0046,
PHPCNY,07/15/2026,0.10977,0.10972,0.10982,0.10994,0.1097,0.10962,0.10972,
NGNCNY,07/15/2026,0.004905,0.0049,0.00491,0.0049,0.00489,0.00489,0.0049,
PENCNY,07/15/2026,2,2,2,2,2,1.98,2,
KZTCNY,07/15/2026,14.4161,14.4099,14.4223,14.5125,14.4153,14.2708,14.4099,
UGXCNY,07/15/2026,0.1832,0.1829,0.1835,0.1833,0.1825,0.1821,0.1829,
TZSCNY,07/15/2026,0.2569,0.2549,0.2589,0.2583,0.2548,0.2548,0.2549,
CLPCNY,07/15/2026,0.0731,0.073,0.0732,0.0734,0.0729,0.0729,0.073,
VNDCNY,07/15/2026,2.578,2.5776,2.5784,2.5803,2.5765,2.5729,2.5776,
RSDCNY,07/15/2026,0.66115,0.6605,0.6618,0.6618,0.6576,0.657,0.6605,
UZSCNY,07/15/2026,0.5599,0.5596,0.5602,0.5612,0.5609,0.5596,0.5596,
GHSCNY,07/15/2026,0.5878,0.587,0.5886,0.5903,0.5877,0.5837,0.587,
GNFCNY,07/15/2026,0.77175,0.7691,0.7744,0.7699,0.7693,0.7657,0.7691,
KESCNY,07/15/2026,0.05235,0.0523,0.0524,0.0524,0.0523,0.0522,0.0523,
ZMWCNY,07/15/2026,0.3714,0.3709,0.3719,0.3737,0.3727,0.3699,0.3709,
DJFCNY,07/15/2026,0.38015,0.3791,0.3812,0.3795,0.3792,0.3788,0.3791,
MADCNY,07/15/2026,0.7246,0.7242,0.725,0.727,0.7256,0.7236,0.7242,
USDCNY,07/15/2026,6.7688,6.7682,6.7694,6.7751,6.7643,6.7643,6.7682,6.791
USDRSD,07/15/2026,102.38,102.29,102.47,102.87,102.64,102.05,102.29,
USDUZS,07/15/2026,12085,12040,12130,12083.98,12060.49,12040,12040,
USDKZT,07/15/2026,469.53,469.37,469.69,474.59,469.34,466.32,469.37,
USDXOF,07/15/2026,574.25,570.75,577.75,572.5,572.5,570.75,570.75,
EURXOF,07/15/2026,673.5005,666.983,680.018,666.983,666.195,666.195,666.983,
USDGNF,07/15/2026,8770.5,8741,8800,8755,8741,8741,8741,
EURGNF,07/15/2026,10054.065,10019.81,10088.32,10036.42,9981.35,9969.11,10019.81,
USDGHS,07/15/2026,11.515,11.5,11.53,11.52,11.49,11.44,11.5,
USDKES,07/15/2026,129.3,129.2,129.4,129.35,129.1,128.95,129.2,
USDUGX,07/15/2026,3695,3690,3700,3705,3698.81,3685,3690,
USDDJF,07/15/2026,178.075,177.6,178.55,177.6,177.6,177.55,177.6,
USDCAD,07/15/2026,1.4042,1.4041,1.4043,1.4077,1.4055,1.4023,1.4041,
USDEUR,07/15/2026,0.87235,0.8723,0.8724,0.8767,0.8757,0.8708,0.8723,
USDHKD,07/15/2026,7.83895,7.8388,7.8391,7.8393,7.8377,7.8362,7.8388,
EURHKD,07/15/2026,8.9867,8.9838,8.9896,9.0005,8.9499,8.9388,8.9838,
USDAUD,07/15/2026,1.4272,1.4271,1.4273,1.4347,1.4325,1.4239,1.4271,
USDVND,07/15/2026,26255.5,26254,26257,26271,26257,26248,26254,
USDARS,07/15/2026,1476,1475.5,1476.5,1476.5,1460,1460,1475.5,
USDZAR,07/15/2026,16.3298,16.3148,16.3448,16.4111,16.3672,16.2605,16.3148,
USDAOA,07/15/2026,919.329,912.629,926.029,912.629,912.05,912,912.629,
EURAOA,07/15/2026,1053.875,1046.15,1061.6,1047.88,1041.47,1040.19,1046.15,
USDCDF,07/15/2026,2308,2266,2350,2266,2258,2252,2266,
USDZWG,07/15/2026,26.6357,25.3039,27.9675,25.9698,25.9698,25.3039,25.3039,
USDZMW,07/15/2026,18.225,18.2,18.25,18.25,18.1,18.06,18.2,
USDTRY,07/15/2026,47.039,47.034,47.044,47.0405,47.0233,46.7046,47.034,
USDTZS,07/15/2026,2635,2615,2655,2620,2610,2610,2615,
EURAUD,07/15/2026,1.63625,1.636,1.6365,1.6382,1.6367,1.6327,1.636,
USDJPY,07/15/2026,162.185,162.18,162.19,162.42,162.16,161.87,162.18,
USDMAD,07/15/2026,9.3417,9.3377,9.3457,9.3454,9.3217,9.309,9.3377,
USDBRL,07/15/2026,5.0788,5.0784,5.0792,5.0881,5.0718,5.0566,5.0784,
USDIDR,07/15/2026,18065,18060,18070,18077,18050,18040,18060,
USDINR,07/15/2026,96.26,96.25,96.27,96.2775,96.1725,96.05,96.25,
USDCLP,07/15/2026,926.03,925.31,926.75,926.58,926.52,921.52,925.31,
USDAED,07/15/2026,3.6727,3.6726,3.6728,3.673,3.6728,3.6723,3.6726,
USDSAR,07/15/2026,3.755,3.7548,3.7552,3.7568,3.7559,3.7544,3.7548,
USDPHP,07/15/2026,61.663,61.642,61.684,61.716,61.616,61.539,61.642,
USDPEN,07/15/2026,3.3824,3.3809,3.3839,3.4104,3.3906,3.3781,3.3809,
USDMXN,07/15/2026,17.3865,17.375,17.398,17.4319,17.405,17.3518,17.375,
USDNGN,07/15/2026,1379.365,1377.74,1380.99,1382.25,1382.14,1376.38,1377.74,
USDMYR,07/15/2026,4.078,4.076,4.08,4.076,4.07,4.06,4.076,
USDSGD,07/15/2026,1.2889,1.2883,1.2895,1.2926,1.2909,1.2872,1.2883,
EURBRL,07/15/2026,5.8221,5.8214,5.8228,5.8286,5.7915,5.7802,5.8214,
EURTRY,07/15/2026,53.9574,53.8635,54.0513,54.0294,53.7006,53.35,53.8635,
EURGBP,07/15/2026,0.8467,0.8465,0.8469,0.8534,0.8529,0.8453,0.8465,
ZARCNH,07/15/2026,0.4145,0.4141,0.4149,0.4154,0.4134,0.4123,0.4141,
ZARHKD,07/15/2026,0.48005,0.4796,0.4805,0.4813,0.4784,0.4772,0.4796,
AUDNZD,07/15/2026,1.19775,1.197,1.1985,1.2017,1.1995,1.1968,1.197,
CZKCNY,07/15/2026,0.3206,0.3203,0.3209,0.3211,0.3189,0.3182,0.3203,
JPYCNH,07/15/2026,0.0417315,0.041729,0.041734,0.041796,0.041738,0.041692,0.041729,
JPYCNY,07/15/2026,0.0417265,0.041712,0.041741,0.04179,0.041722,0.041686,0.041712,0.041847
GBPCNH,07/15/2026,9.1639,9.1622,9.1656,9.1718,9.0613,9.061,9.1622,
CNHRUB,07/15/2026,11.450435,11.44943,11.45144,11.5927,11.446,11.41717,11.44943,
CNHMYR,07/15/2026,0.6025,0.6022,0.6028,0.6025,0.6016,0.5994,0.6022,
USDKRW,07/15/2026,1485.875,1485.04,1486.71,1494.01,1489.11,1484.3,1485.04,
CNHKRW,07/15/2026,219.39,219.32,219.46,220.49,219.58,219.17,219.32,
CNHPHP,07/15/2026,9.11165,9.1085,9.1148,9.1166,9.0874,9.0874,9.1085,
USDTHB,07/15/2026,33.58,33.56,33.6,33.67,33.46,33.42,33.56,
CNHTHB,07/15/2026,4.9614,4.9609,4.9619,4.9659,4.9444,4.9439,4.9609,
CNYTHB,07/15/2026,4.93495,4.9304,4.9395,4.9327,4.9326,4.9259,4.9304,4.938
CNHINR,07/15/2026,14.222185,14.22029,14.22408,14.22701,14.19947,14.18571,14.22029,
CNHIDR,07/15/2026,2667.525,2666.71,2668.34,2669.17,2665.21,2631.35,2666.71,
AUDCNH,07/15/2026,4.7416,4.7409,4.7423,4.7492,4.7187,4.7187,4.7409,
AUDCNY,07/15/2026,4.7412,4.7394,4.743,4.7503,4.7215,4.7168,4.7394,4.7306
NZDCNH,07/15/2026,3.9602,3.9588,3.9616,3.966,3.9284,3.9251,3.9588,
NZDCNY,07/15/2026,3.9595,3.9579,3.9611,3.9668,3.9342,3.9287,3.9579,3.9404
EURZAR,07/15/2026,18.717,18.6978,18.7362,18.74,18.6898,18.6457,18.6978,
ZARCNY,07/15/2026,0.4145,0.4141,0.4149,0.4155,0.4132,0.4122,0.4141,0.414422
CNHKZT,07/15/2026,69.3719,69.3462,69.3976,70.041,69.2748,68.8702,69.3462,
HKDCNY,07/15/2026,0.863485,0.86339,0.86358,0.86428,0.86374,0.86301,0.86339,0.86647
SGDCNY,07/15/2026,5.2516,5.2487,5.2545,5.256,5.2416,5.2387,5.2487,5.2544
CHFCNY,07/15/2026,8.4048,8.4004,8.4092,8.4234,8.3663,8.345,8.4004,8.3821
CADCNY,07/15/2026,4.8204,4.8196,4.8212,4.8258,4.8144,4.8099,4.8196,4.8234
MYRCNY,07/15/2026,1.65985,1.6589,1.6608,1.6654,1.6613,1.6587,1.6589,1.663257
RUBCNY,07/15/2026,0.08735,0.0873,0.0874,0.0875,0.0873,0.0862,0.0873,0.087386
KRWCNY,07/15/2026,0.004555,0.00455,0.00456,0.00456,0.00455,0.00453,0.00455,0.004556
AEDCNY,07/15/2026,1.843,1.8428,1.8432,1.8447,1.8432,1.8416,1.8428,1.846177
SARCNY,07/15/2026,1.80265,1.8024,1.8029,1.8041,1.8024,1.8009,1.8024,1.80525
TRYCNY,07/15/2026,0.1439,0.1439,0.1439,0.1441,0.1439,0.1431,0.1439,0.144238
MXNCNY,07/15/2026,0.3893,0.389,0.3896,0.3899,0.3883,0.3881,0.389,0.389681
EURUSD,07/15/2026,1.14635,1.1463,1.1464,1.1482,1.1419,1.1405,1.1463,
USDRUB,07/15/2026,77.5,77.4955,77.5045,78.5,77.4955,77.3205,77.4955,
USDCZK,07/15/2026,21.1115,21.095,21.128,21.243,21.206,21.061,21.095,
AUDUSD,07/15/2026,0.70065,0.7006,0.7007,0.7021,0.6977,0.6966,0.7006,
EURCNH,07/15/2026,7.75865,7.7569,7.7604,7.7675,7.7341,7.7268,7.7569,
EURCNY,07/15/2026,7.75825,7.7555,7.761,7.7685,7.7295,7.726,7.7555,7.7491
GBPCNY,07/15/2026,9.16395,9.1587,9.1692,9.1729,9.0646,9.0524,9.1587,9.0839
GBPUSD,07/15/2026,1.354,1.3539,1.3541,1.3557,1.338,1.3371,1.3539,
USDCHF,07/15/2026,0.80535,0.805,0.8057,0.8114,0.8079,0.8032,0.805,
USDCNH,07/15/2026,6.7683,6.7681,6.7685,6.7781,6.7729,6.7642,6.7681,
CNHCNY,07/15/2026,1.0001,1,1.0002,1.0007,0.9993,0.9992,1,
THBCNY,07/15/2026,0.20157,0.20143,0.20171,0.20239,0.20209,0.20096,0.20143,0.202511
INRCNY,07/15/2026,7.03175,7.0304,7.0331,7.0465,7.0308,7.0281,7.0304,
IDRCNY,07/15/2026,0.03747,0.03746,0.03748,0.03749,0.03739,0.03738,0.03746,
BRLCNY,07/15/2026,1.33275,1.3325,1.333,1.3387,1.3348,1.3299,1.3325,
NZDUSD,07/15/2026,0.58495,0.5847,0.5852,0.5863,0.581,0.5803,0.5847,
NZDUSD,07/14/2026,0.58125,0.5811,0.5814,0.5841,0.5753,0.5745,0.5811,
NZDUSD,07/13/2026,0.575,0.5748,0.5752,0.5788,0.5752,0.5742,0.5748,
NZDUSD,07/10/2026,0.57615,0.5759,0.5764,0.5792,0.5752,0.5744,0.5759,
NZDUSD,07/09/2026,0.57545,0.5754,0.5755,0.5762,0.5694,0.5682,0.5754,
NZDUSD,07/08/2026,0.57005,0.5699,0.5702,0.5719,0.5676,0.5671,0.5699,
NZDUSD,07/07/2026,0.56775,0.5677,0.5678,0.5706,0.5697,0.5671,0.5677,
NZDUSD,07/06/2026,0.57015,0.57,0.5703,0.5716,0.5708,0.5675,0.57,
NZDUSD,07/03/2026,0.57105,0.5708,0.5713,0.5727,0.5692,0.5688,0.5708,
NZDUSD,07/02/2026,0.5697,0.5696,0.5698,0.5716,0.5671,0.5664,0.5696,
NZDUSD,07/01/2026,0.5672,0.5671,0.5673,0.5689,0.5679,0.5656,0.5671,
NZDUSD,06/30/2026,0.56775,0.5676,0.5679,0.569,0.5649,0.5639,0.5676,
NZDUSD,06/29/2026,0.56505,0.5649,0.5652,0.5658,0.5635,0.5628,0.5649,
ARSCNY,07/16/2026,0.0046,0.0046,0.0046,0.0046,0.0046,0.0046,0.0046,
PHPCNY,07/16/2026,0.10988,0.10983,0.10993,0.10992,0.10971,0.10963,0.10983,
NGNCNY,07/16/2026,0.004905,0.0049,0.00491,0.00491,0.0049,0.00488,0.0049,
PENCNY,07/16/2026,2,2,2,2,2,1.99,2,
KZTCNY,07/16/2026,14.3813,14.3752,14.3874,14.4258,14.4102,14.277,14.3752,
UGXCNY,07/16/2026,0.18285,0.1826,0.1831,0.1841,0.1828,0.1824,0.1826,
TZSCNY,07/16/2026,0.2573,0.2556,0.259,0.2558,0.2549,0.2548,0.2556,
CLPCNY,07/16/2026,0.0732,0.0731,0.0733,0.0732,0.073,0.0729,0.0731,
VNDCNY,07/16/2026,2.5799,2.5794,2.5804,2.5796,2.5768,2.575,2.5794,
RSDCNY,07/16/2026,0.66025,0.6592,0.6613,0.6613,0.6605,0.6585,0.6592,
UZSCNY,07/16/2026,0.5601,0.5598,0.5604,0.5598,0.5597,0.5581,0.5598,
GHSCNY,07/16/2026,0.5882,0.5874,0.589,0.591,0.587,0.5808,0.5874,
GNFCNY,07/16/2026,0.7723,0.7696,0.775,0.7697,0.7691,0.7655,0.7696,
KESCNY,07/16/2026,0.05235,0.0523,0.0524,0.0523,0.0523,0.0522,0.0523,
ZMWCNY,07/16/2026,0.37165,0.3711,0.3722,0.3719,0.3709,0.3678,0.3711,
DJFCNY,07/16/2026,0.38035,0.3793,0.3814,0.3793,0.3791,0.3789,0.3793,
MADCNY,07/16/2026,0.72575,0.7254,0.7261,0.7268,0.7242,0.724,0.7254,
USDCNY,07/16/2026,6.7733,6.7726,6.774,6.7732,6.7686,6.7657,6.7726,6.7909
USDRSD,07/16/2026,102.59,102.44,102.74,102.64,102.29,102.1,102.44,
USDUZS,07/16/2026,12093.35,12088.35,12098.35,12088.35,12083.98,12040,12088.35,
USDKZT,07/16/2026,470.98,470.83,471.13,473.88,469.38,468.95,470.83,
USDXOF,07/16/2026,571.75,568.25,575.25,571,570.75,568.25,568.25,
EURXOF,07/16/2026,673.5005,666.959,680.042,666.983,666.07,666.07,666.959,
USDGNF,07/16/2026,8770.5,8741,8800,8755,8741,8741,8741,
EURGNF,07/16/2026,10036.085,10001.45,10070.72,10036.73,10020.68,9990.96,10001.45,
USDGHS,07/16/2026,11.515,11.5,11.53,11.53,11.5,11.4,11.5,
USDKES,07/16/2026,129.3,129.2,129.4,129.35,129.2,129.1,129.2,
USDUGX,07/16/2026,3703.81,3698.81,3708.81,3700,3692,3665,3698.81,
USDDJF,07/16/2026,178.075,177.6,178.55,177.6,177.6,177.55,177.6,
USDCAD,07/16/2026,1.40425,1.4041,1.4044,1.4058,1.4037,1.4008,1.4041,
USDEUR,07/16/2026,0.8739,0.8738,0.874,0.8747,0.8721,0.8712,0.8738,
USDHKD,07/16/2026,7.8399,7.8397,7.8401,7.8403,7.8386,7.8368,7.8397,
EURHKD,07/16/2026,8.9697,8.9673,8.9721,8.9966,8.9859,8.9588,8.9673,
USDAUD,07/16/2026,1.429,1.4286,1.4294,1.4312,1.4276,1.4245,1.4286,
USDVND,07/16/2026,26253.5,26251,26256,26268,26199,26199,26251,
USDARS,07/16/2026,1475.5,1475,1476,1476,1475.25,1465,1475,
USDZAR,07/16/2026,16.42495,16.4,16.4499,16.4421,16.3132,16.2659,16.4,
USDAOA,07/16/2026,919.329,912.629,926.029,912.63,912.629,912,912.629,
EURAOA,07/16/2026,1051.99,1044.23,1059.75,1047.33,1046.24,1042.87,1044.23,
USDCDF,07/16/2026,2308,2266,2350,2266,2266,2245,2266,
USDZWG,07/16/2026,26.6122,25.8138,27.4106,26.08,25.6808,25.156,25.8138,
USDZMW,07/16/2026,18.225,18.2,18.25,18.35,18.2,18.15,18.2,
USDTRY,07/16/2026,47.0888,47.0838,47.0938,47.1159,47.033,46.782,47.0838,
USDTZS,07/16/2026,2632.5,2615,2650,2620,2610,2610,2615,
EURAUD,07/16/2026,1.63525,1.635,1.6355,1.6405,1.6365,1.6319,1.635,
USDJPY,07/16/2026,162.395,162.38,162.41,162.54,162.18,161.96,162.38,
USDMAD,07/16/2026,9.325,9.3225,9.3275,9.3389,9.3377,9.305,9.3225,
USDBRL,07/16/2026,5.10125,5.1007,5.1018,5.1133,5.0784,5.0749,5.1007,
USDIDR,07/16/2026,17985,17980,17990,18070,18055,17970,17980,
USDINR,07/16/2026,96.35,96.345,96.355,96.37,96.25,96.22,96.345,
USDCLP,07/16/2026,925,924,926,926.28,925.31,924,924,
USDAED,07/16/2026,3.6729,3.6728,3.673,3.6734,3.6726,3.6722,3.6728,
USDSAR,07/16/2026,3.75555,3.7543,3.7568,3.7555,3.7545,3.7543,3.7543,
USDPHP,07/16/2026,61.644,61.623,61.665,61.693,61.652,61.572,61.623,
USDPEN,07/16/2026,3.3827,3.3807,3.3847,3.4009,3.3809,3.3804,3.3807,
USDMXN,07/16/2026,17.4235,17.415,17.432,17.463,17.3815,17.3625,17.415,
USDNGN,07/16/2026,1380.9,1379.7,1382.1,1381.99,1377.78,1374.86,1379.7,
USDMYR,07/16/2026,4.0725,4.07,4.075,4.073,4.068,4.058,4.07,
USDSGD,07/16/2026,1.2904,1.2897,1.2911,1.2912,1.2891,1.2876,1.2897,
EURBRL,07/16/2026,5.83735,5.8364,5.8383,5.8458,5.8214,5.8148,5.8364,
EURTRY,07/16/2026,53.98625,53.9691,54.0034,54.1005,53.9463,53.6622,53.9691,
EURGBP,07/16/2026,0.84895,0.8488,0.8491,0.8492,0.8464,0.8464,0.8488,
ZARCNH,07/16/2026,0.4129,0.4125,0.4133,0.4153,0.4141,0.4114,0.4125,
ZARHKD,07/16/2026,0.47795,0.4775,0.4784,0.4809,0.4796,0.4763,0.4775,
AUDNZD,07/16/2026,1.1975,1.1971,1.1979,1.1987,1.1972,1.1945,1.1971,
CZKCNY,07/16/2026,0.32005,0.3199,0.3202,0.3209,0.3203,0.3194,0.3199,
JPYCNH,07/16/2026,0.04171,0.041701,0.041719,0.041788,0.041729,0.041673,0.041701,
JPYCNY,07/16/2026,0.04171,0.041697,0.041723,0.041773,0.041715,0.041652,0.041697,0.041815
GBPCNH,07/16/2026,9.1288,9.1266,9.131,9.1658,9.1559,9.1189,9.1266,
CNHRUB,07/16/2026,11.53057,11.5282,11.53294,11.61124,11.44943,11.44149,11.5282,
CNHMYR,07/16/2026,0.60125,0.6008,0.6017,0.6024,0.6022,0.5997,0.6008,
USDKRW,07/16/2026,1479.855,1479.37,1480.34,1488.71,1484.85,1476.2,1479.37,
CNHKRW,07/16/2026,218.685,218.54,218.83,219.9,219.57,218.33,218.54,
CNHPHP,07/16/2026,9.1011,9.0977,9.1045,9.1174,9.106,9.0883,9.0977,
USDTHB,07/16/2026,33.585,33.57,33.6,33.68,33.56,33.48,33.57,
CNHTHB,07/16/2026,4.9581,4.9576,4.9586,4.968,4.9609,4.9512,4.9576,
CNYTHB,07/16/2026,4.93175,4.9272,4.9363,4.9326,4.9305,4.9265,4.9272,4.9607
CNHINR,07/16/2026,14.22497,14.22213,14.22781,14.23874,14.22029,14.21042,14.22213,
CNHIDR,07/16/2026,2656.885,2656.07,2657.7,2669.22,2663.83,2631.35,2656.07,
AUDCNH,07/16/2026,4.7396,4.7391,4.7401,4.7491,4.7393,4.7315,4.7391,
AUDCNY,07/16/2026,4.73965,4.7371,4.7422,4.7492,4.74,4.725,4.7371,4.7446
NZDCNH,07/16/2026,3.9576,3.9564,3.9588,3.9654,3.9385,3.9385,3.9564,
NZDCNY,07/16/2026,3.95735,3.9557,3.959,3.9649,3.9559,3.9345,3.9557,3.9587
NZDUSD,07/16/2026,0.5842,0.584,0.5844,0.5858,0.5843,0.5831,0.584,
EURZAR,07/16/2026,18.7748,18.7605,18.7891,18.8245,18.7016,18.6598,18.7605,
ZARCNY,07/16/2026,0.4129,0.4125,0.4133,0.4153,0.4141,0.4112,0.4125,0.415369
CNHKZT,07/16/2026,69.5348,69.5024,69.5672,70.0303,69.3477,69.2534,69.5024,
HKDCNY,07/16/2026,0.86395,0.86384,0.86406,0.86401,0.86339,0.86294,0.86384,0.8663
SGDCNY,07/16/2026,5.249,5.2456,5.2524,5.254,5.2499,5.2413,5.2456,5.2588
CHFCNY,07/16/2026,8.3745,8.3705,8.3785,8.4129,8.4035,8.3623,8.3705,8.4172
CADCNY,07/16/2026,4.82345,4.8228,4.8241,4.8312,4.821,4.8143,4.8228,4.8236
MYRCNY,07/16/2026,1.6632,1.662,1.6644,1.6658,1.6617,1.6591,1.662,1.662732
RUBCNY,07/16/2026,0.0867,0.0867,0.0867,0.0874,0.0873,0.0861,0.0867,0.087319
KRWCNY,07/16/2026,0.00458,0.00458,0.00458,0.00458,0.00455,0.00454,0.00458,0.004557
AEDCNY,07/16/2026,1.84415,1.8439,1.8444,1.8442,1.8424,1.8418,1.8439,1.843488
SARCNY,07/16/2026,1.80355,1.8028,1.8043,1.8035,1.8015,1.8004,1.8028,1.802971
TRYCNY,07/16/2026,0.1439,0.1439,0.1439,0.144,0.1439,0.1428,0.1439,0.143996
MXNCNY,07/16/2026,0.3888,0.3886,0.389,0.3894,0.3892,0.3874,0.3886,0.390076
EURUSD,07/16/2026,1.1442,1.1441,1.1443,1.1476,1.1464,1.143,1.1441,
USDRUB,07/16/2026,78.1,78.0955,78.1045,78.6,78.1,77.7455,78.0955,
USDCZK,07/16/2026,21.1615,21.153,21.17,21.186,21.093,21.067,21.153,
AUDUSD,07/16/2026,0.6998,0.6996,0.7,0.7012,0.7001,0.6984,0.6996,
EURCNH,07/16/2026,7.74965,7.7479,7.7514,7.7674,7.7584,7.743,7.7479,
EURCNY,07/16/2026,7.7501,7.7468,7.7534,7.7656,7.7562,7.7369,7.7468,7.769
GBPCNY,07/16/2026,9.12905,9.1247,9.1334,9.1648,9.1587,9.0611,9.1247,9.1703
GBPUSD,07/16/2026,1.34775,1.3476,1.3479,1.3544,1.3539,1.3457,1.3476,
USDCHF,07/16/2026,0.8089,0.8086,0.8092,0.8096,0.8045,0.8038,0.8086,
USDCNH,07/16/2026,6.7732,6.773,6.7734,6.7755,6.7681,6.764,6.773,
CNHCNY,07/16/2026,1,0.9997,1.0003,1.0005,1,0.9987,0.9997,
THBCNY,07/16/2026,0.20168,0.20157,0.20179,0.20188,0.20143,0.20086,0.20157,0.201584
INRCNY,07/16/2026,7.0299,7.0288,7.031,7.033,7.0309,7.0208,7.0288,
IDRCNY,07/16/2026,0.037665,0.03765,0.03768,0.03765,0.03746,0.03741,0.03765,
BRLCNY,07/16/2026,1.32775,1.3275,1.328,1.3336,1.3325,1.324,1.3275,
ARSCNY,07/17/2026,0.0046,0.0046,0.0046,0.0046,0.0046,0.0046,0.0046,
PHPCNY,07/17/2026,0.110075,0.11003,0.11012,0.11007,0.10987,0.1098,0.11003,
NGNCNY,07/17/2026,0.00491,0.00491,0.00491,0.00491,0.0049,0.0049,0.00491,
PENCNY,07/17/2026,2,2,2,2,1.99,1.99,2,
KZTCNY,07/17/2026,14.38605,14.3797,14.3924,14.4455,14.3749,14.3041,14.3797,
UGXCNY,07/17/2026,0.18295,0.1827,0.1832,0.1836,0.1826,0.1826,0.1827,
TZSCNY,07/17/2026,0.2581,0.2562,0.26,0.2563,0.2556,0.255,0.2562,
CLPCNY,07/17/2026,0.0725,0.0725,0.0725,0.0732,0.0732,0.0723,0.0725,
VNDCNY,07/17/2026,2.57715,2.5766,2.5777,2.5804,2.5788,2.5761,2.5766,
RSDCNY,07/17/2026,0.66065,0.6596,0.6617,0.6608,0.6596,0.6585,0.6596,
UZSCNY,07/17/2026,0.5633,0.563,0.5636,0.5639,0.5598,0.5598,0.563,
GHSCNY,07/17/2026,0.58725,0.5867,0.5878,0.5882,0.5874,0.5816,0.5867,
GNFCNY,07/17/2026,0.77235,0.77,0.7747,0.7704,0.7696,0.7658,0.77,
KESCNY,07/17/2026,0.05245,0.0524,0.0525,0.0524,0.0524,0.0523,0.0524,
ZMWCNY,07/17/2026,0.37185,0.3713,0.3724,0.3737,0.3712,0.3698,0.3713,
DJFCNY,07/17/2026,0.38055,0.3795,0.3816,0.3797,0.3793,0.3792,0.3795,
MADCNY,07/17/2026,0.7252,0.7248,0.7256,0.7276,0.7261,0.7247,0.7248,
USDCNY,07/17/2026,6.7767,6.776,6.7774,6.7794,6.775,6.7707,6.776,6.7934
USDRSD,07/17/2026,102.58,102.43,102.73,102.69,102.47,102.31,102.43,
USDUZS,07/17/2026,12031.25,12026.25,12036.25,12088.35,12088.35,12000,12026.25,
USDKZT,07/17/2026,471.06,470.9,471.22,473.78,470.82,468.9,470.9,
USDXOF,07/17/2026,573,569.5,576.5,569.5,568.25,568.25,569.5,
EURXOF,07/17/2026,673.5005,666.959,680.042,666.983,666.545,666.545,666.959,
USDGNF,07/17/2026,8774,8748,8800,8748,8741,8741,8748,
EURGNF,07/17/2026,10037.02,10006.84,10067.2,10011.21,10000.58,9985.72,10006.84,
USDGHS,07/17/2026,11.54,11.53,11.55,11.555,11.5,11.4,11.53,
USDKES,07/17/2026,129.25,129.15,129.35,129.3,129.1,128.95,129.15,
USDUGX,07/17/2026,3703.81,3698.81,3708.81,3700,3698.81,3680,3698.81,
USDDJF,07/17/2026,178.075,177.6,178.55,177.6,177.6,177.55,177.6,
USDCAD,07/17/2026,1.40215,1.402,1.4023,1.4047,1.4041,1.4003,1.402,
USDEUR,07/17/2026,0.87415,0.8741,0.8742,0.8753,0.8739,0.8731,0.8741,
USDHKD,07/17/2026,7.84015,7.8397,7.8406,7.841,7.8396,7.839,7.8397,
EURHKD,07/17/2026,8.9684,8.9671,8.9697,8.9793,8.9694,8.9547,8.9671,
USDAUD,07/17/2026,1.43215,1.4316,1.4327,1.4353,1.4292,1.4278,1.4316,
USDVND,07/17/2026,26295,26292,26298,26297,26260,26250,26292,
USDARS,07/17/2026,1478.5,1478,1479,1481,1475,1475,1478,
USDZAR,07/17/2026,16.4875,16.4825,16.4925,16.5801,16.3889,16.3315,16.4825,
USDAOA,07/17/2026,919.329,912.629,926.029,912.629,912.629,912.629,912.629,
EURAOA,07/17/2026,1051.67,1043.96,1059.38,1045.14,1044.14,1042.59,1043.96,
USDCDF,07/17/2026,2308,2266,2350,2266,2266,2266,2266,
USDZWG,07/17/2026,27.2052,26.418,27.9924,26.5514,25.8138,25.156,26.418,
USDZMW,07/17/2026,18.225,18.2,18.25,18.265,18.2,18.075,18.2,
USDTRY,07/17/2026,47.1424,47.1374,47.1474,47.1745,47.0741,46.7838,47.1374,
USDTZS,07/17/2026,2626,2607,2645,2639,2610,2607,2607,
EURAUD,07/17/2026,1.6382,1.6376,1.6388,1.642,1.6351,1.6339,1.6376,
USDJPY,07/17/2026,162.395,162.39,162.4,162.51,162.38,162.12,162.39,
USDMAD,07/17/2026,9.3446,9.3406,9.3486,9.343,9.3293,9.2914,9.3406,
USDBRL,07/17/2026,5.11225,5.1119,5.1126,5.1337,5.101,5.0961,5.1119,
USDIDR,07/17/2026,17890,17885,17895,17980,17980,17885,17885,
USDINR,07/17/2026,96.285,96.28,96.29,96.395,96.305,96.265,96.28,
USDCLP,07/17/2026,934.96,934.69,935.23,936.28,929,929,934.69,
USDAED,07/17/2026,3.6728,3.6727,3.6729,3.673,3.6728,3.6722,3.6727,
USDSAR,07/17/2026,3.7556,3.7554,3.7558,3.7554,3.7543,3.7543,3.7554,
USDPHP,07/17/2026,61.5645,61.544,61.585,61.646,61.602,61.524,61.544,
USDPEN,07/17/2026,3.3911,3.3901,3.3921,3.409,3.3953,3.3806,3.3901,
USDMXN,07/17/2026,17.53735,17.528,17.5467,17.56,17.415,17.4092,17.528,
USDNGN,07/17/2026,1380.12,1379.62,1380.62,1380.52,1380.27,1375.83,1379.62,
USDMYR,07/17/2026,4.095,4.09,4.1,4.095,4.07,4.065,4.09,
USDSGD,07/17/2026,1.29165,1.2912,1.2921,1.292,1.2897,1.2892,1.2912,
EURBRL,07/17/2026,5.84815,5.8475,5.8488,5.8678,5.8359,5.8223,5.8475,
EURTRY,07/17/2026,53.9454,53.9439,53.9469,54.0419,53.9634,53.57,53.9439,
EURGBP,07/17/2026,0.8504,0.8503,0.8505,0.8514,0.8487,0.8482,0.8503,
ZARCNH,07/17/2026,0.4111,0.411,0.4112,0.4138,0.4125,0.4087,0.411,
ZARHKD,07/17/2026,0.4755,0.4753,0.4757,0.4789,0.4776,0.4726,0.4753,
AUDNZD,07/17/2026,1.19485,1.1942,1.1955,1.1982,1.1971,1.1941,1.1942,
CZKCNY,07/17/2026,0.3201,0.3198,0.3204,0.3206,0.3199,0.3193,0.3198,
JPYCNH,07/17/2026,0.0417385,0.041737,0.04174,0.041788,0.041701,0.04168,0.041737,
JPYCNY,07/17/2026,0.0417265,0.041719,0.041734,0.041781,0.041694,0.041676,0.041719,0.041811
GBPCNH,07/17/2026,9.1108,9.1101,9.1115,9.1323,9.1204,9.1078,9.1101,
CNHRUB,07/17/2026,11.53707,11.53632,11.53782,11.64387,11.52973,11.51868,11.53632,
CNHMYR,07/17/2026,0.60415,0.6034,0.6049,0.6041,0.6009,0.6,0.6034,
USDKRW,07/17/2026,1487.925,1487.44,1488.41,1490.65,1479.35,1476.3,1487.44,
CNHKRW,07/17/2026,218.685,218.54,218.83,,,,218.54,
CNHPHP,07/17/2026,9.0866,9.0836,9.0896,9.1016,9.0968,9.0783,9.0836,
USDTHB,07/17/2026,33.63,33.58,33.68,33.68,33.57,33.51,33.58,
CNHTHB,07/17/2026,4.9565,4.956,4.957,4.9618,4.9576,4.9546,4.956,
CNYTHB,07/17/2026,4.92895,4.9244,4.9335,4.9288,4.9263,4.9227,4.9244,4.9553
CNHINR,07/17/2026,14.205205,14.20436,14.20605,14.22698,14.22402,14.19724,14.20436,
CNHIDR,07/17/2026,2641.56,2632.66,2650.46,2649.09,2631.35,2631.35,2632.66,
AUDCNH,07/17/2026,4.72515,4.7247,4.7256,4.7427,4.7383,4.7241,4.7247,
AUDCNY,07/17/2026,4.7315,4.7291,4.7339,4.7405,4.7371,4.72,4.7291,4.7463
NZDCNH,07/17/2026,3.95135,3.9509,3.9518,3.9622,3.9469,3.9469,3.9509,
NZDCNY,07/17/2026,3.95935,3.9567,3.962,3.9631,3.9536,3.9375,3.9567,3.9623
NZDUSD,07/17/2026,0.5843,0.584,0.5846,0.5848,0.5838,0.5823,0.584,
EURZAR,07/17/2026,18.9072,18.9022,18.9122,18.9431,18.7533,18.7219,18.9022,
ZARCNY,07/17/2026,0.41105,0.4109,0.4112,0.4137,0.4126,0.4086,0.4109,0.413531
CNHKZT,07/17/2026,69.49685,69.4727,69.521,69.8842,69.5116,69.1848,69.4727,
HKDCNY,07/17/2026,0.86436,0.86422,0.8645,0.86463,0.86385,0.86351,0.86422,0.86648
SGDCNY,07/17/2026,5.24655,5.2442,5.2489,5.2528,5.2456,5.2426,5.2442,5.2568
CHFCNY,07/17/2026,8.39325,8.3903,8.3962,8.4069,8.3726,8.3664,8.3903,8.3928
CADCNY,07/17/2026,4.8331,4.8321,4.8341,4.8382,4.8224,4.8197,4.8321,4.831
MYRCNY,07/17/2026,1.6549,1.6527,1.6571,1.664,1.66,1.6527,1.6527,1.665029
RUBCNY,07/17/2026,0.08665,0.0866,0.0867,0.0868,0.0867,0.0858,0.0866,0.086734
KRWCNY,07/17/2026,0.004555,0.00455,0.00456,0.00459,0.00458,0.00454,0.00455,0.00458
AEDCNY,07/17/2026,1.8451,1.8449,1.8453,1.8459,1.8439,1.8433,1.8449,1.846483
SARCNY,07/17/2026,1.8044,1.8041,1.8047,1.8052,1.8028,1.8028,1.8041,1.805804
TRYCNY,07/17/2026,0.14375,0.1437,0.1438,0.144,0.1438,0.1426,0.1437,0.144003
MXNCNY,07/17/2026,0.38645,0.3862,0.3867,0.3888,0.3885,0.3859,0.3862,0.389636
EURUSD,07/17/2026,1.14395,1.1439,1.144,1.1452,1.1441,1.1424,1.1439,
USDRUB,07/17/2026,78.2,78.1955,78.2045,78.9,78.5,78.1955,78.1955,
USDCZK,07/17/2026,21.1715,21.153,21.19,21.209,21.155,21.122,21.153,
AUDUSD,07/17/2026,0.69825,0.698,0.6985,0.7001,0.6992,0.6964,0.698,
EURCNH,07/17/2026,7.75305,7.7513,7.7548,7.7592,7.7488,7.7445,7.7513,
EURCNY,07/17/2026,7.75165,7.7502,7.7531,7.7577,7.7455,7.7426,7.7502,7.7631
GBPCNY,07/17/2026,9.11705,9.1147,9.1194,9.1301,9.1247,9.068,9.1147,9.1414
GBPUSD,07/17/2026,1.34545,1.3453,1.3456,1.348,1.3476,1.3423,1.3453,
USDCHF,07/17/2026,0.8074,0.8072,0.8076,0.8092,0.808,0.8058,0.8072,
USDCNH,07/17/2026,6.77815,6.7781,6.7782,6.7814,6.773,6.771,6.7781,
CNHCNY,07/17/2026,0.9998,0.9997,0.9999,1.0001,0.9999,0.9991,0.9997,
THBCNY,07/17/2026,0.20151,0.20119,0.20183,0.20187,0.20157,0.20101,0.20119,0.201804
INRCNY,07/17/2026,7.0382,7.0371,7.0393,7.0397,7.031,7.0254,7.0371,
IDRCNY,07/17/2026,0.03788,0.03787,0.03789,0.03788,0.03766,0.03747,0.03787,
BRLCNY,07/17/2026,1.3256,1.3254,1.3258,1.3302,1.3275,1.3201,1.3254,
ARSCNY,07/20/2026,0.0046,0.0046,0.0046,0.0046,0.0046,0.0046,0.0046,
PHPCNY,07/20/2026,0.109725,0.10969,0.10976,0.10999,0.10996,0.1096,0.10969,
NGNCNY,07/20/2026,0.004905,0.0049,0.00491,0.00491,0.00491,0.00489,0.0049,
PENCNY,07/20/2026,1.995,1.99,2,2,2,1.98,1.99,
KZTCNY,07/20/2026,14.3907,14.3858,14.3956,14.4114,14.3447,14.2951,14.3858,
UGXCNY,07/20/2026,0.18275,0.1825,0.183,0.1843,0.1827,0.1821,0.1825,
TZSCNY,07/20/2026,0.25685,0.2549,0.2588,0.2562,0.2561,0.2548,0.2549,
CLPCNY,07/20/2026,0.0724,0.0723,0.0725,0.0727,0.0723,0.0722,0.0723,
VNDCNY,07/20/2026,2.57345,2.5729,2.574,2.5801,2.5801,2.5722,2.5729,
RSDCNY,07/20/2026,0.65815,0.6575,0.6588,0.6602,0.6593,0.6567,0.6575,
UZSCNY,07/20/2026,0.56575,0.5655,0.566,0.5663,0.563,0.561,0.5655,
GHSCNY,07/20/2026,0.58515,0.5844,0.5859,0.5874,0.5831,0.5809,0.5844,
GNFCNY,07/20/2026,0.7713,0.769,0.7736,0.77,0.77,0.7648,0.769,
KESCNY,07/20/2026,0.05235,0.0523,0.0524,0.0524,0.0524,0.0522,0.0523,
ZMWCNY,07/20/2026,0.36805,0.3636,0.3725,0.372,0.3712,0.3636,0.3636,
DJFCNY,07/20/2026,0.38,0.379,0.381,0.3795,0.3795,0.3789,0.379,
MADCNY,07/20/2026,0.7228,0.7226,0.723,0.7254,0.7245,0.7213,0.7226,
USDCNY,07/20/2026,6.76695,6.7668,6.7671,6.7753,6.7735,6.7649,6.7668,6.7948
USDRSD,07/20/2026,102.815,102.72,102.91,102.87,102.42,102.34,102.72,
USDUZS,07/20/2026,11960.09,11955.09,11965.09,12026.25,12026.25,11950,11955.09,
USDKZT,07/20/2026,470.23,470.08,470.38,473.66,472.02,469.42,470.08,
USDXOF,07/20/2026,573,569.5,576.5,571.81,569.5,569.5,569.5,
EURXOF,07/20/2026,673.5,666.982,680.018,666.983,666.965,666.877,666.982,
USDGNF,07/20/2026,8774,8748,8800,8755,8748,8732.26,8748,
EURGNF,07/20/2026,10015.525,9984.97,10046.08,10015.59,10006.84,9965.26,9984.97,
USDGHS,07/20/2026,11.565,11.55,11.58,11.56,11.52,11.4,11.55,
USDKES,07/20/2026,129.3,129.2,129.4,129.3,129.3,128.95,129.2,
USDUGX,07/20/2026,3703.81,3698.81,3708.81,3705,3698.81,3665,3698.81,
USDDJF,07/20/2026,178.075,177.6,178.55,177.6,177.6,177.4,177.6,
USDCAD,07/20/2026,1.407,1.4069,1.4071,1.4072,1.401,1.4001,1.4069,
USDEUR,07/20/2026,0.87605,0.876,0.8761,0.877,0.8744,0.8733,0.876,
USDHKD,07/20/2026,7.8411,7.8407,7.8415,7.8412,7.8398,7.839,7.8407,
EURHKD,07/20/2026,8.9495,8.9454,8.9536,8.9767,8.9618,8.9382,8.9454,
USDAUD,07/20/2026,1.4292,1.4286,1.4298,1.436,1.4345,1.4251,1.4286,
USDVND,07/20/2026,26295,26290,26300,26294,26260,26260,26290,
USDARS,07/20/2026,1481.5,1481,1482,1481.5,1475,1475,1481,
USDZAR,07/20/2026,16.5284,16.5217,16.5351,16.5733,16.5402,16.4289,16.5217,
USDAOA,07/20/2026,919.329,912.629,926.029,912.629,912.629,912,912.629,
EURAOA,07/20/2026,1049.41,1041.67,1057.15,1044.87,1043.32,1040.58,1041.67,
USDCDF,07/20/2026,2308,2266,2350,2266,2266,2245,2266,
USDZWG,07/20/2026,27.1898,26.2522,28.1274,26.2522,25.8843,25.156,26.2522,
USDZMW,07/20/2026,18.389,18.169,18.609,18.28,18.2,18.15,18.169,
USDTRY,07/20/2026,47.176,47.171,47.181,47.1825,47.1398,46.9385,47.171,
USDTZS,07/20/2026,2635,2615,2655,2625,2610,2610,2615,
EURAUD,07/20/2026,1.63115,1.6306,1.6317,1.6395,1.639,1.6271,1.6306,
USDJPY,07/20/2026,162.5,162.49,162.51,162.59,162.36,162.23,162.49,
USDMAD,07/20/2026,9.3617,9.3591,9.3643,9.3735,9.3342,9.3211,9.3591,
USDBRL,07/20/2026,5.09005,5.0897,5.0904,5.1154,5.1108,5.0809,5.0897,
USDIDR,07/20/2026,17935,17930,17940,17991,17960,17930,17930,
USDINR,07/20/2026,96.45,96.44,96.46,96.525,96.4,96.36,96.44,
USDCLP,07/20/2026,934.5,933.6,935.4,935.09,928.7,928.2,933.6,
USDAED,07/20/2026,3.673,3.6729,3.6731,3.6732,3.6727,3.6719,3.6729,
USDSAR,07/20/2026,3.7551,3.7549,3.7553,3.7554,3.7552,3.754,3.7549,
USDPHP,07/20/2026,61.6725,61.652,61.693,61.7,61.602,61.564,61.652,
USDPEN,07/20/2026,3.391,3.3887,3.3933,3.409,3.3901,3.3883,3.3887,
USDMXN,07/20/2026,17.4299,17.4246,17.4352,17.5499,17.5345,17.4,17.4246,
USDNGN,07/20/2026,1379.61,1378.36,1380.86,1380.31,1379.51,1375.59,1378.36,
USDMYR,07/20/2026,4.0925,4.09,4.095,4.095,4.09,4.08,4.09,
USDSGD,07/20/2026,1.29115,1.2911,1.2912,1.2923,1.2901,1.2894,1.2911,
EURBRL,07/20/2026,5.8103,5.8094,5.8112,5.8557,5.8427,5.7986,5.8094,
EURTRY,07/20/2026,53.7862,53.6701,53.9023,54.0511,53.9194,53.56,53.6701,
EURGBP,07/20/2026,0.8499,0.8497,0.8501,0.8507,0.8496,0.8481,0.8497,
ZARCNH,07/20/2026,0.40955,0.4094,0.4097,0.4118,0.4109,0.4071,0.4094,
ZARHKD,07/20/2026,0.4744,0.4742,0.4746,0.477,0.4754,0.471,0.4742,
AUDNZD,07/20/2026,1.19855,1.1979,1.1992,1.1984,1.196,1.1935,1.1979,
CZKCNY,07/20/2026,0.31915,0.319,0.3193,0.3202,0.3198,0.3187,0.319,
JPYCNH,07/20/2026,0.041657,0.041654,0.04166,0.041741,0.041701,0.041617,0.041654,
JPYCNY,07/20/2026,0.041663,0.041661,0.041665,0.041731,0.041716,0.041661,0.041661,0.041782
GBPCNH,07/20/2026,9.0916,9.0904,9.0928,9.124,9.1131,9.0783,9.0904,
CNHRUB,07/20/2026,11.60764,11.60689,11.60839,11.64457,11.53956,11.52507,11.60689,
CNHMYR,07/20/2026,0.60455,0.6042,0.6049,0.6043,0.6036,0.6021,0.6042,
USDKRW,07/20/2026,1475.9,1475.55,1476.25,1490.3,1488.64,1474.62,1475.55,
CNHKRW,07/20/2026,218.27,218.22,218.32,219.87,219.52,217.87,218.22,
CNHPHP,07/20/2026,9.11505,9.1116,9.1185,9.1147,9.1004,9.0956,9.1116,
USDTHB,07/20/2026,33.645,33.62,33.67,33.71,33.61,33.57,33.62,
CNHTHB,07/20/2026,4.9565,4.956,4.957,,,,4.956,
CNYTHB,07/20/2026,4.93525,4.9307,4.9398,4.9332,4.927,4.9257,4.9307,4.9633
CNHINR,07/20/2026,14.248255,14.24667,14.24984,14.25057,14.20834,14.2031,14.24667,
CNHIDR,07/20/2026,2651.5,2649,2654,2656.64,2639,2631.35,2649,
AUDCNH,07/20/2026,4.7378,4.7373,4.7383,4.7471,4.7332,4.7318,4.7373,
AUDCNY,07/20/2026,4.73035,4.7269,4.7338,4.7462,4.7326,4.7245,4.7269,4.7365
NZDCNH,07/20/2026,3.95255,3.9517,3.9534,3.9686,3.957,3.9513,3.9517,
NZDCNY,07/20/2026,3.9393,3.936,3.9426,3.9684,3.9563,3.9351,3.936,3.9637
NZDUSD,07/20/2026,0.58385,0.5837,0.584,0.5863,0.5829,0.5824,0.5837,
EURZAR,07/20/2026,18.86095,18.8404,18.8815,18.94,18.8382,18.7938,18.8404,
ZARCNY,07/20/2026,0.4094,0.4092,0.4096,0.4117,0.4089,0.4071,0.4092,0.409903
CNHKZT,07/20/2026,69.4656,69.4429,69.4883,69.8799,69.638,69.3444,69.4429,
HKDCNY,07/20/2026,0.86301,0.86295,0.86307,0.86435,0.86422,0.86272,0.86295,0.86669
SGDCNY,07/20/2026,5.241,5.2407,5.2413,5.2486,5.2478,5.2371,5.2407,5.2531
CHFCNY,07/20/2026,8.35325,8.35,8.3565,8.3946,8.3789,8.3438,8.35,8.3956
CADCNY,07/20/2026,4.80945,4.809,4.8099,4.8365,4.8328,4.8077,4.809,4.8415
MYRCNY,07/20/2026,1.6535,1.6525,1.6545,1.6579,1.6527,1.652,1.6525,1.659861
RUBCNY,07/20/2026,0.0861,0.0861,0.0861,0.0867,0.0866,0.0858,0.0861,0.086781
KRWCNY,07/20/2026,0.004585,0.00458,0.00459,0.00459,0.00455,0.00454,0.00458,0.004559
AEDCNY,07/20/2026,1.84235,1.842,1.8427,1.8451,1.8449,1.8417,1.842,1.848019
SARCNY,07/20/2026,1.80205,1.8019,1.8022,1.8043,1.8043,1.8012,1.8019,1.80737
TRYCNY,07/20/2026,0.1434,0.1434,0.1434,0.1438,0.1437,0.1428,0.1434,0.14393
MXNCNY,07/20/2026,0.38825,0.3881,0.3884,0.3887,0.3858,0.3855,0.3881,0.386982
EURUSD,07/20/2026,1.1415,1.1414,1.1416,1.1449,1.1432,1.1402,1.1414,
USDRUB,07/20/2026,78.575,78.5705,78.5795,78.8,78.5,78.0455,78.5705,
USDCZK,07/20/2026,21.2025,21.192,21.213,21.216,21.156,21.122,21.192,
AUDUSD,07/20/2026,0.6997,0.6994,0.7,0.7014,0.697,0.6958,0.6994,
EURCNH,07/20/2026,7.72655,7.7261,7.727,7.7504,7.7438,7.718,7.7261,
EURCNY,07/20/2026,7.74445,7.7398,7.7491,7.75,7.7454,7.7342,7.7398,7.757
GBPCNY,07/20/2026,9.07005,9.0646,9.0755,9.1233,9.1119,9.06,9.0646,9.1262
GBPUSD,07/20/2026,1.34315,1.3428,1.3435,1.3481,1.3439,1.341,1.3428,
USDCHF,07/20/2026,0.8101,0.8098,0.8104,0.8107,0.8067,0.8059,0.8098,
USDCNH,07/20/2026,6.7694,6.7684,6.7704,6.7787,6.7762,6.7649,6.7684,
CNHCNY,07/20/2026,0.99965,0.9996,0.9997,1.0002,1,0.9992,0.9996,
THBCNY,07/20/2026,0.201125,0.20097,0.20128,0.20147,0.20131,0.20078,0.20097,0.201479
INRCNY,07/20/2026,7.016,7.0151,7.0169,7.0363,7.0345,7.015,7.0151,
IDRCNY,07/20/2026,0.03773,0.03772,0.03774,0.03786,0.03785,0.03762,0.03772,
BRLCNY,07/20/2026,1.32945,1.3293,1.3296,1.3317,1.3252,1.3226,1.3293,
ARSCNY,07/21/2026,0.0046,0.0046,0.0046,0.0046,0.0046,0.0045,0.0046,
PHPCNY,07/21/2026,0.109585,0.10954,0.10963,0.10972,0.10969,0.10946,0.10954,
NGNCNY,07/21/2026,0.00491,0.00491,0.00491,0.00491,0.0049,0.00489,0.00491,
PENCNY,07/21/2026,1.99,1.99,1.99,1.99,1.99,1.99,1.99,
KZTCNY,07/21/2026,14.425,14.4194,14.4306,14.4849,14.3858,14.3511,14.4194,
UGXCNY,07/21/2026,0.18265,0.1824,0.1829,0.1833,0.1825,0.1809,0.1824,
TZSCNY,07/21/2026,0.25655,0.2548,0.2583,0.2558,0.2549,0.2547,0.2548,
CLPCNY,07/21/2026,0.0723,0.0722,0.0724,0.0727,0.0723,0.0721,0.0722,
VNDCNY,07/21/2026,2.57115,2.5705,2.5718,2.5736,2.5729,2.5696,2.5705,
RSDCNY,07/21/2026,0.6572,0.6569,0.6575,0.6587,0.6572,0.6557,0.6569,
UZSCNY,07/21/2026,0.56445,0.5642,0.5647,0.5657,0.5656,0.5634,0.5642,
GHSCNY,07/21/2026,0.585,0.5842,0.5858,0.5853,0.5844,0.5807,0.5842,
GNFCNY,07/21/2026,0.77115,0.7688,0.7735,0.7692,0.769,0.7646,0.7688,
KESCNY,07/21/2026,0.05235,0.0523,0.0524,0.0523,0.0523,0.0522,0.0523,
ZMWCNY,07/21/2026,0.3688,0.3683,0.3693,0.3707,0.3636,0.3634,0.3683,
DJFCNY,07/21/2026,0.37995,0.3789,0.381,0.3791,0.379,0.3787,0.3789,
MADCNY,07/21/2026,0.72025,0.7199,0.7206,0.7231,0.7226,0.7198,0.7199,
USDCNY,07/21/2026,6.76605,6.7656,6.7665,6.7689,6.7669,6.7625,6.7656,6.7917
USDRSD,07/21/2026,102.955,102.92,102.99,102.93,102.66,102.53,102.92,
USDUZS,07/21/2026,11986.56,11981.56,11991.56,11981.56,11955.09,11955.09,11981.56,
USDKZT,07/21/2026,469.05,468.9,469.2,471.35,470.08,467.03,468.9,
USDXOF,07/21/2026,573,571,575,571,569.5,569.5,571,
EURXOF,07/21/2026,673.5005,666.953,680.048,666.982,665.798,665.798,666.953,
USDGNF,07/21/2026,8774,8748,8800,8755,8748,8748,8748,
EURGNF,07/21/2026,10001.05,9970.1,10032,9997.21,9984.97,9969.22,9970.1,
USDGHS,07/21/2026,11.565,11.55,11.58,11.6,11.55,11.52,11.55,
USDKES,07/21/2026,129.3,129.2,129.4,129.35,129.15,129.15,129.2,
USDUGX,07/21/2026,3703.81,3698.81,3708.81,3730,3695,3680,3698.81,
USDDJF,07/21/2026,178.075,177.6,178.55,177.6,177.6,177.55,177.6,
USDCAD,07/21/2026,1.4108,1.4107,1.4109,1.4111,1.4068,1.4053,1.4107,
USDEUR,07/21/2026,0.8773,0.8772,0.8774,0.8773,0.8759,0.8749,0.8772,
USDHKD,07/21/2026,7.84185,7.8417,7.842,7.8423,7.8409,7.8394,7.8417,
EURHKD,07/21/2026,8.93865,8.9381,8.9392,8.9621,8.9497,8.9347,8.9381,
USDAUD,07/21/2026,1.4286,1.428,1.4292,1.4298,1.429,1.4227,1.428,
USDVND,07/21/2026,26315,26310,26320,26325,26294,26285,26310,
USDARS,07/21/2026,1477.75,1477.5,1478,1479,1470,1470,1477.5,
USDZAR,07/21/2026,16.47175,16.4673,16.4762,16.5208,16.4688,16.4059,16.4673,
USDAOA,07/21/2026,918,913,923,913,912.629,912,913,
EURAOA,07/21/2026,1046.385,1040.55,1052.22,1042.95,1041.58,1040.21,1040.55,
USDCDF,07/21/2026,2308,2266,2350,2266,2266,2245,2266,
USDZWG,07/21/2026,27.6001,26.6622,28.538,26.6622,25.9844,25.8583,26.6622,
USDZMW,07/21/2026,18.3471,18.3221,18.3721,18.36,18.2,18.2,18.3221,
USDTRY,07/21/2026,47.18655,47.1815,47.1916,47.2067,47.171,46.9319,47.1815,
USDTZS,07/21/2026,2637.5,2620,2655,2625,2625,2610,2620,
EURAUD,07/21/2026,1.62855,1.6283,1.6288,1.6318,1.6301,1.6255,1.6283,
USDJPY,07/21/2026,163.175,163.16,163.19,163.23,162.47,162.41,163.16,
USDMAD,07/21/2026,9.3942,9.3902,9.3982,9.3914,9.3675,9.3501,9.3902,
USDBRL,07/21/2026,5.0732,5.0722,5.0742,5.0924,5.0904,5.0657,5.0722,
USDIDR,07/21/2026,17885,17880,17890,17945,17920,17860,17880,
USDINR,07/21/2026,96.24,96.23,96.25,96.4125,96.41,96.125,96.23,
USDCLP,07/21/2026,935.7,934.35,937.05,935.32,933.6,929.17,934.35,
USDAED,07/21/2026,3.67295,3.6729,3.673,3.6734,3.6729,3.6723,3.6729,
USDSAR,07/21/2026,3.7539,3.7538,3.754,3.7553,3.7549,3.752,3.7538,
USDPHP,07/21/2026,61.7435,61.721,61.766,61.771,61.652,61.631,61.721,
USDPEN,07/21/2026,3.3965,3.3944,3.3986,3.4043,3.3886,3.3885,3.3944,
USDMXN,07/21/2026,17.413,17.398,17.428,17.4327,17.4239,17.3696,17.398,
USDNGN,07/21/2026,1377.34,1376.84,1377.84,1380.04,1378.33,1374.09,1376.84,
USDMYR,07/21/2026,4.089,4.087,4.091,4.089,4.085,4.084,4.087,
USDSGD,07/21/2026,1.29195,1.2917,1.2922,1.2923,1.2911,1.2888,1.2917,
EURBRL,07/21/2026,5.7827,5.7808,5.7846,5.8196,5.8102,5.7754,5.7808,
EURTRY,07/21/2026,53.82245,53.8082,53.8367,53.9733,53.9151,53.573,53.8082,
EURGBP,07/21/2026,0.8522,0.8519,0.8525,0.8538,0.8495,0.8488,0.8519,
ZARCNH,07/21/2026,0.4109,0.4108,0.411,0.4122,0.4093,0.4093,0.4108,
ZARHKD,07/21/2026,0.47605,0.4759,0.4762,0.4777,0.4758,0.4742,0.4759,
AUDNZD,07/21/2026,1.20105,1.2006,1.2015,1.2024,1.1976,1.1933,1.2006,
CZKCNY,07/21/2026,0.31885,0.3186,0.3191,0.3198,0.319,0.3185,0.3186,
JPYCNH,07/21/2026,0.0414815,0.041477,0.041486,0.041661,0.041649,0.041453,0.041477,
JPYCNY,07/21/2026,0.0415805,0.041577,0.041584,0.041654,0.041627,0.041577,0.041577,0.041763
GBPCNH,07/21/2026,9.0535,9.0521,9.0549,9.1005,9.0874,9.0437,9.0521,
CNHRUB,07/21/2026,11.57895,11.5782,11.5797,11.66539,11.605,11.57372,11.5782,
CNHMYR,07/21/2026,0.6041,0.6038,0.6044,0.6043,0.6041,0.6035,0.6038,
USDKRW,07/21/2026,1481.645,1481.42,1481.87,1482.56,1475.27,1470.9,1481.42,
CNHKRW,07/21/2026,217.77,217.71,217.83,218.71,218.01,217.3,217.71,
CNHPHP,07/21/2026,9.1217,9.1182,9.1252,9.1267,9.1044,9.103,9.1182,
USDTHB,07/21/2026,33.705,33.68,33.73,33.72,33.62,33.58,33.68,
CNHTHB,07/21/2026,4.9831,4.9826,4.9836,4.9841,4.9729,4.9662,4.9826,
CNYTHB,07/21/2026,4.97585,4.9712,4.9805,4.9773,4.9337,4.9336,4.9712,4.9656
CNHINR,07/21/2026,14.21828,14.2167,14.21986,14.25805,14.24436,14.20371,14.2167,
CNHIDR,07/21/2026,2639.055,2637.56,2640.55,2651.14,2631.35,2631.35,2637.56,
AUDCNH,07/21/2026,4.73755,4.7371,4.738,4.7546,4.7349,4.7308,4.7371,
AUDCNY,07/21/2026,4.7452,4.7417,4.7487,4.7541,4.7378,4.7239,4.7417,4.7468
NZDCNH,07/21/2026,3.9439,3.9418,3.946,3.9734,3.9457,3.9413,3.9418,
NZDCNY,07/21/2026,3.9482,3.9449,3.9515,3.9729,3.9663,3.9376,3.9449,3.9678
NZDUSD,07/21/2026,0.5825,0.5822,0.5828,0.5872,0.5837,0.582,0.5822,
EURZAR,07/21/2026,18.77515,18.7646,18.7857,18.8589,18.8583,18.7402,18.7646,
ZARCNY,07/21/2026,0.41075,0.4106,0.4109,0.4122,0.4106,0.4092,0.4106,0.411032
CNHKZT,07/21/2026,69.2964,69.2737,69.3191,69.6666,69.4316,69.0148,69.2737,
HKDCNY,07/21/2026,0.862815,0.86274,0.86289,0.86328,0.86296,0.86243,0.86274,0.86628
SGDCNY,07/21/2026,5.23705,5.2357,5.2384,5.2467,5.2407,5.2333,5.2357,5.2541
CHFCNY,07/21/2026,8.3254,8.3228,8.328,8.3603,8.353,8.3177,8.3228,8.3734
CADCNY,07/21/2026,4.7959,4.7952,4.7966,4.8137,4.8084,4.7935,4.7952,4.8176
MYRCNY,07/21/2026,1.6547,1.6538,1.6556,1.6549,1.6525,1.6525,1.6538,1.658732
RUBCNY,07/21/2026,0.0863,0.0863,0.0863,0.0864,0.0861,0.0857,0.0863,0.086239
KRWCNY,07/21/2026,0.00457,0.00457,0.00457,0.0046,0.00458,0.00456,0.00457,0.004587
AEDCNY,07/21/2026,1.84215,1.842,1.8423,1.843,1.8423,1.8408,1.842,1.846279
SARCNY,07/21/2026,1.8024,1.8022,1.8026,1.8027,1.8019,1.8001,1.8022,1.805902
TRYCNY,07/21/2026,0.1434,0.1434,0.1434,0.1435,0.1434,0.1427,0.1434,0.143778
MXNCNY,07/21/2026,0.38855,0.3882,0.3889,0.3893,0.3881,0.3876,0.3882,0.389727
EURUSD,07/21/2026,1.13985,1.1397,1.14,1.1428,1.1413,1.1396,1.1397,
USDRUB,07/21/2026,78.375,78.3705,78.3795,78.9,78.4955,78.3205,78.3705,
USDCZK,07/21/2026,21.221,21.208,21.234,21.218,21.192,21.144,21.208,
AUDUSD,07/21/2026,0.7,0.6997,0.7003,0.7026,0.6993,0.6991,0.6997,
EURCNH,07/21/2026,7.71535,7.7145,7.7162,7.7328,7.7263,7.7132,7.7145,
EURCNY,07/21/2026,7.723,7.7184,7.7276,7.7353,7.7196,7.7136,7.7184,7.7418
GBPCNY,07/21/2026,9.0552,9.0497,9.0607,9.1007,9.086,9.0368,9.0497,9.1083
GBPUSD,07/21/2026,1.33755,1.3371,1.338,1.3455,1.3429,1.3357,1.3371,
USDCHF,07/21/2026,0.8127,0.8125,0.8129,0.8132,0.81,0.8089,0.8125,
USDCNH,07/21/2026,6.76875,6.7687,6.7688,6.7699,6.7684,6.7626,6.7687,
CNHCNY,07/21/2026,0.9996,0.9995,0.9997,1.0004,0.9995,0.9992,0.9995,
THBCNY,07/21/2026,0.200745,0.20058,0.20091,0.20129,0.20097,0.2004,0.20058,0.201386
INRCNY,07/21/2026,7.0304,7.0292,7.0316,7.0374,7.0152,7.0107,7.0292,
IDRCNY,07/21/2026,0.03783,0.03782,0.03784,0.03785,0.03772,0.03767,0.03782,
BRLCNY,07/21/2026,1.33365,1.3333,1.334,1.3353,1.3292,1.3282,1.3333,
ARSCNY,07/22/2026,0.0046,0.0046,0.0046,0.0046,0.0046,0.0046,0.0046,
PHPCNY,07/22/2026,0.109705,0.10966,0.10975,0.10972,0.10954,0.10948,0.10966,
NGNCNY,07/22/2026,0.004935,0.00493,0.00494,0.00494,0.0049,0.0049,0.00493,
PENCNY,07/22/2026,1.99,1.99,1.99,1.99,1.99,1.99,1.99,
KZTCNY,07/22/2026,14.4869,14.4811,14.4927,14.516,14.4197,14.4013,14.4811,
UGXCNY,07/22/2026,0.18285,0.1826,0.1831,0.1826,0.1824,0.1803,0.1826,
TZSCNY,07/22/2026,0.25655,0.2551,0.258,0.2557,0.255,0.2549,0.2551,
CLPCNY,07/22/2026,0.0724,0.0724,0.0724,0.0724,0.0722,0.0721,0.0724,
VNDCNY,07/22/2026,2.5739,2.5736,2.5742,2.5737,2.5695,2.5695,2.5736,
RSDCNY,07/22/2026,0.65835,0.6577,0.659,0.6589,0.6565,0.6556,0.6577,
UZSCNY,07/22/2026,0.56215,0.5619,0.5624,0.5653,0.5642,0.5613,0.5619,
GHSCNY,07/22/2026,0.5831,0.5823,0.5839,0.5863,0.582,0.5789,0.5823,
GNFCNY,07/22/2026,0.77195,0.7696,0.7743,0.7699,0.7688,0.7646,0.7696,
KESCNY,07/22/2026,0.0523,0.0523,0.0523,0.0524,0.0523,0.0522,0.0523,
ZMWCNY,07/22/2026,0.3657,0.3617,0.3697,0.3702,0.3685,0.3617,0.3617,
DJFCNY,07/22/2026,0.38035,0.3793,0.3814,0.3795,0.3789,0.3789,0.3793,
MADCNY,07/22/2026,0.72155,0.7212,0.7219,0.7229,0.7199,0.7199,0.7212,
USDCNY,07/22/2026,6.7729,6.7725,6.7733,6.7753,6.7698,6.7684,6.7725,6.7933
USDRSD,07/22/2026,102.88,102.78,102.98,102.92,102.86,102.62,102.78,
USDUZS,07/22/2026,12048.84,12043.84,12053.84,12043.84,11981.56,11953,12043.84,
USDKZT,07/22/2026,467.52,467.36,467.68,469.49,468.89,466.54,467.36,
USDXOF,07/22/2026,574.75,571.25,578.25,572.46,570.75,570.75,571.25,
EURXOF,07/22/2026,673.5,666.982,680.018,666.982,666.719,666.719,666.982,
USDGNF,07/22/2026,8774,8748,8800,8755,8748,8739.25,8748,
EURGNF,07/22/2026,10012.455,9981.47,10043.44,9991.09,9970.1,9969.22,9981.47,
USDGHS,07/22/2026,11.615,11.6,11.63,11.61,11.585,11.45,11.6,
USDKES,07/22/2026,129.5,129.4,129.6,129.45,129.25,129.1,129.4,
USDUGX,07/22/2026,3703.81,3698.81,3708.81,3745,3698.81,3698.81,3698.81,
USDDJF,07/22/2026,178.075,177.6,178.55,177.6,177.6,177.4,177.6,
USDCAD,07/22/2026,1.4088,1.4087,1.4089,1.4111,1.4106,1.4075,1.4087,
USDEUR,07/22/2026,0.8763,0.8762,0.8764,0.8773,0.8773,0.8754,0.8762,
USDHKD,07/22/2026,7.84105,7.8407,7.8414,7.8417,7.8416,7.8381,7.8407,
EURHKD,07/22/2026,8.94805,8.9462,8.9499,8.9541,8.9384,8.9333,8.9462,
USDAUD,07/22/2026,1.4291,1.4288,1.4294,1.4325,1.4284,1.4255,1.4288,
USDVND,07/22/2026,26313.5,26312,26315,26342,26319,26309,26312,
USDARS,07/22/2026,1482.625,1482.25,1483,1482.25,1475,1475,1482.25,
USDZAR,07/22/2026,16.3937,16.3859,16.4015,16.524,16.4668,16.3798,16.3859,
USDAOA,07/22/2026,919.329,912.629,926.029,913,912.629,912.629,912.629,
EURAOA,07/22/2026,1049.095,1041.31,1056.88,1042.31,1040.55,1040.03,1041.31,
USDCDF,07/22/2026,2306.5,2263,2350,2266,2266,2240,2263,
USDZWG,07/22/2026,26.6967,25.3619,28.0315,26.0293,26.0293,25.3619,25.3619,
USDZMW,07/22/2026,18.523,18.321,18.725,18.435,18.35,18.25,18.321,
USDTRY,07/22/2026,47.2132,47.2082,47.2182,47.2233,47.1816,46.8813,47.2082,
USDTZS,07/22/2026,2640,2625,2655,2625,2610,2610,2625,
EURAUD,07/22/2026,1.63115,1.6308,1.6315,1.6335,1.6283,1.6261,1.6308,
USDJPY,07/22/2026,163.145,163.13,163.16,163.22,163.16,162.77,163.13,
USDMAD,07/22/2026,9.3869,9.3829,9.3909,9.3972,9.3902,9.3635,9.3829,
USDBRL,07/22/2026,5.05455,5.054,5.0551,5.0849,5.0737,5.048,5.054,
USDIDR,07/22/2026,17880,17875,17885,17930,17920,17870,17875,
USDINR,07/22/2026,96.57,96.56,96.58,96.57,96.3425,96.25,96.56,
USDCLP,07/22/2026,935.6,935.15,936.05,938.27,934.35,934.12,935.15,
USDAED,07/22/2026,3.6729,3.6728,3.673,3.6732,3.6725,3.6716,3.6728,
USDSAR,07/22/2026,3.7539,3.7538,3.754,3.7538,3.7538,3.7524,3.7538,
USDPHP,07/22/2026,61.738,61.717,61.759,61.772,61.721,61.691,61.717,
USDPEN,07/22/2026,3.4016,3.399,3.4042,3.402,3.3984,3.3899,3.399,
USDMXN,07/22/2026,17.3905,17.374,17.407,17.439,17.398,17.374,17.374,
USDNGN,07/22/2026,1372.63,1371.38,1373.88,1378.57,1374.87,1366.5,1371.38,
USDMYR,07/22/2026,4.087,4.084,4.09,4.095,4.09,4.082,4.084,
USDSGD,07/22/2026,1.29115,1.2908,1.2915,1.2923,1.2912,1.2893,1.2908,
EURBRL,07/22/2026,5.768,5.7666,5.7694,5.8002,5.7825,5.7603,5.7666,
EURTRY,07/22/2026,53.91575,53.8724,53.9591,53.9619,53.808,53.4773,53.8724,
EURGBP,07/22/2026,0.85315,0.853,0.8533,0.8539,0.852,0.8515,0.853,
ZARCNH,07/22/2026,0.4133,0.4131,0.4135,0.4133,0.4109,0.4097,0.4131,
ZARHKD,07/22/2026,0.47825,0.478,0.4785,0.4784,0.476,0.4742,0.478,
AUDNZD,07/22/2026,1.2029,1.2024,1.2034,1.2027,1.2015,1.2004,1.2024,
CZKCNY,07/22/2026,0.31975,0.3196,0.3199,0.3203,0.3186,0.3181,0.3196,
JPYCNH,07/22/2026,0.041528,0.041524,0.041532,0.041603,0.04148,0.041447,0.041524,
JPYCNY,07/22/2026,0.041527,0.041524,0.04153,0.041594,0.04149,0.041483,0.041524,0.041592
GBPCNH,07/22/2026,9.0616,9.0604,9.0628,9.0707,9.0451,9.0451,9.0604,
CNHRUB,07/22/2026,11.50914,11.50839,11.50989,11.63529,11.5782,11.5055,11.50839,
CNHMYR,07/22/2026,0.60325,0.6028,0.6037,0.6049,0.6038,0.6026,0.6028,
USDKRW,07/22/2026,1477.405,1477.12,1477.69,1484.15,1481.61,1473.8,1477.12,
CNHKRW,07/22/2026,218.525,218.48,218.57,219.08,218.66,218.15,218.48,
CNHPHP,07/22/2026,9.1113,9.1078,9.1148,9.1243,9.1182,9.1063,9.1078,
USDTHB,07/22/2026,33.77,33.75,33.79,33.85,33.68,33.67,33.75,
CNHTHB,07/22/2026,4.9861,4.9856,4.9866,4.9929,4.9807,4.9781,4.9856,
CNYTHB,07/22/2026,4.99045,4.9858,4.9951,4.9925,4.9687,4.9687,4.9858,4.9748
CNHINR,07/22/2026,14.25377,14.25219,14.25535,14.25724,14.2167,14.20642,14.25219,
CNHIDR,07/22/2026,2642.5,2640,2645,2650.71,2650.71,2635.75,2640,
AUDCNH,07/22/2026,4.74035,4.7398,4.7409,4.7463,4.7345,4.7294,4.7398,
AUDCNY,07/22/2026,4.74085,4.7374,4.7443,4.7441,4.7422,4.7281,4.7374,4.7476
NZDCNH,07/22/2026,3.94065,3.9398,3.9415,3.948,3.9394,3.9374,3.9398,
NZDCNY,07/22/2026,3.94275,3.9394,3.9461,3.9479,3.9446,3.9343,3.9394,3.9509
NZDUSD,07/22/2026,0.58185,0.5816,0.5821,0.5835,0.5833,0.5808,0.5816,
EURZAR,07/22/2026,18.70965,18.6949,18.7244,18.8461,18.7686,18.6899,18.6949,
ZARCNY,07/22/2026,0.41315,0.4129,0.4134,0.4132,0.4107,0.4098,0.4129,0.412116
CNHKZT,07/22/2026,69.00615,68.982,69.0303,69.365,69.2737,68.8569,68.982,
HKDCNY,07/22/2026,0.863775,0.86369,0.86386,0.86424,0.86273,0.86268,0.86369,0.86636
SGDCNY,07/22/2026,5.24565,5.2439,5.2474,5.2504,5.2361,5.2337,5.2439,5.2501
CHFCNY,07/22/2026,8.31595,8.3119,8.32,8.3467,8.3259,8.3078,8.3119,8.3466
CADCNY,07/22/2026,4.80755,4.8069,4.8082,4.8108,4.7952,4.7932,4.8069,4.8066
MYRCNY,07/22/2026,1.6572,1.6559,1.6585,1.6567,1.6522,1.6505,1.6559,1.659944
RUBCNY,07/22/2026,0.08685,0.0868,0.0869,0.0868,0.0864,0.0859,0.0868,0.086448
KRWCNY,07/22/2026,0.004585,0.00458,0.00459,0.00459,0.00457,0.00456,0.00458,0.004578
AEDCNY,07/22/2026,1.84405,1.8439,1.8442,1.8447,1.8417,1.8416,1.8439,1.846722
SARCNY,07/22/2026,1.80425,1.8041,1.8044,1.8051,1.8022,1.8017,1.8041,1.806815
TRYCNY,07/22/2026,0.14345,0.1434,0.1435,0.1435,0.1434,0.1417,0.1434,0.143737
MXNCNY,07/22/2026,0.3895,0.3891,0.3899,0.3895,0.3882,0.3879,0.3891,0.38994
EURUSD,07/22/2026,1.14115,1.141,1.1413,1.1421,1.1397,1.1396,1.141,
USDRUB,07/22/2026,77.975,77.9705,77.9795,78.8,78.2955,77.9705,77.9705,
USDCZK,07/22/2026,21.1825,21.174,21.191,21.223,21.208,21.133,21.174,
AUDUSD,07/22/2026,0.69975,0.6996,0.6999,0.7012,0.6998,0.6979,0.6996,
EURCNH,07/22/2026,7.73205,7.7303,7.7338,7.735,7.7138,7.7132,7.7303,
EURCNY,07/22/2026,7.7301,7.7255,7.7347,7.7345,7.7197,7.7141,7.7255,7.7345
GBPCNY,07/22/2026,9.0586,9.0531,9.0641,9.0704,9.0601,9.0473,9.0531,9.0744
GBPUSD,07/22/2026,1.3375,1.3371,1.3379,1.3395,1.3372,1.3352,1.3371,
USDCHF,07/22/2026,0.81445,0.8141,0.8148,0.8148,0.8125,0.8112,0.8141,
USDCNH,07/22/2026,6.77505,6.775,6.7751,6.776,6.7687,6.7657,6.775,
CNHCNY,07/22/2026,0.99965,0.9996,0.9997,1,0.9995,0.9989,0.9996,
THBCNY,07/22/2026,0.20056,0.20043,0.20069,0.2007,0.20058,0.20001,0.20043,0.201013
INRCNY,07/22/2026,7.01345,7.0123,7.0146,7.035,7.0336,7.0119,7.0123,
IDRCNY,07/22/2026,0.03788,0.03787,0.03789,0.03788,0.03784,0.03772,0.03787,
BRLCNY,07/22/2026,1.33995,1.3397,1.3402,1.3415,1.3332,1.3317,1.3397,
ARSCNY,07/23/2026,0.0045,0.0045,0.0045,0.0046,0.0046,0.0045,0.0045,
PHPCNY,07/23/2026,0.10964,0.1096,0.10968,0.10969,0.10962,0.10938,0.1096,
NGNCNY,07/23/2026,0.004945,0.00494,0.00495,0.00495,0.00493,0.00492,0.00494,
PENCNY,07/23/2026,1.995,1.99,2,1.99,1.99,1.98,1.99,
KZTCNY,07/23/2026,14.49855,14.4936,14.5035,14.5605,14.4814,14.4029,14.4936,
UGXCNY,07/23/2026,0.18275,0.1825,0.183,0.1826,0.1826,0.1793,0.1825,
TZSCNY,07/23/2026,0.25745,0.2555,0.2594,0.2555,0.255,0.2549,0.2555,
CLPCNY,07/23/2026,0.07155,0.0715,0.0716,0.0724,0.0724,0.0713,0.0715,
VNDCNY,07/23/2026,2.5726,2.5723,2.5729,2.5736,2.5708,2.5688,2.5723,
RSDCNY,07/23/2026,0.65605,0.6551,0.657,0.6593,0.6579,0.6542,0.6551,
UZSCNY,07/23/2026,0.55945,0.5592,0.5597,0.5632,0.5632,0.559,0.5592,
GHSCNY,07/23/2026,0.5829,0.5821,0.5837,0.5902,0.5823,0.5786,0.5821,
GNFCNY,07/23/2026,0.7716,0.7693,0.7739,0.7696,0.7696,0.765,0.7693,
KESCNY,07/23/2026,0.0523,0.0523,0.0523,0.0524,0.0522,0.0522,0.0523,
ZMWCNY,07/23/2026,0.367,0.3665,0.3675,0.3698,0.3615,0.3614,0.3665,
DJFCNY,07/23/2026,0.3802,0.3792,0.3812,0.3793,0.3793,0.379,0.3792,
MADCNY,07/23/2026,0.72175,0.7214,0.7221,0.7233,0.722,0.7204,0.7214,
USDCNY,07/23/2026,6.77025,6.7701,6.7704,6.7711,6.7697,6.7674,6.7701,6.7906
USDRSD,07/23/2026,103.2,103.05,103.35,103.24,102.74,102.53,103.05,
USDUZS,07/23/2026,12101.84,12096.84,12106.84,12096.84,11970,11970,12096.84,
USDKZT,07/23/2026,466.96,466.81,467.11,470,467.37,464.83,466.81,
USDXOF,07/23/2026,574,570.5,577.5,571.25,571.25,570.5,570.5,
EURXOF,07/23/2026,673.5,666.982,680.018,666.983,666.427,666.416,666.982,
USDGNF,07/23/2026,8774,8748,8800,8755,8748,8748,8748,
EURGNF,07/23/2026,9982.18,9951.72,10012.64,10003.34,9981.47,9940.35,9951.72,
USDGHS,07/23/2026,11.615,11.6,11.63,11.62,11.6,11.44,11.6,
USDKES,07/23/2026,129.45,129.35,129.55,129.55,129,129,129.35,
USDUGX,07/23/2026,3703.81,3698.81,3708.81,3765,3698.81,3698.81,3698.81,
USDDJF,07/23/2026,178.075,177.6,178.55,177.6,177.6,177.55,177.6,
USDCAD,07/23/2026,1.40855,1.4082,1.4089,1.4099,1.4086,1.4055,1.4082,
USDEUR,07/23/2026,0.87895,0.8789,0.879,0.8799,0.8762,0.8743,0.8789,
USDHKD,07/23/2026,7.8412,7.8408,7.8416,7.8416,7.8405,7.8386,7.8408,
EURHKD,07/23/2026,8.92095,8.9192,8.9227,8.9663,8.9453,8.908,8.9192,
USDAUD,07/23/2026,1.4349,1.4345,1.4353,1.4362,1.4288,1.4237,1.4345,
USDVND,07/23/2026,26316.5,26314,26319,26338,26338,26305,26314,
USDARS,07/23/2026,1489,1488.5,1489.5,1491.5,1482.25,1475,1488.5,
USDZAR,07/23/2026,16.8193,16.8141,16.8245,16.868,16.3952,16.3437,16.8141,
USDAOA,07/23/2026,919.329,912.629,926.029,913,912.629,912.629,912.629,
EURAOA,07/23/2026,1045.925,1038.21,1053.64,1043.59,1041.04,1037.02,1038.21,
USDCDF,07/23/2026,2306.5,2263,2350,2263,2263,2240,2263,
USDZWG,07/23/2026,27.208,25.8743,28.5417,26.0076,25.9923,25.3408,25.8743,
USDZMW,07/23/2026,18.4464,18.4214,18.4714,18.505,18.325,18.255,18.4214,
USDTRY,07/23/2026,47.25995,47.2549,47.265,47.2885,47.1831,46.9554,47.2549,
USDTZS,07/23/2026,2630,2610,2650,2625,2625,2610,2610,
EURAUD,07/23/2026,1.6328,1.6323,1.6333,1.6337,1.6309,1.6261,1.6323,
USDJPY,07/23/2026,163.855,163.85,163.86,163.98,163.13,162.98,163.85,
USDMAD,07/23/2026,9.3801,9.3761,9.3841,9.3902,9.375,9.3548,9.3761,
USDBRL,07/23/2026,5.08405,5.0839,5.0842,5.0925,5.0544,5.0531,5.0839,
USDIDR,07/23/2026,17895,17890,17900,17928,17910,17875,17890,
USDINR,07/23/2026,96.5775,96.5725,96.5825,96.5725,96.56,96.4525,96.5725,
USDCLP,07/23/2026,945.9,945.36,946.44,949.18,935.15,935,945.36,
USDAED,07/23/2026,3.673,3.6724,3.6736,3.6734,3.6728,3.6723,3.6724,
USDSAR,07/23/2026,3.7536,3.7535,3.7537,3.7553,3.7538,3.7524,3.7535,
USDPHP,07/23/2026,61.7505,61.731,61.77,61.866,61.737,61.692,61.731,
USDPEN,07/23/2026,3.3957,3.3936,3.3978,3.412,3.3995,3.3911,3.3936,
USDMXN,07/23/2026,17.52135,17.5007,17.542,17.544,17.3844,17.3722,17.5007,
USDNGN,07/23/2026,1368.81,1368.01,1369.61,1372,1371.38,1364.19,1368.01,
USDMYR,07/23/2026,4.089,4.087,4.091,4.089,4.085,4.08,4.087,
USDSGD,07/23/2026,1.29325,1.2929,1.2936,1.2934,1.2905,1.2886,1.2929,
EURBRL,07/23/2026,5.7841,5.7834,5.7848,5.7917,5.7671,5.7566,5.7834,
EURTRY,07/23/2026,53.89285,53.8767,53.909,54.1233,53.8844,53.43,53.8767,
EURGBP,07/23/2026,0.8545,0.8543,0.8547,0.8546,0.8532,0.8523,0.8543,
ZARCNH,07/23/2026,0.40295,0.4028,0.4031,0.4139,0.413,0.4016,0.4028,
ZARHKD,07/23/2026,0.4662,0.466,0.4664,0.4795,0.4779,0.4646,0.466,
AUDNZD,07/23/2026,1.20715,1.2063,1.208,1.2084,1.2019,1.2015,1.2063,
CZKCNY,07/23/2026,0.3184,0.3182,0.3186,0.3202,0.3196,0.3178,0.3182,
JPYCNH,07/23/2026,0.0413645,0.041362,0.041367,0.041543,0.041521,0.041323,0.041362,
JPYCNY,07/23/2026,0.0414445,0.041443,0.041446,0.041529,0.041517,0.041428,0.041443,0.041589
GBPCNH,07/23/2026,9.06215,9.0619,9.0624,9.0634,9.0542,9.0525,9.0619,
CNHRUB,07/23/2026,11.552425,11.55142,11.55343,11.62602,11.50279,11.48264,11.55142,
CNHMYR,07/23/2026,0.6033,0.603,0.6036,0.6039,0.6025,0.6025,0.603,
USDKRW,07/23/2026,1475.63,1474.92,1476.34,1477.94,1477,1464.9,1474.92,
CNHKRW,07/23/2026,216.705,216.65,216.76,218.17,218.01,216.26,216.65,
CNHPHP,07/23/2026,9.11465,9.1144,9.1149,9.1182,9.1093,9.1074,9.1144,
USDTHB,07/23/2026,33.82,33.8,33.84,33.88,33.75,33.72,33.8,
CNHTHB,07/23/2026,4.9902,4.9897,4.9907,5.0019,4.9841,4.98,4.9897,
CNYTHB,07/23/2026,4.98235,4.9777,4.987,5.0007,4.9886,4.977,4.9777,4.9855
CNHINR,07/23/2026,14.24909,14.24793,14.25025,14.26651,14.24525,14.24457,14.24793,
CNHIDR,07/23/2026,2643.5,2642,2645,2649.57,2634.19,2634.19,2642,
AUDCNH,07/23/2026,4.73775,4.7375,4.738,4.7388,4.7345,4.7322,4.7375,
AUDCNY,07/23/2026,4.75365,4.7502,4.7571,4.7522,4.7401,4.7167,4.7502,4.7401
NZDCNH,07/23/2026,3.9396,3.939,3.9402,3.9406,3.9399,3.9234,3.939,
NZDCNY,07/23/2026,3.9426,3.9393,3.9459,3.9415,3.9373,3.903,3.9393,3.9418
NZDUSD,07/23/2026,0.5772,0.5771,0.5773,0.5823,0.5819,0.576,0.5771,
EURZAR,07/23/2026,19.133,19.1209,19.1451,19.1873,18.7096,18.6695,19.1209,
ZARCNY,07/23/2026,0.40255,0.4024,0.4027,0.4139,0.4128,0.4012,0.4024,0.413428
CNHKZT,07/23/2026,68.8955,68.8713,68.9197,69.4188,68.9484,68.6619,68.8713,
HKDCNY,07/23/2026,0.86342,0.86336,0.86348,0.86393,0.86365,0.86308,0.86336,0.86616
SGDCNY,07/23/2026,5.23505,5.2335,5.2366,5.2505,5.2431,5.2327,5.2335,5.2529
CHFCNY,07/23/2026,8.28875,8.2855,8.292,8.3241,8.3139,8.2744,8.2855,8.3302
CADCNY,07/23/2026,4.8065,4.8052,4.8078,4.8152,4.8069,4.8008,4.8052,4.8136
MYRCNY,07/23/2026,1.65575,1.6549,1.6566,1.6567,1.6538,1.6538,1.6549,1.660881
RUBCNY,07/23/2026,0.0865,0.0865,0.0865,0.0871,0.0863,0.086,0.0865,0.086551
KRWCNY,07/23/2026,0.00459,0.00459,0.00459,0.00462,0.00458,0.00458,0.00459,0.004596
AEDCNY,07/23/2026,1.84325,1.8429,1.8436,1.844,1.8439,1.8423,1.8429,1.846279
SARCNY,07/23/2026,1.8037,1.8036,1.8038,1.8041,1.8041,1.802,1.8036,1.806424
TRYCNY,07/23/2026,0.14325,0.1432,0.1433,0.1436,0.1434,0.1408,0.1432,0.143673
MXNCNY,07/23/2026,0.3864,0.3859,0.3869,0.3896,0.3886,0.3859,0.3859,0.389924
EURUSD,07/23/2026,1.1377,1.1376,1.1378,1.1435,1.1407,1.1363,1.1376,
USDRUB,07/23/2026,78.3,78.2955,78.3045,78.7,78.4955,77.7455,78.2955,
USDCZK,07/23/2026,21.2625,21.249,21.276,21.285,21.173,21.124,21.249,
AUDUSD,07/23/2026,0.6969,0.6967,0.6971,0.7021,0.6996,0.696,0.6967,
EURCNH,07/23/2026,7.71145,7.7097,7.7132,7.7382,7.7298,7.7002,7.7097,
EURCNY,07/23/2026,7.74295,7.7383,7.7476,7.7397,7.7297,7.7206,7.7383,7.7395
GBPCNY,07/23/2026,9.0719,9.0664,9.0774,9.0677,9.0588,9.0427,9.0664,9.0701
GBPUSD,07/23/2026,1.3316,1.3313,1.3319,1.3393,1.3375,1.3296,1.3313,
USDCHF,07/23/2026,0.8168,0.8165,0.8171,0.8179,0.8142,0.8128,0.8165,
USDCNH,07/23/2026,6.7778,6.7776,6.778,6.7786,6.7746,6.767,6.7776,
CNHCNY,07/23/2026,0.99885,0.9988,0.9989,1.0002,0.9991,0.9986,0.9988,
THBCNY,07/23/2026,0.200185,0.20006,0.20031,0.20061,0.20043,0.19969,0.20006,0.200582
INRCNY,07/23/2026,7.0102,7.0097,7.0107,7.0169,7.0123,7.0078,7.0097,
IDRCNY,07/23/2026,0.03783,0.03782,0.03784,0.03785,0.03785,0.03771,0.03782,
BRLCNY,07/23/2026,1.33165,1.3316,1.3317,1.3401,1.3398,1.329,1.3316,
ARSCNY,07/24/2026,0.0045,0.0045,0.0045,0.0046,0.0045,0.0045,0.0045,
PHPCNY,07/24/2026,0.109695,0.10957,0.10982,0.10982,0.10956,0.10944,0.10957,
NGNCNY,07/24/2026,0.004955,0.00495,0.00496,0.00496,0.00494,0.00493,0.00495,
PENCNY,07/24/2026,1.99,1.99,1.99,1.99,1.99,1.98,1.99,
KZTCNY,07/24/2026,14.25575,14.2506,14.2609,14.514,14.4933,14.1548,14.2506,
UGXCNY,07/24/2026,0.1794,0.1792,0.1796,0.1827,0.1825,0.1787,0.1792,
TZSCNY,07/24/2026,0.2563,0.2551,0.2575,0.2561,0.2556,0.255,0.2551,
CLPCNY,07/24/2026,0.07135,0.0713,0.0714,0.0718,0.0715,0.0713,0.0713,
VNDCNY,07/24/2026,2.5723,2.5719,2.5727,2.5748,2.5712,2.5712,2.5719,
RSDCNY,07/24/2026,0.65605,0.6558,0.6563,0.6577,0.656,0.6542,0.6558,
UZSCNY,07/24/2026,0.56345,0.5632,0.5637,0.5632,0.5592,0.5592,0.5632,
GHSCNY,07/24/2026,0.5823,0.5818,0.5828,0.5905,0.5819,0.5765,0.5818,
GNFCNY,07/24/2026,0.77185,0.7695,0.7742,0.7701,0.7693,0.7652,0.7695,
KESCNY,07/24/2026,0.0523,0.0523,0.0523,0.0524,0.0523,0.0522,0.0523,
ZMWCNY,07/24/2026,0.36215,0.3581,0.3662,0.3673,0.3668,0.3581,0.3581,
DJFCNY,07/24/2026,0.3803,0.3793,0.3813,0.3796,0.3792,0.3792,0.3793,
MADCNY,07/24/2026,0.72325,0.7227,0.7238,0.7244,0.7214,0.7211,0.7227,
USDCNY,07/24/2026,6.7722,6.7719,6.7725,6.777,6.7746,6.7714,6.7719,6.7939
USDRSD,07/24/2026,103.225,103.19,103.26,103.24,103.12,102.78,103.19,
USDUZS,07/24/2026,12019.08,12014.08,12024.08,12096.84,12096.84,11953,12014.08,
USDKZT,07/24/2026,475.05,474.9,475.2,478.48,466.8,466.15,474.9,
USDXOF,07/24/2026,575.5,572,579,573.56,570.5,570.5,572,
EURXOF,07/24/2026,673.5005,666.935,680.066,666.982,666.373,666.373,666.935,
USDGNF,07/24/2026,8774,8748,8800,8755,8748,8739.25,8748,
EURGNF,07/24/2026,9974.285,9943.85,10004.72,9972.72,9951.72,9941.23,9943.85,
USDGHS,07/24/2026,11.63,11.62,11.64,11.63,11.605,11.41,11.62,
USDKES,07/24/2026,129.5,129.4,129.6,129.45,129.15,129.15,129.4,
USDUGX,07/24/2026,3775,3770,3780,3780,3698.81,3698.81,3770,
USDDJF,07/24/2026,178.075,177.6,178.55,177.6,177.6,177.4,177.6,
USDCAD,07/24/2026,1.4095,1.4092,1.4098,1.4114,1.4084,1.4064,1.4092,
USDEUR,07/24/2026,0.87965,0.8796,0.8797,0.8799,0.8788,0.877,0.8796,
USDHKD,07/24/2026,7.8425,7.8417,7.8433,7.8426,7.8407,7.8402,7.8417,
EURHKD,07/24/2026,8.91515,8.9133,8.917,8.9402,8.9185,8.9101,8.9133,
USDAUD,07/24/2026,1.43245,1.432,1.4329,1.4355,1.4347,1.428,1.432,
USDVND,07/24/2026,26327,26324,26330,26330,26319,26310,26324,
USDARS,07/24/2026,1496.5,1496,1497,1496.5,1488.25,1480,1496,
USDZAR,07/24/2026,16.83575,16.8248,16.8467,16.9797,16.8141,16.7538,16.8248,
USDAOA,07/24/2026,919.329,912.629,926.029,913,912.629,911.716,912.629,
EURAOA,07/24/2026,1045.095,1037.39,1052.8,1040.4,1037.75,1037.11,1037.39,
USDCDF,07/24/2026,2306.5,2263,2350,2263.7,2263,2240,2263,
USDZWG,07/24/2026,27.1833,25.8508,28.5158,25.984,25.984,25.3178,25.8508,
USDZMW,07/24/2026,18.703,18.494,18.912,18.61,18.4,18.4,18.494,
USDTRY,07/24/2026,47.334,47.329,47.339,47.355,47.2538,46.9973,47.329,
USDTZS,07/24/2026,2642.5,2630,2655,2630,2615,2615,2630,
EURAUD,07/24/2026,1.6289,1.6284,1.6294,1.6332,1.632,1.6265,1.6284,
USDJPY,07/24/2026,163.85,163.84,163.86,163.93,163.83,163.62,163.84,
USDMAD,07/24/2026,9.36395,9.3574,9.3705,9.3835,9.3761,9.3458,9.3574,
USDBRL,07/24/2026,5.0842,5.0837,5.0847,5.0902,5.0838,5.0491,5.0837,
USDIDR,07/24/2026,17940,17935,17945,17980,17930,17920,17935,
USDINR,07/24/2026,96.5675,96.5625,96.5725,96.65,96.63,96.3425,96.5625,
USDCLP,07/24/2026,948.9,948.45,949.35,948.65,945.36,942.31,948.45,
USDAED,07/24/2026,3.67295,3.6729,3.673,3.6733,3.6725,3.6723,3.6729,
USDSAR,07/24/2026,3.7539,3.7538,3.754,3.7542,3.7535,3.7524,3.7538,
USDPHP,07/24/2026,61.7365,61.667,61.806,61.86,61.75,61.613,61.667,
USDPEN,07/24/2026,3.4022,3.4002,3.4042,3.4088,3.3936,3.3934,3.4002,
USDMXN,07/24/2026,17.4845,17.477,17.492,17.524,17.5011,17.434,17.477,
USDNGN,07/24/2026,1365.47,1364.22,1366.72,1369.97,1368.02,1361.78,1364.22,
USDMYR,07/24/2026,4.091,4.088,4.094,4.095,4.09,4.086,4.088,
USDSGD,07/24/2026,1.29065,1.2901,1.2912,1.2929,1.2923,1.2893,1.2901,
EURBRL,07/24/2026,5.7797,5.7786,5.7808,5.7943,5.7833,5.7489,5.7786,
EURTRY,07/24/2026,53.8209,53.8194,53.8224,54.012,53.8753,53.5,53.8194,
EURGBP,07/24/2026,0.85345,0.8531,0.8538,0.8553,0.8541,0.8528,0.8531,
ZARCNH,07/24/2026,0.40225,0.402,0.4025,0.4043,0.4028,0.3988,0.402,
ZARHKD,07/24/2026,0.46585,0.4655,0.4662,0.4678,0.466,0.4616,0.4655,
AUDNZD,07/24/2026,1.20635,1.2056,1.2071,1.2082,1.2068,1.2049,1.2056,
CZKCNY,07/24/2026,0.31905,0.3187,0.3194,0.3197,0.3182,0.3177,0.3187,
JPYCNH,07/24/2026,0.0413285,0.041326,0.041331,0.041402,0.041362,0.041314,0.041326,
JPYCNY,07/24/2026,0.0413565,0.041354,0.041359,0.041394,0.04135,0.04135,0.041354,0.041447
GBPCNH,07/24/2026,9.06215,9.0619,9.0624,,,,9.0619,
CNHRUB,07/24/2026,11.466925,11.46618,11.46767,11.60511,11.55193,11.46161,11.46618,
CNHMYR,07/24/2026,0.60415,0.6037,0.6046,0.6043,0.603,0.6028,0.6037,
USDKRW,07/24/2026,1459.57,1459.23,1459.91,1476,1475.3,1458.5,1459.23,
CNHKRW,07/24/2026,216.455,216.37,216.54,217.75,217.53,215.58,216.37,
CNHPHP,07/24/2026,9.11465,9.1144,9.1149,,,,9.1144,
USDTHB,07/24/2026,33.705,33.67,33.74,33.84,33.81,33.61,33.67,
CNHTHB,07/24/2026,4.9743,4.9738,4.9748,4.9934,4.9893,4.9695,4.9738,
CNYTHB,07/24/2026,4.9695,4.9649,4.9741,4.9795,4.9783,4.9621,4.9649,4.9882
CNHINR,07/24/2026,14.260555,14.25971,14.2614,14.26329,14.24857,14.21883,14.25971,
CNHIDR,07/24/2026,2651.5,2649,2654,2652.43,2635.12,2635.12,2649,
AUDCNH,07/24/2026,4.73775,4.7375,4.738,,,,4.7375,
AUDCNY,07/24/2026,4.7362,4.7327,4.7397,4.751,4.7233,4.7195,4.7327,4.7304
NZDCNH,07/24/2026,3.9396,3.939,3.9402,,,,3.939,
NZDCNY,07/24/2026,3.9269,3.9236,3.9302,3.9394,3.9164,3.9101,3.9236,3.92
NZDUSD,07/24/2026,0.57875,0.5787,0.5788,0.5802,0.577,0.5763,0.5787,
EURZAR,07/24/2026,19.1378,19.1163,19.1593,19.3319,19.1185,19.073,19.1163,
ZARCNY,07/24/2026,0.40225,0.402,0.4025,0.4042,0.4024,0.3987,0.402,0.403926
CNHKZT,07/24/2026,70.15275,70.1301,70.1754,70.6233,68.8744,68.7831,70.1301,
HKDCNY,07/24/2026,0.863525,0.8634,0.86365,0.86422,0.86339,0.86329,0.8634,0.86637
SGDCNY,07/24/2026,5.24715,5.2447,5.2496,5.2508,5.236,5.2331,5.2447,5.2501
CHFCNY,07/24/2026,8.27745,8.2766,8.2783,8.3072,8.2845,8.2715,8.2766,8.3125
CADCNY,07/24/2026,4.80465,4.8034,4.8059,4.8155,4.8066,4.797,4.8034,4.8188
MYRCNY,07/24/2026,1.6554,1.6541,1.6567,1.6558,1.6512,1.6512,1.6541,1.659118
RUBCNY,07/24/2026,0.0872,0.0872,0.0872,0.0872,0.0865,0.0861,0.0872,0.086522
KRWCNY,07/24/2026,0.00464,0.00464,0.00464,0.00464,0.00458,0.00458,0.00464,0.004604
AEDCNY,07/24/2026,1.8438,1.8437,1.8439,1.8453,1.843,1.8428,1.8437,1.847677
SARCNY,07/24/2026,1.80405,1.8039,1.8042,1.8051,1.8036,1.803,1.8039,1.807926
TRYCNY,07/24/2026,0.1431,0.1431,0.1431,0.1435,0.1432,0.1422,0.1431,0.143501
MXNCNY,07/24/2026,0.3873,0.3871,0.3875,0.3883,0.3859,0.3859,0.3871,0.387732
EURUSD,07/24/2026,1.1368,1.1367,1.1369,1.14,1.1371,1.1364,1.1367,
USDRUB,07/24/2026,77.65,77.6455,77.6545,78.6455,78.55,77.6455,77.6455,
USDCZK,07/24/2026,21.229,21.207,21.251,21.266,21.246,21.171,21.207,
AUDUSD,07/24/2026,0.6981,0.6979,0.6983,0.7,0.6966,0.6961,0.6979,
EURCNH,07/24/2026,7.70025,7.6985,7.702,7.7221,7.7101,7.6959,7.6985,
EURCNY,07/24/2026,7.71085,7.7062,7.7155,7.7397,7.7111,7.6938,7.7062,7.7237
GBPCNY,07/24/2026,9.03645,9.031,9.0419,9.068,9.024,9.0075,9.031,9.0378
GBPUSD,07/24/2026,1.33235,1.3319,1.3328,1.3348,1.3307,1.3299,1.3319,
USDCHF,07/24/2026,0.81815,0.8181,0.8182,0.8185,0.8165,0.8151,0.8181,
USDCNH,07/24/2026,6.77165,6.7716,6.7717,6.7788,6.7776,6.7693,6.7716,
CNHCNY,07/24/2026,1.00005,1,1.0001,1.0003,0.9989,0.9986,1,
THBCNY,07/24/2026,0.200925,0.20071,0.20114,0.20125,0.2,0.19983,0.20071,0.200473
INRCNY,07/24/2026,7.0129,7.0122,7.0136,7.0305,7.0143,7.0095,7.0122,
IDRCNY,07/24/2026,0.03775,0.03774,0.03776,0.03785,0.03785,0.03767,0.03774,
BRLCNY,07/24/2026,1.332,1.3318,1.3322,1.3411,1.3317,1.3302,1.3318,
ARSCNY,07/27/2026,0.0045,0.0045,0.0045,0.0045,0.0045,0.0045,0.0045,
PHPCNY,07/27/2026,0.109715,0.10967,0.10976,0.10973,0.10971,0.10949,0.10967,
NGNCNY,07/27/2026,0.00496,0.00495,0.00497,0.00496,0.00495,0.00495,0.00495,
PENCNY,07/27/2026,1.99,1.99,1.99,1.99,1.99,1.99,1.99,
KZTCNY,07/27/2026,14.26305,14.2577,14.2684,14.3883,14.2464,14.1975,14.2577,
UGXCNY,07/27/2026,0.18015,0.1799,0.1804,0.1812,0.1794,0.179,0.1799,
TZSCNY,07/27/2026,0.25665,0.2545,0.2588,0.2564,0.2549,0.2545,0.2545,
CLPCNY,07/27/2026,0.072,0.072,0.072,0.072,0.0713,0.0713,0.072,
VNDCNY,07/27/2026,2.57115,2.5708,2.5715,2.5723,2.5698,2.5696,2.5708,
RSDCNY,07/27/2026,0.65505,0.6544,0.6557,0.6581,0.6553,0.6541,0.6544,
UZSCNY,07/27/2026,0.56435,0.5641,0.5646,0.565,0.5632,0.5614,0.5641,
GHSCNY,07/27/2026,0.581,0.5802,0.5818,0.5818,0.5818,0.5758,0.5802,
GNFCNY,07/27/2026,0.7708,0.7688,0.7728,0.7695,0.7695,0.764,0.7688,
KESCNY,07/27/2026,0.0522,0.0521,0.0523,0.0523,0.0522,0.0521,0.0521,
ZMWCNY,07/27/2026,0.35975,0.3549,0.3646,0.3651,0.3578,0.3549,0.3549,
DJFCNY,07/27/2026,0.37995,0.3789,0.381,0.3793,0.3793,0.3788,0.3789,
MADCNY,07/27/2026,0.72265,0.7219,0.7234,0.7233,0.7221,0.721,0.7219,
USDCNY,07/27/2026,6.7661,6.7657,6.7665,6.7697,6.7665,6.7654,6.7657,6.7911
USDRSD,07/27/2026,103.29,103.19,103.39,103.19,102.88,102.64,103.19,
USDUZS,07/27/2026,11988.92,11983.92,11993.92,12014.08,12014.08,11970,11983.92,
USDKZT,07/27/2026,474.38,474.23,474.53,476.54,474.99,470.31,474.23,
USDXOF,07/27/2026,575.25,571.75,578.75,573.8,572,571.75,571.75,
EURXOF,07/27/2026,661.2045,655.957,666.452,666.982,666.977,655.957,655.957,
USDGNF,07/27/2026,8778,8756,8800,8756,8748,8739.25,8756,
EURGNF,07/27/2026,9979.275,9952.95,10005.6,9988.47,9943.85,9933.91,9952.95,
USDGHS,07/27/2026,11.645,11.63,11.66,11.64,11.62,11.45,11.63,
USDKES,07/27/2026,129.6,129.45,129.75,129.65,129.4,129.3,129.45,
USDUGX,07/27/2026,3755,3750,3760,3770,3765,3725,3750,
USDDJF,07/27/2026,178.075,177.6,178.55,177.6,177.6,177.4,177.6,
USDCAD,07/27/2026,1.4124,1.4123,1.4125,1.4126,1.4087,1.4068,1.4123,
USDEUR,07/27/2026,0.8796,0.8795,0.8797,0.8797,0.8783,0.8757,0.8795,
USDHKD,07/27/2026,7.8423,7.8421,7.8425,7.8423,7.8418,7.841,7.8421,
EURHKD,07/27/2026,8.9161,8.9135,8.9187,8.9542,8.9138,8.9107,8.9135,
USDAUD,07/27/2026,1.4304,1.43,1.4308,1.4314,1.4284,1.4257,1.43,
USDVND,07/27/2026,26315,26313,26317,26320,26317,26310,26313,
USDARS,07/27/2026,1497,1496.5,1497.5,1499.5,1485,1485,1496.5,
USDZAR,07/27/2026,16.763,16.7573,16.7687,16.7786,16.7739,16.6464,16.7573,
USDAOA,07/27/2026,919.085,912.385,925.785,912.647,912.385,911.716,912.385,
EURAOA,07/27/2026,1044.865,1037.11,1052.62,1042.04,1037.57,1036.26,1037.11,
USDCDF,07/27/2026,2306.5,2263,2350,2263,2263,2243,2263,
USDZWG,07/27/2026,27.41515,26.0713,28.759,26.6622,26.6622,25.9369,26.0713,
USDZMW,07/27/2026,18.81,18.557,19.063,18.66,18.5,18.485,18.557,
USDTRY,07/27/2026,47.3476,47.3426,47.3526,47.3767,47.3375,47.0783,47.3426,
USDTZS,07/27/2026,2636.5,2615,2658,2630,2610,2610,2615,
EURAUD,07/27/2026,1.6264,1.6261,1.6267,1.6307,1.6272,1.6249,1.6261,
USDJPY,07/27/2026,163.75,163.74,163.76,163.79,163.7,163.31,163.74,
USDMAD,07/27/2026,9.3632,9.3539,9.3725,9.3751,9.3744,9.3501,9.3539,
USDBRL,07/27/2026,5.11675,5.1155,5.118,5.1194,5.0826,5.0753,5.1155,
USDIDR,07/27/2026,18005,18000,18010,18005,17960,17949,18000,
USDINR,07/27/2026,95.915,95.91,95.92,96.2725,96.17,95.785,95.91,
USDCLP,07/27/2026,939.85,939.49,940.21,945.35,944.05,938.71,939.49,
USDAED,07/27/2026,3.673,3.6729,3.6731,3.6734,3.6725,3.6722,3.6729,
USDSAR,07/27/2026,3.7539,3.7538,3.754,3.7538,3.7527,3.7524,3.7538,
USDPHP,07/27/2026,61.669,61.648,61.69,61.764,61.707,61.637,61.648,
USDPEN,07/27/2026,3.40225,3.4003,3.4042,3.4018,3.3998,3.3949,3.4003,
USDMXN,07/27/2026,17.45095,17.4429,17.459,17.492,17.437,17.4062,17.4429,
USDNGN,07/27/2026,1364.17,1362.73,1365.61,1366.25,1365,1359.42,1362.73,
USDMYR,07/27/2026,4.0855,4.083,4.088,4.093,4.088,4.078,4.083,
USDSGD,07/27/2026,1.2914,1.2912,1.2916,1.2916,1.2899,1.2883,1.2912,
EURBRL,07/27/2026,5.817,5.8148,5.8192,5.8192,5.7838,5.7792,5.8148,
EURTRY,07/27/2026,53.86115,53.8396,53.8827,54.1095,53.8509,53.52,53.8396,
EURGBP,07/27/2026,0.85555,0.8554,0.8557,0.8559,0.8536,0.8532,0.8554,
ZARCNH,07/27/2026,0.40355,0.4034,0.4037,0.4063,0.4023,0.4021,0.4034,
ZARHKD,07/27/2026,0.46785,0.4677,0.468,0.4708,0.4659,0.4659,0.4677,
AUDNZD,07/27/2026,1.21035,1.2099,1.2108,1.2101,1.2054,1.2045,1.2099,
CZKCNY,07/27/2026,0.3184,0.3182,0.3186,0.3203,0.3186,0.3181,0.3182,
JPYCNH,07/27/2026,0.0413155,0.041312,0.041319,0.041424,0.041363,0.041299,0.041312,
JPYCNY,07/27/2026,0.041364,0.041362,0.041366,0.041425,0.041375,0.041356,0.041362,0.041441
GBPCNH,07/27/2026,9.0384,9.0378,9.039,9.0417,9.0417,9.036,9.0378,
CNHRUB,07/27/2026,11.532945,11.53194,11.53395,11.56552,11.46753,11.44171,11.53194,
CNHMYR,07/27/2026,0.6039,0.6035,0.6043,0.6049,0.6038,0.6026,0.6035,
USDKRW,07/27/2026,1465.065,1464.62,1465.51,1472.2,1459.635,1457.1,1464.62,
CNHKRW,07/27/2026,216.93,216.77,217.09,216.89,215.42,215.24,216.77,
CNHPHP,07/27/2026,9.12085,9.1176,9.1241,9.1223,9.1163,9.1104,9.1176,
USDTHB,07/27/2026,33.63,33.61,33.65,33.67,33.67,33.5,33.61,
CNHTHB,07/27/2026,4.9672,4.9667,4.9677,4.9679,4.9562,4.9506,4.9667,
CNYTHB,07/27/2026,4.96905,4.9644,4.9737,4.9696,4.9557,4.9462,4.9644,4.9645
CNHINR,07/27/2026,14.177285,14.17613,14.17844,14.27341,14.2614,14.15619,14.17613,
CNHIDR,07/27/2026,2662.5,2660,2665,2660,2645.4,2645.4,2660,
AUDCNH,07/27/2026,4.7398,4.7394,4.7402,4.7408,4.739,4.7347,4.7394,
AUDCNY,07/27/2026,4.73175,4.7283,4.7352,4.7446,4.7352,4.7234,4.7283,4.74
NZDCNH,07/27/2026,3.9268,3.9264,3.9272,3.9283,3.9239,3.9186,3.9264,
NZDCNY,07/27/2026,3.912,3.9087,3.9153,3.9304,3.9259,3.9062,3.9087,3.9288
NZDUSD,07/27/2026,0.5774,0.5773,0.5775,0.5809,0.5786,0.5771,0.5773,
EURZAR,07/27/2026,19.05455,19.0451,19.064,19.1286,19.1236,18.9998,19.0451,
ZARCNY,07/27/2026,0.40365,0.4035,0.4038,0.4063,0.4031,0.4031,0.4035,0.405318
CNHKZT,07/27/2026,70.11855,70.0943,70.1428,70.4201,70.1384,69.4718,70.0943,
HKDCNY,07/27/2026,0.86277,0.8627,0.86284,0.86356,0.86347,0.86266,0.8627,0.86601
SGDCNY,07/27/2026,5.23935,5.2382,5.2405,5.2548,5.2471,5.2366,5.2382,5.257
CHFCNY,07/27/2026,8.2619,8.2579,8.2659,8.3183,8.2816,8.2509,8.2579,8.3056
CADCNY,07/27/2026,4.7905,4.7899,4.7911,4.8116,4.8069,4.7882,4.7899,4.8113
MYRCNY,07/27/2026,1.6561,1.655,1.6572,1.657,1.6541,1.6521,1.655,1.660826
RUBCNY,07/27/2026,0.0867,0.0867,0.0867,0.0874,0.0871,0.0864,0.0867,0.087088
KRWCNY,07/27/2026,0.00462,0.00462,0.00462,0.00464,0.00464,0.00459,0.00462,0.00464
AEDCNY,07/27/2026,1.84215,1.842,1.8423,1.844,1.8434,1.8416,1.842,1.845563
SARCNY,07/27/2026,1.80245,1.8023,1.8026,1.8038,1.8033,1.8018,1.8023,1.805902
TRYCNY,07/27/2026,0.1429,0.1429,0.1429,0.1431,0.143,0.1415,0.1429,0.143237
MXNCNY,07/27/2026,0.3877,0.3875,0.3879,0.3887,0.3881,0.3867,0.3875,0.388999
EURUSD,07/27/2026,1.13685,1.1367,1.137,1.1418,1.1369,1.1365,1.1367,
USDRUB,07/27/2026,78.025,78.0205,78.0295,78.25,77.8,77.4455,78.0205,
USDCZK,07/27/2026,21.253,21.241,21.265,21.256,21.217,21.112,21.241,
AUDUSD,07/27/2026,0.6991,0.6989,0.6993,0.7011,0.6995,0.6984,0.6989,
EURCNH,07/27/2026,7.69095,7.6892,7.6927,7.7256,7.7089,7.6884,7.6892,
EURCNY,07/27/2026,7.697,7.6924,7.7016,7.7265,7.7186,7.6878,7.6924,7.7267
GBPCNY,07/27/2026,9.0022,8.9967,9.0077,9.0429,9.0369,8.9938,8.9967,9.0494
GBPUSD,07/27/2026,1.32895,1.3287,1.3292,1.3363,1.3316,1.3281,1.3287,
USDCHF,07/27/2026,0.81895,0.8186,0.8193,0.8196,0.8176,0.8137,0.8186,
USDCNH,07/27/2026,6.7654,6.7652,6.7656,6.7715,6.7708,6.7621,6.7652,
CNHCNY,07/27/2026,1.0001,1,1.0002,1.001,1.0001,0.9994,1,
THBCNY,07/27/2026,0.20119,0.20106,0.20132,0.20192,0.20083,0.20083,0.20106,0.20143
INRCNY,07/27/2026,7.0543,7.0535,7.0551,7.0633,7.0067,7.0061,7.0535,
IDRCNY,07/27/2026,0.03758,0.03757,0.03759,0.03771,0.03771,0.03756,0.03757,
BRLCNY,07/27/2026,1.3223,1.3219,1.3227,1.3327,1.3301,1.3213,1.3219,
ARSCNY,07/28/2026,0.0045,0.0045,0.0045,0.0045,0.0045,0.0045,0.0045,
PHPCNY,07/28/2026,0.110185,0.11016,0.11021,0.1103,0.10957,0.10955,0.11016,
NGNCNY,07/28/2026,0.004955,0.00495,0.00496,0.00497,0.00495,0.00494,0.00495,
PENCNY,07/28/2026,1.99,1.99,1.99,1.99,1.99,1.99,1.99,
KZTCNY,07/28/2026,14.19475,14.1935,14.196,14.2785,14.2568,14.1237,14.1935,
UGXCNY,07/28/2026,0.17965,0.1794,0.1799,0.1795,0.1795,0.1789,0.1794,
TZSCNY,07/28/2026,0.2559,0.2543,0.2575,0.2554,0.2545,0.2541,0.2543,
CLPCNY,07/28/2026,0.07275,0.0727,0.0728,0.0727,0.072,0.0718,0.0727,
VNDCNY,07/28/2026,2.57115,2.5706,2.5717,2.5725,2.5706,2.5685,2.5706,
RSDCNY,07/28/2026,0.6567,0.656,0.6574,0.6577,0.6546,0.6535,0.656,
UZSCNY,07/28/2026,0.56195,0.5617,0.5622,0.5643,0.5641,0.5611,0.5617,
GHSCNY,07/28/2026,0.58145,0.5807,0.5822,0.5865,0.5802,0.5735,0.5807,
GNFCNY,07/28/2026,0.7714,0.7694,0.7734,0.7694,0.7688,0.764,0.7694,
KESCNY,07/28/2026,0.05225,0.0522,0.0523,0.0523,0.0521,0.0521,0.0522,
ZMWCNY,07/28/2026,0.3586,0.3538,0.3634,0.3629,0.3548,0.3538,0.3538,
DJFCNY,07/28/2026,0.38025,0.3792,0.3813,0.3792,0.3789,0.3788,0.3792,
MADCNY,07/28/2026,0.72245,0.7222,0.7227,0.7224,0.7219,0.72,0.7222,
USDCNY,07/28/2026,6.77125,6.771,6.7715,6.771,6.7641,6.7641,6.771,6.7928
USDRSD,07/28/2026,103.115,103.01,103.22,103.34,103.15,102.85,103.01,
USDUZS,07/28/2026,12050.34,12045.34,12055.34,12045.34,11983.92,11975,12045.34,
USDKZT,07/28/2026,477.025,477,477.05,479.11,474.24,473.85,477,
USDXOF,07/28/2026,577,573.5,580.5,574.18,571.75,571.75,573.5,
EURXOF,07/28/2026,673.5,666.982,680.018,666.982,666.642,666.572,666.982,
USDGNF,07/28/2026,8778,8756,8800,8756,8756,8747.24,8756,
EURGNF,07/28/2026,9995.515,9968.71,10022.32,9986.22,9954.7,9940.69,9968.71,
USDGHS,07/28/2026,11.645,11.63,11.66,11.66,11.63,11.45,11.63,
USDKES,07/28/2026,129.55,129.45,129.65,129.6,129.4,129.2,129.45,
USDUGX,07/28/2026,3769.05,3764.05,3774.05,3770,3760,3760,3764.05,
USDDJF,07/28/2026,178.075,177.6,178.55,177.6,177.6,177.4,177.6,
USDCAD,07/28/2026,1.4107,1.4106,1.4108,1.4128,1.4123,1.4084,1.4106,
USDEUR,07/28/2026,0.87815,0.878,0.8783,0.8807,0.8793,0.8767,0.878,
USDHKD,07/28/2026,7.84085,7.8407,7.841,7.8423,7.8419,7.8398,7.8407,
EURHKD,07/28/2026,8.9284,8.9267,8.9301,8.9427,8.9131,8.9007,8.9267,
USDAUD,07/28/2026,1.4338,1.4335,1.4341,1.4362,1.4306,1.4286,1.4335,
USDVND,07/28/2026,26335,26330,26340,26339,26318,26310,26330,
USDARS,07/28/2026,1499.75,1499.25,1500.25,1500,1497,1497,1499.25,
USDZAR,07/28/2026,16.6943,16.6793,16.7093,16.8252,16.7573,16.6282,16.6793,
USDAOA,07/28/2026,919.085,912.385,925.785,913,912.385,912,912.385,
EURAOA,07/28/2026,1046.565,1038.75,1054.38,1040.58,1037.29,1035.83,1038.75,
USDCDF,07/28/2026,2312.5,2275,2350,2275,2263,2243,2275,
USDZWG,07/28/2026,26.7231,25.9214,27.5248,26.055,25.7878,25.4506,25.9214,
USDZMW,07/28/2026,18.8875,18.636,19.139,18.72,18.6,18.6,18.636,
USDTRY,07/28/2026,47.3782,47.3732,47.3832,47.3941,47.3429,47.213,47.3732,
USDTZS,07/28/2026,2646.5,2630,2663,2634,2610,2610,2630,
EURAUD,07/28/2026,1.6326,1.6321,1.6331,1.6343,1.6265,1.6254,1.6321,
USDJPY,07/28/2026,163.845,163.82,163.87,163.94,163.67,163.63,163.82,
USDMAD,07/28/2026,9.3727,9.3702,9.3752,9.3966,9.3537,9.3487,9.3702,
USDBRL,07/28/2026,5.1212,5.1207,5.1217,5.1293,5.1159,5.1084,5.1207,
USDIDR,07/28/2026,18060,18055,18065,18095,18060,18050,18055,
USDINR,07/28/2026,95.8575,95.8525,95.8625,95.9,95.9,95.6325,95.8525,
USDCLP,07/28/2026,930.9,930.18,931.62,942.64,939.49,929.76,930.18,
USDAED,07/28/2026,3.67295,3.6729,3.673,3.6732,3.6728,3.6723,3.6729,
USDSAR,07/28/2026,3.754,3.7539,3.7541,3.7542,3.7538,3.7524,3.7539,
USDPHP,07/28/2026,61.453,61.442,61.464,61.713,61.708,61.367,61.442,
USDPEN,07/28/2026,3.4041,3.402,3.4062,3.4023,3.3993,3.3966,3.402,
USDMXN,07/28/2026,17.431,17.422,17.44,17.497,17.4428,17.4085,17.422,
USDNGN,07/28/2026,1365.495,1363.87,1367.12,1364.47,1362.75,1357.5,1363.87,
USDMYR,07/28/2026,4.092,4.089,4.095,4.089,4.084,4.08,4.089,
USDSGD,07/28/2026,1.2924,1.2923,1.2925,1.2937,1.291,1.2904,1.2923,
EURBRL,07/28/2026,5.8315,5.8299,5.8331,5.8347,5.8158,5.8039,5.8299,
EURTRY,07/28/2026,53.98845,53.9773,53.9996,54.0645,53.849,53.56,53.9773,
EURGBP,07/28/2026,0.8569,0.8568,0.857,0.857,0.8549,0.8543,0.8568,
ZARCNH,07/28/2026,0.4056,0.4052,0.406,0.4066,0.4034,0.4018,0.4052,
ZARHKD,07/28/2026,0.46965,0.4692,0.4701,0.471,0.4677,0.4655,0.4692,
AUDNZD,07/28/2026,1.20505,1.2046,1.2055,1.2118,1.2102,1.204,1.2046,
CZKCNY,07/28/2026,0.319,0.3188,0.3192,0.3196,0.3181,0.3175,0.3188,
JPYCNH,07/28/2026,0.0413265,0.041314,0.041339,0.041359,0.041313,0.041289,0.041314,
JPYCNY,07/28/2026,0.0413055,0.041303,0.041308,0.041348,0.041307,0.0413,0.041303,0.041427
GBPCNH,07/28/2026,8.99805,8.997,8.9991,9.0089,8.9938,8.9878,8.997,
CNHRUB,07/28/2026,11.61702,11.61383,11.62021,11.66073,11.53211,11.51369,11.61383,
CNHMYR,07/28/2026,0.60435,0.6038,0.6049,0.6042,0.6035,0.6028,0.6038,
USDKRW,07/28/2026,1453.085,1452.69,1453.48,1471.9,1465.65,1449.8,1452.69,
CNHKRW,07/28/2026,216.095,216.04,216.15,217.59,216.79,215.72,216.04,
CNHPHP,07/28/2026,9.0757,9.0739,9.0775,9.1197,9.1194,9.0695,9.0739,
USDTHB,07/28/2026,33.505,33.49,33.52,33.69,33.61,33.43,33.49,
CNHTHB,07/28/2026,4.9526,4.9521,4.9531,4.9685,4.9663,4.9502,4.9521,
CNYTHB,07/28/2026,4.94585,4.9413,4.9504,4.974,4.9699,4.9404,4.9413,4.9632
CNHINR,07/28/2026,14.15686,14.15403,14.15969,14.17864,14.17634,14.12759,14.15403,
CNHIDR,07/28/2026,2672.5,2670,2675,2672,2655.83,2655.83,2670,
AUDCNH,07/28/2026,4.722,4.7214,4.7226,4.7341,4.7296,4.7127,4.7214,
AUDCNY,07/28/2026,4.72365,4.7202,4.7271,4.7343,4.7293,4.7099,4.7202,4.738
NZDCNH,07/28/2026,3.9183,3.9174,3.9192,3.9243,3.9053,3.9,3.9174,
NZDCNY,07/28/2026,3.9204,3.9171,3.9237,3.9224,3.9036,3.8975,3.9171,3.914
NZDUSD,07/28/2026,0.57865,0.5786,0.5787,0.5798,0.5768,0.576,0.5786,
EURZAR,07/28/2026,19.0087,18.9985,19.0189,19.1202,19.0457,18.9583,18.9985,
ZARCNY,07/28/2026,0.4056,0.4052,0.406,0.4068,0.4035,0.4018,0.4052,0.404449
CNHKZT,07/28/2026,70.45015,70.4361,70.4642,70.7884,70.0953,70.0028,70.4361,
HKDCNY,07/28/2026,0.863585,0.86354,0.86363,0.8636,0.86275,0.86258,0.86354,0.86627
SGDCNY,07/28/2026,5.2393,5.2387,5.2399,5.244,5.2386,5.2313,5.2387,5.2514
CHFCNY,07/28/2026,8.2662,8.2634,8.269,8.2897,8.2569,8.249,8.2634,8.2825
CADCNY,07/28/2026,4.7999,4.7994,4.8004,4.8066,4.7899,4.7875,4.7994,4.8012
MYRCNY,07/28/2026,1.65475,1.6535,1.656,1.6562,1.6542,1.6531,1.6535,1.661019
RUBCNY,07/28/2026,0.0861,0.0861,0.0861,0.0868,0.0867,0.0858,0.0861,0.086794
KRWCNY,07/28/2026,0.00466,0.00466,0.00466,0.00466,0.00462,0.00459,0.00466,0.004617
AEDCNY,07/28/2026,1.84355,1.8435,1.8436,1.8437,1.842,1.8413,1.8435,1.846177
SARCNY,07/28/2026,1.80375,1.8036,1.8039,1.8036,1.8023,1.8017,1.8036,1.806293
TRYCNY,07/28/2026,0.1429,0.1429,0.1429,0.143,0.1429,0.1424,0.1429,0.143234
MXNCNY,07/28/2026,0.38845,0.3882,0.3887,0.3887,0.3871,0.3868,0.3882,0.388818
EURUSD,07/28/2026,1.1387,1.1385,1.1389,1.1405,1.1369,1.1353,1.1385,
USDRUB,07/28/2026,78.66,78.65,78.67,78.9455,77.9955,77.95,78.65,
USDCZK,07/28/2026,21.2285,21.215,21.242,21.31,21.24,21.175,21.215,
AUDUSD,07/28/2026,0.69745,0.6973,0.6976,0.6996,0.6985,0.6961,0.6973,
EURCNH,07/28/2026,7.71015,7.7084,7.7119,7.719,7.6898,7.6864,7.7084,
EURCNY,07/28/2026,7.71345,7.7088,7.7181,7.7126,7.6943,7.6837,7.7088,7.7119
GBPCNY,07/28/2026,9.0054,8.9999,9.0109,9.0056,8.9922,8.9835,8.9999,9.0141
GBPUSD,07/28/2026,1.32895,1.3285,1.3294,1.3311,1.3287,1.327,1.3285,
USDCHF,07/28/2026,0.81915,0.8189,0.8194,0.8205,0.819,0.8166,0.8189,
USDCNH,07/28/2026,6.7711,6.7701,6.7721,6.7736,6.7654,6.7629,6.7701,
CNHCNY,07/28/2026,1,0.9998,1.0002,1.0004,1,0.9995,0.9998,
THBCNY,07/28/2026,0.202095,0.202,0.20219,0.2023,0.20106,0.20064,0.202,0.201483
INRCNY,07/28/2026,7.06385,7.0632,7.0645,7.0756,7.0535,7.0518,7.0632,
IDRCNY,07/28/2026,0.03749,0.03748,0.0375,0.03757,0.03756,0.03739,0.03748,
BRLCNY,07/28/2026,1.3222,1.322,1.3224,1.3252,1.3223,1.3197,1.322,
ARSCNY,07/29/2026,0.0045,0.0045,0.0045,0.0045,0.0045,0.0045,0.0045,
PHPCNY,07/29/2026,0.1102,0.11015,0.11025,0.11033,0.11006,0.10981,0.11015,
NGNCNY,07/29/2026,0.004955,0.00495,0.00496,0.00496,0.00495,0.00494,0.00495,
PENCNY,07/29/2026,1.99,1.99,1.99,1.99,1.99,1.98,1.99,
KZTCNY,07/29/2026,14.2014,14.1966,14.2062,14.2253,14.1935,14.156,14.1966,
UGXCNY,07/29/2026,0.18005,0.1798,0.1803,0.1812,0.1794,0.1791,0.1798,
TZSCNY,07/29/2026,0.2568,0.2536,0.26,0.256,0.2542,0.2534,0.2536,
CLPCNY,07/29/2026,0.07245,0.0724,0.0725,0.0727,0.0727,0.0719,0.0724,
VNDCNY,07/29/2026,2.5705,2.5703,2.5707,2.5718,2.5696,2.5686,2.5703,
RSDCNY,07/29/2026,0.66125,0.6609,0.6616,0.6609,0.656,0.6544,0.6609,
UZSCNY,07/29/2026,0.5618,0.5601,0.5635,0.5621,0.5617,0.5601,0.5601,
GHSCNY,07/29/2026,0.58005,0.5793,0.5808,0.5812,0.5807,0.5772,0.5793,
GNFCNY,07/29/2026,0.7708,0.7689,0.7727,0.7697,0.7694,0.7639,0.7689,
KESCNY,07/29/2026,0.05225,0.0522,0.0523,0.0523,0.0522,0.0522,0.0522,
ZMWCNY,07/29/2026,0.3573,0.3528,0.3618,0.3621,0.3537,0.3528,0.3528,
DJFCNY,07/29/2026,0.37995,0.3789,0.381,0.3794,0.3792,0.3788,0.3789,
MADCNY,07/29/2026,0.72075,0.7204,0.7211,0.7228,0.7222,0.7196,0.7204,
USDCNY,07/29/2026,6.76625,6.7661,6.7664,6.7733,6.7704,6.7643,6.7661,6.7899
USDRSD,07/29/2026,102.33,102.28,102.38,103.15,103.01,102.25,102.28,
USDUZS,07/29/2026,12044.55,12007.9,12081.2,12045.34,12045.34,12000,12007.9,
USDKZT,07/29/2026,476.45,476.3,476.6,478.19,477,475.59,476.3,
USDXOF,07/29/2026,574.21,572.36,576.06,574,573.5,572,572.36,
EURXOF,07/29/2026,673.5005,666.983,680.018,666.983,666.345,666.345,666.983,
USDGNF,07/29/2026,8778.5,8757,8800,8757,8756,8748.24,8757,
EURGNF,07/29/2026,10066.75,10039.9,10093.6,10044.28,9970.46,9960.21,10039.9,
USDGHS,07/29/2026,11.665,11.65,11.68,11.68,11.63,11.6,11.65,
USDKES,07/29/2026,129.4,129.3,129.5,129.5,129.45,129.18,129.3,
USDUGX,07/29/2026,3757.57,3752.57,3762.57,3770,3764.05,3725,3752.57,
USDDJF,07/29/2026,178.075,177.6,178.55,177.6,177.6,177.55,177.6,
USDCAD,07/29/2026,1.40475,1.4044,1.4051,1.4109,1.4102,1.4022,1.4044,
USDEUR,07/29/2026,0.872,0.8718,0.8722,0.8791,0.878,0.8716,0.8718,
USDHKD,07/29/2026,7.84235,7.8421,7.8426,7.8436,7.8404,7.8402,7.8421,
EURHKD,07/29/2026,8.9928,8.991,8.9946,8.9954,8.9275,8.9175,8.991,
USDAUD,07/29/2026,1.4379,1.4378,1.438,1.4445,1.432,1.4304,1.4378,
USDVND,07/29/2026,26322.5,26321,26324,26340,26329,26317,26321,
USDARS,07/29/2026,1495.5,1495,1496,1497,1490,1490,1495,
USDZAR,07/29/2026,16.65065,16.6446,16.6567,16.8117,16.6863,16.5692,16.6446,
USDAOA,07/29/2026,923.487,911.716,935.258,913,912.385,911.716,911.716,
EURAOA,07/29/2026,1059.01,1045.28,1072.74,1045.74,1038.93,1037.75,1045.28,
USDCDF,07/29/2026,2312.5,2275,2350,2275,2275,2260,2275,
USDZWG,07/29/2026,26.6947,25.36,28.0294,25.9214,25.9214,25.3178,25.36,
USDZMW,07/29/2026,18.9405,18.702,19.179,18.76,18.65,18.65,18.702,
USDTRY,07/29/2026,47.3917,47.3764,47.407,47.4056,47.275,47.0497,47.3764,
USDTZS,07/29/2026,2635,2602,2668,2635,2624,2600,2602,
EURAUD,07/29/2026,1.6488,1.6483,1.6493,1.6497,1.6318,1.6313,1.6483,
USDJPY,07/29/2026,163.4,163.38,163.42,163.9,163.82,163.22,163.38,
USDMAD,07/29/2026,9.3875,9.3835,9.3915,9.3944,9.3659,9.3577,9.3835,
USDBRL,07/29/2026,5.11735,5.1173,5.1174,5.1413,5.1212,5.0878,5.1173,
USDIDR,07/29/2026,18050,18045,18055,18105,18090,18045,18045,
USDINR,07/29/2026,95.6525,95.6475,95.6575,95.785,95.72,95.48,95.6475,
USDCLP,07/29/2026,933.63,932.73,934.53,939.65,930.18,929.21,932.73,
USDAED,07/29/2026,3.673,3.6729,3.6731,3.6734,3.6729,3.6723,3.6729,
USDSAR,07/29/2026,3.7544,3.7543,3.7545,3.7543,3.7539,3.7528,3.7543,
USDPHP,07/29/2026,61.401,61.373,61.429,61.603,61.411,61.322,61.373,
USDPEN,07/29/2026,3.4027,3.4005,3.4049,3.4129,3.402,3.392,3.4005,
USDMXN,07/29/2026,17.43685,17.4307,17.443,17.5372,17.422,17.3902,17.4307,
USDNGN,07/29/2026,1365.54,1365.04,1366.04,1365.12,1363.87,1359.38,1365.04,
USDMYR,07/29/2026,4.0895,4.087,4.092,4.088,4.084,4.084,4.087,
USDSGD,07/29/2026,1.28895,1.2887,1.2892,1.2933,1.2922,1.2875,1.2887,
EURBRL,07/29/2026,5.86835,5.867,5.8697,5.8702,5.8305,5.8158,5.867,
EURTRY,07/29/2026,54.3768,54.3598,54.3938,54.3798,54.014,53.58,54.3598,
EURGBP,07/29/2026,0.8578,0.8576,0.858,0.8585,0.8569,0.8559,0.8576,
ZARCNH,07/29/2026,0.40605,0.4059,0.4062,0.4078,0.4052,0.4025,0.4059,
ZARHKD,07/29/2026,0.471,0.4708,0.4712,0.473,0.4692,0.4663,0.4708,
AUDNZD,07/29/2026,1.1997,1.1991,1.2003,1.206,1.2049,1.1983,1.1991,
CZKCNY,07/29/2026,0.3209,0.3206,0.3212,0.321,0.3188,0.3178,0.3206,
JPYCNH,07/29/2026,0.0413745,0.041369,0.04138,0.041466,0.041314,0.041293,0.041369,
JPYCNY,07/29/2026,0.0413455,0.041344,0.041347,0.041459,0.041349,0.041337,0.041344,0.041393
GBPCNH,07/29/2026,9.03845,9.037,9.0399,9.0487,8.9908,8.9897,9.037,
CNHRUB,07/29/2026,11.81117,11.81042,11.81192,11.8517,11.61383,11.608,11.81042,
CNHMYR,07/29/2026,0.6049,0.6045,0.6053,0.6046,0.6038,0.6029,0.6045,
USDKRW,07/29/2026,1442.67,1442.09,1443.25,1457.5,1453.04,1439,1442.09,
CNHKRW,07/29/2026,213.68,213.64,213.72,215.23,214.82,212.89,213.64,
CNHPHP,07/29/2026,9.0819,9.0775,9.0863,9.0953,9.0736,9.0568,9.0775,
USDTHB,07/29/2026,33.495,33.48,33.51,33.59,33.49,33.38,33.48,
CNHTHB,07/29/2026,4.9594,4.9589,4.9599,4.9612,4.9532,4.948,4.9589,
CNYTHB,07/29/2026,4.959,4.9544,4.9636,4.9565,4.9512,4.9359,4.9544,4.9545
CNHINR,07/29/2026,14.148625,14.14778,14.14947,14.16281,14.15403,14.10777,14.14778,
CNHIDR,07/29/2026,2671.5,2669,2674,2672.14,2671.06,2666.14,2669,
AUDCNH,07/29/2026,4.70235,4.7017,4.703,4.7243,4.7183,4.6872,4.7017,
AUDCNY,07/29/2026,4.68925,4.6858,4.6927,4.7109,4.7032,4.6828,4.6858,4.7269
NZDCNH,07/29/2026,3.91845,3.9175,3.9194,3.9382,3.9044,3.8991,3.9175,
NZDCNY,07/29/2026,3.9059,3.9026,3.9092,3.9225,3.9136,3.902,3.9026,3.9182
NZDUSD,07/29/2026,0.57955,0.5794,0.5797,0.5826,0.5785,0.576,0.5794,
EURZAR,07/29/2026,19.10785,19.0909,19.1248,19.1293,19.0024,18.9424,19.0909,
ZARCNY,07/29/2026,0.40635,0.4062,0.4065,0.4081,0.4052,0.4023,0.4062,0.405828
CNHKZT,07/29/2026,70.475,70.4523,70.4977,70.6297,70.4361,70.2413,70.4523,
HKDCNY,07/29/2026,0.862785,0.86274,0.86283,0.86374,0.86344,0.86244,0.86274,0.86589
SGDCNY,07/29/2026,5.24945,5.2483,5.2506,5.2528,5.2387,5.2296,5.2483,5.2444
CHFCNY,07/29/2026,8.3144,8.3122,8.3166,8.3193,8.2583,8.2423,8.3122,8.2729
CADCNY,07/29/2026,4.8167,4.8154,4.818,4.8247,4.7997,4.7948,4.8154,4.8034
MYRCNY,07/29/2026,1.65455,1.6535,1.6556,1.6565,1.6539,1.6531,1.6535,1.658953
RUBCNY,07/29/2026,0.0847,0.0847,0.0847,0.0861,0.0861,0.0843,0.0847,0.086127
KRWCNY,07/29/2026,0.00469,0.00469,0.00469,0.0047,0.00466,0.00464,0.00469,0.004657
AEDCNY,07/29/2026,1.84215,1.8421,1.8422,1.8442,1.8435,1.8415,1.8421,1.844746
SARCNY,07/29/2026,1.8022,1.8021,1.8023,1.8042,1.8036,1.8016,1.8021,1.804924
TRYCNY,07/29/2026,0.14275,0.1427,0.1428,0.1433,0.1429,0.1421,0.1427,0.143038
MXNCNY,07/29/2026,0.38805,0.3879,0.3882,0.3888,0.3882,0.3857,0.3879,0.388954
EURUSD,07/29/2026,1.14675,1.1465,1.147,1.147,1.1387,1.1374,1.1465,
USDRUB,07/29/2026,79.85,79.8455,79.8545,80.2455,78.65,78.65,79.8455,
USDCZK,07/29/2026,21.087,21.069,21.105,21.272,21.214,21.055,21.069,
AUDUSD,07/29/2026,0.69545,0.6954,0.6955,0.6988,0.6971,0.692,0.6954,
EURCNH,07/29/2026,7.75285,7.7511,7.7546,7.754,7.7087,7.6987,7.7511,
EURCNY,07/29/2026,7.70475,7.7001,7.7094,7.7211,7.7109,7.6946,7.7001,7.7175
GBPCNY,07/29/2026,8.99445,8.989,8.9999,9.0062,8.9952,8.9823,8.989,9.0052
GBPUSD,07/29/2026,1.3371,1.3369,1.3373,1.3387,1.3295,1.3275,1.3369,
USDCHF,07/29/2026,0.8138,0.8136,0.814,0.8206,0.8195,0.8131,0.8136,
USDCNH,07/29/2026,6.76055,6.7605,6.7606,6.7744,6.7707,6.7591,6.7605,
CNHCNY,07/29/2026,1.00085,1.0008,1.0009,1.0009,0.9998,0.999,1.0008,
THBCNY,07/29/2026,0.202005,0.20191,0.2021,0.20246,0.202,0.20119,0.20191,0.201837
INRCNY,07/29/2026,7.0738,7.0733,7.0743,7.0861,7.0626,7.0621,7.0733,
IDRCNY,07/29/2026,0.037485,0.03747,0.0375,0.03749,0.03748,0.03739,0.03747,
BRLCNY,07/29/2026,1.32225,1.3222,1.3223,1.3296,1.3221,1.3158,1.3222,
ARSCNY,07/30/2026,0.0045,0.0045,0.0045,0.0045,0.0045,0.0045,0.0045,
PHPCNY,07/30/2026,0.10982,0.10973,0.10991,0.11023,0.11015,0.10956,0.10973,
NGNCNY,07/30/2026,0.004955,0.00495,0.00496,0.00497,0.00496,0.00493,0.00495,
PENCNY,07/30/2026,1.995,1.99,2,2,1.99,1.98,1.99,
KZTCNY,07/30/2026,14.2319,14.227,14.2368,14.2905,14.1963,14.1861,14.227,
UGXCNY,07/30/2026,0.18085,0.1806,0.1811,0.181,0.1798,0.1795,0.1806,
TZSCNY,07/30/2026,0.25515,0.2535,0.2568,0.2547,0.2534,0.2531,0.2535,
CLPCNY,07/30/2026,0.07295,0.0729,0.073,0.0732,0.0724,0.0723,0.0729,
VNDCNY,07/30/2026,2.57025,2.57,2.5705,2.571,2.5702,2.5661,2.57,
RSDCNY,07/30/2026,0.6633,0.6626,0.664,0.6637,0.6602,0.657,0.6626,
UZSCNY,07/30/2026,0.56265,0.5624,0.5629,0.5629,0.562,0.5592,0.5624,
GHSCNY,07/30/2026,0.5781,0.5774,0.5788,0.5798,0.5793,0.5768,0.5774,
GNFCNY,07/30/2026,0.7695,0.7676,0.7714,0.7689,0.7689,0.7627,0.7676,
KESCNY,07/30/2026,0.0522,0.0521,0.0523,0.0522,0.0522,0.0521,0.0521,
ZMWCNY,07/30/2026,0.3567,0.3516,0.3618,0.3618,0.3525,0.3516,0.3516,
DJFCNY,07/30/2026,0.37935,0.3783,0.3804,0.3789,0.3789,0.3783,0.3783,
MADCNY,07/30/2026,0.7198,0.7195,0.7201,0.7213,0.7204,0.7193,0.7195,
USDCNY,07/30/2026,6.75505,6.755,6.7551,6.7621,6.7609,6.7545,6.755,6.7892
USDRSD,07/30/2026,101.84,101.74,101.94,102.6,102.28,101.58,101.74,
USDUZS,07/30/2026,12006.39,12001.39,12011.39,12030.26,12030.26,11990,12001.39,
USDKZT,07/30/2026,474.64,474.48,474.8,476.42,476.29,472.97,474.48,
USDXOF,07/30/2026,573.5,570,577,573,572,568.77,570,
EURXOF,07/30/2026,673.5005,666.977,680.024,666.983,666.25,666.145,666.977,
USDGNF,07/30/2026,8778.5,8757,8800,8757,8757,8748.24,8757,
EURGNF,07/30/2026,10119.415,10094.19,10144.64,10102.08,10039.9,10011,10094.19,
USDGHS,07/30/2026,11.685,11.67,11.7,11.69,11.65,11.62,11.67,
USDKES,07/30/2026,129.4,129.2,129.6,129.4,129.2,129.2,129.2,
USDUGX,07/30/2026,3734.52,3729.52,3739.52,3755,3752.57,3725,3729.52,
USDDJF,07/30/2026,178.075,177.6,178.55,177.6,177.6,177.4,177.6,
USDCAD,07/30/2026,1.40115,1.401,1.4013,1.4067,1.4046,1.3989,1.401,
USDEUR,07/30/2026,0.8675,0.8675,0.8675,0.8745,0.8718,0.8667,0.8675,
USDHKD,07/30/2026,7.843,7.8427,7.8433,7.845,7.8421,7.8415,7.8427,
EURHKD,07/30/2026,9.04105,9.0399,9.0422,9.0492,8.9902,8.9655,9.0399,
USDAUD,07/30/2026,1.4231,1.4227,1.4235,1.4395,1.4376,1.4215,1.4227,
USDVND,07/30/2026,26281.5,26279,26284,26335,26316,26249,26279,
USDARS,07/30/2026,1489,1488.5,1489.5,1491.5,1490,1488,1488.5,
USDZAR,07/30/2026,16.4968,16.4885,16.5051,16.7103,16.6417,16.4498,16.4885,
USDAOA,07/30/2026,919.329,912.629,926.029,913,912.629,912.629,912.629,
EURAOA,07/30/2026,1059.76,1051.99,1067.53,1053.15,1045.28,1043.32,1051.99,
USDCDF,07/30/2026,2288.5,2277,2300,2277,2275,2260,2277,
USDZWG,07/30/2026,26.6812,25.3471,28.0153,26.0142,25.8939,25.3471,25.3471,
USDZMW,07/30/2026,18.942,18.673,19.211,18.83,18.65,18.625,18.673,
USDTRY,07/30/2026,47.43625,47.4323,47.4402,47.4555,47.3807,47.1261,47.4323,
USDTZS,07/30/2026,2647.5,2630,2665,2640,2625,2624,2630,
EURAUD,07/30/2026,1.64055,1.6401,1.641,1.6493,1.6484,1.6391,1.6401,
USDJPY,07/30/2026,159.535,159.51,159.56,163.73,163.38,157.96,159.51,
USDMAD,07/30/2026,9.3851,9.3811,9.3891,9.3835,9.3835,9.3717,9.3811,
USDBRL,07/30/2026,5.05925,5.0587,5.0598,5.12,5.117,5.0571,5.0587,
USDIDR,07/30/2026,18080,18075,18085,18095,18050,18049,18075,
USDINR,07/30/2026,95.685,95.68,95.69,95.75,95.5925,95.57,95.68,
USDCLP,07/30/2026,926.1,925.65,926.55,932.73,932.73,921.58,925.65,
USDAED,07/30/2026,3.673,3.6729,3.6731,3.6732,3.6729,3.6723,3.6729,
USDSAR,07/30/2026,3.7549,3.7547,3.7551,3.7547,3.7543,3.7529,3.7547,
USDPHP,07/30/2026,61.5125,61.463,61.562,61.619,61.373,61.259,61.463,
USDPEN,07/30/2026,3.3892,3.3839,3.3945,3.402,3.4006,3.3797,3.3839,
USDMXN,07/30/2026,17.3436,17.3224,17.3648,17.4822,17.4299,17.3161,17.3224,
USDNGN,07/30/2026,1363.3,1362.05,1364.55,1365.12,1363.11,1358.36,1362.05,
USDMYR,07/30/2026,4.0825,4.075,4.09,4.091,4.074,4.074,4.075,
USDSGD,07/30/2026,1.281,1.2807,1.2813,1.2915,1.2887,1.2806,1.2807,
EURBRL,07/30/2026,5.83205,5.8312,5.8329,5.8785,5.867,5.8257,5.8312,
EURTRY,07/30/2026,54.8069,54.7877,54.8261,54.8219,54.3609,53.92,54.7877,
EURGBP,07/30/2026,0.8561,0.8559,0.8563,0.8586,0.8573,0.8555,0.8559,
ZARCNH,07/30/2026,0.409,0.4088,0.4092,0.4097,0.4057,0.4042,0.4088,
ZARHKD,07/30/2026,0.47545,0.4752,0.4757,0.4765,0.4706,0.4691,0.4752,
AUDNZD,07/30/2026,1.19545,1.1947,1.1962,1.2005,1.1996,1.1937,1.1947,
CZKCNY,07/30/2026,0.3217,0.3216,0.3218,0.3223,0.3206,0.3194,0.3216,
JPYCNH,07/30/2026,0.042296,0.042288,0.042304,0.042703,0.041369,0.04125,0.042288,
JPYCNY,07/30/2026,0.04134,0.041339,0.041341,0.041371,0.041355,0.041268,0.041339,0.041437
GBPCNH,07/30/2026,9.0863,9.0851,9.0875,9.0914,9.0374,9.0092,9.0851,
CNHRUB,07/30/2026,11.857375,11.85554,11.85921,11.89365,11.81024,11.77849,11.85554,
CNHMYR,07/30/2026,0.60505,0.6039,0.6062,0.6056,0.6045,0.6025,0.6039,
USDKRW,07/30/2026,1423.92,1423.12,1424.72,1447.5,1443.1,1417.6,1423.12,
CNHKRW,07/30/2026,212.71,212.64,212.78,214.06,213.24,212.2,212.64,
CNHPHP,07/30/2026,9.11585,9.1083,9.1234,9.1202,9.0774,9.0702,9.1083,
USDTHB,07/30/2026,33.415,33.4,33.43,33.69,33.48,33.31,33.4,
CNHTHB,07/30/2026,4.9628,4.9623,4.9633,4.9764,4.9582,4.9555,4.9623,
CNYTHB,07/30/2026,4.94485,4.9403,4.9494,4.9799,4.9445,4.9368,4.9403,4.9516
CNHINR,07/30/2026,14.18039,14.17923,14.18155,14.18701,14.14757,14.13288,14.17923,
CNHIDR,07/30/2026,2682.5,2680,2685,2680,2664.18,2664.18,2680,
AUDCNH,07/30/2026,4.7436,4.743,4.7442,4.7457,4.7009,4.6946,4.743,
AUDCNY,07/30/2026,4.73555,4.7321,4.739,4.744,4.705,4.6926,4.7321,4.7084
NZDCNH,07/30/2026,3.96755,3.9666,3.9685,3.9687,3.9154,3.9087,3.9666,
NZDCNY,07/30/2026,3.9616,3.9583,3.9649,3.9699,3.9245,3.9169,3.9583,3.9235
NZDUSD,07/30/2026,0.5879,0.5878,0.588,0.5883,0.5793,0.5785,0.5878,
EURZAR,07/30/2026,19.0189,19.0071,19.0307,19.1253,19.092,18.924,19.0071,
ZARCNY,07/30/2026,0.4095,0.4093,0.4097,0.4104,0.406,0.4042,0.4093,0.406438
CNHKZT,07/30/2026,70.341,70.3152,70.3668,70.4944,70.4508,69.9567,70.3152,
HKDCNY,07/30/2026,0.86128,0.86124,0.86132,0.86278,0.86275,0.86104,0.86124,0.86573
SGDCNY,07/30/2026,5.27325,5.272,5.2745,5.2728,5.2483,5.2298,5.272,5.2536
CHFCNY,07/30/2026,8.39085,8.3903,8.3914,8.4017,8.3091,8.2634,8.3903,8.3175
CADCNY,07/30/2026,4.82105,4.8205,4.8216,4.8278,4.8161,4.8021,4.8205,4.8196
MYRCNY,07/30/2026,1.65465,1.6516,1.6577,1.6571,1.6567,1.6495,1.6516,1.65909
RUBCNY,07/30/2026,0.0844,0.0844,0.0844,0.0849,0.0847,0.0841,0.0844,0.084844
KRWCNY,07/30/2026,0.004745,0.00474,0.00475,0.00476,0.00469,0.00467,0.00474,0.004694
AEDCNY,07/30/2026,1.8391,1.839,1.8392,1.8423,1.8421,1.8388,1.839,1.842435
SARCNY,07/30/2026,1.799,1.7989,1.7991,1.8021,1.8021,1.7988,1.7989,1.802321
TRYCNY,07/30/2026,0.1424,0.1424,0.1424,0.1428,0.1428,0.1402,0.1424,0.142836
MXNCNY,07/30/2026,0.3895,0.389,0.39,0.3899,0.3879,0.3864,0.389,0.3885
EURUSD,07/30/2026,1.15275,1.1527,1.1528,1.1536,1.1465,1.1432,1.1527,
USDRUB,07/30/2026,80.01,80,80.02,80.3,80,79.5955,80,
USDCZK,07/30/2026,20.998,20.99,21.006,21.138,21.066,20.948,20.99,
AUDUSD,07/30/2026,0.7027,0.7025,0.7029,0.7033,0.6954,0.6943,0.7025,
EURCNH,07/30/2026,7.77885,7.7771,7.7806,7.7825,7.7431,7.7248,7.7771,
EURCNY,07/30/2026,7.7769,7.7723,7.7815,7.7895,7.744,7.7241,7.7723,7.7613
GBPCNY,07/30/2026,9.07805,9.0726,9.0835,9.0783,9.0284,9.0072,9.0726,9.0455
GBPUSD,07/30/2026,1.3466,1.3464,1.3468,1.3476,1.3369,1.3329,1.3464,
USDCHF,07/30/2026,0.80505,0.805,0.8051,0.8174,0.8139,0.8037,0.805,
USDCNH,07/30/2026,6.7477,6.7475,6.7479,6.7625,6.7606,6.7431,6.7475,
CNHCNY,07/30/2026,1.0011,1.0011,1.0011,1.0016,1.0008,0.9996,1.0011,
THBCNY,07/30/2026,0.202155,0.20206,0.20225,0.20255,0.20191,0.20038,0.20206,0.201955
INRCNY,07/30/2026,7.0597,7.0593,7.0601,7.0729,7.0678,7.0567,7.0593,
IDRCNY,07/30/2026,0.03736,0.03735,0.03737,0.03745,0.03745,0.03733,0.03735,
BRLCNY,07/30/2026,1.33515,1.335,1.3353,1.3357,1.322,1.3194,1.335,
ARSCNY,07/31/2026,0.0045,0.0045,0.0045,0.0045,0.0045,0.0045,0.0045,
PHPCNY,07/31/2026,0.110255,0.11021,0.1103,0.11041,0.10974,0.10966,0.11021,
NGNCNY,07/31/2026,0.004945,0.00494,0.00495,0.00496,0.00495,0.00493,0.00494,
PENCNY,07/31/2026,1.99,1.99,1.99,1.99,1.99,1.98,1.99,
KZTCNY,07/31/2026,14.23485,14.2295,14.2402,14.2792,14.2228,14.1977,14.2295,
UGXCNY,07/31/2026,0.18005,0.1798,0.1803,0.1806,0.1801,0.1791,0.1798,
TZSCNY,07/31/2026,0.25555,0.2529,0.2582,0.2542,0.2534,0.2526,0.2529,
CLPCNY,07/31/2026,0.07255,0.0725,0.0726,0.0729,0.0729,0.0724,0.0725,
VNDCNY,07/31/2026,2.56695,2.5659,2.568,2.5702,2.5689,2.5609,2.5659,
RSDCNY,07/31/2026,0.66325,0.6626,0.6639,0.6639,0.6626,0.6577,0.6626,
UZSCNY,07/31/2026,0.5645,0.5642,0.5648,0.5642,0.5592,0.5588,0.5642,
GHSCNY,07/31/2026,0.5778,0.577,0.5786,0.5776,0.5774,0.5717,0.577,
GNFCNY,07/31/2026,0.76885,0.7671,0.7706,0.7676,0.7676,0.7618,0.7671,
KESCNY,07/31/2026,0.0523,0.0522,0.0524,0.0522,0.0521,0.052,0.0522,
ZMWCNY,07/31/2026,0.3592,0.3587,0.3597,0.3613,0.3515,0.3479,0.3587,
DJFCNY,07/31/2026,0.37915,0.3781,0.3802,0.3783,0.3783,0.3778,0.3781,
MADCNY,07/31/2026,0.72315,0.7222,0.7241,0.7249,0.7195,0.7184,0.7222,
USDCNY,07/31/2026,6.7513,6.7509,6.7517,6.7523,6.752,6.7453,6.7509,6.7894
USDRSD,07/31/2026,101.795,101.7,101.89,102.42,101.75,101.57,101.7,
USDUZS,07/31/2026,11960.18,11955.18,11965.18,12001.39,12000,11955.18,11955.18,
USDKZT,07/31/2026,474.28,474.13,474.43,474.73,474.64,472.49,474.13,
USDXOF,07/31/2026,569.75,566.25,573.25,571,571,566.25,566.25,
EURXOF,07/31/2026,673.5035,666.694,680.313,666.983,666.26,666.26,666.694,
USDGNF,07/31/2026,8781,8762,8800,8762,8757,8748.24,8762,
EURGNF,07/31/2026,10122.74,10099.96,10145.52,10116.61,10094.19,10035.12,10099.96,
USDGHS,07/31/2026,11.685,11.67,11.7,11.7,11.66,11.5,11.67,
USDKES,07/31/2026,129.2,128.95,129.45,129.4,129.2,128.95,128.95,
USDUGX,07/31/2026,3749.29,3744.29,3754.29,3760,3740,3725,3744.29,
USDDJF,07/31/2026,178.075,177.6,178.55,177.6,177.6,177.4,177.6,
USDCAD,07/31/2026,1.40195,1.4017,1.4022,1.4057,1.401,1.4,1.4017,
USDEUR,07/31/2026,0.86745,0.8674,0.8675,0.8729,0.8675,0.866,0.8674,
USDHKD,07/31/2026,7.84205,7.842,7.8421,7.844,7.8427,7.8399,7.842,
EURHKD,07/31/2026,9.0485,9.0467,9.0503,9.0547,9.0405,8.983,9.0467,
USDAUD,07/31/2026,1.4239,1.4235,1.4243,1.4302,1.4227,1.419,1.4235,
USDVND,07/31/2026,26300.5,26291,26310,26330,26269,26249,26291,
USDARS,07/31/2026,1485.5,1485,1486,1489.5,1488.5,1480,1485,
USDZAR,07/31/2026,16.5488,16.5438,16.5538,16.6202,16.4829,16.4623,16.5438,
USDAOA,07/31/2026,919.329,912.629,926.029,913,913,912.629,912.629,
EURAOA,07/31/2026,1059.805,1051.99,1067.62,1053.72,1051.99,1045.23,1051.99,
USDCDF,07/31/2026,2290,2280,2300,2280,2277,2260,2280,
USDZWG,07/31/2026,27.08475,26.1508,28.0187,26.6845,26.6845,25.4138,26.1508,
USDZMW,07/31/2026,18.7932,18.7682,18.8182,18.82,18.625,18.625,18.7682,
USDTRY,07/31/2026,47.5128,47.5078,47.5178,47.5343,47.4317,47.0713,47.5078,
USDTZS,07/31/2026,2642,2615,2669,2645,2625,2615,2615,
EURAUD,07/31/2026,1.6398,1.6393,1.6403,1.6407,1.6406,1.6336,1.6393,
USDJPY,07/31/2026,157.585,157.57,157.6,160.87,159.47,157.57,157.57,
USDMAD,07/31/2026,9.33605,9.3241,9.348,9.3811,9.3811,9.3024,9.3241,
USDBRL,07/31/2026,5.07535,5.0753,5.0754,5.0865,5.0588,5.0578,5.0753,
USDIDR,07/31/2026,17994,17990,17998,18073,18040,17985,17990,
USDINR,07/31/2026,95.39,95.38,95.4,95.4675,95.385,95.25,95.38,
USDCLP,07/31/2026,931.1,930.47,931.73,932.05,925.65,925,930.47,
USDAED,07/31/2026,3.67295,3.6729,3.673,3.6734,3.6729,3.6723,3.6729,
USDSAR,07/31/2026,3.7555,3.7553,3.7557,3.7553,3.7547,3.7542,3.7553,
USDPHP,07/31/2026,61.234,61.213,61.255,61.559,61.516,61.121,61.213,
USDPEN,07/31/2026,3.3899,3.3879,3.3919,3.4015,3.3837,3.3805,3.3879,
USDMXN,07/31/2026,17.349,17.328,17.37,17.3887,17.338,17.308,17.328,
USDNGN,07/31/2026,1365.12,1363.87,1366.37,1365.66,1362.3,1357.67,1363.87,
USDMYR,07/31/2026,4.0865,4.083,4.09,4.09,4.075,4.065,4.083,
USDSGD,07/31/2026,1.28225,1.2818,1.2827,1.2854,1.2812,1.2805,1.2818,
EURBRL,07/31/2026,5.85085,5.8503,5.8514,5.855,5.8312,5.8064,5.8503,
EURTRY,07/31/2026,54.7728,54.7713,54.7743,54.8976,54.785,54.24,54.7713,
EURGBP,07/31/2026,0.8548,0.8547,0.8549,0.8565,0.8559,0.8541,0.8547,
ZARCNH,07/31/2026,0.40805,0.4079,0.4082,0.4094,0.4088,0.4061,0.4079,
ZARHKD,07/31/2026,0.47385,0.4737,0.474,0.4761,0.4751,0.4715,0.4737,
AUDNZD,07/31/2026,1.19475,1.1942,1.1953,1.1991,1.1947,1.194,1.1942,
CZKCNY,07/31/2026,0.3214,0.321,0.3218,0.3218,0.3216,0.3189,0.321,
JPYCNH,07/31/2026,0.0428505,0.042846,0.042855,0.042846,0.042288,0.041925,0.042846,
JPYCNY,07/31/2026,0.0424175,0.042415,0.04242,0.042415,0.042067,0.041954,0.042415,0.042203
GBPCNH,07/31/2026,9.0771,9.0765,9.0777,9.0862,9.0825,9.0639,9.0765,
CNHRUB,07/31/2026,11.78962,11.78805,11.79119,11.86328,11.85554,11.67551,11.78805,
CNHMYR,07/31/2026,0.6052,0.6047,0.6057,0.6062,0.6039,0.6023,0.6047,
USDKRW,07/31/2026,1442.94,1442.09,1443.79,1444.56,1422.38,1421.09,1442.09,
CNHKRW,07/31/2026,211.21,211.12,211.3,213.53,211.03,210.96,211.12,
CNHPHP,07/31/2026,9.0745,9.0711,9.0779,9.1242,9.1077,9.0689,9.0711,
USDTHB,07/31/2026,33.42,33.4,33.44,33.52,33.4,33.3,33.4,
CNHTHB,07/31/2026,4.9536,4.9531,4.9541,4.9649,4.9638,4.9406,4.9531,
CNYTHB,07/31/2026,4.9502,4.9456,4.9548,4.9635,4.9447,4.9339,4.9456,4.9476
CNHINR,07/31/2026,14.126515,14.12493,14.1281,14.18511,14.17923,14.11803,14.12493,
CNHIDR,07/31/2026,2672.5,2670,2675,2680,2673.53,2667.04,2670,
AUDCNH,07/31/2026,4.74605,4.7458,4.7463,4.7506,4.7388,4.7356,4.7458,
AUDCNY,07/31/2026,4.7405,4.737,4.744,4.7524,4.7436,4.7196,4.737,4.7441
NZDCNH,07/31/2026,3.9656,3.9652,3.966,3.9709,3.9648,3.9341,3.9652,
NZDCNY,07/31/2026,3.9665,3.9632,3.9698,3.9724,3.96,3.9479,3.9632,3.9653
NZDUSD,07/31/2026,0.58755,0.5873,0.5878,0.5895,0.5878,0.5848,0.5873,
EURZAR,07/31/2026,19.0775,19.0725,19.0825,19.0742,19.0053,18.9591,19.0725,
ZARCNY,07/31/2026,0.40795,0.4078,0.4081,0.4096,0.4092,0.4059,0.4078,0.409853
CNHKZT,07/31/2026,70.23715,70.2144,70.2599,70.3733,70.3389,70.0436,70.2144,
HKDCNY,07/31/2026,0.86091,0.86085,0.86097,0.86129,0.86117,0.86011,0.86085,0.86559
SGDCNY,07/31/2026,5.2652,5.263,5.2674,5.2724,5.2708,5.2499,5.263,5.2752
CHFCNY,07/31/2026,8.36025,8.3582,8.3623,8.3923,8.3882,8.3027,8.3582,8.3887
CADCNY,07/31/2026,4.81565,4.8145,4.8168,4.824,4.8205,4.8008,4.8145,4.8206
MYRCNY,07/31/2026,1.6521,1.6506,1.6536,1.6556,1.6536,1.6478,1.6506,1.65854
RUBCNY,07/31/2026,0.0848,0.0848,0.0848,0.0857,0.0844,0.0843,0.0848,0.084647
KRWCNY,07/31/2026,0.00468,0.00468,0.00468,0.00475,0.00474,0.00467,0.00468,0.004735
AEDCNY,07/31/2026,1.8381,1.838,1.8382,1.8393,1.839,1.8364,1.838,1.8381
SARCNY,07/31/2026,1.7977,1.7975,1.7979,1.7989,1.7989,1.7963,1.7975,1.797979
TRYCNY,07/31/2026,0.1421,0.1421,0.1421,0.1425,0.1424,0.1404,0.1421,0.142188
MXNCNY,07/31/2026,0.38915,0.3887,0.3896,0.3899,0.3893,0.3881,0.3887,0.390168
EURUSD,07/31/2026,1.1528,1.1527,1.1529,1.1546,1.1527,1.1453,1.1527,
USDRUB,07/31/2026,79.61,79.6,79.62,80,80,78.7455,79.6,
USDCZK,07/31/2026,21.007,20.981,21.033,21.114,20.987,20.953,20.981,
AUDUSD,07/31/2026,0.7023,0.7021,0.7025,0.7044,0.7026,0.6989,0.7021,
EURCNH,07/31/2026,7.78545,7.7837,7.7872,7.7948,7.7737,7.7366,7.7837,
EURCNY,07/31/2026,7.7699,7.7653,7.7745,7.7782,7.7768,7.7351,7.7653,7.7886
GBPCNY,07/31/2026,9.09095,9.0855,9.0964,9.0897,9.0858,9.0481,9.0855,9.0982
GBPUSD,07/31/2026,1.34815,1.348,1.3483,1.3493,1.3464,1.3397,1.348,
USDCHF,07/31/2026,0.80755,0.8074,0.8077,0.8128,0.805,0.8044,0.8074,
USDCNH,07/31/2026,6.75255,6.7525,6.7526,6.7554,6.7475,6.7413,6.7525,
CNHCNY,07/31/2026,0.9998,0.9997,0.9999,1.0014,1.0011,0.9993,0.9997,
THBCNY,07/31/2026,0.202015,0.20188,0.20215,0.20241,0.20206,0.20118,0.20188,0.202118
INRCNY,07/31/2026,7.07755,7.0764,7.0787,7.0832,7.0561,7.0516,7.0764,
IDRCNY,07/31/2026,0.03752,0.03751,0.03753,0.03751,0.03733,0.03729,0.03751,
BRLCNY,07/31/2026,1.3302,1.3301,1.3303,1.3353,1.3353,1.3266,1.3301,
ARSCNY,08/03/2026,0.0045,0.0045,0.0045,0.0045,0.0045,0.0045,0.0045,
PHPCNY,08/03/2026,0.110795,0.11075,0.11084,0.11088,0.1102,0.1102,0.11075,
NGNCNY,08/03/2026,0.00495,0.00495,0.00495,0.00496,0.00495,0.00493,0.00495,
PENCNY,08/03/2026,1.99,1.99,1.99,2,1.99,1.98,1.99,
KZTCNY,08/03/2026,14.2292,14.2241,14.2343,14.2676,14.2325,14.1992,14.2241,
UGXCNY,08/03/2026,0.18095,0.1807,0.1812,0.1811,0.1798,0.1792,0.1807,
TZSCNY,08/03/2026,0.25495,0.2531,0.2568,0.2545,0.253,0.2528,0.2531,
CLPCNY,08/03/2026,0.07295,0.0729,0.073,0.0732,0.0725,0.0724,0.0729,
VNDCNY,08/03/2026,2.56875,2.5685,2.569,2.5714,2.5649,2.5639,2.5685,
RSDCNY,08/03/2026,0.66215,0.6615,0.6628,0.6639,0.6622,0.66,0.6615,
UZSCNY,08/03/2026,0.56325,0.563,0.5635,0.5645,0.5642,0.559,0.563,
GHSCNY,08/03/2026,0.57715,0.5761,0.5782,0.5807,0.577,0.5713,0.5761,
GNFCNY,08/03/2026,0.76885,0.7673,0.7704,0.7676,0.7671,0.7617,0.7673,
KESCNY,08/03/2026,0.05215,0.0521,0.0522,0.0522,0.0522,0.052,0.0521,
ZMWCNY,08/03/2026,0.35425,0.3479,0.3606,0.3589,0.3588,0.3479,0.3479,
DJFCNY,08/03/2026,0.3792,0.3782,0.3802,0.3783,0.3781,0.378,0.3782,
MADCNY,08/03/2026,0.72315,0.7228,0.7235,0.7254,0.7222,0.7219,0.7228,
USDCNY,08/03/2026,6.7526,6.7523,6.7529,6.7546,6.7522,6.7483,6.7523,6.7898
USDRSD,08/03/2026,101.98,101.88,102.08,101.99,101.75,101.37,101.88,
USDUZS,08/03/2026,11989.46,11984.46,11994.46,12000,11955.18,11955.18,11984.46,
USDKZT,08/03/2026,474.56,474.41,474.71,475.62,473.98,472.89,474.41,
USDXOF,08/03/2026,569,565.5,572.5,571,566.2,565.5,565.5,
EURXOF,08/03/2026,673.5005,666.983,680.018,666.983,666.983,655.957,666.983,
USDGNF,08/03/2026,8782.5,8765,8800,8765,8762,8747.48,8765,
EURGNF,08/03/2026,10107.345,10085.89,10128.8,10127.12,10099.96,10070.97,10085.89,
USDGHS,08/03/2026,11.7,11.68,11.72,11.7,11.67,11.5,11.68,
USDKES,08/03/2026,129.45,129.35,129.55,129.35,129.25,129.12,129.35,
USDUGX,08/03/2026,3731.43,3726.43,3736.43,3755,3744.29,3720,3726.43,
USDDJF,08/03/2026,178.075,177.6,178.55,177.6,177.6,177.4,177.6,
USDCAD,08/03/2026,1.40465,1.4043,1.405,1.4053,1.401,1.4002,1.4043,
USDEUR,08/03/2026,0.8689,0.8688,0.869,0.8695,0.8663,0.8642,0.8688,
USDHKD,08/03/2026,7.84205,7.842,7.8421,7.8429,7.842,7.8405,7.842,
EURHKD,08/03/2026,9.0248,9.0233,9.0263,9.0641,9.0405,9.0165,9.0233,
USDAUD,08/03/2026,1.4285,1.428,1.429,1.4318,1.4194,1.4146,1.428,
USDVND,08/03/2026,26287,26286,26288,26301,26294,26255,26286,
USDARS,08/03/2026,1494.25,1494,1494.5,1494,1480,1480,1494,
USDZAR,08/03/2026,16.5265,16.5216,16.5314,16.5559,16.4829,16.427,16.5216,
USDAOA,08/03/2026,919.085,912.385,925.785,913,912.629,912.385,912.385,
EURAOA,08/03/2026,1057.73,1049.88,1065.58,1054.82,1052.81,1049.7,1049.88,
USDCDF,08/03/2026,2290,2280,2300,2280,2280,2242,2280,
USDZWG,08/03/2026,27.1703,26.3368,28.0038,26.5369,26.0035,25.36,26.3368,
USDZMW,08/03/2026,19.0665,18.726,19.407,18.74,18.667,18.667,18.726,
USDTRY,08/03/2026,47.53115,47.527,47.5353,47.5523,47.5124,47.2397,47.527,
USDTZS,08/03/2026,2649,2630,2668,2635,2625,2624,2630,
EURAUD,08/03/2026,1.644,1.6434,1.6446,1.6504,1.6399,1.6376,1.6434,
USDJPY,08/03/2026,157.175,157.16,157.19,157.88,157.23,155.21,157.16,
USDMAD,08/03/2026,9.3378,9.3338,9.3418,9.3375,9.3241,9.3045,9.3338,
USDBRL,08/03/2026,5.08815,5.0876,5.0887,5.0915,5.0747,5.0522,5.0876,
USDIDR,08/03/2026,17985,17980,17990,17995,17950,17950,17980,
USDINR,08/03/2026,95.34,95.33,95.35,95.35,95.14,95.1175,95.33,
USDCLP,08/03/2026,925.48,925.12,925.84,929.7,929.7,921.9,925.12,
USDAED,08/03/2026,3.67295,3.6729,3.673,3.6734,3.6729,3.6721,3.6729,
USDSAR,08/03/2026,3.7556,3.7553,3.7559,3.7556,3.7552,3.7542,3.7553,
USDPHP,08/03/2026,60.946,60.925,60.967,61.239,61.239,60.851,60.925,
USDPEN,08/03/2026,3.3943,3.3872,3.4014,3.398,3.3878,3.3748,3.3872,
USDMXN,08/03/2026,17.3395,17.3254,17.3536,17.347,17.312,17.2825,17.3254,
USDNGN,08/03/2026,1364.225,1363.35,1365.1,1366.94,1361,1358.28,1363.35,
USDMYR,08/03/2026,4.0955,4.093,4.098,4.095,4.07,4.07,4.093,
USDSGD,08/03/2026,1.28235,1.2819,1.2828,1.2832,1.2818,1.2786,1.2819,
EURBRL,08/03/2026,5.8557,5.8543,5.8571,5.8653,5.8496,5.8244,5.8543,
EURTRY,08/03/2026,54.7396,54.7249,54.7543,54.9825,54.8076,54.43,54.7249,
EURGBP,08/03/2026,0.8568,0.8565,0.8571,0.8573,0.8554,0.8551,0.8565,
ZARCNH,08/03/2026,0.40895,0.4088,0.4091,0.4108,0.4079,0.4077,0.4088,
ZARHKD,08/03/2026,0.47455,0.4744,0.4747,0.4771,0.4737,0.4734,0.4744,
AUDNZD,08/03/2026,1.192,1.1916,1.1924,1.1967,1.1945,1.191,1.1916,
CZKCNY,08/03/2026,0.32105,0.3208,0.3213,0.3221,0.3209,0.3205,0.3208,
JPYCNH,08/03/2026,0.0429985,0.042993,0.043004,0.04346,0.042938,0.04274,0.042993,
JPYCNY,08/03/2026,0.0430305,0.043028,0.043033,0.043189,0.043161,0.042983,0.043028,0.042898
GBPCNH,08/03/2026,9.0771,9.0765,9.0777,,,,9.0765,
CNHRUB,08/03/2026,11.89648,11.89546,11.8975,11.89705,11.78962,11.76042,11.89546,
CNHMYR,08/03/2026,0.606,0.6056,0.6064,0.6065,0.6047,0.6029,0.6056,
USDKRW,08/03/2026,1429.44,1428.99,1429.89,1442.91,1442.79,1424.8,1428.99,
CNHKRW,08/03/2026,211.785,211.73,211.84,212.69,212.59,210.93,211.73,
CNHPHP,08/03/2026,9.0745,9.0711,9.0779,,,,9.0711,
USDTHB,08/03/2026,33.38,33.36,33.4,33.44,33.4,33.28,33.36,
CNHTHB,08/03/2026,4.9391,4.9386,4.9396,4.948,4.936,4.93,4.9386,
CNYTHB,08/03/2026,4.9468,4.9422,4.9514,4.9436,4.9333,4.9251,4.9422,4.9376
CNHINR,08/03/2026,14.1071,14.1052,14.109,14.13896,14.12681,14.08038,14.1052,
CNHIDR,08/03/2026,2662.28,2656.7,2667.86,2663.35,2660.5,2656.7,2656.7,
AUDCNH,08/03/2026,4.74605,4.7458,4.7463,,,,4.7458,
AUDCNY,08/03/2026,4.7275,4.724,4.731,4.7505,4.7491,4.7145,4.724,4.7608
NZDCNH,08/03/2026,3.9656,3.9652,3.966,,,,3.9652,
NZDCNY,08/03/2026,3.9611,3.9578,3.9644,3.9779,3.9779,3.9555,3.9578,3.9866
NZDUSD,08/03/2026,0.5871,0.587,0.5872,0.5908,0.5886,0.5858,0.587,
EURZAR,08/03/2026,19.0183,19.0118,19.0248,19.1134,19.0839,18.945,19.0118,
ZARCNY,08/03/2026,0.4086,0.4085,0.4087,0.4108,0.4092,0.4076,0.4085,0.410694
CNHKZT,08/03/2026,70.21885,70.1946,70.2431,70.4175,70.2238,70.0287,70.1946,
HKDCNY,08/03/2026,0.861075,0.86103,0.86112,0.86127,0.86085,0.86056,0.86103,0.86587
SGDCNY,08/03/2026,5.2658,5.2637,5.2679,5.2783,5.2622,5.2598,5.2637,5.2794
CHFCNY,08/03/2026,8.33395,8.33,8.3379,8.3789,8.3447,8.3177,8.33,8.3815
CADCNY,08/03/2026,4.8073,4.8059,4.8087,4.8203,4.8135,4.8042,4.8059,4.8222
MYRCNY,08/03/2026,1.6488,1.6477,1.6499,1.6534,1.6526,1.6469,1.6477,1.658375
RUBCNY,08/03/2026,0.084,0.084,0.084,0.085,0.0848,0.084,0.084,0.084931
KRWCNY,08/03/2026,0.004725,0.00472,0.00473,0.00474,0.00468,0.00468,0.00472,0.004707
AEDCNY,08/03/2026,1.8385,1.8384,1.8386,1.8391,1.8379,1.8372,1.8384,1.839791
SARCNY,08/03/2026,1.798,1.7978,1.7982,1.7987,1.7975,1.7968,1.7978,1.799403
TRYCNY,08/03/2026,0.14205,0.142,0.1421,0.1422,0.142,0.1401,0.142,0.14226
MXNCNY,08/03/2026,0.38945,0.3891,0.3898,0.3905,0.3892,0.389,0.3891,0.391435
EURUSD,08/03/2026,1.15085,1.1507,1.151,1.1558,1.1536,1.1499,1.1507,
USDRUB,08/03/2026,80.4,80.3955,80.4045,80.3955,79.6,79.4205,80.3955,
USDCZK,08/03/2026,21.033,21.019,21.047,21.053,20.987,20.922,21.019,
AUDUSD,08/03/2026,0.70005,0.6998,0.7003,0.7055,0.7037,0.6982,0.6998,
EURCNH,08/03/2026,7.77755,7.7758,7.7793,7.7989,7.7934,7.7707,7.7758,
EURCNY,08/03/2026,7.77385,7.7692,7.7785,7.7902,7.7867,7.7692,7.7692,7.8068
GBPCNY,08/03/2026,9.0715,9.066,9.077,9.0991,9.0972,9.066,9.066,9.1227
GBPUSD,08/03/2026,1.34315,1.3428,1.3435,1.3506,1.3477,1.3414,1.3428,
USDCHF,08/03/2026,0.81025,0.8099,0.8106,0.8115,0.8057,0.8052,0.8099,
USDCNH,08/03/2026,6.7583,6.7581,6.7585,6.7593,6.7516,6.7458,6.7581,
CNHCNY,08/03/2026,0.99915,0.9991,0.9992,1.0007,0.9999,0.9989,0.9991,
THBCNY,08/03/2026,0.202295,0.20216,0.20243,0.20279,0.20188,0.20176,0.20216,0.202528
INRCNY,08/03/2026,7.08265,7.0816,7.0837,7.1003,7.0778,7.0737,7.0816,
IDRCNY,08/03/2026,0.037545,0.03753,0.03756,0.03755,0.03752,0.03743,0.03753,
BRLCNY,08/03/2026,1.3271,1.3269,1.3273,1.3363,1.3296,1.326,1.3269,
ARSCNY,08/04/2026,0.0045,0.0045,0.0045,0.0045,0.0045,0.0045,0.0045,
PHPCNY,08/04/2026,0.110755,0.11073,0.11078,0.11102,0.11077,0.11024,0.11073,
NGNCNY,08/04/2026,0.004955,0.00495,0.00496,0.00496,0.00495,0.00494,0.00495,
PENCNY,08/04/2026,1.99,1.99,1.99,2,1.99,1.98,1.99,
KZTCNY,08/04/2026,14.35475,14.3532,14.3563,14.3673,14.225,14.2115,14.3532,
UGXCNY,08/04/2026,0.18055,0.1803,0.1808,0.1809,0.1803,0.1796,0.1803,
TZSCNY,08/04/2026,0.25435,0.2529,0.2558,0.2535,0.2532,0.2529,0.2529,
CLPCNY,08/04/2026,0.07415,0.0741,0.0742,0.0741,0.0729,0.0729,0.0741,
VNDCNY,08/04/2026,2.5714,2.5708,2.572,2.5723,2.5683,2.5682,2.5708,
RSDCNY,08/04/2026,0.6637,0.663,0.6644,0.6636,0.6615,0.6604,0.663,
UZSCNY,08/04/2026,0.56555,0.5653,0.5658,0.5653,0.563,0.5604,0.5653,
GHSCNY,08/04/2026,0.577,0.5762,0.5778,0.5772,0.5761,0.5723,0.5762,
GNFCNY,08/04/2026,0.7689,0.7674,0.7704,0.768,0.7673,0.7616,0.7674,
KESCNY,08/04/2026,0.05225,0.0521,0.0524,0.0522,0.0522,0.0521,0.0521,
ZMWCNY,08/04/2026,0.3542,0.348,0.3604,0.3611,0.3481,0.348,0.348,
DJFCNY,08/04/2026,0.37925,0.3782,0.3803,0.3785,0.3782,0.3781,0.3782,
MADCNY,08/04/2026,0.72465,0.7243,0.725,0.7257,0.7228,0.7226,0.7243,
USDCNY,08/04/2026,6.75355,6.7532,6.7539,6.7585,6.7561,6.751,6.7532,6.7917
USDRSD,08/04/2026,101.76,101.66,101.86,101.96,101.88,101.65,101.66,
USDUZS,08/04/2026,11942.21,11937.21,11947.21,11989.3,11984.46,11920,11937.21,
USDKZT,08/04/2026,470.475,470.45,470.5,474.81,474.36,469.99,470.45,
USDXOF,08/04/2026,569.75,566.25,573.25,568.86,565.5,565.5,566.25,
EURXOF,08/04/2026,673.5005,666.983,680.018,666.983,666.172,666.172,666.983,
USDGNF,08/04/2026,8783.5,8767,8800,8767,8765,8749.02,8767,
EURGNF,08/04/2026,10127.815,10107.47,10148.16,10111.86,10085.89,10078.05,10107.47,
USDGHS,08/04/2026,11.705,11.69,11.72,11.71,11.68,11.5,11.69,
USDKES,08/04/2026,129.25,129,129.5,129.4,129.35,129,129,
USDUGX,08/04/2026,3740.62,3735.62,3745.62,3750,3735,3725,3735.62,
USDDJF,08/04/2026,178.075,177.6,178.55,177.6,177.6,177.4,177.6,
USDCAD,08/04/2026,1.4062,1.4061,1.4063,1.408,1.4044,1.4032,1.4061,
USDEUR,08/04/2026,0.8673,0.8672,0.8674,0.8693,0.8687,0.8669,0.8672,
USDHKD,08/04/2026,7.84255,7.8423,7.8428,7.8436,7.8418,7.8412,7.8423,
EURHKD,08/04/2026,9.043,9.0417,9.0443,9.0459,9.0227,9.0181,9.0417,
USDAUD,08/04/2026,1.4192,1.4188,1.4196,1.4292,1.4284,1.4182,1.4188,
USDVND,08/04/2026,26263.5,26259,26268,26286,26269,26255,26259,
USDARS,08/04/2026,1496.5,1496,1497,1497,1493.5,1493,1496,
USDZAR,08/04/2026,16.3768,16.3714,16.3822,16.5312,16.5216,16.3606,16.3714,
USDAOA,08/04/2026,919.284,912.584,925.984,913,912.385,912.385,912.584,
EURAOA,08/04/2026,1059.98,1052.12,1067.84,1052.57,1050.06,1049.33,1052.12,
USDCDF,08/04/2026,2290,2280,2300,2280,2280,2240,2280,
USDZWG,08/04/2026,27.18205,25.8496,28.5145,26.6283,25.8496,25.3166,25.8496,
USDZMW,08/04/2026,19.0715,18.74,19.403,18.95,18.775,18.65,18.74,
USDTRY,08/04/2026,47.5328,47.5278,47.5378,47.5758,47.5279,47.361,47.5278,
USDTZS,08/04/2026,2655,2640,2670,2640,2625,2625,2640,
EURAUD,08/04/2026,1.6364,1.6361,1.6367,1.6447,1.6433,1.6355,1.6361,
USDJPY,08/04/2026,157.74,157.72,157.76,157.95,157.17,157.15,157.72,
USDMAD,08/04/2026,9.3192,9.3152,9.3232,9.3368,9.3338,9.2999,9.3152,
USDBRL,08/04/2026,5.1284,5.1279,5.1289,5.1475,5.0879,5.0696,5.1279,
USDIDR,08/04/2026,18020,18015,18025,18045,18000,18000,18015,
USDINR,08/04/2026,95.3825,95.3775,95.3875,95.3875,95.33,95.2475,95.3775,
USDCLP,08/04/2026,911,910.55,911.45,925.12,925.12,909.55,910.55,
USDAED,08/04/2026,3.6729,3.6728,3.673,3.6734,3.6729,3.6723,3.6728,
USDSAR,08/04/2026,3.7557,3.7556,3.7558,3.7559,3.7553,3.7542,3.7556,
USDPHP,08/04/2026,60.979,60.968,60.99,61.206,60.915,60.77,60.968,
USDPEN,08/04/2026,3.3944,3.3933,3.3955,3.398,3.3872,3.3744,3.3933,
USDMXN,08/04/2026,17.25875,17.2535,17.264,17.335,17.3261,17.2384,17.2535,
USDNGN,08/04/2026,1362.88,1362.38,1363.38,1364.47,1363.35,1359.48,1362.38,
USDMYR,08/04/2026,4.0925,4.085,4.1,4.096,4.094,4.085,4.085,
USDSGD,08/04/2026,1.2822,1.2819,1.2825,1.2839,1.2818,1.2811,1.2819,
EURBRL,08/04/2026,5.9133,5.912,5.9146,5.9335,5.8546,5.8387,5.912,
EURTRY,08/04/2026,54.8594,54.8359,54.8829,54.8757,54.7278,54.45,54.8359,
EURGBP,08/04/2026,0.85725,0.8572,0.8573,0.8575,0.8565,0.8558,0.8572,
ZARCNH,08/04/2026,0.41205,0.4119,0.4122,0.4121,0.4088,0.4083,0.4119,
ZARHKD,08/04/2026,0.4789,0.4787,0.4791,0.4791,0.4744,0.4742,0.4787,
AUDNZD,08/04/2026,1.19505,1.1943,1.1958,1.1966,1.1918,1.1916,1.1943,
CZKCNY,08/04/2026,0.32215,0.3221,0.3222,0.3222,0.3209,0.3204,0.3221,
JPYCNH,08/04/2026,0.042778,0.042771,0.042785,0.042993,0.04299,0.042747,0.042771,
JPYCNY,08/04/2026,0.042778,0.042776,0.04278,0.042926,0.042899,0.042754,0.042776,0.043015
GBPCNH,08/04/2026,9.07855,9.078,9.0791,9.0803,9.0748,9.0643,9.078,
CNHRUB,08/04/2026,12.04985,12.04801,12.05169,12.05257,11.89546,11.84504,12.04801,
CNHMYR,08/04/2026,0.6065,0.6054,0.6076,0.6063,0.6056,0.6047,0.6054,
USDKRW,08/04/2026,1429.73,1428.84,1430.62,1436.6,1429.26,1420.6,1428.84,
CNHKRW,08/04/2026,212.15,212.06,212.24,212.08,211.74,210.09,212.06,
CNHPHP,08/04/2026,9.0586,9.0549,9.0623,9.0614,9.0149,9.0141,9.0549,
USDTHB,08/04/2026,33.25,33.23,33.27,33.49,33.35,33.21,33.23,
CNHTHB,08/04/2026,4.9275,4.927,4.928,4.9526,4.9386,4.9256,4.927,
CNYTHB,08/04/2026,4.93115,4.9266,4.9357,4.9504,4.9371,4.921,4.9266,4.9356
CNHINR,08/04/2026,14.13535,14.13419,14.13651,14.13859,14.1052,14.09722,14.13419,
CNHIDR,08/04/2026,2670.5,2668,2673,2671.01,2655.94,2655.94,2668,
AUDCNH,08/04/2026,4.7474,4.7472,4.7476,4.7476,4.7388,4.735,4.7472,
AUDCNY,08/04/2026,4.74715,4.7437,4.7506,4.7549,4.731,4.7301,4.7437,4.7419
NZDCNH,08/04/2026,3.9674,3.967,3.9678,3.9683,3.9653,3.9593,3.967,
NZDCNY,08/04/2026,3.9699,3.9666,3.9732,3.9797,3.9658,3.9571,3.9666,3.9761
NZDUSD,08/04/2026,0.5894,0.5893,0.5895,0.5896,0.5867,0.586,0.5893,
EURZAR,08/04/2026,18.8839,18.8753,18.8925,19.0177,19.0118,18.8474,18.8753,
ZARCNY,08/04/2026,0.41235,0.4122,0.4125,0.4125,0.4085,0.4083,0.4122,0.41024
CNHKZT,08/04/2026,69.72275,69.717,69.7285,70.2848,70.1946,69.5962,69.717,
HKDCNY,08/04/2026,0.86114,0.86107,0.86121,0.86174,0.86102,0.86075,0.86107,0.86603
SGDCNY,08/04/2026,5.2672,5.2657,5.2687,5.2698,5.2641,5.2571,5.2657,5.2824
CHFCNY,08/04/2026,8.3465,8.3435,8.3495,8.3569,8.3351,8.3228,8.3435,8.3677
CADCNY,08/04/2026,4.8027,4.8021,4.8033,4.8123,4.8066,4.7956,4.8021,4.8224
MYRCNY,08/04/2026,1.6502,1.6471,1.6533,1.6494,1.6453,1.6453,1.6471,1.655273
RUBCNY,08/04/2026,0.08305,0.083,0.0831,0.0844,0.084,0.083,0.083,0.084024
KRWCNY,08/04/2026,0.004725,0.00472,0.00473,0.00475,0.00472,0.0047,0.00472,0.004738
AEDCNY,08/04/2026,1.83875,1.8386,1.8389,1.8402,1.8384,1.8379,1.8386,1.8441
SARCNY,08/04/2026,1.79825,1.7981,1.7984,1.7994,1.7978,1.7973,1.7981,1.803459
TRYCNY,08/04/2026,0.1421,0.1421,0.1421,0.1422,0.142,0.1414,0.1421,0.142527
MXNCNY,08/04/2026,0.39135,0.3912,0.3915,0.3914,0.3895,0.3892,0.3912,0.391343
EURUSD,08/04/2026,1.15305,1.1529,1.1532,1.1534,1.1509,1.1501,1.1529,
USDRUB,08/04/2026,81.31,81.3,81.32,81.3705,80.8,79.9955,81.3,
USDCZK,08/04/2026,20.9645,20.961,20.968,21.043,21.025,20.945,20.961,
AUDUSD,08/04/2026,0.7046,0.7044,0.7048,0.7048,0.6999,0.6992,0.7044,
EURCNH,08/04/2026,7.78175,7.78,7.7835,7.7813,7.7775,7.7673,7.78,
EURCNY,08/04/2026,7.7733,7.7687,7.7779,7.78,7.7764,7.7649,7.7687,7.7986
GBPCNY,08/04/2026,9.07475,9.0693,9.0802,9.0805,9.0716,9.0602,9.0693,9.1003
GBPUSD,08/04/2026,1.3452,1.3448,1.3456,1.3455,1.3426,1.3415,1.3448,
USDCHF,08/04/2026,0.80915,0.8089,0.8094,0.8108,0.8098,0.8078,0.8089,
USDCNH,08/04/2026,6.7478,6.7476,6.748,6.7599,6.7581,6.7458,6.7476,
CNHCNY,08/04/2026,1.00085,1.0008,1.0009,1.0011,0.9991,0.9988,1.0008,
THBCNY,08/04/2026,0.203115,0.20298,0.20325,0.2031,0.20223,0.20167,0.20298,0.20261
INRCNY,08/04/2026,7.0805,7.0798,7.0812,7.0919,7.0856,7.078,7.0798,
IDRCNY,08/04/2026,0.03748,0.03747,0.03749,0.03756,0.03755,0.03741,0.03747,
BRLCNY,08/04/2026,1.3169,1.3167,1.3171,1.3318,1.3271,1.3117,1.3167,
ARSCNY,08/05/2026,0.0045,0.0045,0.0045,0.0045,0.0045,0.0045,0.0045,
PHPCNY,08/05/2026,0.111165,0.11109,0.11124,0.1114,0.11053,0.11053,0.11109,
NGNCNY,08/05/2026,0.004955,0.00494,0.00497,0.00496,0.00495,0.00494,0.00494,
PENCNY,08/05/2026,1.99,1.99,1.99,2,1.99,1.99,1.99,
KZTCNY,08/05/2026,14.3656,14.3605,14.3707,14.4212,14.307,14.2645,14.3605,
UGXCNY,08/05/2026,0.18085,0.1806,0.1811,0.1812,0.1803,0.1797,0.1806,
TZSCNY,08/05/2026,0.25475,0.2533,0.2562,0.2533,0.2527,0.2526,0.2533,
CLPCNY,08/05/2026,0.07385,0.0738,0.0739,0.0744,0.0741,0.0737,0.0738,
VNDCNY,08/05/2026,2.5713,2.571,2.5716,2.571,2.5697,2.5662,2.571,
RSDCNY,08/05/2026,0.6645,0.6638,0.6652,0.6647,0.6629,0.6616,0.6638,
UZSCNY,08/05/2026,0.56785,0.5676,0.5681,0.5676,0.5649,0.562,0.5676,
GHSCNY,08/05/2026,0.57565,0.5744,0.5769,0.5769,0.5762,0.5719,0.5744,
GNFCNY,08/05/2026,0.76845,0.767,0.7699,0.7674,0.7674,0.7608,0.767,
KESCNY,08/05/2026,0.05215,0.0521,0.0522,0.0521,0.0521,0.0521,0.0521,
ZMWCNY,08/05/2026,0.35505,0.3546,0.3555,0.357,0.3478,0.3477,0.3546,
DJFCNY,08/05/2026,0.37905,0.378,0.3801,0.3782,0.3782,0.3778,0.378,
MADCNY,08/05/2026,0.72485,0.7245,0.7252,0.7262,0.7243,0.7234,0.7245,
USDCNY,08/05/2026,6.74995,6.7497,6.7502,6.7499,6.7484,6.7457,6.7497,6.7889
USDRSD,08/05/2026,101.58,101.48,101.68,101.76,101.68,101.39,101.48,
USDUZS,08/05/2026,11886.72,11881.72,11891.72,11937.21,11937.21,11860,11881.72,
USDKZT,08/05/2026,469.87,469.72,470.02,472.06,471.72,467.99,469.72,
USDXOF,08/05/2026,568.5,565,572,567,566.25,565,565,
EURXOF,08/05/2026,673.5005,666.983,680.018,666.983,666.618,666.618,666.983,
USDGNF,08/05/2026,8784,8768,8800,8768,8767,8750,8768,
EURGNF,08/05/2026,10148.16,10127.92,10168.4,10134.93,10108.35,10090.5,10127.92,
USDGHS,08/05/2026,11.725,11.7,11.75,11.75,11.69,11.55,11.7,
USDKES,08/05/2026,129.35,129.25,129.45,129.35,129.35,129.12,129.25,
USDUGX,08/05/2026,3732.48,3727.48,3737.48,3745,3735,3715,3727.48,
USDDJF,08/05/2026,178.075,177.6,178.55,177.6,177.6,177.55,177.6,
USDCAD,08/05/2026,1.40115,1.4008,1.4015,1.408,1.4067,1.4002,1.4008,
USDEUR,08/05/2026,0.86555,0.8654,0.8657,0.8675,0.8672,0.865,0.8654,
USDHKD,08/05/2026,7.8439,7.8438,7.844,7.8441,7.8424,7.8418,7.8438,
EURHKD,08/05/2026,9.06245,9.062,9.0629,9.0671,9.0412,9.0372,9.062,
USDAUD,08/05/2026,1.417,1.4166,1.4174,1.4205,1.4192,1.4152,1.4166,
USDVND,08/05/2026,26251,26249,26253,26280,26249,26243,26249,
USDARS,08/05/2026,1496.25,1496,1496.5,1496.5,1490,1490,1496,
USDZAR,08/05/2026,16.3186,16.313,16.3242,16.4215,16.3713,16.2833,16.313,
USDAOA,08/05/2026,919.284,912.584,925.984,913,912.584,912.584,912.584,
EURAOA,08/05/2026,1062.05,1054.13,1069.97,1054.86,1052.21,1051.75,1054.13,
USDCDF,08/05/2026,2290,2280,2300,2280,2280,2240,2280,
USDZWG,08/05/2026,26.663,25.3631,27.9629,26.6283,25.3801,25.2997,25.3631,
USDZMW,08/05/2026,19.0107,18.9857,19.0357,19.1,18.9,18.85,18.9857,
USDTRY,08/05/2026,47.5727,47.5677,47.5777,47.6218,47.5299,47.3562,47.5677,
USDTZS,08/05/2026,2650,2635,2665,2640,2630,2630,2635,
EURAUD,08/05/2026,1.63695,1.6364,1.6375,1.6392,1.6361,1.635,1.6364,
USDJPY,08/05/2026,157.75,157.74,157.76,157.87,157.76,157.27,157.74,
USDMAD,08/05/2026,9.3121,9.3081,9.3161,9.32,9.3152,9.2919,9.3081,
USDBRL,08/05/2026,5.12055,5.1203,5.1208,5.1341,5.1284,5.097,5.1203,
USDIDR,08/05/2026,17930,17925,17935,17970,17957,17900,17925,
USDINR,08/05/2026,95.12,95.11,95.13,95.2475,94.92,94.9175,95.11,
USDCLP,08/05/2026,913.57,913.01,914.13,915.48,910.55,906.38,913.01,
USDAED,08/05/2026,3.6729,3.6728,3.673,3.6733,3.6725,3.6723,3.6728,
USDSAR,08/05/2026,3.7557,3.7555,3.7559,3.7556,3.7556,3.7544,3.7555,
USDPHP,08/05/2026,60.722,60.684,60.76,60.984,60.98,60.568,60.684,
USDPEN,08/05/2026,3.38725,3.3853,3.3892,3.3932,3.388,3.3763,3.3853,
USDMXN,08/05/2026,17.2265,17.21,17.243,17.2675,17.2507,17.1942,17.21,
USDNGN,08/05/2026,1362.53,1359.03,1366.03,1362.53,1362.35,1358.5,1359.03,
USDMYR,08/05/2026,4.093,4.09,4.096,4.092,4.09,4.085,4.09,
USDSGD,08/05/2026,1.2813,1.2808,1.2818,1.2825,1.2819,1.28,1.2808,
EURBRL,08/05/2026,5.9158,5.9145,5.9171,5.9268,5.9125,5.8891,5.9145,
EURTRY,08/05/2026,55.00605,54.9923,55.0198,55.0453,54.8399,54.6097,54.9923,
EURGBP,08/05/2026,0.85795,0.8578,0.8581,0.858,0.8569,0.8564,0.8578,
ZARCNH,08/05/2026,0.41355,0.4134,0.4137,0.4141,0.4119,0.4108,0.4134,
ZARHKD,08/05/2026,0.48065,0.4805,0.4808,0.4813,0.4787,0.4774,0.4805,
AUDNZD,08/05/2026,1.19875,1.198,1.1995,1.2014,1.1949,1.1946,1.198,
CZKCNY,08/05/2026,0.32245,0.3222,0.3227,0.3227,0.3221,0.3211,0.3222,
JPYCNH,08/05/2026,0.042775,0.042772,0.042778,0.042893,0.042771,0.042731,0.042772,
JPYCNY,08/05/2026,0.042803,0.0428,0.042806,0.042884,0.04281,0.042752,0.0428,0.0429
GBPCNH,08/05/2026,9.07855,9.078,9.0791,,,,9.078,
CNHRUB,08/05/2026,11.999585,11.99883,12.00034,12.05337,12.04801,11.87464,11.99883,
CNHMYR,08/05/2026,0.60655,0.6061,0.607,0.6065,0.6054,0.6052,0.6061,
USDKRW,08/05/2026,1421.455,1421.09,1421.82,1431.3,1428.56,1420.58,1421.09,
CNHKRW,08/05/2026,211.13,211.08,211.18,212.11,211.73,210.4,211.08,
CNHPHP,08/05/2026,9.0586,9.0549,9.0623,,,,9.0549,
USDTHB,08/05/2026,33.13,33.11,33.15,33.28,33.24,33.05,33.11,
CNHTHB,08/05/2026,4.9096,4.9091,4.9101,4.93,4.9285,4.902,4.9091,
CNYTHB,08/05/2026,4.903,4.8985,4.9075,4.9263,4.9222,4.8971,4.8985,4.9199
CNHINR,08/05/2026,14.095715,14.09413,14.0973,14.14047,14.13419,14.06956,14.09413,
CNHIDR,08/05/2026,2657.36,2656.54,2658.18,2664.16,2664.16,2655,2656.54,
AUDCNH,08/05/2026,4.7474,4.7472,4.7476,,,,4.7472,
AUDCNY,08/05/2026,4.76205,4.7586,4.7655,4.768,4.7524,4.7447,4.7586,4.7694
NZDCNH,08/05/2026,3.9674,3.967,3.9678,,,,3.967,
NZDCNY,08/05/2026,3.9715,3.9682,3.9748,3.9722,3.964,3.9524,3.9682,3.9759
NZDUSD,08/05/2026,0.5888,0.5887,0.5889,0.5896,0.5892,0.5858,0.5887,
EURZAR,08/05/2026,18.85895,18.8467,18.8712,18.9411,18.8858,18.816,18.8467,
ZARCNY,08/05/2026,0.41365,0.4135,0.4138,0.4142,0.4122,0.4108,0.4135,0.412865
CNHKZT,08/05/2026,69.62945,69.6067,69.6522,69.968,69.717,69.3442,69.6067,
HKDCNY,08/05/2026,0.860535,0.86049,0.86058,0.8611,0.86107,0.86004,0.86049,0.86562
SGDCNY,08/05/2026,5.26805,5.2658,5.2703,5.2711,5.2661,5.2596,5.2658,5.2814
CHFCNY,08/05/2026,8.3632,8.3598,8.3666,8.3691,8.3435,8.3277,8.3598,8.3669
CADCNY,08/05/2026,4.81745,4.8161,4.8188,4.8191,4.799,4.7917,4.8161,4.8095
MYRCNY,08/05/2026,1.64915,1.6479,1.6504,1.6511,1.6471,1.6471,1.6479,1.65541
RUBCNY,08/05/2026,0.0834,0.0834,0.0834,0.0842,0.083,0.083,0.0834,0.08369
KRWCNY,08/05/2026,0.00475,0.00475,0.00475,0.00475,0.00472,0.00472,0.00475,0.004735
AEDCNY,08/05/2026,1.8378,1.8377,1.8379,1.8387,1.8384,1.8363,1.8377,1.842062
SARCNY,08/05/2026,1.79725,1.7971,1.7974,1.7981,1.7981,1.7955,1.7971,1.80151
TRYCNY,08/05/2026,0.1419,0.1419,0.1419,0.1421,0.1421,0.1414,0.1419,0.142339
MXNCNY,08/05/2026,0.39165,0.3915,0.3918,0.3924,0.3912,0.3905,0.3915,0.392418
EURUSD,08/05/2026,1.1553,1.1551,1.1555,1.1559,1.153,1.1525,1.1551,
USDRUB,08/05/2026,80.975,80.9705,80.9795,81.3,81.3,80.1455,80.9705,
USDCZK,08/05/2026,20.9355,20.919,20.952,20.982,20.961,20.903,20.919,
AUDUSD,08/05/2026,0.70585,0.7057,0.706,0.7064,0.7044,0.7037,0.7057,
EURCNH,08/05/2026,7.79645,7.7947,7.7982,7.7974,7.778,7.7744,7.7947,
EURCNY,08/05/2026,7.7947,7.7901,7.7993,7.797,7.7799,7.7703,7.7901,7.8059
GBPCNY,08/05/2026,9.0909,9.0854,9.0964,9.0968,9.074,9.0662,9.0854,9.1043
GBPUSD,08/05/2026,1.34675,1.3466,1.3469,1.3485,1.3449,1.3432,1.3466,
USDCHF,08/05/2026,0.8071,0.8068,0.8074,0.8101,0.8088,0.8062,0.8068,
USDCNH,08/05/2026,6.74815,6.7481,6.7482,6.7501,6.7476,6.744,6.7481,
CNHCNY,08/05/2026,1.00025,1.0002,1.0003,1.001,1.0008,0.9996,1.0002,
THBCNY,08/05/2026,0.20374,0.20361,0.20387,0.20398,0.20292,0.20261,0.20361,0.203256
INRCNY,08/05/2026,7.09625,7.0952,7.0973,7.1071,7.0747,7.0719,7.0952,
IDRCNY,08/05/2026,0.037645,0.03763,0.03766,0.03766,0.03744,0.03742,0.03763,
BRLCNY,08/05/2026,1.3182,1.3181,1.3183,1.3241,1.3166,1.3145,1.3181,
ARSCNY,08/06/2026,0.0045,0.0045,0.0045,0.0045,0.0045,0.0045,0.0045,
PHPCNY,08/06/2026,0.11102,0.11098,0.11106,0.11128,0.1111,0.11088,0.11098,
NGNCNY,08/06/2026,0.00495,0.00495,0.00495,0.00496,0.00495,0.00494,0.00495,
PENCNY,08/06/2026,2,2,2,2,1.99,1.99,2,
KZTCNY,08/06/2026,14.41245,14.407,14.4179,14.4723,14.3608,14.3218,14.407,
UGXCNY,08/06/2026,0.18115,0.1809,0.1814,0.1819,0.1802,0.18,0.1809,
TZSCNY,08/06/2026,0.25425,0.2528,0.2557,0.2561,0.2532,0.2528,0.2528,
CLPCNY,08/06/2026,0.0737,0.0737,0.0737,0.074,0.0738,0.0735,0.0737,
VNDCNY,08/06/2026,2.5725,2.5723,2.5727,2.5739,2.5703,2.5678,2.5723,
RSDCNY,08/06/2026,0.6624,0.6614,0.6634,0.6647,0.6638,0.661,0.6614,
UZSCNY,08/06/2026,0.5664,0.5661,0.5667,0.5676,0.5676,0.5618,0.5661,
GHSCNY,08/06/2026,0.57415,0.5734,0.5749,0.5768,0.5749,0.572,0.5734,
GNFCNY,08/06/2026,0.7684,0.7669,0.7699,0.7672,0.767,0.7609,0.7669,
KESCNY,08/06/2026,0.05215,0.0521,0.0522,0.0521,0.0521,0.0521,0.0521,
ZMWCNY,08/06/2026,0.3543,0.3538,0.3548,0.3561,0.3545,0.3471,0.3538,
DJFCNY,08/06/2026,0.379,0.378,0.38,0.3781,0.378,0.3778,0.378,
MADCNY,08/06/2026,0.72335,0.723,0.7237,0.7255,0.7245,0.7228,0.723,
USDCNY,08/06/2026,6.74905,6.7488,6.7493,6.7511,6.7484,6.7463,6.7488,6.7895
USDRSD,08/06/2026,101.89,101.74,102.04,101.83,101.48,101.43,101.74,
USDUZS,08/06/2026,11915.64,11910.64,11920.64,11989.3,11881.72,11881.72,11910.64,
USDKZT,08/06/2026,468.28,468.12,468.44,470.99,469.71,466.19,468.12,
USDXOF,08/06/2026,568.25,564.75,571.75,568.86,565,564.75,564.75,
EURXOF,08/06/2026,673.5005,666.983,680.018,666.983,666.463,666.463,666.983,
USDGNF,08/06/2026,8783,8766,8800,8768,8768,8749.02,8766,
EURGNF,08/06/2026,10122.41,10101.94,10142.88,10134.93,10128.79,10076.5,10101.94,
USDGHS,08/06/2026,11.755,11.74,11.77,11.75,11.72,11.55,11.74,
USDKES,08/06/2026,129.35,129.25,129.45,129.35,129.35,129.2,129.25,
USDUGX,08/06/2026,3725.71,3720.71,3730.71,3740,3735,3701,3720.71,
USDDJF,08/06/2026,178.075,177.6,178.55,177.6,177.6,177.4,177.6,
USDCAD,08/06/2026,1.4013,1.4012,1.4014,1.4037,1.4014,1.3988,1.4012,
USDEUR,08/06/2026,0.8677,0.8676,0.8678,0.8684,0.8654,0.8649,0.8676,
USDHKD,08/06/2026,7.8448,7.8447,7.8449,7.845,7.8432,7.8424,7.8447,
EURHKD,08/06/2026,9.0397,9.0383,9.0411,9.0664,9.0603,9.0308,9.0383,
USDAUD,08/06/2026,1.4221,1.4217,1.4225,1.4239,1.4164,1.4148,1.4217,
USDVND,08/06/2026,26235,26234,26236,26269,26239,26199,26234,
USDARS,08/06/2026,1499.75,1499.5,1500,1499.5,1480,1480,1499.5,
USDZAR,08/06/2026,16.36165,16.3565,16.3668,16.3821,16.3123,16.2898,16.3565,
USDAOA,08/06/2026,919.284,912.584,925.984,913,912.584,911.671,912.584,
EURAOA,08/06/2026,1059.475,1051.66,1067.29,1054.86,1054.22,1049.79,1051.66,
USDCDF,08/06/2026,2290,2280,2300,2280,2280,2240,2280,
USDZWG,08/06/2026,27.1518,25.8208,28.4828,26.5979,25.8324,25.2884,25.8208,
USDZMW,08/06/2026,19.05,19.025,19.075,19.09,18.95,18.9,19.025,
USDTRY,08/06/2026,47.61255,47.6087,47.6164,47.6265,47.5717,47.3656,47.6087,
USDTZS,08/06/2026,2655,2640,2670,2640,2635,2625,2640,
EURAUD,08/06/2026,1.6389,1.6385,1.6393,1.6405,1.6371,1.6364,1.6385,
USDJPY,08/06/2026,158.44,158.42,158.46,158.55,157.74,157.54,158.42,
USDMAD,08/06/2026,9.3298,9.3258,9.3338,9.3285,9.3084,9.2935,9.3258,
USDBRL,08/06/2026,5.11035,5.1102,5.1105,5.1294,5.1234,5.0899,5.1102,
USDIDR,08/06/2026,17915,17910,17920,17922,17900,17890,17910,
USDINR,08/06/2026,95.16,95.15,95.17,95.24,95.13,95.115,95.15,
USDCLP,08/06/2026,915.835,915.34,916.33,917.14,913.35,911.1,915.34,
USDAED,08/06/2026,3.673,3.6729,3.6731,3.6734,3.6725,3.672,3.6729,
USDSAR,08/06/2026,3.75455,3.7533,3.7558,3.7556,3.7555,3.7533,3.7533,
USDPHP,08/06/2026,60.7915,60.771,60.812,60.825,60.692,60.562,60.771,
USDPEN,08/06/2026,3.3795,3.3775,3.3815,3.3882,3.3853,3.3772,3.3775,
USDMXN,08/06/2026,17.223,17.205,17.241,17.271,17.21,17.1891,17.205,
USDNGN,08/06/2026,1363.58,1363.08,1364.08,1363.09,1361.15,1358.37,1363.08,
USDMYR,08/06/2026,4.0895,4.087,4.092,4.089,4.086,4.085,4.087,
USDSGD,08/06/2026,1.28375,1.2833,1.2842,1.284,1.2808,1.2796,1.2833,
EURBRL,08/06/2026,5.8897,5.889,5.8904,5.9204,5.915,5.8691,5.889,
EURTRY,08/06/2026,55.03975,55.0232,55.0563,55.1295,54.9453,54.63,55.0232,
EURGBP,08/06/2026,0.85655,0.8564,0.8567,0.8581,0.8576,0.8558,0.8564,
ZARCNH,08/06/2026,0.41235,0.4122,0.4125,0.414,0.4131,0.4119,0.4122,
ZARHKD,08/06/2026,0.4794,0.4792,0.4796,0.4812,0.4802,0.4787,0.4792,
AUDNZD,08/06/2026,1.19805,1.1974,1.1987,1.1995,1.1982,1.1961,1.1974,
CZKCNY,08/06/2026,0.3208,0.3207,0.3209,0.3225,0.3222,0.3203,0.3207,
JPYCNH,08/06/2026,0.0425925,0.042586,0.042599,0.042818,0.042774,0.042568,0.042586,
JPYCNY,08/06/2026,0.04276,0.042758,0.042762,0.042816,0.042802,0.042753,0.042758,0.042956
GBPCNH,08/06/2026,9.07855,9.078,9.0791,,,,9.078,
CNHRUB,08/06/2026,12.299395,12.29836,12.30043,12.29946,11.99883,11.99385,12.29836,
CNHMYR,08/06/2026,0.606,0.6056,0.6064,0.6062,0.6061,0.6051,0.6056,
USDKRW,08/06/2026,1423.18,1422.89,1423.47,1429.1,1421.56,1414.2,1422.89,
CNHKRW,08/06/2026,210.95,210.92,210.98,211,210.54,209.47,210.92,
CNHPHP,08/06/2026,9.0586,9.0549,9.0623,,,,9.0549,
USDTHB,08/06/2026,33.12,33.1,33.14,33.15,33.11,33,33.1,
CNHTHB,08/06/2026,4.9079,4.9074,4.9084,4.9114,4.9091,4.8923,4.9074,
CNYTHB,08/06/2026,4.90245,4.898,4.9069,4.905,4.8975,4.8882,4.898,4.8982
CNHINR,08/06/2026,14.10133,14.09943,14.10323,14.11524,14.09413,14.08839,14.09943,
CNHIDR,08/06/2026,2656.5,2654,2659,2655.33,2652.05,2652.05,2654,
AUDCNH,08/06/2026,4.7474,4.7472,4.7476,,,,4.7472,
AUDCNY,08/06/2026,4.74915,4.7457,4.7526,4.764,4.7613,4.7439,4.7457,4.7739
NZDCNH,08/06/2026,3.9674,3.967,3.9678,,,,3.967,
NZDCNY,08/06/2026,3.9647,3.9614,3.968,3.9777,3.9719,3.9588,3.9614,3.9801
NZDUSD,08/06/2026,0.58705,0.5869,0.5872,0.5895,0.5884,0.5859,0.5869,
EURZAR,08/06/2026,18.86085,18.8513,18.8704,18.8757,18.8485,18.7955,18.8513,
ZARCNY,08/06/2026,0.41245,0.4123,0.4126,0.414,0.4132,0.4118,0.4123,0.414921
CNHKZT,08/06/2026,69.3923,69.3665,69.4181,69.7949,69.6052,69.0611,69.3665,
HKDCNY,08/06/2026,0.86032,0.86028,0.86036,0.86066,0.86045,0.86007,0.86028,0.86557
SGDCNY,08/06/2026,5.2573,5.2553,5.2593,5.2716,5.2658,5.2536,5.2553,5.2835
CHFCNY,08/06/2026,8.30855,8.3052,8.3119,8.3712,8.3526,8.2929,8.3052,8.3904
CADCNY,08/06/2026,4.8163,4.8158,4.8168,4.8237,4.8161,4.8068,4.8158,4.8276
MYRCNY,08/06/2026,1.65035,1.6493,1.6514,1.6502,1.6495,1.6487,1.6493,1.655054
RUBCNY,08/06/2026,0.0813,0.0813,0.0813,0.0833,0.0833,0.0813,0.0813,0.083365
KRWCNY,08/06/2026,0.00474,0.00474,0.00474,0.00477,0.00475,0.00472,0.00474,0.004754
AEDCNY,08/06/2026,1.8375,1.8374,1.8376,1.8381,1.8374,1.8364,1.8374,1.841587
SARCNY,08/06/2026,1.79755,1.7969,1.7982,1.7975,1.7971,1.7958,1.7969,1.800958
TRYCNY,08/06/2026,0.14175,0.1417,0.1418,0.142,0.1419,0.1413,0.1417,0.142267
MXNCNY,08/06/2026,0.392,0.3916,0.3924,0.3923,0.3915,0.3907,0.3916,0.39319
EURUSD,08/06/2026,1.1525,1.1524,1.1526,1.1559,1.1552,1.1514,1.1524,
USDRUB,08/06/2026,83,82.9955,83.0045,82.9955,81,80.9955,82.9955,
USDCZK,08/06/2026,21.036,21.03,21.042,21.051,20.919,20.898,21.03,
AUDUSD,08/06/2026,0.7032,0.703,0.7034,0.706,0.7057,0.7021,0.703,
EURCNH,08/06/2026,7.7767,7.7749,7.7785,7.797,7.7959,7.7714,7.7749,
EURCNY,08/06/2026,7.7794,7.7748,7.784,7.7987,7.7977,7.7734,7.7748,7.8197
GBPCNY,08/06/2026,9.08205,9.0766,9.0875,9.0917,9.0889,9.0746,9.0766,9.1124
GBPUSD,08/06/2026,1.3455,1.3453,1.3457,1.3479,1.3464,1.3445,1.3453,
USDCHF,08/06/2026,0.8123,0.812,0.8126,0.8135,0.8066,0.8057,0.812,
USDCNH,08/06/2026,6.7483,6.7481,6.7485,6.7519,6.7478,6.7449,6.7481,
CNHCNY,08/06/2026,1.0001,1,1.0002,1.0006,1.0002,0.9995,1,
THBCNY,08/06/2026,0.20378,0.20365,0.20391,0.20431,0.20361,0.20334,0.20365,0.204157
INRCNY,08/06/2026,7.0923,7.0913,7.0933,7.0942,7.0939,7.0851,7.0913,
IDRCNY,08/06/2026,0.03767,0.03766,0.03768,0.03769,0.03763,0.03759,0.03766,
BRLCNY,08/06/2026,1.3207,1.3206,1.3208,1.3258,1.3172,1.3157,1.3206,
ARSCNY,08/07/2026,0.0045,0.0045,0.0045,0.0045,0.0045,0.0045,0.0045,
PHPCNY,08/07/2026,0.11087,0.1108,0.11094,0.11115,0.11098,0.11049,0.1108,
NGNCNY,08/07/2026,0.004945,0.00494,0.00495,0.00495,0.00495,0.00492,0.00494,
PENCNY,08/07/2026,1.99,1.99,1.99,2,2,1.99,1.99,
KZTCNY,08/07/2026,14.4171,14.4156,14.4186,14.4286,14.407,14.3068,14.4156,
UGXCNY,08/07/2026,0.18115,0.1809,0.1814,0.1811,0.1809,0.1799,0.1809,
TZSCNY,08/07/2026,0.2549,0.2532,0.2566,0.2541,0.2528,0.2527,0.2532,
CLPCNY,08/07/2026,0.07395,0.0739,0.074,0.0744,0.0736,0.0736,0.0739,
VNDCNY,08/07/2026,2.5749,2.5746,2.5752,2.5763,2.5724,2.5708,2.5746,
RSDCNY,08/07/2026,0.6644,0.6634,0.6654,0.6659,0.6621,0.6607,0.6634,
UZSCNY,08/07/2026,0.56465,0.5634,0.5659,0.5662,0.5661,0.5634,0.5634,
GHSCNY,08/07/2026,0.57405,0.5733,0.5748,0.5768,0.5734,0.5694,0.5733,
GNFCNY,08/07/2026,0.76835,0.7667,0.77,0.767,0.7669,0.761,0.7667,
KESCNY,08/07/2026,0.05215,0.0521,0.0522,0.0521,0.0521,0.052,0.0521,
ZMWCNY,08/07/2026,0.3587,0.3582,0.3592,0.3618,0.3538,0.3521,0.3582,
DJFCNY,08/07/2026,0.3789,0.3779,0.3799,0.378,0.378,0.3778,0.3779,
MADCNY,08/07/2026,0.72515,0.7245,0.7258,0.7268,0.723,0.7222,0.7245,
USDCNY,08/07/2026,6.74755,6.7472,6.7479,6.75,6.7492,6.7461,6.7472,6.7904
USDRSD,08/07/2026,101.56,101.41,101.71,101.8,101.72,101.19,101.41,
USDUZS,08/07/2026,11950,11925,11975,11950,11910.64,11898.7,11925,
USDKZT,08/07/2026,468.025,468,468.05,471.53,468.12,467.59,468,
USDXOF,08/07/2026,569.34,565.87,572.81,567,564.75,564.75,565.87,
EURXOF,08/07/2026,673.5005,666.977,680.024,666.983,666.792,666.67,666.977,
USDGNF,08/07/2026,8782,8764,8800,8766,8766,8750,8764,
EURGNF,08/07/2026,10150.675,10129.43,10171.92,10148.71,10101.94,10094.93,10129.43,
USDGHS,08/07/2026,11.755,11.74,11.77,11.76,11.74,11.6,11.74,
USDKES,08/07/2026,129.35,129.25,129.45,129.35,129.13,129.13,129.25,
USDUGX,08/07/2026,3725.29,3720.29,3730.29,3740,3720.71,3717,3720.29,
USDDJF,08/07/2026,178.075,177.6,178.55,177.6,177.6,177.4,177.6,
USDCAD,08/07/2026,1.39415,1.3938,1.3945,1.4029,1.401,1.3923,1.3938,
USDEUR,08/07/2026,0.86515,0.8651,0.8652,0.8682,0.8675,0.8634,0.8651,
USDHKD,08/07/2026,7.8449,7.8442,7.8456,7.8459,7.8447,7.8436,7.8442,
EURHKD,08/07/2026,9.0674,9.0645,9.0703,9.0847,9.0402,9.0328,9.0645,
USDAUD,08/07/2026,1.4148,1.4146,1.415,1.4239,1.4223,1.4124,1.4146,
USDVND,08/07/2026,26204.5,26203,26206,26235,26224,26149,26203,
USDARS,08/07/2026,1499,1498.5,1499.5,1499,1490,1490,1498.5,
USDZAR,08/07/2026,16.1402,16.1272,16.1532,16.3724,16.3583,16.0856,16.1272,
USDAOA,08/07/2026,923.0165,911.671,934.362,913,912.584,911.671,911.671,
EURAOA,08/07/2026,1066.87,1053.71,1080.03,1056.77,1051.66,1050.93,1053.71,
USDCDF,08/07/2026,2290,2280,2300,2280,2280,2240,2280,
USDZWG,08/07/2026,27.136,25.8058,28.4662,26.582,25.8208,25.337,25.8058,
USDZMW,08/07/2026,18.8129,18.7879,18.8379,19.112,18.95,18.6,18.7879,
USDTRY,08/07/2026,47.70055,47.6937,47.7074,47.7131,47.6198,47.2046,47.6937,
USDTZS,08/07/2026,2647.5,2630,2665,2635,2625,2625,2630,
EURAUD,08/07/2026,1.6353,1.6348,1.6358,1.6405,1.6389,1.6347,1.6348,
USDJPY,08/07/2026,157.805,157.78,157.83,158.57,158.41,157.01,157.78,
USDMAD,08/07/2026,9.30515,9.2977,9.3126,9.3354,9.3258,9.279,9.2977,
USDBRL,08/07/2026,5.08145,5.0814,5.0815,5.1133,5.1097,5.0712,5.0814,
USDIDR,08/07/2026,17890,17885,17895,17938,17905,17870,17885,
USDINR,08/07/2026,95.21,95.2,95.22,95.36,95.275,95.195,95.2,
USDCLP,08/07/2026,912.75,912.03,913.47,915.45,915.45,905.38,912.03,
USDAED,08/07/2026,3.67295,3.6729,3.673,3.6734,3.6729,3.6722,3.6729,
USDSAR,08/07/2026,3.7547,3.7545,3.7549,3.7554,3.7533,3.7533,3.7545,
USDPHP,08/07/2026,60.858,60.823,60.893,61.008,60.771,60.628,60.823,
USDPEN,08/07/2026,3.3848,3.3825,3.3871,3.3859,3.3775,3.3732,3.3825,
USDMXN,08/07/2026,17.1335,17.122,17.145,17.217,17.205,17.0876,17.122,
USDNGN,08/07/2026,1365.21,1364.41,1366.01,1365.02,1361.08,1359.68,1364.41,
USDMYR,08/07/2026,4.091,4.088,4.094,4.093,4.089,4.085,4.088,
USDSGD,08/07/2026,1.2784,1.2779,1.2789,1.284,1.2833,1.2763,1.2779,
EURBRL,08/07/2026,5.8734,5.8731,5.8737,5.8951,5.889,5.8629,5.8731,
EURTRY,08/07/2026,55.1269,55.1254,55.1284,55.2766,55.0231,54.58,55.1254,
EURGBP,08/07/2026,0.8567,0.8565,0.8569,0.8579,0.8563,0.8558,0.8565,
ZARCNH,08/07/2026,0.41775,0.4174,0.4181,0.4188,0.4123,0.4117,0.4174,
ZARHKD,08/07/2026,0.48605,0.4856,0.4865,0.4874,0.4793,0.4786,0.4856,
AUDNZD,08/07/2026,1.19905,1.1983,1.1998,1.1997,1.1972,1.1969,1.1983,
CZKCNY,08/07/2026,0.3216,0.3213,0.3219,0.3222,0.3207,0.32,0.3213,
JPYCNH,08/07/2026,0.04273,0.042723,0.042737,0.042936,0.042587,0.042547,0.042723,
JPYCNY,08/07/2026,0.042606,0.042605,0.042607,0.042645,0.042606,0.042574,0.042605,0.042791
GBPCNH,08/07/2026,9.07855,9.078,9.0791,,,,9.078,
CNHRUB,08/07/2026,12.147325,12.14575,12.1489,12.31824,12.29854,11.98368,12.14575,
CNHMYR,08/07/2026,0.60665,0.6062,0.6071,0.6066,0.6056,0.6053,0.6062,
USDKRW,08/07/2026,1407.86,1407.48,1408.24,1425.63,1423.07,1406.2,1407.48,
CNHKRW,08/07/2026,209.9,209.87,209.93,211.26,210.98,209.77,209.87,
CNHPHP,08/07/2026,9.0586,9.0549,9.0623,,,,9.0549,
USDTHB,08/07/2026,33.055,33.03,33.08,33.19,33.1,32.85,33.03,
CNHTHB,08/07/2026,4.8997,4.8992,4.9002,4.9137,4.9081,4.8966,4.8992,
CNYTHB,08/07/2026,4.88625,4.8818,4.8907,4.9139,4.9009,4.8695,4.8818,4.8965
CNHINR,08/07/2026,14.119725,14.11814,14.12131,14.13432,14.09964,14.09421,14.11814,
CNHIDR,08/07/2026,2654.5,2652,2657,2658.53,2648.84,2648.84,2652,
AUDCNH,08/07/2026,4.7474,4.7472,4.7476,,,,4.7472,
AUDCNY,08/07/2026,4.76435,4.7609,4.7678,4.7751,4.742,4.7357,4.7609,4.7635
NZDCNH,08/07/2026,3.9674,3.967,3.9678,,,,3.967,
NZDCNY,08/07/2026,3.9723,3.969,3.9756,3.9843,3.9577,3.9529,3.969,3.9749
NZDUSD,08/07/2026,0.58935,0.5893,0.5894,0.5905,0.5869,0.5861,0.5893,
EURZAR,08/07/2026,18.6506,18.6211,18.6801,18.868,18.8516,18.6199,18.6211,
ZARCNY,08/07/2026,0.41805,0.4177,0.4184,0.4192,0.4123,0.4118,0.4177,0.414353
CNHKZT,08/07/2026,69.4085,69.4043,69.4127,69.8956,69.3665,69.3013,69.4043,
HKDCNY,08/07/2026,0.86012,0.86,0.86024,0.8604,0.86028,0.85991,0.86,0.8656
SGDCNY,08/07/2026,5.27815,5.2758,5.2805,5.2846,5.2548,5.2536,5.2758,5.2784
CHFCNY,08/07/2026,8.35095,8.3474,8.3545,8.3735,8.3052,8.2975,8.3474,8.343
CADCNY,08/07/2026,4.8399,4.8384,4.8414,4.8452,4.8158,4.8087,4.8384,4.8332
MYRCNY,08/07/2026,1.6494,1.6481,1.6507,1.6501,1.6485,1.6469,1.6481,1.657193
RUBCNY,08/07/2026,0.0824,0.0824,0.0824,0.0834,0.0813,0.0812,0.0824,0.082101
KRWCNY,08/07/2026,0.00479,0.00479,0.00479,0.0048,0.00474,0.00473,0.00479,0.004752
AEDCNY,08/07/2026,1.8371,1.837,1.8372,1.8379,1.8374,1.8364,1.837,1.844134
SARCNY,08/07/2026,1.7971,1.7969,1.7973,1.7977,1.7969,1.7957,1.7969,1.803882
TRYCNY,08/07/2026,0.14145,0.1414,0.1415,0.1418,0.1417,0.1404,0.1414,0.142176
MXNCNY,08/07/2026,0.3938,0.3935,0.3941,0.3947,0.3919,0.3914,0.3935,0.394166
EURUSD,08/07/2026,1.15585,1.1558,1.1559,1.158,1.1524,1.1516,1.1558,
USDRUB,08/07/2026,81.91,81.9,81.92,83.0705,81.6,80.8455,81.9,
USDCZK,08/07/2026,20.9795,20.962,20.997,21.059,21.029,20.928,20.962,
AUDUSD,08/07/2026,0.7068,0.7067,0.7069,0.7077,0.703,0.702,0.7067,
EURCNH,08/07/2026,7.79425,7.7925,7.796,7.8,7.776,7.7686,7.7925,
EURCNY,08/07/2026,7.77785,7.7774,7.7783,7.8078,7.7758,7.7678,7.7774,7.8067
GBPCNY,08/07/2026,9.1029,9.0974,9.1084,9.1083,9.0785,9.0616,9.0974,9.1163
GBPUSD,08/07/2026,1.3492,1.3488,1.3496,1.3508,1.3451,1.3431,1.3488,
USDCHF,08/07/2026,0.808,0.8077,0.8083,0.8129,0.8123,0.8055,0.8077,
USDCNH,08/07/2026,6.74305,6.743,6.7431,6.7501,6.7483,6.74,6.743,
CNHCNY,08/07/2026,1.00065,1.0006,1.0007,1.0011,1.0001,0.9996,1.0006,
THBCNY,08/07/2026,0.204135,0.20397,0.2043,0.20515,0.20365,0.20316,0.20397,0.204228
INRCNY,08/07/2026,7.087,7.0859,7.0881,7.0922,7.0917,7.0743,7.0859,
IDRCNY,08/07/2026,0.037715,0.0377,0.03773,0.03773,0.03766,0.03759,0.0377,
BRLCNY,08/07/2026,1.3279,1.3278,1.328,1.3303,1.3206,1.3196,1.3278,
ARSCNY,08/10/2026,0.0045,0.0045,0.0045,0.0045,0.0045,0.0045,0.0045,
PHPCNY,08/10/2026,0.111055,0.11101,0.1111,0.11113,0.11087,0.1107,0.11101,
NGNCNY,08/10/2026,0.004955,0.00495,0.00496,0.00496,0.00494,0.00494,0.00495,
PENCNY,08/10/2026,2,2,2,2,1.99,1.99,2,
KZTCNY,08/10/2026,14.4517,14.4462,14.4572,14.5255,14.3836,14.3593,14.4462,
UGXCNY,08/10/2026,0.1811,0.1808,0.1814,0.1818,0.1809,0.1796,0.1808,
TZSCNY,08/10/2026,0.25455,0.2531,0.256,0.2541,0.2532,0.2526,0.2531,
CLPCNY,08/10/2026,0.07355,0.0735,0.0736,0.0739,0.0739,0.0733,0.0735,
VNDCNY,08/10/2026,2.57905,2.5784,2.5797,2.5827,2.5746,2.5737,2.5784,
RSDCNY,08/10/2026,0.6631,0.6621,0.6641,0.6648,0.6634,0.6617,0.6621,
UZSCNY,08/10/2026,0.5652,0.5649,0.5655,0.565,0.5643,0.564,0.5649,
GHSCNY,08/10/2026,0.57335,0.5726,0.5741,0.5739,0.5733,0.5691,0.5726,
GNFCNY,08/10/2026,0.7681,0.7665,0.7697,0.7667,0.7667,0.761,0.7665,
KESCNY,08/10/2026,0.05215,0.0521,0.0522,0.0521,0.0521,0.052,0.0521,
ZMWCNY,08/10/2026,0.3612,0.3607,0.3617,0.3617,0.3582,0.3573,0.3607,
DJFCNY,08/10/2026,0.3788,0.3778,0.3798,0.3779,0.3779,0.3777,0.3778,
MADCNY,08/10/2026,0.72405,0.7237,0.7244,0.725,0.7245,0.7226,0.7237,
USDCNY,08/10/2026,6.7456,6.7452,6.746,6.7472,6.7472,6.7431,6.7452,6.7884
USDRSD,08/10/2026,101.725,101.58,101.87,101.61,101.48,101.32,101.58,
USDUZS,08/10/2026,11934.61,11929.61,11939.61,11947.1,11947.1,11920,11929.61,
USDKZT,08/10/2026,466.77,466.62,466.92,469.04,468.77,464.27,466.62,
USDXOF,08/10/2026,567.75,564.25,571.25,567,565.75,564.25,564.25,
EURXOF,08/10/2026,661.2045,655.957,666.452,655.957,655.957,655.957,655.957,
USDGNF,08/10/2026,8782,8764,8800,8764,8764,8750,8764,
EURGNF,08/10/2026,10137.065,10115.41,10158.72,10135.57,10129.43,10101,10115.41,
USDGHS,08/10/2026,11.765,11.75,11.78,11.77,11.74,11.6,11.75,
USDKES,08/10/2026,129.4,129.3,129.5,129.3,129.3,129.2,129.3,
USDUGX,08/10/2026,3724.76,3719.76,3729.76,3745,3720.29,3700,3719.76,
USDDJF,08/10/2026,178.075,177.6,178.55,177.6,177.6,177.55,177.6,
USDCAD,08/10/2026,1.394,1.3939,1.3941,1.3964,1.3939,1.3924,1.3939,
USDEUR,08/10/2026,0.86635,0.8663,0.8664,0.8666,0.8644,0.8505,0.8663,
USDHKD,08/10/2026,7.8455,7.8454,7.8456,7.8459,7.8444,7.8442,7.8454,
EURHKD,08/10/2026,9.0567,9.054,9.0594,9.0737,9.0617,9.0511,9.054,
USDAUD,08/10/2026,1.4175,1.417,1.418,1.4176,1.4156,1.4126,1.417,
USDVND,08/10/2026,26155,26150,26160,26199,26184,26109,26150,
USDARS,08/10/2026,1498.375,1498.25,1498.5,1499,1490,1490,1498.25,
USDZAR,08/10/2026,16.20125,16.1937,16.2088,16.2097,16.147,16.1393,16.1937,
USDAOA,08/10/2026,919.492,912.792,926.192,913,912.584,912.584,912.792,
EURAOA,08/10/2026,1061.37,1053.54,1069.2,1055.4,1053.85,1053.27,1053.54,
USDCDF,08/10/2026,2290,2280,2300,2280,2280,2250,2280,
USDZWG,08/10/2026,27.136,25.8058,28.4662,,,,25.8058,
USDZMW,08/10/2026,18.675,18.65,18.7,18.825,18.61,18.6,18.65,
USDTRY,08/10/2026,47.7069,47.7029,47.7109,47.7235,47.6962,47.4204,47.7029,
USDTZS,08/10/2026,2650,2635,2665,2635,2625,2620,2635,
EURAUD,08/10/2026,1.6361,1.6357,1.6365,1.6371,1.6351,1.634,1.6357,
USDJPY,08/10/2026,159.305,159.3,159.31,159.36,157.74,157.6,159.3,
USDMAD,08/10/2026,9.3163,9.3123,9.3203,9.3237,9.314,9.2979,9.3123,
USDBRL,08/10/2026,5.10995,5.1091,5.1108,5.1205,5.0842,5.0808,5.1091,
USDIDR,08/10/2026,17755,17750,17760,17825,17800,17730,17750,
USDINR,08/10/2026,95.305,95.3,95.31,95.3,95.17,95.17,95.3,
USDCLP,08/10/2026,917.27,916.37,918.17,918.5,912.83,910.7,916.37,
USDAED,08/10/2026,3.67295,3.6729,3.673,3.6734,3.6729,3.6723,3.6729,
USDSAR,08/10/2026,3.7549,3.7548,3.755,3.7553,3.7545,3.7536,3.7548,
USDPHP,08/10/2026,60.7415,60.721,60.762,60.908,60.835,60.674,60.721,
USDPEN,08/10/2026,3.3786,3.3766,3.3806,3.3825,3.3822,3.3689,3.3766,
USDMXN,08/10/2026,17.13975,17.1345,17.145,17.165,17.129,17.1149,17.1345,
USDNGN,08/10/2026,1361.64,1360.14,1363.14,1363.92,1363.67,1357.41,1360.14,
USDMYR,08/10/2026,4.0905,4.088,4.093,4.091,4.08,4.08,4.088,
USDSGD,08/10/2026,1.28035,1.2803,1.2804,1.2809,1.2781,1.2775,1.2803,
EURBRL,08/10/2026,5.8984,5.8969,5.8999,5.9101,5.8694,5.8688,5.8969,
EURTRY,08/10/2026,55.10325,55.0879,55.1186,55.224,55.1677,54.83,55.0879,
EURGBP,08/10/2026,0.85485,0.8547,0.855,0.8569,0.8562,0.8534,0.8547,
ZARCNH,08/10/2026,0.4164,0.4162,0.4166,0.4176,0.4174,0.4161,0.4162,
ZARHKD,08/10/2026,0.48425,0.484,0.4845,0.4859,0.4856,0.4838,0.484,
AUDNZD,08/10/2026,1.1993,1.1989,1.1997,1.2004,1.199,1.1979,1.1989,
CZKCNY,08/10/2026,0.32095,0.3208,0.3211,0.3215,0.3213,0.3206,0.3208,
JPYCNH,08/10/2026,0.042349,0.042346,0.042352,0.042754,0.042726,0.042326,0.042346,
JPYCNY,08/10/2026,0.0424415,0.042438,0.042445,0.042653,0.04265,0.042406,0.042438,0.042867
GBPCNH,08/10/2026,9.07855,9.078,9.0791,,,,9.078,
CNHRUB,08/10/2026,12.230225,12.22838,12.23207,12.30815,12.14737,12.13693,12.22838,
CNHMYR,08/10/2026,0.6063,0.6059,0.6067,0.6066,0.6063,0.6049,0.6059,
USDKRW,08/10/2026,1417.785,1417.51,1418.06,1419.7,1407.75,1407.17,1417.51,
CNHKRW,08/10/2026,210.34,210.28,210.4,210.34,208.98,208.67,210.28,
CNHPHP,08/10/2026,9.0586,9.0549,9.0623,,,,9.0549,
USDTHB,08/10/2026,33.005,32.98,33.03,33.07,32.95,32.9,32.98,
CNHTHB,08/10/2026,4.8915,4.891,4.892,4.9006,4.8925,4.8839,4.891,
CNYTHB,08/10/2026,4.89275,4.8883,4.8972,4.8969,4.887,4.8751,4.8883,4.8851
CNHINR,08/10/2026,14.12679,14.12563,14.12795,14.13066,14.12002,14.10469,14.12563,
CNHIDR,08/10/2026,2635.5,2633,2638,2652,2646.71,2630,2633,
AUDCNH,08/10/2026,4.7474,4.7472,4.7476,,,,4.7472,
AUDCNY,08/10/2026,4.76455,4.7645,4.7646,4.7712,4.762,4.7555,4.7645,4.7757
NZDCNH,08/10/2026,3.9674,3.967,3.9678,,,,3.967,
NZDCNY,08/10/2026,3.9731,3.9728,3.9734,3.9787,3.9688,3.9635,3.9728,3.9792
NZDUSD,08/10/2026,0.5882,0.5881,0.5883,0.5899,0.5879,0.5877,0.5881,
EURZAR,08/10/2026,18.7011,18.6907,18.7115,18.7107,18.6268,18.6149,18.6907,
ZARCNY,08/10/2026,0.41635,0.4161,0.4166,0.4178,0.4177,0.416,0.4161,0.418918
CNHKZT,08/10/2026,69.188,69.1637,69.2123,69.5647,69.4135,68.8348,69.1637,
HKDCNY,08/10/2026,0.859805,0.85974,0.85987,0.86011,0.86002,0.85948,0.85974,0.86536
SGDCNY,08/10/2026,5.26855,5.268,5.2691,5.2787,5.2762,5.2643,5.268,5.2921
CHFCNY,08/10/2026,8.3248,8.3233,8.3263,8.3577,8.3433,8.3161,8.3233,8.3699
CADCNY,08/10/2026,4.83905,4.8384,4.8397,4.8433,4.8298,4.8298,4.8384,4.8453
MYRCNY,08/10/2026,1.6491,1.648,1.6502,1.6497,1.6481,1.6464,1.648,1.656562
RUBCNY,08/10/2026,0.08175,0.0817,0.0818,0.0824,0.0824,0.0812,0.0817,0.082152
KRWCNY,08/10/2026,0.00476,0.00476,0.00476,0.00479,0.00479,0.00475,0.00476,0.004785
AEDCNY,08/10/2026,1.83655,1.8364,1.8367,1.8372,1.8369,1.8357,1.8364,1.83996
SARCNY,08/10/2026,1.79645,1.7963,1.7966,1.7969,1.7969,1.7955,1.7963,1.799921
TRYCNY,08/10/2026,0.1414,0.1414,0.1414,0.1417,0.1414,0.1407,0.1414,0.141803
MXNCNY,08/10/2026,0.39355,0.3934,0.3937,0.3937,0.3935,0.3929,0.3934,0.395288
EURUSD,08/10/2026,1.1543,1.1542,1.1544,1.1565,1.1548,1.1539,1.1542,
USDRUB,08/10/2026,82.51,82.5,82.52,83.0193,81.9,81.8955,82.5,
USDCZK,08/10/2026,21.0165,21.006,21.027,21.022,20.962,20.944,21.006,
AUDUSD,08/10/2026,0.70545,0.7052,0.7057,0.7074,0.7057,0.7051,0.7052,
EURCNH,08/10/2026,7.78715,7.7854,7.7889,7.7991,7.795,7.7841,7.7854,
EURCNY,08/10/2026,7.7894,7.7887,7.7901,7.8003,7.7938,7.7837,7.7887,7.8171
GBPCNY,08/10/2026,9.12405,9.1234,9.1247,9.1264,9.0981,9.0932,9.1234,9.1234
GBPUSD,08/10/2026,1.35075,1.3503,1.3512,1.353,1.3479,1.3472,1.3503,
USDCHF,08/10/2026,0.8103,0.8102,0.8104,0.8107,0.807,0.806,0.8102,
USDCNH,08/10/2026,6.7464,6.7462,6.7466,6.7479,6.7421,6.741,6.7462,
CNHCNY,08/10/2026,0.9999,0.9998,1,1.0008,1.0007,0.9995,0.9998,
THBCNY,08/10/2026,0.20438,0.20421,0.20455,0.20489,0.20397,0.20391,0.20421,0.204704
INRCNY,08/10/2026,7.0779,7.0771,7.0787,7.0884,7.0859,7.0753,7.0771,
IDRCNY,08/10/2026,0.037995,0.03798,0.03801,0.03801,0.0377,0.03768,0.03798,
BRLCNY,08/10/2026,1.3201,1.3198,1.3204,1.3272,1.3264,1.3171,1.3198,
ARSCNY,08/11/2026,0.0045,0.0045,0.0045,0.0045,0.0045,0.0045,0.0045,
PHPCNY,08/11/2026,0.11011,0.11005,0.11017,0.11104,0.11095,0.11002,0.11005,
NGNCNY,08/11/2026,0.004945,0.00494,0.00495,0.00496,0.00495,0.00493,0.00494,
PENCNY,08/11/2026,1.995,1.99,2,2.01,2,1.99,1.99,
KZTCNY,08/11/2026,14.464,14.4584,14.4696,14.5232,14.4561,14.4092,14.4584,
UGXCNY,08/11/2026,0.18105,0.1808,0.1813,0.182,0.1808,0.1798,0.1808,
TZSCNY,08/11/2026,0.25405,0.2526,0.2555,0.2541,0.2531,0.2526,0.2526,
CLPCNY,08/11/2026,0.07385,0.0738,0.0739,0.0739,0.0735,0.0735,0.0738,
VNDCNY,08/11/2026,2.58075,2.5803,2.5812,2.5819,2.5782,2.5777,2.5803,
RSDCNY,08/11/2026,0.6634,0.6628,0.664,0.664,0.6635,0.6613,0.6628,
UZSCNY,08/11/2026,0.5673,0.567,0.5676,0.5673,0.5649,0.5632,0.567,
GHSCNY,08/11/2026,0.5765,0.574,0.579,0.579,0.5721,0.5692,0.574,
GNFCNY,08/11/2026,0.7679,0.7665,0.7693,0.7667,0.7665,0.7605,0.7665,
KESCNY,08/11/2026,0.05215,0.0521,0.0522,0.0522,0.0521,0.052,0.0521,
ZMWCNY,08/11/2026,0.357,0.3524,0.3616,0.3608,0.3607,0.3502,0.3524,
DJFCNY,08/11/2026,0.3788,0.3778,0.3798,0.3779,0.3778,0.3777,0.3778,
MADCNY,08/11/2026,0.72485,0.7245,0.7252,0.726,0.7237,0.7232,0.7245,
USDCNY,08/11/2026,6.7453,6.745,6.7456,6.7473,6.7447,6.7438,6.745,6.79
USDRSD,08/11/2026,101.68,101.59,101.77,101.69,101.58,101.27,101.59,
USDUZS,08/11/2026,11889.95,11884.95,11894.95,11935.1,11929.61,11878.1,11884.95,
USDKZT,08/11/2026,466.35,466.19,466.51,467.39,466.55,464.5,466.19,
USDXOF,08/11/2026,568.5,565,572,567,564.25,564.25,565,
EURXOF,08/11/2026,673.5005,666.983,680.018,666.983,666.977,666.954,666.983,
USDGNF,08/11/2026,8784.5,8769,8800,8769,8764,8750,8769,
EURGNF,08/11/2026,10139.075,10119.43,10158.72,10126.44,10115.41,10101.8,10119.43,
USDGHS,08/11/2026,11.7,11.65,11.75,11.77,11.74,11.55,11.65,
USDKES,08/11/2026,129.3,129.2,129.4,129.4,129.3,129.15,129.2,
USDUGX,08/11/2026,3724.76,3719.76,3729.76,3740,3719.76,3695,3719.76,
USDDJF,08/11/2026,178.075,177.6,178.55,177.6,177.6,177.4,177.6,
USDCAD,08/11/2026,1.3924,1.3923,1.3925,1.3946,1.3937,1.3913,1.3923,
USDEUR,08/11/2026,0.86645,0.8663,0.8666,0.8672,0.866,0.8657,0.8663,
USDHKD,08/11/2026,7.84665,7.8465,7.8468,7.8469,7.845,7.8444,7.8465,
EURHKD,08/11/2026,9.05665,9.0551,9.0582,9.0613,9.0547,9.0454,9.0551,
USDAUD,08/11/2026,1.416,1.4156,1.4164,1.4203,1.4164,1.414,1.4156,
USDVND,08/11/2026,26136.5,26133,26140,26150,26139,26114,26133,
USDARS,08/11/2026,1491,1490.5,1491.5,1498.25,1498.25,1488,1490.5,
USDZAR,08/11/2026,16.2049,16.1958,16.214,16.2735,16.1943,16.1515,16.1958,
USDAOA,08/11/2026,919.492,912.792,926.192,913,912.792,911.879,912.792,
EURAOA,08/11/2026,1061.28,1053.36,1069.2,1054.18,1053.82,1051.85,1053.36,
USDCDF,08/11/2026,2290,2280,2300,2280,2280,2261,2280,
USDZWG,08/11/2026,27.136,25.8058,28.4662,,,,25.8058,
USDZMW,08/11/2026,18.8975,18.656,19.139,18.725,18.65,18.65,18.656,
USDTRY,08/11/2026,47.7297,47.7247,47.7347,47.7428,47.6998,47.4302,47.7247,
USDTZS,08/11/2026,2655,2640,2670,2640,2624,2624,2640,
EURAUD,08/11/2026,1.6345,1.6339,1.6351,1.639,1.6357,1.6319,1.6339,
USDJPY,08/11/2026,159.285,159.27,159.3,159.38,159.23,158.92,159.27,
USDMAD,08/11/2026,9.3061,9.3021,9.3101,9.3202,9.3123,9.286,9.3021,
USDBRL,08/11/2026,5.16285,5.1626,5.1631,5.1786,5.1103,5.0976,5.1626,
USDIDR,08/11/2026,17835,17830,17840,17850,17780,17770,17830,
USDINR,08/11/2026,95.44,95.43,95.45,95.445,95.3,95.3,95.43,
USDCLP,08/11/2026,913.65,913.2,914.1,916.37,916.37,911.44,913.2,
USDAED,08/11/2026,3.67295,3.6729,3.673,3.673,3.6729,3.6722,3.6729,
USDSAR,08/11/2026,3.7548,3.7547,3.7549,3.755,3.7536,3.7535,3.7547,
USDPHP,08/11/2026,61.26,61.23,61.29,61.263,60.752,60.701,61.23,
USDPEN,08/11/2026,3.3799,3.3779,3.3819,3.3787,3.3767,3.3598,3.3779,
USDMXN,08/11/2026,17.0959,17.08,17.1118,17.161,17.1338,17.0714,17.08,
USDNGN,08/11/2026,1363.33,1362.53,1364.13,1363.29,1360.51,1358.64,1362.53,
USDMYR,08/11/2026,4.0925,4.09,4.095,4.092,4.089,4.087,4.09,
USDSGD,08/11/2026,1.2798,1.2793,1.2803,1.2816,1.28,1.279,1.2793,
EURBRL,08/11/2026,5.95895,5.9576,5.9603,5.974,5.8983,5.8831,5.9576,
EURTRY,08/11/2026,55.13575,55.0932,55.1783,55.1655,55.0966,54.8,55.0932,
EURGBP,08/11/2026,0.8545,0.8544,0.8546,0.855,0.8543,0.8537,0.8544,
ZARCNH,08/11/2026,0.41635,0.4161,0.4166,0.4175,0.4161,0.4145,0.4161,
ZARHKD,08/11/2026,0.4842,0.4839,0.4845,0.4855,0.484,0.4819,0.4839,
AUDNZD,08/11/2026,1.20075,1.2003,1.2012,1.2013,1.1987,1.1951,1.2003,
CZKCNY,08/11/2026,0.32105,0.3207,0.3214,0.3214,0.3208,0.3203,0.3207,
JPYCNH,08/11/2026,0.0423545,0.042349,0.04236,0.042439,0.042346,0.042316,0.042349,
JPYCNY,08/11/2026,0.042348,0.042345,0.042351,0.042402,0.042399,0.042325,0.042345,0.042567
GBPCNH,08/11/2026,9.11095,9.1107,9.1112,9.1107,9.1107,9.1107,9.1107,
CNHRUB,08/11/2026,12.245045,12.2432,12.24689,12.27576,12.22838,12.13943,12.2432,
CNHMYR,08/11/2026,0.6066,0.6062,0.607,0.6067,0.6059,0.6057,0.6062,
USDKRW,08/11/2026,1411.695,1411.08,1412.31,1419.5,1418.03,1408.8,1411.08,
CNHKRW,08/11/2026,209.885,209.84,209.93,210.41,210.13,209.14,209.84,
CNHPHP,08/11/2026,9.04955,9.0493,9.0498,9.0493,9.0493,9.0493,9.0493,
USDTHB,08/11/2026,33.14,33.12,33.16,33.17,32.98,32.95,33.12,
CNHTHB,08/11/2026,4.9122,4.9117,4.9127,4.9167,4.891,4.8869,4.9117,
CNYTHB,08/11/2026,4.9097,4.9052,4.9142,4.913,4.8834,4.8834,4.9052,4.881
CNHINR,08/11/2026,14.146805,14.1449,14.14871,14.149,14.12563,14.12291,14.1449,
CNHIDR,08/11/2026,2647.5,2645,2650,2645,2625.83,2625.83,2645,
AUDCNH,08/11/2026,4.7612,4.7607,4.7617,4.7607,4.7607,4.7607,4.7607,
AUDCNY,08/11/2026,4.76275,4.7593,4.7662,4.768,4.7635,4.747,4.7593,4.7764
NZDCNH,08/11/2026,3.96905,3.9688,3.9693,3.9688,3.9688,3.9688,3.9688,
NZDCNY,08/11/2026,3.9668,3.9635,3.9701,3.9751,3.9713,3.9566,3.9635,3.9828
NZDUSD,08/11/2026,0.58805,0.5879,0.5882,0.5894,0.5883,0.5867,0.5879,
EURZAR,08/11/2026,18.70445,18.6951,18.7138,18.766,18.692,18.649,18.6951,
ZARCNY,08/11/2026,0.41625,0.416,0.4165,0.4174,0.4161,0.4144,0.416,0.41848
CNHKZT,08/11/2026,69.12575,69.1,69.1515,69.282,69.1534,68.8188,69.1,
HKDCNY,08/11/2026,0.859645,0.85959,0.8597,0.85992,0.85971,0.8595,0.85959,0.8655
SGDCNY,08/11/2026,5.2706,5.2683,5.2729,5.2722,5.2668,5.2622,5.2683,5.2876
CHFCNY,08/11/2026,8.31825,8.3148,8.3217,8.333,8.3223,8.3036,8.3148,8.3617
CADCNY,08/11/2026,4.84435,4.8438,4.8449,4.8469,4.8391,4.8367,4.8438,4.855
MYRCNY,08/11/2026,1.6482,1.6471,1.6493,1.6479,1.6479,1.645,1.6471,1.656589
RUBCNY,08/11/2026,0.08165,0.0816,0.0817,0.0823,0.0817,0.0814,0.0816,0.081765
KRWCNY,08/11/2026,0.00478,0.00478,0.00478,0.00478,0.00476,0.00475,0.00478,0.004771
AEDCNY,08/11/2026,1.8365,1.8364,1.8366,1.8372,1.8364,1.8357,1.8364,1.842605
SARCNY,08/11/2026,1.79645,1.7963,1.7966,1.7969,1.7958,1.7954,1.7963,1.802354
TRYCNY,08/11/2026,0.1413,0.1413,0.1413,0.1415,0.1414,0.1407,0.1413,0.141899
MXNCNY,08/11/2026,0.39455,0.3942,0.3949,0.3948,0.3934,0.3928,0.3942,0.39557
EURUSD,08/11/2026,1.1542,1.154,1.1544,1.1549,1.1545,1.153,1.154,
USDRUB,08/11/2026,82.61,82.6,82.62,82.8,82.5,81.9205,82.6,
USDCZK,08/11/2026,21.009,20.985,21.033,21.038,21.006,20.973,20.985,
AUDUSD,08/11/2026,0.7062,0.706,0.7064,0.7069,0.7056,0.7039,0.706,
EURCNH,08/11/2026,7.7867,7.7849,7.7885,7.7901,7.7856,7.7792,7.7849,
EURCNY,08/11/2026,7.785,7.7804,7.7896,7.7906,7.7898,7.7763,7.7804,7.8153
GBPCNY,08/11/2026,9.1134,9.1079,9.1189,9.1163,9.1151,9.0972,9.1079,9.1456
GBPUSD,08/11/2026,1.3507,1.3504,1.351,1.3515,1.3507,1.3489,1.3504,
USDCHF,08/11/2026,0.8109,0.8106,0.8112,0.812,0.8098,0.8092,0.8106,
USDCNH,08/11/2026,6.7464,6.7462,6.7466,6.7489,6.7462,6.7435,6.7462,
CNHCNY,08/11/2026,0.99985,0.9998,0.9999,1,0.9998,0.9995,0.9998,
THBCNY,08/11/2026,0.20354,0.20341,0.20367,0.20454,0.20421,0.20316,0.20341,0.204876
INRCNY,08/11/2026,7.06755,7.0665,7.0686,7.0779,7.0766,7.0662,7.0665,
IDRCNY,08/11/2026,0.03782,0.03781,0.03783,0.03798,0.03798,0.03778,0.03781,
BRLCNY,08/11/2026,1.3065,1.3064,1.3066,1.3229,1.3199,1.3023,1.3064,
ARSCNY,08/12/2026,0.0045,0.0045,0.0045,0.0045,0.0045,0.0045,0.0045,
PHPCNY,08/12/2026,0.11011,0.11004,0.11018,0.1102,0.11005,0.10984,0.11004,
NGNCNY,08/12/2026,0.00495,0.00495,0.00495,0.00495,0.00494,0.00493,0.00495,
PENCNY,08/12/2026,2.01,2.01,2.01,2.01,1.99,1.99,2.01,
KZTCNY,08/12/2026,14.49165,14.4858,14.4975,14.5258,14.4789,14.4426,14.4858,
UGXCNY,08/12/2026,0.18175,0.1815,0.182,0.1818,0.1811,0.1806,0.1815,
TZSCNY,08/12/2026,0.2545,0.253,0.256,0.2541,0.2527,0.2525,0.253,
CLPCNY,08/12/2026,0.07375,0.0737,0.0738,0.0743,0.0738,0.0736,0.0737,
VNDCNY,08/12/2026,2.58835,2.5876,2.5891,2.5884,2.5809,2.5797,2.5876,
RSDCNY,08/12/2026,0.66265,0.6623,0.663,0.6644,0.6626,0.661,0.6623,
UZSCNY,08/12/2026,0.56395,0.5625,0.5654,0.5672,0.5633,0.5625,0.5625,
GHSCNY,08/12/2026,0.60085,0.5968,0.6049,0.602,0.5726,0.5714,0.5968,
GNFCNY,08/12/2026,0.7677,0.7663,0.7691,0.7667,0.7665,0.7602,0.7663,
KESCNY,08/12/2026,0.05215,0.0521,0.0522,0.0522,0.0521,0.052,0.0521,
ZMWCNY,08/12/2026,0.3587,0.3582,0.3592,0.3608,0.3525,0.3524,0.3582,
DJFCNY,08/12/2026,0.37875,0.3777,0.3798,0.3779,0.3778,0.3776,0.3777,
MADCNY,08/12/2026,0.725,0.7245,0.7255,0.7262,0.7253,0.7236,0.7245,
USDCNY,08/12/2026,6.74385,6.7433,6.7444,6.7467,6.7465,6.7418,6.7433,6.7882
USDRSD,08/12/2026,101.765,101.72,101.81,101.78,101.58,101.34,101.72,
USDUZS,08/12/2026,11958,11928,11988,11940,11870,11870,11928,
USDKZT,08/12/2026,465.36,465.21,465.51,466.71,465.8,463.96,465.21,
USDXOF,08/12/2026,568.5,565,572,566,566,565,565,
EURXOF,08/12/2026,672.5005,664.983,680.018,666.983,666.624,664.942,664.983,
USDGNF,08/12/2026,8784.5,8769,8800,8769,8769,8755,8769,
EURGNF,08/12/2026,10124.58,10105.4,10143.76,10138.72,10119.43,10088.39,10105.4,
USDGHS,08/12/2026,11.225,11.15,11.3,11.765,11.76,11.1,11.15,
USDKES,08/12/2026,129.25,129.1,129.4,129.25,129.25,129,129.1,
USDUGX,08/12/2026,3710.38,3705.38,3715.38,3725,3715,3700,3705.38,
USDDJF,08/12/2026,178.075,177.6,178.55,177.6,177.6,177.55,177.6,
USDCAD,08/12/2026,1.39405,1.3939,1.3942,1.3947,1.3923,1.3905,1.3939,
USDEUR,08/12/2026,0.86765,0.8675,0.8678,0.8681,0.8663,0.8648,0.8675,
USDHKD,08/12/2026,7.84705,7.8468,7.8473,7.8476,7.8465,7.8456,7.8468,
EURHKD,08/12/2026,9.0441,9.0408,9.0474,9.0735,9.0539,9.0367,9.0408,
USDAUD,08/12/2026,1.416,1.4156,1.4164,1.4174,1.416,1.4096,1.4156,
USDVND,08/12/2026,26054.5,26049,26060,26140,26124,25999,26049,
USDARS,08/12/2026,1492.5,1492.25,1492.75,1494,1480,1480,1492.25,
USDZAR,08/12/2026,16.14955,16.1439,16.1552,16.2012,16.1898,16.0595,16.1439,
USDAOA,08/12/2026,918,913,923,913,912,912,913,
EURAOA,08/12/2026,1058.04,1052.14,1063.94,1055.37,1053.36,1050.9,1052.14,
USDCDF,08/12/2026,2290,2280,2300,2280,2280,2261,2280,
USDZWG,08/12/2026,26.5735,25.2448,27.9022,26.5508,26.5508,25.2448,25.2448,
USDZMW,08/12/2026,18.8,18.775,18.825,18.795,18.65,18.65,18.775,
USDTRY,08/12/2026,47.76425,47.7592,47.7693,47.763,47.7097,47.5395,47.7592,
USDTZS,08/12/2026,2650,2635,2665,2635,2624,2620,2635,
EURAUD,08/12/2026,1.6319,1.6312,1.6326,1.6352,1.6346,1.6296,1.6312,
USDJPY,08/12/2026,159.425,159.41,159.44,159.54,159.25,158.67,159.41,
USDMAD,08/12/2026,9.3018,9.2966,9.307,9.3132,9.295,9.2816,9.2966,
USDBRL,08/12/2026,5.17805,5.1779,5.1782,5.1805,5.1621,5.1359,5.1779,
USDIDR,08/12/2026,17870,17865,17875,17885,17840,17840,17865,
USDINR,08/12/2026,95.34,95.33,95.35,95.4325,95.4,95.255,95.33,
USDCLP,08/12/2026,914.82,914.46,915.18,915.3,913.2,906.7,914.46,
USDAED,08/12/2026,3.6729,3.6728,3.673,3.6729,3.6729,3.6722,3.6728,
USDSAR,08/12/2026,3.7546,3.7544,3.7548,3.7547,3.7535,3.7535,3.7544,
USDPHP,08/12/2026,61.246,61.212,61.28,61.366,61.229,61.125,61.212,
USDPEN,08/12/2026,3.3594,3.3588,3.36,3.3786,3.3781,3.3544,3.3588,
USDMXN,08/12/2026,17.059,17.05,17.068,17.085,17.077,17.0108,17.05,
USDNGN,08/12/2026,1361.88,1361.38,1362.38,1363.37,1362.54,1357.91,1361.38,
USDMYR,08/12/2026,4.0855,4.083,4.088,4.091,4.089,4.083,4.083,
USDSGD,08/12/2026,1.2806,1.2802,1.281,1.2809,1.2793,1.2769,1.2802,
EURBRL,08/12/2026,5.96795,5.967,5.9689,5.9827,5.9571,5.9341,5.967,
EURTRY,08/12/2026,55.0915,55.0771,55.1059,55.2546,55.0973,54.82,55.0771,
EURGBP,08/12/2026,0.8541,0.8539,0.8543,0.8547,0.8542,0.853,0.8539,
ZARCNH,08/12/2026,0.41775,0.4176,0.4179,0.4196,0.4161,0.416,0.4176,
ZARHKD,08/12/2026,0.4859,0.4857,0.4861,0.4884,0.4839,0.4839,0.4857,
AUDNZD,08/12/2026,1.20535,1.2047,1.206,1.2059,1.2003,1.1988,1.2047,
CZKCNY,08/12/2026,0.3207,0.3204,0.321,0.3216,0.3208,0.3202,0.3204,
JPYCNH,08/12/2026,0.0423155,0.042311,0.04232,0.042516,0.042349,0.042279,0.042311,
JPYCNY,08/12/2026,0.0423445,0.04234,0.042349,0.04248,0.042343,0.042307,0.04234,0.042548
GBPCNH,08/12/2026,9.11095,9.1107,9.1112,9.1107,9.1107,9.1107,9.1107,
CNHRUB,08/12/2026,12.260325,12.25875,12.2619,12.3763,12.2432,12.18759,12.25875,
CNHMYR,08/12/2026,0.6056,0.6052,0.606,0.6063,0.6062,0.6051,0.6052,
USDKRW,08/12/2026,1418.115,1417.99,1418.24,1419.05,1410.83,1410.83,1417.99,
CNHKRW,08/12/2026,209.81,209.66,209.96,210.09,209.28,209.01,209.66,
CNHPHP,08/12/2026,9.04955,9.0493,9.0498,9.0493,9.0493,9.0493,9.0493,
USDTHB,08/12/2026,33.11,33.09,33.13,33.17,33.12,32.96,33.09,
CNHTHB,08/12/2026,4.9079,4.9074,4.9084,4.916,4.9132,4.89,4.9074,
CNYTHB,08/12/2026,4.904,4.8995,4.9085,4.9127,4.9102,4.8882,4.8995,4.9062
CNHINR,08/12/2026,14.132505,14.13092,14.13409,14.14637,14.14511,14.12273,14.13092,
CNHIDR,08/12/2026,2648.25,2647.45,2649.05,2649.63,2649.27,2646.59,2647.45,
AUDCNH,08/12/2026,4.7612,4.7607,4.7617,4.7607,4.7607,4.7607,4.7607,
AUDCNY,08/12/2026,4.7669,4.7667,4.7671,4.7806,4.7643,4.7565,4.7667,4.7793
NZDCNH,08/12/2026,3.96905,3.9688,3.9693,3.9688,3.9688,3.9688,3.9688,
NZDCNY,08/12/2026,3.95495,3.9549,3.955,3.9677,3.9628,3.9459,3.9549,3.9767
NZDUSD,08/12/2026,0.5858,0.5857,0.5859,0.5885,0.5879,0.5852,0.5857,
EURZAR,08/12/2026,18.61315,18.6046,18.6217,18.7013,18.69,18.561,18.6046,
ZARCNY,08/12/2026,0.4176,0.4174,0.4178,0.4196,0.416,0.416,0.4174,0.4182
CNHKZT,08/12/2026,68.98155,68.9588,69.0043,69.1771,69.0422,68.7521,68.9588,
HKDCNY,08/12/2026,0.85941,0.85931,0.85951,0.85983,0.85955,0.85906,0.85931,0.86515
SGDCNY,08/12/2026,5.26615,5.2641,5.2682,5.2782,5.2687,5.2629,5.2641,5.2884
CHFCNY,08/12/2026,8.2894,8.2862,8.2926,8.3263,8.3169,8.2821,8.2862,8.3461
CADCNY,08/12/2026,4.8376,4.8367,4.8385,4.8471,4.8431,4.8339,4.8367,4.8574
MYRCNY,08/12/2026,1.65065,1.6495,1.6518,1.6495,1.6471,1.6469,1.6495,1.655629
RUBCNY,08/12/2026,0.08155,0.0815,0.0816,0.082,0.0816,0.0808,0.0815,0.081796
KRWCNY,08/12/2026,0.004755,0.00475,0.00476,0.00478,0.00478,0.00475,0.00475,0.004781
AEDCNY,08/12/2026,1.8361,1.8359,1.8363,1.837,1.8364,1.8353,1.8359,1.841282
SARCNY,08/12/2026,1.79615,1.7959,1.7964,1.7968,1.7958,1.7949,1.7959,1.801185
TRYCNY,08/12/2026,0.1412,0.1412,0.1412,0.1413,0.1412,0.1394,0.1412,0.141772
MXNCNY,08/12/2026,0.39535,0.3951,0.3956,0.3962,0.3942,0.3941,0.3951,0.396951
EURUSD,08/12/2026,1.15255,1.1524,1.1527,1.1562,1.154,1.1519,1.1524,
USDRUB,08/12/2026,82.71,82.7,82.72,83.4955,82.6,82.2455,82.7,
USDCZK,08/12/2026,21.028,21.012,21.044,21.035,20.989,20.95,21.012,
AUDUSD,08/12/2026,0.7062,0.706,0.7064,0.709,0.7058,0.7052,0.706,
EURCNH,08/12/2026,7.7749,7.7731,7.7767,7.794,7.7844,7.7704,7.7731,
EURCNY,08/12/2026,7.7814,7.7807,7.7821,7.795,7.7842,7.7742,7.7807,7.8095
GBPCNY,08/12/2026,9.1081,9.108,9.1082,9.1285,9.1107,9.1005,9.108,9.1407
GBPUSD,08/12/2026,1.3495,1.3492,1.3498,1.3541,1.3504,1.3484,1.3492,
USDCHF,08/12/2026,0.81355,0.8133,0.8138,0.8139,0.8107,0.8094,0.8133,
USDCNH,08/12/2026,6.74615,6.7461,6.7462,6.7488,6.7464,6.7414,6.7461,
CNHCNY,08/12/2026,0.99965,0.9996,0.9997,1,0.9998,0.9993,0.9996,
THBCNY,08/12/2026,0.20368,0.20354,0.20382,0.20432,0.20341,0.20317,0.20354,0.203824
INRCNY,08/12/2026,7.0735,7.0722,7.0748,7.0778,7.0681,7.0666,7.0722,
IDRCNY,08/12/2026,0.037735,0.03772,0.03775,0.03782,0.03782,0.03771,0.03772,
BRLCNY,08/12/2026,1.30235,1.3022,1.3025,1.3126,1.3064,1.3015,1.3022,
ARSCNY,08/13/2026,0.0045,0.0045,0.0045,0.0045,0.0045,0.0045,0.0045,
PHPCNY,08/13/2026,0.109915,0.10986,0.10997,0.11022,0.11002,0.10977,0.10986,
NGNCNY,08/13/2026,0.00496,0.00496,0.00496,0.00496,0.00495,0.00494,0.00496,
PENCNY,08/13/2026,2,2,2,2.01,2.01,1.99,2,
KZTCNY,08/13/2026,14.4766,14.4711,14.4821,14.5243,14.508,14.4426,14.4711,
UGXCNY,08/13/2026,0.18175,0.1815,0.182,0.1821,0.1809,0.1808,0.1815,
TZSCNY,08/13/2026,0.2549,0.2529,0.2569,0.2541,0.2531,0.2529,0.2529,
CLPCNY,08/13/2026,0.0737,0.0736,0.0738,0.074,0.0737,0.0736,0.0736,
VNDCNY,08/13/2026,2.58605,2.5854,2.5867,2.591,2.5866,2.5804,2.5854,
RSDCNY,08/13/2026,0.6626,0.6619,0.6633,0.6635,0.6612,0.6606,0.6619,
UZSCNY,08/13/2026,0.56415,0.5624,0.5659,0.567,0.5625,0.5624,0.5624,
GHSCNY,08/13/2026,0.61585,0.613,0.6187,0.6158,0.5941,0.5864,0.613,
GNFCNY,08/13/2026,0.7676,0.7662,0.769,0.7666,0.7663,0.7602,0.7662,
KESCNY,08/13/2026,0.05215,0.0521,0.0522,0.0522,0.0521,0.052,0.0521,
ZMWCNY,08/13/2026,0.35585,0.3514,0.3603,0.3584,0.3582,0.3514,0.3514,
DJFCNY,08/13/2026,0.37865,0.3776,0.3797,0.3778,0.3777,0.3775,0.3776,
MADCNY,08/13/2026,0.725,0.7248,0.7252,0.7257,0.7245,0.723,0.7248,
USDCNY,08/13/2026,6.7432,6.7428,6.7436,6.7462,6.7438,6.742,6.7428,6.7888
USDRSD,08/13/2026,101.765,101.66,101.87,101.84,101.69,101.45,101.66,
USDUZS,08/13/2026,11937.89,11932.89,11942.89,11935,11928,11878.1,11932.89,
USDKZT,08/13/2026,465.8,465.65,465.95,465.84,464.75,464.27,465.65,
USDXOF,08/13/2026,569.25,565.75,572.75,566.92,566,565,565.75,
EURXOF,08/13/2026,672.5005,664.983,680.018,664.983,663.629,663.629,664.983,
USDGNF,08/13/2026,8784.5,8769,8800,8769,8769,8755,8769,
EURGNF,08/13/2026,10127.215,10108.03,10146.4,10123.81,10109.78,10090.14,10108.03,
USDGHS,08/13/2026,10.95,10.9,11,11.3,11.25,10.8,10.9,
USDKES,08/13/2026,129.25,129.15,129.35,129.4,129.15,129,129.15,
USDUGX,08/13/2026,3710.14,3705.14,3715.14,3720,3718,3695,3705.14,
USDDJF,08/13/2026,178.075,177.6,178.55,177.6,177.6,177.5,177.6,
USDCAD,08/13/2026,1.3931,1.393,1.3932,1.3958,1.3939,1.3925,1.393,
USDEUR,08/13/2026,0.8674,0.8673,0.8675,0.8687,0.8672,0.8661,0.8673,
USDHKD,08/13/2026,7.84685,7.8467,7.847,7.8475,7.8466,7.8451,7.8467,
EURHKD,08/13/2026,9.04625,9.0448,9.0477,9.06,9.0427,9.0295,9.0448,
USDAUD,08/13/2026,1.417,1.4164,1.4176,1.4194,1.4156,1.4144,1.4164,
USDVND,08/13/2026,26075,26070,26080,26120,26049,25999,26070,
USDARS,08/13/2026,1491.75,1491.5,1492,1493,1492.25,1490,1491.5,
USDZAR,08/13/2026,16.18225,16.1745,16.19,16.2147,16.1405,16.1037,16.1745,
USDAOA,08/13/2026,919.492,912.792,926.192,913,913,911.879,912.792,
EURAOA,08/13/2026,1060.04,1052.18,1067.9,1053.82,1052.6,1050.62,1052.18,
USDCDF,08/13/2026,2292.5,2285,2300,2285,2280,2260,2285,
USDZWG,08/13/2026,26.63555,25.337,27.9341,26.5668,25.9244,25.2596,25.337,
USDZMW,08/13/2026,18.9545,18.719,19.19,18.719,18.656,18.656,18.719,
USDTRY,08/13/2026,47.821,47.816,47.826,47.8979,47.7579,47.5247,47.816,
USDTZS,08/13/2026,2645.5,2625,2666,2635,2624,2624,2625,
EURAUD,08/13/2026,1.6331,1.6326,1.6336,1.6358,1.6315,1.6306,1.6326,
USDJPY,08/13/2026,159.49,159.48,159.5,159.56,159.41,159.01,159.48,
USDMAD,08/13/2026,9.301,9.2985,9.3035,9.3216,9.2963,9.2855,9.2985,
USDBRL,08/13/2026,5.18865,5.1884,5.1889,5.1994,5.1771,5.1749,5.1884,
USDIDR,08/13/2026,17865,17860,17870,17890,17875,17859,17860,
USDINR,08/13/2026,95.45,95.44,95.46,95.445,95.33,95.33,95.44,
USDCLP,08/13/2026,914.67,913.77,915.57,914.88,914.46,909.85,913.77,
USDAED,08/13/2026,3.6727,3.6726,3.6728,3.6729,3.6728,3.6722,3.6726,
USDSAR,08/13/2026,3.75425,3.753,3.7555,3.7546,3.7544,3.753,3.753,
USDPHP,08/13/2026,61.3485,61.323,61.374,61.397,61.21,61.137,61.323,
USDPEN,08/13/2026,3.3762,3.3751,3.3773,3.3799,3.3589,3.3575,3.3751,
USDMXN,08/13/2026,17.0293,17.023,17.0356,17.084,17.05,17.0137,17.023,
USDNGN,08/13/2026,1359.12,1358.62,1359.62,1362,1361.41,1355.98,1358.62,
USDMYR,08/13/2026,4.087,4.085,4.089,4.089,4.086,4.078,4.085,
USDSGD,08/13/2026,1.2807,1.2802,1.2812,1.2813,1.28,1.2788,1.2802,
EURBRL,08/13/2026,5.98175,5.9807,5.9828,5.9953,5.9661,5.9643,5.9807,
EURTRY,08/13/2026,55.2626,55.2453,55.2799,55.3425,55.076,54.74,55.2453,
EURGBP,08/13/2026,0.8548,0.8547,0.8549,0.8552,0.8538,0.8533,0.8547,
ZARCNH,08/13/2026,0.41685,0.4166,0.4171,0.4185,0.4175,0.4157,0.4166,
ZARHKD,08/13/2026,0.4849,0.4847,0.4851,0.487,0.4856,0.4836,0.4847,
AUDNZD,08/13/2026,1.20675,1.2063,1.2072,1.2093,1.205,1.204,1.2063,
CZKCNY,08/13/2026,0.3209,0.3207,0.3211,0.3213,0.3204,0.3199,0.3207,
JPYCNH,08/13/2026,0.042292,0.042283,0.042301,0.042402,0.042311,0.042258,0.042283,
JPYCNY,08/13/2026,0.0422815,0.042272,0.042291,0.04239,0.042324,0.042254,0.042272,0.042508
GBPCNH,08/13/2026,9.11095,9.1107,9.1112,,,,9.1107,
CNHRUB,08/13/2026,12.31635,12.31386,12.31884,12.5063,12.25875,12.25476,12.31386,
CNHMYR,08/13/2026,0.6059,0.6055,0.6063,0.606,0.6052,0.6047,0.6055,
USDKRW,08/13/2026,1418.63,1417.94,1419.32,1425.81,1417.27,1410.5,1417.94,
CNHKRW,08/13/2026,210.41,210.34,210.48,210.47,209.9,209.04,210.34,
CNHPHP,08/13/2026,9.04955,9.0493,9.0498,,,,9.0493,
USDTHB,08/13/2026,33.17,33.15,33.19,33.2,33.1,33.02,33.15,
CNHTHB,08/13/2026,4.918,4.9175,4.9185,4.9217,4.9074,4.901,4.9175,
CNYTHB,08/13/2026,4.9209,4.9164,4.9254,4.9164,4.8999,4.8972,4.9164,4.8982
CNHINR,08/13/2026,14.15101,14.14743,14.15459,14.1552,14.13092,14.12631,14.14743,
CNHIDR,08/13/2026,2651.5,2649,2654,2650.8,2644.02,2644.02,2649,
AUDCNH,08/13/2026,4.7612,4.7607,4.7617,,,,4.7607,
AUDCNY,08/13/2026,4.76105,4.7601,4.762,4.7647,4.7604,4.7491,4.7601,4.7797
NZDCNH,08/13/2026,3.96905,3.9688,3.9693,,,,3.9688,
NZDCNY,08/13/2026,3.94635,3.9455,3.9472,3.9515,3.9508,3.9246,3.9455,3.9652
NZDUSD,08/13/2026,0.58515,0.5851,0.5852,0.5868,0.5868,0.582,0.5851,
EURZAR,08/13/2026,18.6613,18.6542,18.6684,18.6931,18.6019,18.568,18.6542,
ZARCNY,08/13/2026,0.4167,0.4165,0.4169,0.4184,0.4173,0.4156,0.4165,0.419569
CNHKZT,08/13/2026,69.05755,69.0251,69.09,69.0706,68.8906,68.8297,69.0251,
HKDCNY,08/13/2026,0.85935,0.85928,0.85942,0.85984,0.85929,0.85908,0.85928,0.86518
SGDCNY,08/13/2026,5.26525,5.2629,5.2676,5.2711,5.2657,5.2621,5.2629,5.2882
CHFCNY,08/13/2026,8.28405,8.2815,8.2866,8.3104,8.2821,8.2734,8.2815,8.3259
CADCNY,08/13/2026,4.84045,4.8398,4.8411,4.8408,4.8367,4.8307,4.8398,4.8526
MYRCNY,08/13/2026,1.6499,1.649,1.6508,1.6503,1.6487,1.6439,1.649,1.658457
RUBCNY,08/13/2026,0.0812,0.0812,0.0812,0.0815,0.0815,0.0799,0.0812,0.081465
KRWCNY,08/13/2026,0.004755,0.00475,0.00476,0.00478,0.00476,0.00473,0.00475,0.004771
AEDCNY,08/13/2026,1.83605,1.8359,1.8362,1.8369,1.8359,1.8353,1.8359,1.841858
SARCNY,08/13/2026,1.79615,1.7954,1.7969,1.7968,1.7959,1.7952,1.7954,1.801834
TRYCNY,08/13/2026,0.141,0.141,0.141,0.1412,0.1412,0.1399,0.141,0.141734
MXNCNY,08/13/2026,0.39595,0.3958,0.3961,0.3961,0.3948,0.3947,0.3958,0.397283
EURUSD,08/13/2026,1.15285,1.1527,1.153,1.1545,1.1529,1.151,1.1527,
USDRUB,08/13/2026,83.075,83.0705,83.0795,84.35,82.7,82.7,83.0705,
USDCZK,08/13/2026,21.0135,21.003,21.024,21.052,21.012,20.971,21.003,
AUDUSD,08/13/2026,0.7057,0.7054,0.706,0.7067,0.706,0.7041,0.7054,
EURCNH,08/13/2026,7.77615,7.7744,7.7779,7.7843,7.7764,7.766,7.7744,
EURCNY,08/13/2026,7.77535,7.773,7.7777,7.7839,7.7751,7.7628,7.773,7.8014
GBPCNY,08/13/2026,9.09585,9.0927,9.099,9.1101,9.1025,9.0841,9.0927,9.1355
GBPUSD,08/13/2026,1.3486,1.3485,1.3487,1.3512,1.3492,1.3471,1.3485,
USDCHF,08/13/2026,0.814,0.8138,0.8142,0.8146,0.8138,0.811,0.8138,
USDCNH,08/13/2026,6.7451,6.7441,6.7461,6.7479,6.7461,6.7414,6.7441,
CNHCNY,08/13/2026,0.9997,0.9995,0.9999,1.0001,0.9996,0.9992,0.9995,
THBCNY,08/13/2026,0.203295,0.20316,0.20343,0.20397,0.20348,0.20291,0.20316,0.204157
INRCNY,08/13/2026,7.06465,7.0635,7.0658,7.0735,7.0722,7.0634,7.0635,
IDRCNY,08/13/2026,0.037745,0.03773,0.03776,0.03775,0.03773,0.03769,0.03773,
BRLCNY,08/13/2026,1.2996,1.2995,1.2997,1.3027,1.3023,1.2967,1.2995,
ARSCNY,08/14/2026,0.0045,0.0045,0.0045,0.0045,0.0045,0.0045,0.0045,
PHPCNY,08/14/2026,0.109685,0.10964,0.10973,0.10994,0.10986,0.1096,0.10964,
NGNCNY,08/14/2026,0.00496,0.00496,0.00496,0.00496,0.00496,0.00494,0.00496,
PENCNY,08/14/2026,2,2,2,2.01,2,2,2,
KZTCNY,08/14/2026,14.52545,14.5197,14.5312,14.5702,14.472,14.4478,14.5197,
UGXCNY,08/14/2026,0.1817,0.1814,0.182,0.182,0.1815,0.1805,0.1814,
TZSCNY,08/14/2026,0.25445,0.253,0.2559,0.254,0.2529,0.2529,0.253,
CLPCNY,08/14/2026,0.07365,0.0736,0.0737,0.0741,0.0736,0.0735,0.0736,
VNDCNY,08/14/2026,2.57815,2.5778,2.5785,2.5879,2.5854,2.5778,2.5778,
RSDCNY,08/14/2026,0.6648,0.6642,0.6654,0.6657,0.6619,0.6618,0.6642,
UZSCNY,08/14/2026,0.56695,0.5667,0.5672,0.5667,0.5646,0.5623,0.5667,
GHSCNY,08/14/2026,0.6185,0.6156,0.6214,0.6157,0.613,0.5992,0.6156,
GNFCNY,08/14/2026,0.76745,0.766,0.7689,0.7664,0.7662,0.7601,0.766,
KESCNY,08/14/2026,0.0522,0.0521,0.0523,0.0522,0.0521,0.052,0.0521,
ZMWCNY,08/14/2026,0.3581,0.3576,0.3586,0.3606,0.3514,0.3513,0.3576,
DJFCNY,08/14/2026,0.3786,0.3776,0.3796,0.3777,0.3776,0.3775,0.3776,
MADCNY,08/14/2026,0.72655,0.7262,0.7269,0.7263,0.724,0.724,0.7262,
USDCNY,08/14/2026,6.7417,6.7412,6.7422,6.7443,6.7428,6.7409,6.7412,6.7878
USDRSD,08/14/2026,101.41,101.32,101.5,101.72,101.67,101.17,101.32,
USDUZS,08/14/2026,11891.18,11886.18,11896.18,11932.89,11928,11886.18,11886.18,
USDKZT,08/14/2026,464.13,463.98,464.28,465.83,465.6,462.64,463.98,
USDXOF,08/14/2026,568,564.5,571.5,566,566,564.5,564.5,
EURXOF,08/14/2026,672.5015,664.885,680.118,664.983,664.51,664.51,664.885,
USDGNF,08/14/2026,8784.5,8769,8800,8769,8769,8750,8769,
EURGNF,08/14/2026,10163.67,10144.86,10182.48,10158.89,10107.15,10099.77,10144.86,
USDGHS,08/14/2026,10.9,10.85,10.95,11,10.9,10.8,10.85,
USDKES,08/14/2026,129.25,129,129.5,129.4,129.25,129,129,
USDUGX,08/14/2026,3710.48,3705.48,3715.48,3725,3708,3695,3705.48,
USDDJF,08/14/2026,178.075,177.6,178.55,177.6,177.6,177.55,177.6,
USDCAD,08/14/2026,1.38755,1.3872,1.3879,1.3937,1.3934,1.3862,1.3872,
USDEUR,08/14/2026,0.8643,0.8642,0.8644,0.8675,0.8673,0.863,0.8642,
USDHKD,08/14/2026,7.8471,7.847,7.8472,7.8474,7.8467,7.8461,7.847,
EURHKD,08/14/2026,9.07915,9.0772,9.0811,9.0912,9.0449,9.0411,9.0772,
USDAUD,08/14/2026,1.4116,1.411,1.4122,1.4174,1.416,1.4088,1.411,
USDVND,08/14/2026,26148.5,26147,26150,26147,26027,26027,26147,
USDARS,08/14/2026,1487.75,1487.5,1488,1492.5,1485,1485,1487.5,
USDZAR,08/14/2026,16.1814,16.1664,16.1964,16.2172,16.1729,16.1287,16.1664,
USDAOA,08/14/2026,919.492,912.792,926.192,913,913,912.792,912.792,
EURAOA,08/14/2026,1063.855,1056.01,1071.7,1057.47,1052.08,1051.9,1056.01,
USDCDF,08/14/2026,2292.5,2285,2300,2285,2285,2260,2285,
USDZWG,08/14/2026,26.63555,25.337,27.9341,26.5445,25.9244,25.337,25.337,
USDZMW,08/14/2026,18.825,18.8,18.85,18.89,18.65,18.65,18.8,
USDTRY,08/14/2026,47.88245,47.8791,47.8858,47.8878,47.8065,47.5455,47.8791,
USDTZS,08/14/2026,2650,2635,2665,2635,2625,2625,2635,
EURAUD,08/14/2026,1.6332,1.6327,1.6337,1.6347,1.6333,1.632,1.6327,
USDJPY,08/14/2026,159.32,159.3,159.34,159.53,159.49,158.58,159.3,
USDMAD,08/14/2026,9.2786,9.2747,9.2825,9.3053,9.3047,9.2744,9.2747,
USDBRL,08/14/2026,5.22305,5.2223,5.2238,5.2486,5.1878,5.1711,5.2223,
USDIDR,08/14/2026,17825,17820,17830,17875,17875,17810,17820,
USDINR,08/14/2026,95.45,95.44,95.46,95.4425,95.44,95.3775,95.44,
USDCLP,08/14/2026,915.08,914.45,915.71,915.72,913.77,908.48,914.45,
USDAED,08/14/2026,3.6729,3.6724,3.6734,3.673,3.6724,3.6722,3.6724,
USDSAR,08/14/2026,3.7545,3.7544,3.7546,3.7544,3.753,3.753,3.7544,
USDPHP,08/14/2026,61.4655,61.445,61.486,61.475,61.323,61.287,61.445,
USDPEN,08/14/2026,3.3715,3.3694,3.3736,3.3757,3.3757,3.3529,3.3694,
USDMXN,08/14/2026,17.024,17.017,17.031,17.053,17.023,16.9717,17.017,
USDNGN,08/14/2026,1358.88,1358.38,1359.38,1360.56,1358.58,1355.39,1358.38,
USDMYR,08/14/2026,4.086,4.084,4.088,4.086,4.081,4.08,4.084,
USDSGD,08/14/2026,1.27925,1.2789,1.2796,1.2807,1.2804,1.277,1.2789,
EURBRL,08/14/2026,6.0431,6.0417,6.0445,6.0763,5.9801,5.9713,6.0417,
EURTRY,08/14/2026,55.4009,55.3994,55.4024,55.5116,55.2734,54.749,55.3994,
EURGBP,08/14/2026,0.8548,0.8544,0.8552,0.8551,0.8546,0.8538,0.8544,
ZARCNH,08/14/2026,0.4168,0.4164,0.4172,0.4175,0.4166,0.4154,0.4164,
ZARHKD,08/14/2026,0.48495,0.4845,0.4854,0.4861,0.4847,0.4833,0.4845,
AUDNZD,08/14/2026,1.2025,1.2023,1.2027,1.2066,1.2054,1.2018,1.2023,
CZKCNY,08/14/2026,0.32205,0.3218,0.3223,0.3226,0.3207,0.3201,0.3218,
JPYCNH,08/14/2026,0.042332,0.042326,0.042338,0.042495,0.042287,0.04225,0.042326,
JPYCNY,08/14/2026,0.0423215,0.042315,0.042328,0.0425,0.042278,0.042251,0.042315,0.042454
GBPCNH,08/14/2026,9.11095,9.1107,9.1112,,,,9.1107,
CNHRUB,08/14/2026,12.49194,12.49118,12.4927,12.52224,12.31623,12.3113,12.49118,
CNHMYR,08/14/2026,0.6058,0.6055,0.6061,0.606,0.6057,0.6047,0.6055,
USDKRW,08/14/2026,1416.61,1416.5,1416.72,1420.2,1418.56,1408.2,1416.5,
CNHKRW,08/14/2026,210.25,210.14,210.36,210.55,209.89,209.15,210.14,
CNHPHP,08/14/2026,9.04955,9.0493,9.0498,,,,9.0493,
USDTHB,08/14/2026,33.135,33.1,33.17,33.27,33.15,33.06,33.1,
CNHTHB,08/14/2026,4.9168,4.9163,4.9173,4.9264,4.9175,4.9132,4.9163,
CNYTHB,08/14/2026,4.9127,4.9082,4.9172,4.9294,4.9198,4.9032,4.9082,4.9134
CNHINR,08/14/2026,14.152585,14.151,14.15417,14.1578,14.15016,14.13681,14.151,
CNHIDR,08/14/2026,2645.5,2643,2648,2649,2642.53,2641.4,2643,
AUDCNH,08/14/2026,4.7612,4.7607,4.7617,,,,4.7607,
AUDCNY,08/14/2026,4.7764,4.7741,4.7787,4.7832,4.7594,4.754,4.7741,4.777
NZDCNH,08/14/2026,3.96905,3.9688,3.9693,,,,3.9688,
NZDCNY,08/14/2026,3.97235,3.9704,3.9743,3.976,3.9448,3.9401,3.9704,3.9587
NZDUSD,08/14/2026,0.5892,0.5889,0.5895,0.5898,0.5847,0.5843,0.5889,
EURZAR,08/14/2026,18.74635,18.7269,18.7658,18.7546,18.645,18.622,18.7269,
ZARCNY,08/14/2026,0.41665,0.4162,0.4171,0.4176,0.4163,0.4152,0.4162,0.418113
CNHKZT,08/14/2026,68.81765,68.7949,68.8404,69.0679,69.0177,68.6094,68.7949,
HKDCNY,08/14/2026,0.859135,0.85906,0.85921,0.8595,0.85926,0.85897,0.85906,0.865
SGDCNY,08/14/2026,5.27005,5.2682,5.2719,5.2773,5.2633,5.2629,5.2682,5.285
CHFCNY,08/14/2026,8.29085,8.2897,8.292,8.3184,8.2754,8.2713,8.2897,8.3136
CADCNY,08/14/2026,4.8587,4.8571,4.8603,4.862,4.8388,4.8353,4.8571,4.8539
MYRCNY,08/14/2026,1.64995,1.649,1.6509,1.6509,1.649,1.6478,1.649,1.657303
RUBCNY,08/14/2026,0.08,0.08,0.08,0.0812,0.0812,0.0798,0.08,0.081198
KRWCNY,08/14/2026,0.00476,0.00476,0.00476,0.00478,0.00475,0.00475,0.00476,0.004763
AEDCNY,08/14/2026,1.8355,1.8351,1.8359,1.8363,1.8356,1.835,1.8351,1.840739
SARCNY,08/14/2026,1.79565,1.7955,1.7958,1.7964,1.7954,1.795,1.7955,1.800861
TRYCNY,08/14/2026,0.1408,0.1408,0.1408,0.1412,0.141,0.1401,0.1408,0.14135
MXNCNY,08/14/2026,0.396,0.3958,0.3962,0.397,0.3957,0.3952,0.3958,0.39782
EURUSD,08/14/2026,1.157,1.1569,1.1571,1.1585,1.1526,1.1524,1.1569,
USDRUB,08/14/2026,84.25,84.2455,84.2545,84.45,84.2,83.7455,84.2455,
USDCZK,08/14/2026,20.933,20.919,20.947,21.011,21.003,20.883,20.919,
AUDUSD,08/14/2026,0.7084,0.7081,0.7087,0.7095,0.7056,0.705,0.7081,
EURCNH,08/14/2026,7.80325,7.8015,7.805,7.8094,7.7742,7.7728,7.8015,
EURCNY,08/14/2026,7.8014,7.8006,7.8022,7.8099,7.773,7.771,7.8006,7.8017
GBPCNY,08/14/2026,9.12565,9.1221,9.1292,9.142,9.094,9.09,9.1221,9.1262
GBPUSD,08/14/2026,1.35345,1.353,1.3539,1.3561,1.3484,1.348,1.353,
USDCHF,08/14/2026,0.81315,0.8131,0.8132,0.8145,0.8137,0.8101,0.8131,
USDCNH,08/14/2026,6.74435,6.7443,6.7444,6.7459,6.7447,6.7397,6.7443,
CNHCNY,08/14/2026,0.9996,0.9995,0.9997,1.0002,0.9997,0.9993,0.9995,
THBCNY,08/14/2026,0.20346,0.20323,0.20369,0.20366,0.2031,0.20257,0.20323,0.203525
INRCNY,08/14/2026,7.06305,7.0618,7.0643,7.0702,7.0635,7.0618,7.0618,
IDRCNY,08/14/2026,0.037825,0.03781,0.03784,0.03784,0.03773,0.0377,0.03781,
BRLCNY,08/14/2026,1.29075,1.2905,1.291,1.3033,1.2997,1.2841,1.2905,
ARSCNY,08/17/2026,0.0045,0.0045,0.0045,0.0045,0.0045,0.0045,0.0045,
PHPCNY,08/17/2026,0.109615,0.10956,0.10967,0.10973,0.10961,0.10941,0.10956,
NGNCNY,08/17/2026,0.00499,0.00499,0.00499,0.00499,0.00496,0.00495,0.00499,
PENCNY,08/17/2026,2,2,2,2.01,2,2,2,
KZTCNY,08/17/2026,14.6175,14.6103,14.6247,14.6299,14.5187,14.4928,14.6103,
UGXCNY,08/17/2026,0.18125,0.181,0.1815,0.1819,0.1814,0.1804,0.181,
TZSCNY,08/17/2026,0.25535,0.2529,0.2578,0.2539,0.253,0.2524,0.2529,
CLPCNY,08/17/2026,0.07355,0.0735,0.0736,0.0738,0.0736,0.0735,0.0735,
VNDCNY,08/17/2026,2.5722,2.5714,2.573,2.5852,2.5778,2.5706,2.5714,
RSDCNY,08/17/2026,0.66485,0.6641,0.6656,0.6662,0.6642,0.6639,0.6641,
UZSCNY,08/17/2026,0.5685,0.5682,0.5688,0.5682,0.5641,0.5637,0.5682,
GHSCNY,08/17/2026,0.6128,0.6099,0.6157,0.6157,0.6156,0.6016,0.6099,
GNFCNY,08/17/2026,0.76735,0.7659,0.7688,0.7662,0.766,0.7599,0.7659,
KESCNY,08/17/2026,0.052,0.0519,0.0521,0.0521,0.0521,0.0519,0.0519,
ZMWCNY,08/17/2026,0.358,0.3575,0.3585,0.3604,0.3576,0.3528,0.3575,
DJFCNY,08/17/2026,0.37855,0.3775,0.3796,0.3776,0.3776,0.3774,0.3775,
MADCNY,08/17/2026,0.725,0.7246,0.7254,0.7282,0.7262,0.7243,0.7246,
USDCNY,08/17/2026,6.74005,6.7399,6.7402,6.7424,6.7412,6.7377,6.7399,6.7873
USDRSD,08/17/2026,101.385,101.28,101.49,101.36,101.17,100.85,101.28,
USDUZS,08/17/2026,11857.35,11852.35,11862.35,11935,11886.18,11847,11852.35,
USDKZT,08/17/2026,461.035,460.86,461.21,464.84,463.99,460.59,460.86,
USDXOF,08/17/2026,565,561.5,568.5,564.5,564.5,561.5,561.5,
EURXOF,08/17/2026,672.5005,664.948,680.053,664.983,664.868,664.868,664.948,
USDGNF,08/17/2026,8784.5,8769,8800,8769,8769,8764.5,8769,
EURGNF,08/17/2026,10172.455,10153.63,10191.28,10184.32,10142.23,10135.21,10153.63,
USDGHS,08/17/2026,11,10.95,11.05,11,10.85,10.8,10.95,
USDKES,08/17/2026,129.55,129.3,129.8,129.55,129.35,129,129.3,
USDUGX,08/17/2026,3719.52,3714.52,3724.52,3725,3708,3695,3714.52,
USDDJF,08/17/2026,178.075,177.6,178.55,177.6,177.6,177.55,177.6,
USDCAD,08/17/2026,1.38755,1.3873,1.3878,1.3877,1.3866,1.3842,1.3873,
USDEUR,08/17/2026,0.86355,0.8635,0.8636,0.8646,0.8644,0.8609,0.8635,
USDHKD,08/17/2026,7.84435,7.8441,7.8446,7.8472,7.847,7.8438,7.8441,
EURHKD,08/17/2026,9.08345,9.0823,9.0846,9.1112,9.0752,9.0703,9.0823,
USDAUD,08/17/2026,1.4074,1.4069,1.4079,1.4122,1.4102,1.4021,1.4069,
USDVND,08/17/2026,26205,26200,26210,26218,26135,26075,26200,
USDARS,08/17/2026,1487.875,1487.5,1488.25,1487.5,1487.5,1487.5,1487.5,
USDZAR,08/17/2026,16.2251,16.2168,16.2334,16.2483,16.188,16.1213,16.2168,
USDAOA,08/17/2026,919.596,912.896,926.296,912.896,912.792,912.79,912.896,
EURAOA,08/17/2026,1064.89,1057.04,1072.74,1060.12,1055.61,1055.25,1057.04,
USDCDF,08/17/2026,2292.5,2285,2300,2285,2285,2255,2285,
USDZWG,08/17/2026,27.232,25.8971,28.5669,26.6785,26.0305,25.2596,25.8971,
USDZMW,08/17/2026,18.83,18.805,18.855,18.9,18.8,18.65,18.805,
USDTRY,08/17/2026,47.9111,47.9061,47.9161,47.9212,47.8715,47.4364,47.9061,
USDTZS,08/17/2026,2640,2615,2665,2635,2630,2615,2615,
EURAUD,08/17/2026,1.63,1.6297,1.6303,1.6335,1.6322,1.6257,1.6297,
USDJPY,08/17/2026,159.445,159.43,159.46,159.59,159.21,158.82,159.43,
USDMAD,08/17/2026,9.2972,9.2932,9.3012,9.2979,9.2655,9.2474,9.2932,
USDBRL,08/17/2026,5.20155,5.2013,5.2018,5.2217,5.2161,5.1804,5.2013,
USDIDR,08/17/2026,17825,17820,17830,,,,17820,
USDINR,08/17/2026,95.61,95.6,95.62,95.615,95.4775,95.4775,95.6,
USDCLP,08/17/2026,916.4,915.95,916.85,916.8,913.09,911.44,915.95,
USDAED,08/17/2026,3.67295,3.6729,3.673,3.6734,3.6728,3.6723,3.6729,
USDSAR,08/17/2026,3.75445,3.7542,3.7547,3.7544,3.754,3.753,3.7542,
USDPHP,08/17/2026,61.4945,61.47,61.519,61.578,61.47,61.394,61.47,
USDPEN,08/17/2026,3.3665,3.366,3.367,3.3695,3.3684,3.3561,3.366,
USDMXN,08/17/2026,17.03855,17.0333,17.0438,17.05,16.9895,16.986,17.0333,
USDNGN,08/17/2026,1351.36,1350.86,1351.86,1358.73,1358.45,1346.8,1350.86,
USDMYR,08/17/2026,4.0625,4.06,4.065,4.081,4.08,4.048,4.06,
USDSGD,08/17/2026,1.27765,1.2772,1.2781,1.2794,1.2787,1.2747,1.2772,
EURBRL,08/17/2026,6.0234,6.0226,6.0242,6.058,6.0278,6.001,6.0226,
EURTRY,08/17/2026,55.4875,55.486,55.489,55.6682,55.4076,55.0089,55.486,
EURGBP,08/17/2026,0.855,0.8547,0.8553,0.8559,0.8539,0.8538,0.8547,
ZARCNH,08/17/2026,0.4156,0.4153,0.4159,0.4178,0.4163,0.4146,0.4153,
ZARHKD,08/17/2026,0.48345,0.4832,0.4837,0.4864,0.4845,0.4824,0.4832,
AUDNZD,08/17/2026,1.20355,1.2029,1.2042,1.2042,1.2024,1.1997,1.2029,
CZKCNY,08/17/2026,0.3227,0.3225,0.3229,0.3232,0.3218,0.3213,0.3225,
JPYCNH,08/17/2026,0.04229,0.04228,0.0423,0.042421,0.042318,0.042246,0.04228,
JPYCNY,08/17/2026,0.0422735,0.042264,0.042283,0.042419,0.042391,0.042222,0.042264,0.042487
GBPCNH,08/17/2026,9.1323,9.1312,9.1334,9.1454,9.1351,9.1277,9.1312,
CNHRUB,08/17/2026,12.598435,12.5959,12.60097,12.68124,12.49377,12.17395,12.5959,
CNHMYR,08/17/2026,0.60245,0.602,0.6029,0.6058,0.6057,0.6007,0.602,
USDKRW,08/17/2026,1416.19,1415.48,1416.9,1418.49,1416.88,1408.79,1415.48,
CNHKRW,08/17/2026,210.25,210.14,210.36,,,,210.14,
CNHPHP,08/17/2026,9.11935,9.1154,9.1233,9.1299,9.1296,9.109,9.1154,
USDTHB,08/17/2026,33.04,33.02,33.06,33.16,33.12,32.92,33.02,
CNHTHB,08/17/2026,4.8999,4.8994,4.9004,4.9109,4.9102,4.8872,4.8994,
CNYTHB,08/17/2026,4.89785,4.8934,4.9023,4.9122,4.9035,4.8821,4.8934,4.9071
CNHINR,08/17/2026,14.178985,14.17614,14.18183,14.19009,14.15394,14.14869,14.17614,
CNHIDR,08/17/2026,2645.5,2643,2648,,,,2643,
AUDCNH,08/17/2026,4.79045,4.79,4.7909,4.805,4.7848,4.7848,4.79,
AUDCNY,08/17/2026,4.78945,4.788,4.7909,4.8037,4.7818,4.778,4.788,4.7929
NZDCNH,08/17/2026,3.9796,3.9788,3.9804,3.9931,3.9804,3.9771,3.9788,
NZDCNY,08/17/2026,3.97815,3.9772,3.9791,3.993,3.9806,3.9743,3.9772,3.9865
NZDUSD,08/17/2026,0.59025,0.59,0.5905,0.5925,0.5888,0.5886,0.59,
EURZAR,08/17/2026,18.7887,18.7774,18.8,18.8164,18.6927,18.6789,18.7774,
ZARCNY,08/17/2026,0.41545,0.4152,0.4157,0.4178,0.4162,0.4145,0.4152,0.417973
CNHKZT,08/17/2026,68.3882,68.3521,68.4243,68.9317,68.8091,68.3236,68.3521,
HKDCNY,08/17/2026,0.8593,0.85918,0.85942,0.85928,0.85906,0.85877,0.85918,0.86496
SGDCNY,08/17/2026,5.27585,5.2734,5.2783,5.2843,5.269,5.2662,5.2734,5.2899
CHFCNY,08/17/2026,8.3136,8.3096,8.3176,8.3462,8.2887,8.2785,8.3096,8.325
CADCNY,08/17/2026,4.85795,4.8565,4.8594,4.8683,4.855,4.855,4.8565,4.8729
MYRCNY,08/17/2026,1.6592,1.658,1.6604,1.6621,1.649,1.6482,1.658,1.658072
RUBCNY,08/17/2026,0.07935,0.0793,0.0794,0.0821,0.08,0.0788,0.0793,0.080218
KRWCNY,08/17/2026,0.00476,0.00476,0.00476,0.00478,0.00476,0.00475,0.00476,0.004769
AEDCNY,08/17/2026,1.8352,1.835,1.8354,1.8359,1.8353,1.8343,1.835,1.840468
SARCNY,08/17/2026,1.7954,1.7951,1.7957,1.7958,1.7955,1.7945,1.7951,1.800472
TRYCNY,08/17/2026,0.1407,0.1407,0.1407,0.1409,0.1408,0.1395,0.1407,0.141301
MXNCNY,08/17/2026,0.39545,0.3951,0.3958,0.3965,0.3958,0.3951,0.3951,0.39801
EURUSD,08/17/2026,1.158,1.1579,1.1581,1.1614,1.1562,1.1558,1.1579,
USDRUB,08/17/2026,84.95,84.9455,84.9545,85.45,84.5,84.2,84.9455,
USDCZK,08/17/2026,20.889,20.878,20.9,20.922,20.919,20.837,20.878,
AUDUSD,08/17/2026,0.71055,0.7103,0.7108,0.7129,0.7065,0.7065,0.7103,
EURCNH,08/17/2026,7.80875,7.807,7.8105,7.8252,7.7972,7.7959,7.807,
EURCNY,08/17/2026,7.80535,7.8028,7.8079,7.8259,7.808,7.7972,7.8028,7.8288
GBPCNY,08/17/2026,9.12925,9.1258,9.1327,9.1452,9.138,9.12,9.1258,9.1604
GBPUSD,08/17/2026,1.35445,1.3543,1.3546,1.3571,1.3523,1.3521,1.3543,
USDCHF,08/17/2026,0.8108,0.8105,0.8111,0.8134,0.8111,0.807,0.8105,
USDCNH,08/17/2026,6.7429,6.7419,6.7439,6.7438,6.7429,6.7367,6.7419,
CNHCNY,08/17/2026,0.99965,0.9994,0.9999,1.0003,0.9997,0.9992,0.9994,
THBCNY,08/17/2026,0.204015,0.20387,0.20416,0.20457,0.20323,0.20317,0.20387,0.203786
INRCNY,08/17/2026,7.05035,7.0492,7.0515,7.0631,7.0618,7.046,7.0492,
IDRCNY,08/17/2026,0.037815,0.0378,0.03783,0.03781,0.03781,0.03779,0.0378,
BRLCNY,08/17/2026,1.2959,1.2957,1.2961,1.3008,1.293,1.2904,1.2957,
ARSCNY,08/18/2026,0.0045,0.0045,0.0045,0.0045,0.0045,0.0045,0.0045,
PHPCNY,08/18/2026,0.10913,0.10906,0.1092,0.10961,0.10952,0.10902,0.10906,
NGNCNY,08/18/2026,0.004995,0.00499,0.005,0.005,0.00498,0.00498,0.00499,
PENCNY,08/18/2026,2,2,2,2.01,2,2,2,
KZTCNY,08/18/2026,14.5932,14.5909,14.5955,14.6893,14.5762,14.5598,14.5909,
UGXCNY,08/18/2026,0.18075,0.1805,0.181,0.1815,0.181,0.18,0.1805,
TZSCNY,08/18/2026,0.25445,0.253,0.2559,0.2531,0.253,0.2526,0.253,
CLPCNY,08/18/2026,0.0727,0.0727,0.0727,0.0737,0.0735,0.0725,0.0727,
VNDCNY,08/18/2026,2.576,2.5755,2.5765,2.5769,2.5727,2.5718,2.5755,
RSDCNY,08/18/2026,0.66545,0.6648,0.6661,0.6652,0.6644,0.6637,0.6648,
UZSCNY,08/18/2026,0.5705,0.5702,0.5708,0.5702,0.5682,0.5668,0.5702,
GHSCNY,08/18/2026,0.61305,0.6102,0.6159,0.613,0.6099,0.5967,0.6102,
GNFCNY,08/18/2026,0.76745,0.7662,0.7687,0.7664,0.7659,0.7599,0.7662,
KESCNY,08/18/2026,0.05205,0.052,0.0521,0.0521,0.052,0.0519,0.052,
ZMWCNY,08/18/2026,0.3601,0.3596,0.3606,0.3607,0.3576,0.3576,0.3596,
DJFCNY,08/18/2026,0.37865,0.3776,0.3797,0.3777,0.3775,0.3775,0.3776,
MADCNY,08/18/2026,0.72525,0.7249,0.7256,0.7261,0.7253,0.7233,0.7249,
USDCNY,08/18/2026,6.7433,6.7426,6.744,6.7444,6.7432,6.7418,6.7426,6.7905
USDRSD,08/18/2026,101.34,101.25,101.43,101.39,101.25,101.17,101.25,
USDUZS,08/18/2026,11820.4,11815.4,11825.4,11852.35,11852.35,11810,11815.4,
USDKZT,08/18/2026,462.085,462.06,462.11,462.61,462.07,459.02,462.06,
USDXOF,08/18/2026,566.5,564,569,565,561.5,561,564,
EURXOF,08/18/2026,672.5005,664.954,680.047,664.983,663.658,663.658,664.954,
USDGNF,08/18/2026,8786.5,8773,8800,8773,8769,8750,8773,
EURGNF,08/18/2026,10170.815,10153.87,10187.76,10166.15,10157.13,10128.13,10153.87,
USDGHS,08/18/2026,11,10.95,11.05,11.1,10.95,10.9,10.95,
USDKES,08/18/2026,129.5,129.4,129.6,129.5,129.3,129,129.4,
USDUGX,08/18/2026,3730,3725,3735,3735,3714.52,3705,3725,
USDDJF,08/18/2026,178.075,177.6,178.55,177.6,177.6,177.55,177.6,
USDCAD,08/18/2026,1.3897,1.3896,1.3898,1.391,1.3868,1.3859,1.3896,
USDEUR,08/18/2026,0.8639,0.8638,0.864,0.8645,0.8632,0.8624,0.8638,
USDHKD,08/18/2026,7.8441,7.8439,7.8443,7.8451,7.844,7.8426,7.8439,
EURHKD,08/18/2026,9.07995,9.0786,9.0813,9.0895,9.0827,9.0704,9.0786,
USDAUD,08/18/2026,1.411,1.4108,1.4112,1.4118,1.4069,1.4041,1.4108,
USDVND,08/18/2026,26177,26175,26179,26211,26204,26159,26175,
USDARS,08/18/2026,1495,1494.5,1495.5,1495.5,1487.5,1485,1494.5,
USDZAR,08/18/2026,16.2584,16.2434,16.2734,16.2735,16.2325,16.1836,16.2434,
USDAOA,08/18/2026,919.492,912.792,926.192,913,912.896,912,912.792,
EURAOA,08/18/2026,1064.36,1056.47,1072.25,1057.74,1057.41,1055.46,1056.47,
USDCDF,08/18/2026,2292.5,2285,2300,2285,2285,2255,2285,
USDZWG,08/18/2026,27.2377,25.9025,28.5729,26.036,26.036,25.769,25.9025,
USDZMW,08/18/2026,18.725,18.7,18.75,18.805,18.66,18.65,18.7,
USDTRY,08/18/2026,47.9082,47.9032,47.9132,47.9415,47.9012,47.6457,47.9032,
USDTZS,08/18/2026,2650,2635,2665,2635,2630,2630,2635,
EURAUD,08/18/2026,1.6335,1.6333,1.6337,1.6344,1.6295,1.6265,1.6333,
USDJPY,08/18/2026,159.625,159.62,159.63,159.77,159.4,159.28,159.62,
USDMAD,08/18/2026,9.2979,9.2948,9.301,9.3125,9.287,9.2753,9.2948,
USDBRL,08/18/2026,5.2186,5.2182,5.219,5.223,5.2018,5.19,5.2182,
USDIDR,08/18/2026,17855,17850,17860,17860,17830,17820,17850,
USDINR,08/18/2026,95.685,95.68,95.69,95.6825,95.6,95.6,95.68,
USDCLP,08/18/2026,927.5,927.14,927.86,928.47,915.95,913.82,927.14,
USDAED,08/18/2026,3.6726,3.6725,3.6727,3.673,3.6729,3.6723,3.6725,
USDSAR,08/18/2026,3.75445,3.7533,3.7556,3.7544,3.7542,3.7533,3.7533,
USDPHP,08/18/2026,61.79,61.756,61.824,61.804,61.486,61.438,61.756,
USDPEN,08/18/2026,3.3676,3.3659,3.3693,3.368,3.3606,3.3538,3.3659,
USDMXN,08/18/2026,17.06555,17.0602,17.0709,17.08,17.0297,17.013,17.0602,
USDNGN,08/18/2026,1349.48,1348.98,1349.98,1352.06,1350.93,1345,1348.98,
USDMYR,08/18/2026,4.059,4.056,4.062,4.057,4.053,4.045,4.056,
USDSGD,08/18/2026,1.27845,1.2782,1.2787,1.2787,1.2772,1.2766,1.2782,
EURBRL,08/18/2026,6.04075,6.0395,6.042,6.0448,6.0232,6.0131,6.0395,
EURTRY,08/18/2026,55.50335,55.4857,55.521,55.565,55.5479,55.21,55.4857,
EURGBP,08/18/2026,0.8554,0.8553,0.8555,0.8559,0.8551,0.8543,0.8553,
ZARCNH,08/18/2026,0.41495,0.4145,0.4154,0.4164,0.4153,0.4141,0.4145,
ZARHKD,08/18/2026,0.48245,0.482,0.4829,0.4844,0.4832,0.4814,0.482,
AUDNZD,08/18/2026,1.2063,1.2058,1.2068,1.2087,1.2029,1.2024,1.2058,
CZKCNY,08/18/2026,0.32265,0.3224,0.3229,0.323,0.3221,0.3219,0.3224,
JPYCNH,08/18/2026,0.042266,0.042258,0.042274,0.042325,0.04228,0.042207,0.042258,
JPYCNY,08/18/2026,0.0422545,0.042245,0.042264,0.042294,0.042267,0.042193,0.042245,0.042482
GBPCNH,08/18/2026,9.13005,9.1288,9.1313,9.14,9.1284,9.12,9.1288,
CNHRUB,08/18/2026,12.60023,12.59688,12.60358,12.65438,12.59721,12.55205,12.59688,
CNHMYR,08/18/2026,0.60165,0.6011,0.6022,0.6022,0.6021,0.5997,0.6011,
USDKRW,08/18/2026,1412.86,1412.64,1413.08,1416.68,1415.53,1407.8,1412.64,
CNHKRW,08/18/2026,209.305,209.25,209.36,209.87,209.69,208.48,209.25,
CNHPHP,08/18/2026,9.15815,9.1528,9.1635,9.1601,9.1148,9.109,9.1528,
USDTHB,08/18/2026,33.09,33.06,33.12,33.13,33.03,32.98,33.06,
CNHTHB,08/18/2026,4.9083,4.9078,4.9088,4.9085,4.9001,4.8925,4.9078,
CNYTHB,08/18/2026,4.9083,4.9038,4.9128,4.9079,4.8945,4.8893,4.9038,4.889
CNHINR,08/18/2026,14.18249,14.17965,14.18533,14.18637,14.17762,14.16968,14.17965,
CNHIDR,08/18/2026,2646.635,2645.5,2647.77,2646.39,2637.97,2637.97,2645.5,
AUDCNH,08/18/2026,4.7809,4.7804,4.7814,4.8014,4.7891,4.7782,4.7804,
AUDCNY,08/18/2026,4.77965,4.7775,4.7818,4.8002,4.7874,4.7741,4.7775,4.8091
NZDCNH,08/18/2026,3.9637,3.9631,3.9643,3.9835,3.9747,3.9608,3.9631,
NZDCNY,08/18/2026,3.96325,3.9609,3.9656,3.9826,3.9765,3.9568,3.9609,3.9942
NZDUSD,08/18/2026,0.58765,0.5874,0.5879,0.5908,0.5902,0.5869,0.5874,
EURZAR,08/18/2026,18.82085,18.815,18.8267,18.8374,18.7779,18.7284,18.815,
ZARCNY,08/18/2026,0.41475,0.4143,0.4152,0.4162,0.4152,0.4138,0.4143,0.417415
CNHKZT,08/18/2026,68.49055,68.4767,68.5044,68.5954,68.3592,68.0251,68.4767,
HKDCNY,08/18/2026,0.859665,0.85955,0.85978,0.85975,0.85917,0.85906,0.85955,0.86559
SGDCNY,08/18/2026,5.2746,5.273,5.2762,5.2788,5.2734,5.2714,5.273,5.2982
CHFCNY,08/18/2026,8.29995,8.2986,8.3013,8.3188,8.3065,8.2899,8.2986,8.3502
CADCNY,08/18/2026,4.85235,4.8515,4.8532,4.864,4.8565,4.8459,4.8515,4.8766
MYRCNY,08/18/2026,1.6613,1.6599,1.6627,1.6651,1.6572,1.6572,1.6599,1.669477
RUBCNY,08/18/2026,0.0793,0.0793,0.0793,0.0796,0.0793,0.079,0.0793,0.079544
KRWCNY,08/18/2026,0.00477,0.00477,0.00477,0.00479,0.00476,0.00475,0.00477,0.00478
AEDCNY,08/18/2026,1.83615,1.8359,1.8364,1.8364,1.835,1.8349,1.8359,1.84179
SARCNY,08/18/2026,1.79605,1.7953,1.7968,1.7963,1.7951,1.795,1.7953,1.801607
TRYCNY,08/18/2026,0.14075,0.1407,0.1408,0.1409,0.1407,0.14,0.1407,0.141332
MXNCNY,08/18/2026,0.39515,0.395,0.3953,0.3959,0.3953,0.3947,0.395,0.397931
EURUSD,08/18/2026,1.15755,1.1574,1.1577,1.1588,1.1583,1.1565,1.1574,
USDRUB,08/18/2026,85.01,85,85.02,85.35,84.9955,84.7,85,
USDCZK,08/18/2026,20.8975,20.883,20.912,20.919,20.884,20.858,20.883,
AUDUSD,08/18/2026,0.7087,0.7086,0.7088,0.7119,0.7104,0.708,0.7086,
EURCNH,08/18/2026,7.80975,7.8091,7.8104,7.8161,7.8059,7.8007,7.8091,
EURCNY,08/18/2026,7.80715,7.8045,7.8098,7.8129,7.8041,7.7955,7.8045,7.8378
GBPCNY,08/18/2026,9.1263,9.1227,9.1299,9.1371,9.1278,9.1112,9.1227,9.1685
GBPUSD,08/18/2026,1.3532,1.3529,1.3535,1.3554,1.3541,1.3516,1.3529,
USDCHF,08/18/2026,0.81245,0.8124,0.8125,0.8131,0.811,0.8089,0.8124,
USDCNH,08/18/2026,6.7467,6.7457,6.7477,6.7477,6.7431,6.7408,6.7457,
CNHCNY,08/18/2026,0.99945,0.9992,0.9997,0.9999,0.9995,0.9991,0.9992,
THBCNY,08/18/2026,0.203785,0.20358,0.20399,0.20427,0.20381,0.20338,0.20358,0.204541
INRCNY,08/18/2026,7.0474,7.0463,7.0485,7.0528,7.0486,7.0456,7.0463,
IDRCNY,08/18/2026,0.037765,0.03775,0.03778,0.03782,0.03782,0.03773,0.03775,
BRLCNY,08/18/2026,1.29215,1.2919,1.2924,1.299,1.2956,1.2906,1.2919,
ARSCNY,08/19/2026,0.0045,0.0045,0.0045,0.0045,0.0045,0.0045,0.0045,
PHPCNY,08/19/2026,0.108885,0.10882,0.10895,0.10915,0.10899,0.10874,0.10882,
NGNCNY,08/19/2026,0.004985,0.00498,0.00499,0.005,0.00499,0.00497,0.00498,
PENCNY,08/19/2026,2,2,2,2.01,2,1.99,2,
KZTCNY,08/19/2026,14.5933,14.5913,14.5953,14.6121,14.5928,14.5383,14.5913,
UGXCNY,08/19/2026,0.18095,0.1807,0.1812,0.1814,0.1814,0.1803,0.1807,
TZSCNY,08/19/2026,0.25445,0.252,0.2569,0.2539,0.253,0.252,0.252,
CLPCNY,08/19/2026,0.07305,0.073,0.0731,0.0734,0.0727,0.0726,0.073,
VNDCNY,08/19/2026,2.57055,2.5702,2.5709,2.5762,2.5747,2.5699,2.5702,
RSDCNY,08/19/2026,0.67005,0.6697,0.6704,0.6699,0.6647,0.6645,0.6697,
UZSCNY,08/19/2026,0.5706,0.5703,0.5709,0.5708,0.5702,0.5624,0.5703,
GHSCNY,08/19/2026,0.6091,0.6063,0.6119,0.6125,0.6047,0.5962,0.6063,
GNFCNY,08/19/2026,0.76595,0.7647,0.7672,0.7663,0.7662,0.7584,0.7647,
KESCNY,08/19/2026,0.05195,0.0519,0.052,0.0521,0.052,0.0519,0.0519,
ZMWCNY,08/19/2026,0.3555,0.3507,0.3603,0.3603,0.3596,0.3507,0.3507,
DJFCNY,08/19/2026,0.37795,0.3769,0.379,0.3777,0.3776,0.3768,0.3769,
MADCNY,08/19/2026,0.7274,0.7271,0.7277,0.7275,0.7249,0.7243,0.7271,
USDCNY,08/19/2026,6.73005,6.7295,6.7306,6.7437,6.7423,6.7287,6.7295,6.7854
USDRSD,08/19/2026,100.435,100.39,100.48,101.2,101.18,100.38,100.39,
USDUZS,08/19/2026,11794.88,11789.88,11799.88,11878.1,11815.4,11778,11789.88,
USDKZT,08/19/2026,461.175,461.15,461.2,463.14,462,461.11,461.15,
USDXOF,08/19/2026,565.75,562.25,569.25,566.17,563.25,561.77,562.25,
EURXOF,08/19/2026,672.5005,664.949,680.052,664.983,664.323,664.323,664.949,
USDGNF,08/19/2026,8786.5,8773,8800,8773,8773,8750,8773,
EURGNF,08/19/2026,10260.875,10244.23,10277.52,10245.99,10154.75,10128.13,10244.23,
USDGHS,08/19/2026,11.05,11,11.1,11.1,11.05,10.9,11,
USDKES,08/19/2026,129.5,129.4,129.6,129.5,129.5,129,129.4,
USDUGX,08/19/2026,3720.14,3715.14,3725.14,3725,3708,3705,3715.14,
USDDJF,08/19/2026,178.075,177.6,178.55,177.6,177.6,177.5,177.6,
USDCAD,08/19/2026,1.38085,1.3806,1.3811,1.3908,1.3895,1.3802,1.3806,
USDEUR,08/19/2026,0.8563,0.8562,0.8564,0.8642,0.8638,0.8561,0.8562,
USDHKD,08/19/2026,7.8412,7.841,7.8414,7.8443,7.8439,7.8385,7.841,
EURHKD,08/19/2026,9.1562,9.1552,9.1572,9.1576,9.0787,9.0718,9.1552,
USDAUD,08/19/2026,1.4035,1.4031,1.4039,1.4148,1.4104,1.4023,1.4031,
USDVND,08/19/2026,26180.5,26179,26182,26194,26169,26160,26179,
USDARS,08/19/2026,1497.25,1497,1497.5,1497.5,1485,1485,1497,
USDZAR,08/19/2026,16.098,16.087,16.109,16.2771,16.2436,16.0654,16.087,
USDAOA,08/19/2026,919.499,912.799,926.199,912.799,912.792,911.879,912.799,
EURAOA,08/19/2026,1073.795,1065.88,1081.71,1066.06,1056.56,1055.46,1065.88,
USDCDF,08/19/2026,2292.5,2285,2300,2286.8,2285,2255,2285,
USDZWG,08/19/2026,27.1883,25.8555,28.5211,26.6785,25.9888,25.337,25.8555,
USDZMW,08/19/2026,18.9355,18.681,19.19,18.85,18.7,18.65,18.681,
USDTRY,08/19/2026,47.9298,47.9261,47.9335,47.9539,47.9034,47.797,47.9261,
USDTZS,08/19/2026,2645,2620,2670,2630,2625,2620,2620,
EURAUD,08/19/2026,1.6391,1.6388,1.6394,1.6408,1.6338,1.6321,1.6388,
USDJPY,08/19/2026,158.175,158.16,158.19,159.64,159.6,158.03,158.16,
USDMAD,08/19/2026,9.25235,9.2497,9.255,9.3,9.2946,9.2386,9.2497,
USDBRL,08/19/2026,5.17565,5.1749,5.1764,5.219,5.2174,5.1545,5.1749,
USDIDR,08/19/2026,17830,17825,17835,17863,17830,17820,17825,
USDINR,08/19/2026,95.7575,95.7525,95.7625,95.7625,95.68,95.68,95.7525,
USDCLP,08/19/2026,921.38,920.75,922.01,927.64,927.14,916.95,920.75,
USDAED,08/19/2026,3.67285,3.6728,3.6729,3.673,3.6726,3.6722,3.6728,
USDSAR,08/19/2026,3.7547,3.7546,3.7548,3.7546,3.7544,3.7533,3.7546,
USDPHP,08/19/2026,61.81,61.779,61.841,61.952,61.775,61.683,61.779,
USDPEN,08/19/2026,3.3677,3.3667,3.3687,3.3669,3.3618,3.353,3.3667,
USDMXN,08/19/2026,16.94435,16.9391,16.9496,17.073,17.0598,16.9354,16.9391,
USDNGN,08/19/2026,1349.67,1348.67,1350.67,1350.71,1348.98,1345.57,1348.67,
USDMYR,08/19/2026,4.0575,4.053,4.062,4.066,4.053,4.053,4.053,
USDSGD,08/19/2026,1.27115,1.2711,1.2712,1.279,1.2782,1.2704,1.2711,
EURBRL,08/19/2026,6.0441,6.0427,6.0455,6.0567,6.0401,6.0045,6.0427,
EURTRY,08/19/2026,56.01035,55.9986,56.0221,56.0153,55.4859,55.27,55.9986,
EURGBP,08/19/2026,0.85825,0.8579,0.8586,0.8584,0.8553,0.8547,0.8579,
ZARCNH,08/19/2026,0.41815,0.4179,0.4184,0.4186,0.4145,0.4141,0.4179,
ZARHKD,08/19/2026,0.48705,0.4867,0.4874,0.4877,0.482,0.4816,0.4867,
AUDNZD,08/19/2026,1.2003,1.2001,1.2005,1.2064,1.2053,1.1994,1.2001,
CZKCNY,08/19/2026,0.3251,0.3249,0.3253,0.3252,0.3225,0.3219,0.3249,
JPYCNH,08/19/2026,0.0425555,0.042551,0.04256,0.042593,0.042258,0.042232,0.042551,
JPYCNY,08/19/2026,0.042551,0.042542,0.04256,0.042589,0.042245,0.042221,0.042542,0.042445
GBPCNH,08/19/2026,9.15855,9.1573,9.1598,9.1693,9.1277,9.1222,9.1573,
CNHRUB,08/19/2026,12.62173,12.62015,12.62331,12.66396,12.59688,12.4711,12.62015,
CNHMYR,08/19/2026,0.6028,0.6021,0.6035,0.6027,0.6012,0.6006,0.6021,
USDKRW,08/19/2026,1388.485,1387.97,1389,1413.97,1412.89,1383.9,1387.97,
CNHKRW,08/19/2026,207.46,207.41,207.51,209.51,209.47,206.9,207.41,
CNHPHP,08/19/2026,9.18255,9.1777,9.1874,9.1823,9.1556,9.1464,9.1777,
USDTHB,08/19/2026,32.915,32.91,32.92,33.19,33.06,32.81,32.91,
CNHTHB,08/19/2026,4.8892,4.8887,4.8897,4.9157,4.907,4.8785,4.8887,
CNYTHB,08/19/2026,4.88625,4.8818,4.8907,4.919,4.9073,4.8747,4.8818,4.9013
CNHINR,08/19/2026,14.22581,14.22496,14.22666,14.23215,14.18112,14.17544,14.22496,
CNHIDR,08/19/2026,2646.5,2644,2649,2648,2640.03,2640.03,2644,
AUDCNH,08/19/2026,4.79605,4.7956,4.7965,4.7962,4.7769,4.7637,4.7956,
AUDCNY,08/19/2026,4.795,4.7923,4.7977,4.797,4.7788,4.7598,4.7923,4.7915
NZDCNH,08/19/2026,3.9952,3.9946,3.9958,3.9957,3.9559,3.9535,3.9946,
NZDCNY,08/19/2026,3.9945,3.9936,3.9954,3.9955,3.9622,3.9523,3.9936,3.9731
NZDUSD,08/19/2026,0.59355,0.5935,0.5936,0.5938,0.5876,0.5858,0.5935,
EURZAR,08/19/2026,18.79785,18.7822,18.8135,18.8734,18.7963,18.7479,18.7822,
ZARCNY,08/19/2026,0.41805,0.4177,0.4184,0.4187,0.4143,0.414,0.4177,0.41632
CNHKZT,08/19/2026,68.51255,68.5083,68.5168,68.73,68.4678,68.3734,68.5083,
HKDCNY,08/19/2026,0.858295,0.8582,0.85839,0.85986,0.85955,0.85811,0.8582,0.86502
SGDCNY,08/19/2026,5.29445,5.2938,5.2951,5.2957,5.273,5.2697,5.2938,5.2935
CHFCNY,08/19/2026,8.43995,8.4382,8.4417,8.4435,8.2986,8.2925,8.4382,8.3334
CADCNY,08/19/2026,4.87385,4.8726,4.8751,4.8753,4.8508,4.847,4.8726,4.8658
MYRCNY,08/19/2026,1.65865,1.6567,1.6606,1.6599,1.6579,1.6556,1.6567,1.669031
RUBCNY,08/19/2026,0.0792,0.0792,0.0792,0.0802,0.0793,0.0789,0.0792,0.079422
KRWCNY,08/19/2026,0.004845,0.00484,0.00485,0.00486,0.00477,0.00477,0.00484,0.004789
AEDCNY,08/19/2026,1.8324,1.8322,1.8326,1.8362,1.8358,1.8318,1.8322,1.841621
SARCNY,08/19/2026,1.7924,1.7922,1.7926,1.7961,1.7958,1.792,1.7922,1.801445
TRYCNY,08/19/2026,0.1404,0.1404,0.1404,0.1407,0.1407,0.1402,0.1404,0.141225
MXNCNY,08/19/2026,0.39715,0.397,0.3973,0.3973,0.395,0.3944,0.397,0.397235
EURUSD,08/19/2026,1.1678,1.1677,1.1679,1.1679,1.1575,1.1568,1.1677,
USDRUB,08/19/2026,84.96,84.95,84.97,85.35,85,83.9455,84.95,
USDCZK,08/19/2026,20.702,20.689,20.715,20.905,20.889,20.676,20.689,
AUDUSD,08/19/2026,0.7125,0.7123,0.7127,0.7128,0.7087,0.7064,0.7123,
EURCNH,08/19/2026,7.86045,7.8596,7.8613,7.8608,7.8081,7.8034,7.8596,
EURCNY,08/19/2026,7.85845,7.8567,7.8602,7.8587,7.8045,7.8025,7.8567,7.8328
GBPCNY,08/19/2026,9.1566,9.1533,9.1599,9.1707,9.1227,9.114,9.1533,9.1586
GBPUSD,08/19/2026,1.36065,1.3603,1.361,1.363,1.3532,1.3516,1.3603,
USDCHF,08/19/2026,0.7974,0.7973,0.7975,0.8128,0.8121,0.7967,0.7973,
USDCNH,08/19/2026,6.73125,6.7312,6.7313,6.7486,6.7466,6.7269,6.7312,
CNHCNY,08/19/2026,0.9998,0.9997,0.9999,1.0007,0.9993,0.9989,0.9997,
THBCNY,08/19/2026,0.20447,0.20442,0.20452,0.20493,0.20358,0.20303,0.20442,0.204028
INRCNY,08/19/2026,7.02825,7.0273,7.0292,7.0474,7.046,7.0264,7.0273,
IDRCNY,08/19/2026,0.037745,0.03773,0.03776,0.0378,0.03775,0.03771,0.03773,
BRLCNY,08/19/2026,1.3003,1.3,1.3006,1.3061,1.292,1.2915,1.3,
ARSCNY,08/20/2026,0.0045,0.0045,0.0045,0.0045,0.0045,0.0045,0.0045,
PHPCNY,08/20/2026,0.108985,0.10893,0.10904,0.10922,0.10882,0.10879,0.10893,
NGNCNY,08/20/2026,0.004985,0.00498,0.00499,0.005,0.00498,0.00497,0.00498,
PENCNY,08/20/2026,2.005,2,2.01,2.01,2,2,2,
KZTCNY,08/20/2026,14.7124,14.7101,14.7147,14.8121,14.5913,14.5239,14.7101,
UGXCNY,08/20/2026,0.18065,0.1804,0.1809,0.181,0.1807,0.18,0.1804,
TZSCNY,08/20/2026,0.25415,0.2522,0.2561,0.2533,0.2519,0.2517,0.2522,
CLPCNY,08/20/2026,0.07295,0.0729,0.073,0.0731,0.073,0.0725,0.0729,
VNDCNY,08/20/2026,2.5757,2.5751,2.5763,2.5757,2.5694,2.5675,2.5751,
RSDCNY,08/20/2026,0.66885,0.6678,0.6699,0.6709,0.6698,0.6674,0.6678,
UZSCNY,08/20/2026,0.57,0.5697,0.5703,0.5703,0.5703,0.565,0.5697,
GHSCNY,08/20/2026,0.6057,0.6029,0.6085,0.6063,0.6063,0.5955,0.6029,
GNFCNY,08/20/2026,0.76515,0.7639,0.7664,0.7647,0.7647,0.7575,0.7639,
KESCNY,08/20/2026,0.05195,0.0519,0.052,0.052,0.0519,0.0518,0.0519,
ZMWCNY,08/20/2026,0.3562,0.3557,0.3567,0.3587,0.3505,0.3502,0.3557,
DJFCNY,08/20/2026,0.37755,0.3765,0.3786,0.3769,0.3769,0.3764,0.3765,
MADCNY,08/20/2026,0.7269,0.7264,0.7274,0.7276,0.7272,0.7257,0.7264,
USDCNY,08/20/2026,6.7232,6.7225,6.7239,6.727,6.727,6.7202,6.7225,6.7808
USDRSD,08/20/2026,100.515,100.37,100.66,100.49,100.38,100.12,100.37,
USDUZS,08/20/2026,11794.88,11789.88,11799.88,11847,11789.88,11789.88,11789.88,
USDKZT,08/20/2026,456.975,456.95,457,463.04,461.15,453.81,456.95,
USDXOF,08/20/2026,561.25,557.75,564.75,564,562.25,557.75,557.75,
EURXOF,08/20/2026,672.5005,664.96,680.041,664.983,664.732,664.732,664.96,
USDGNF,08/20/2026,8786.5,8773,8800,8773,8773,8750,8773,
EURGNF,08/20/2026,10261.315,10245.11,10277.52,10273.18,10244.23,10213,10245.11,
USDGHS,08/20/2026,11.1,11.05,11.15,11.1,11,11,11.05,
USDKES,08/20/2026,129.4,129.3,129.5,129.55,129.55,129,129.3,
USDUGX,08/20/2026,3721.43,3716.43,3726.43,3725,3715.14,3705,3716.43,
USDDJF,08/20/2026,178.075,177.6,178.55,177.6,177.6,177.55,177.6,
USDCAD,08/20/2026,1.37895,1.3789,1.379,1.3812,1.3811,1.3753,1.3789,
USDEUR,08/20/2026,0.85625,0.8562,0.8563,0.8569,0.8562,0.8539,0.8562,
USDHKD,08/20/2026,7.8435,7.8431,7.8439,7.844,7.841,7.8394,7.8431,
EURHKD,08/20/2026,9.1597,9.1588,9.1606,9.1851,9.1552,9.1476,9.1588,
USDAUD,08/20/2026,1.4058,1.4053,1.4063,1.4079,1.4031,1.4008,1.4053,
USDVND,08/20/2026,26102,26099,26105,26170,26169,26089,26099,
USDARS,08/20/2026,1497.25,1497,1497.5,1498,1495,1495,1497,
USDZAR,08/20/2026,16.1249,16.1099,16.1399,16.186,16.087,16.0687,16.1099,
USDAOA,08/20/2026,919.499,912.799,926.199,913,912.799,912,912.799,
EURAOA,08/20/2026,1073.84,1065.97,1081.71,1068.89,1065.88,1064.67,1065.97,
USDCDF,08/20/2026,2292.5,2285,2300,2285,2285,2255,2285,
USDZWG,08/20/2026,26.62605,25.9604,27.2917,25.9604,25.6941,25.6941,25.9604,
USDZMW,08/20/2026,18.8743,18.8493,18.8993,18.92,18.7,18.7,18.8493,
USDTRY,08/20/2026,48.00615,47.6708,48.3415,47.9955,47.9183,47.6708,47.6708,
USDTZS,08/20/2026,2645.5,2625,2666,2635,2625,2620,2625,
EURAUD,08/20/2026,1.6418,1.6414,1.6422,1.6444,1.6388,1.6376,1.6414,
USDJPY,08/20/2026,159.055,159.05,159.06,159.18,158.16,158,159.05,
USDMAD,08/20/2026,9.2489,9.2438,9.254,9.256,9.249,9.2325,9.2438,
USDBRL,08/20/2026,5.19785,5.1975,5.1982,5.2014,5.1762,5.175,5.1975,
USDIDR,08/20/2026,17742.5,17740,17745,17812,17800,17735,17740,
USDINR,08/20/2026,95.71,95.7,95.72,95.715,95.5625,95.5625,95.7,
USDCLP,08/20/2026,922.1,921.47,922.73,926.58,920.75,919.09,921.47,
USDAED,08/20/2026,3.67295,3.6729,3.673,3.6731,3.6728,3.6722,3.6729,
USDSAR,08/20/2026,3.7547,3.7546,3.7548,3.7546,3.7546,3.7534,3.7546,
USDPHP,08/20/2026,61.688,61.662,61.714,61.817,61.786,61.512,61.662,
USDPEN,08/20/2026,3.3539,3.3522,3.3556,3.3669,3.3667,3.3469,3.3522,
USDMXN,08/20/2026,16.95555,16.9503,16.9608,17.001,16.9391,16.93,16.9503,
USDNGN,08/20/2026,1349.09,1348.59,1349.59,1350.06,1349.88,1343.05,1348.59,
USDMYR,08/20/2026,4.044,4.04,4.048,4.043,4.04,4.034,4.04,
USDSGD,08/20/2026,1.27235,1.2723,1.2724,1.2727,1.2711,1.2697,1.2723,
EURBRL,08/20/2026,6.0703,6.0696,6.071,6.0747,6.0427,6.0421,6.0696,
EURTRY,08/20/2026,56.0539,56.0524,56.0554,56.2802,55.9938,55.71,56.0524,
EURGBP,08/20/2026,0.8566,0.8565,0.8567,0.8585,0.8579,0.856,0.8565,
ZARCNH,08/20/2026,0.41705,0.4166,0.4175,0.4183,0.4179,0.4151,0.4166,
ZARHKD,08/20/2026,0.4864,0.4859,0.4869,0.4876,0.4867,0.4841,0.4859,
AUDNZD,08/20/2026,1.19675,1.1961,1.1974,1.2008,1.2,1.193,1.1961,
CZKCNY,08/20/2026,0.3248,0.3241,0.3255,0.326,0.3249,0.324,0.3241,
JPYCNH,08/20/2026,0.0422825,0.042275,0.04229,0.042589,0.042551,0.042244,0.042275,
JPYCNY,08/20/2026,0.042281,0.042273,0.042289,0.042577,0.042545,0.042236,0.042273,0.042636
GBPCNH,08/20/2026,9.16715,9.166,9.1683,9.181,9.1551,9.144,9.166,
CNHRUB,08/20/2026,12.45465,12.45131,12.45799,12.64005,12.62015,12.30642,12.45131,
CNHMYR,08/20/2026,0.6013,0.6006,0.602,0.6023,0.6021,0.5999,0.6006,
USDKRW,08/20/2026,1394.375,1393.85,1394.9,1396.71,1387.25,1384.09,1393.85,
CNHKRW,08/20/2026,207.08,207.01,207.15,207.66,206.35,205.5,207.01,
CNHPHP,08/20/2026,9.1725,9.1683,9.1767,9.1834,9.1788,9.1458,9.1683,
USDTHB,08/20/2026,32.86,32.84,32.88,32.93,32.89,32.78,32.84,
CNHTHB,08/20/2026,4.8872,4.8867,4.8877,4.8951,4.8887,4.8753,4.8867,
CNYTHB,08/20/2026,4.88315,4.8787,4.8876,4.8924,4.8805,4.8749,4.8787,4.8791
CNHINR,08/20/2026,14.231545,14.22794,14.23515,14.2474,14.22496,14.20919,14.22794,
CNHIDR,08/20/2026,2638.84,2638.39,2639.29,2650.24,2643.39,2638,2638.39,
AUDCNH,08/20/2026,4.78375,4.7832,4.7843,4.7972,4.7916,4.7783,4.7832,
AUDCNY,08/20/2026,4.78345,4.7814,4.7855,4.795,4.793,4.7738,4.7814,4.8041
NZDCNH,08/20/2026,3.99705,3.9961,3.998,4.0087,3.9806,3.9777,3.9961,
NZDCNY,08/20/2026,3.997,3.9961,3.9979,4.009,3.9869,3.9849,3.9961,4.0016
NZDUSD,08/20/2026,0.59435,0.5943,0.5944,0.5964,0.5933,0.5922,0.5943,
EURZAR,08/20/2026,18.8323,18.8206,18.844,18.9038,18.7855,18.7626,18.8206,
ZARCNY,08/20/2026,0.41695,0.4165,0.4174,0.4182,0.4177,0.4149,0.4165,0.41971
CNHKZT,08/20/2026,67.94965,67.9358,67.9635,68.7936,68.5083,67.4891,67.9358,
HKDCNY,08/20/2026,0.85717,0.85704,0.8573,0.85834,0.85819,0.85676,0.85704,0.86476
SGDCNY,08/20/2026,5.28405,5.2833,5.2848,5.2946,5.2938,5.28,5.2833,5.3128
CHFCNY,08/20/2026,8.3998,8.3979,8.4017,8.4551,8.4361,8.3905,8.3979,8.4634
CADCNY,08/20/2026,4.87575,4.8749,4.8766,4.8861,4.8708,4.8671,4.8749,4.884
MYRCNY,08/20/2026,1.6625,1.6607,1.6643,1.6646,1.6596,1.6596,1.6607,1.667667
RUBCNY,08/20/2026,0.08025,0.0802,0.0803,0.0812,0.0792,0.0791,0.0802,0.079924
KRWCNY,08/20/2026,0.00482,0.00482,0.00482,0.00486,0.00484,0.0048,0.00482,0.004851
AEDCNY,08/20/2026,1.83045,1.8302,1.8307,1.8324,1.8322,1.8296,1.8302,1.835873
SARCNY,08/20/2026,1.7906,1.7904,1.7908,1.7922,1.7922,1.7897,1.7904,1.795848
TRYCNY,08/20/2026,0.14005,0.1391,0.141,0.1404,0.1404,0.1391,0.1391,0.140735
MXNCNY,08/20/2026,0.39655,0.3964,0.3967,0.3971,0.397,0.3954,0.3964,0.398915
EURUSD,08/20/2026,1.16785,1.1678,1.1679,1.171,1.1677,1.1668,1.1678,
USDRUB,08/20/2026,83.76,83.75,83.77,84.95,84.95,82.7705,83.75,
USDCZK,08/20/2026,20.7,20.657,20.743,20.712,20.685,20.602,20.657,
AUDUSD,08/20/2026,0.71135,0.7111,0.7116,0.7132,0.7123,0.7101,0.7111,
EURCNH,08/20/2026,7.85425,7.8525,7.856,7.8717,7.8571,7.8459,7.8525,
EURCNY,08/20/2026,7.8538,7.8516,7.856,7.8714,7.8573,7.8445,7.8516,7.8815
GBPCNY,08/20/2026,9.16685,9.1635,9.1702,9.1813,9.1533,9.1407,9.1635,9.1793
GBPUSD,08/20/2026,1.36335,1.3629,1.3638,1.3659,1.3603,1.3588,1.3629,
USDCHF,08/20/2026,0.8004,0.8001,0.8007,0.8009,0.7973,0.7947,0.8001,
USDCNH,08/20/2026,6.7252,6.7242,6.7262,6.7322,6.7309,6.7192,6.7242,
CNHCNY,08/20/2026,0.9997,0.9994,1,1.0007,0.9997,0.9992,0.9994,
THBCNY,08/20/2026,0.204635,0.20446,0.20481,0.20511,0.20436,0.20404,0.20446,0.204956
INRCNY,08/20/2026,7.02455,7.0231,7.026,7.0362,7.0247,7.0176,7.0231,
IDRCNY,08/20/2026,0.03789,0.03788,0.0379,0.03789,0.03772,0.03768,0.03788,
BRLCNY,08/20/2026,1.29345,1.2932,1.2937,1.3004,1.3001,1.2923,1.2932,
ARSCNY,08/21/2026,0.0045,0.0045,0.0045,0.0045,0.0045,0.0045,0.0045,
PHPCNY,08/21/2026,0.108985,0.10894,0.10903,0.10899,0.1089,0.1088,0.10894,
NGNCNY,08/21/2026,0.00499,0.00499,0.00499,0.00499,0.00498,0.00497,0.00499,
PENCNY,08/21/2026,2.005,2,2.01,2.01,2,2,2,
KZTCNY,08/21/2026,14.66015,14.6545,14.6658,14.7722,14.6995,14.5522,14.6545,
UGXCNY,08/21/2026,0.18065,0.1804,0.1809,0.1805,0.1805,0.18,0.1804,
TZSCNY,08/21/2026,0.25365,0.2522,0.2551,0.2532,0.2521,0.2517,0.2522,
CLPCNY,08/21/2026,0.07345,0.0734,0.0735,0.0735,0.0728,0.0727,0.0734,
VNDCNY,08/21/2026,2.57275,2.5716,2.5739,2.5788,2.5746,2.5683,2.5716,
RSDCNY,08/21/2026,0.6689,0.6679,0.6699,0.6708,0.6679,0.6672,0.6679,
UZSCNY,08/21/2026,0.56705,0.5668,0.5673,0.5698,0.5696,0.5651,0.5668,
GHSCNY,08/21/2026,0.60415,0.6028,0.6055,0.6057,0.6056,0.5895,0.6028,
GNFCNY,08/21/2026,0.765,0.7638,0.7662,0.764,0.7639,0.7575,0.7638,
KESCNY,08/21/2026,0.05195,0.0519,0.052,0.0519,0.0519,0.0518,0.0519,
ZMWCNY,08/21/2026,0.35515,0.3547,0.3556,0.3566,0.3556,0.3523,0.3547,
DJFCNY,08/21/2026,0.37745,0.3764,0.3785,0.3766,0.3765,0.3763,0.3764,
MADCNY,08/21/2026,0.72725,0.7263,0.7282,0.7272,0.7264,0.7261,0.7263,
USDCNY,08/21/2026,6.72125,6.721,6.7215,6.7234,6.7215,6.719,6.721,6.7817
USDRSD,08/21/2026,100.485,100.34,100.63,100.48,100.36,100.06,100.34,
USDUZS,08/21/2026,11853.55,11848.55,11858.55,11850,11830,11789.88,11848.55,
USDKZT,08/21/2026,458.47,458.31,458.63,461.77,457.03,454.94,458.31,
USDXOF,08/21/2026,561,557.5,564.5,563,563,557.5,557.5,
EURXOF,08/21/2026,672.5005,664.954,680.047,664.983,664.687,664.687,664.954,
USDGNF,08/21/2026,8786.5,8773,8800,8773,8773,8750,8773,
EURGNF,08/21/2026,10262.195,10245.99,10278.4,10274.06,10244.23,10213,10245.99,
USDGHS,08/21/2026,11.125,11.1,11.15,11.15,11,10.9,11.1,
USDKES,08/21/2026,129.35,129.15,129.55,129.4,129.4,129,129.15,
USDUGX,08/21/2026,3720.57,3715.57,3725.57,3725,3715,3715,3715.57,
USDDJF,08/21/2026,178.075,177.6,178.55,177.6,177.6,177.55,177.6,
USDCAD,08/21/2026,1.37665,1.3764,1.3769,1.379,1.379,1.3729,1.3764,
USDEUR,08/21/2026,0.8562,0.8562,0.8562,0.857,0.8562,0.8538,0.8562,
USDHKD,08/21/2026,7.84,7.8399,7.8401,7.8435,7.8428,7.8386,7.8399,
EURHKD,08/21/2026,9.1573,9.1548,9.1598,9.1828,9.1573,9.146,9.1548,
USDAUD,08/21/2026,1.3944,1.3939,1.3949,1.4067,1.4051,1.3924,1.3939,
USDVND,08/21/2026,26124.5,26114,26135,26134,26089,26050,26114,
USDARS,08/21/2026,1499.5,1499,1500,1499,1497,1490,1499,
USDZAR,08/21/2026,16.0179,16.0029,16.0329,16.1284,16.1114,15.9678,16.0029,
USDAOA,08/21/2026,919.499,912.799,926.199,913,913,912.795,912.799,
EURAOA,08/21/2026,1073.93,1066.06,1081.8,1069.21,1065.88,1065.05,1066.06,
USDCDF,08/21/2026,2292.5,2285,2300,2285,2285,2255,2285,
USDZWG,08/21/2026,27.16165,25.8302,28.4931,25.8302,25.337,25.337,25.8302,
USDZMW,08/21/2026,18.925,18.9,18.95,19.025,18.8,18.8,18.9,
USDTRY,08/21/2026,48.0396,48.0346,48.0446,48.0711,47.809,47.7488,48.0346,
USDTZS,08/21/2026,2650,2635,2665,2635,2630,2620,2635,
EURAUD,08/21/2026,1.6285,1.6279,1.6291,1.6423,1.6412,1.6267,1.6279,
USDJPY,08/21/2026,158.95,158.93,158.97,159.13,159.01,158.33,158.93,
USDMAD,08/21/2026,9.242,9.23,9.254,9.25,9.2436,9.23,9.23,
USDBRL,08/21/2026,5.13905,5.1387,5.1394,5.1979,5.1975,5.1319,5.1387,
USDIDR,08/21/2026,17690,17685,17695,17730,17720,17680,17685,
USDINR,08/21/2026,95.7,95.69,95.71,95.75,95.7,95.6575,95.69,
USDCLP,08/21/2026,915,914.28,915.72,922.65,921.67,913.15,914.28,
USDAED,08/21/2026,3.67295,3.6725,3.6734,3.6731,3.6729,3.6721,3.6725,
USDSAR,08/21/2026,3.7546,3.7545,3.7547,3.7546,3.7546,3.7534,3.7545,
USDPHP,08/21/2026,61.671,61.65,61.692,61.7,61.668,61.616,61.65,
USDPEN,08/21/2026,3.3538,3.3521,3.3555,3.353,3.3523,3.3414,3.3521,
USDMXN,08/21/2026,16.91,16.895,16.925,16.959,16.9506,16.8824,16.895,
USDNGN,08/21/2026,1347.2,1346.7,1347.7,1348.71,1348.62,1343.37,1346.7,
USDMYR,08/21/2026,4.0385,4.035,4.042,4.044,4.04,4.035,4.035,
USDSGD,08/21/2026,1.26965,1.2693,1.27,1.2723,1.2715,1.2677,1.2693,
EURBRL,08/21/2026,6.00285,6.0021,6.0036,6.0843,6.0691,5.9946,6.0021,
EURTRY,08/21/2026,56.0982,56.0967,56.0997,56.411,56.1088,55.8097,56.0967,
EURGBP,08/21/2026,0.85585,0.8556,0.8561,0.8576,0.8564,0.8553,0.8556,
ZARCNH,08/21/2026,0.41955,0.4191,0.42,0.4201,0.4166,0.4162,0.4191,
ZARHKD,08/21/2026,0.48945,0.489,0.4899,0.4902,0.4859,0.4854,0.489,
AUDNZD,08/21/2026,1.1993,1.1988,1.1998,1.1995,1.1963,1.1942,1.1988,
CZKCNY,08/21/2026,0.3256,0.3254,0.3258,0.3263,0.3252,0.3241,0.3254,
JPYCNH,08/21/2026,0.0422785,0.042267,0.04229,0.042426,0.042276,0.042245,0.042267,
JPYCNY,08/21/2026,0.042284,0.042278,0.04229,0.042431,0.042279,0.042247,0.042278,0.042516
GBPCNH,08/21/2026,9.17195,9.1687,9.1752,9.2334,9.1597,9.1552,9.1687,
CNHRUB,08/21/2026,12.30618,12.30368,12.30868,12.46057,12.45131,12.26977,12.30368,
CNHMYR,08/21/2026,0.60095,0.6003,0.6016,0.6017,0.6008,0.6001,0.6003,
USDKRW,08/21/2026,1386,1385.8,1386.2,1394.73,1394.14,1379.8,1385.8,
CNHKRW,08/21/2026,206.28,206.22,206.34,206.82,206.74,205.06,206.22,
CNHPHP,08/21/2026,9.1742,9.1708,9.1776,9.1794,9.1681,9.1661,9.1708,
USDTHB,08/21/2026,32.695,32.67,32.72,32.87,32.84,32.6,32.67,
CNHTHB,08/21/2026,4.8635,4.863,4.864,4.889,4.886,4.8541,4.863,
CNYTHB,08/21/2026,4.8577,4.8533,4.8621,4.8832,4.8778,4.8524,4.8533,4.8716
CNHINR,08/21/2026,14.24065,14.23704,14.24426,14.25185,14.23091,14.22562,14.23704,
CNHIDR,08/21/2026,2632.635,2631.81,2633.46,2638,2633.06,2631,2631.81,
AUDCNH,08/21/2026,4.82035,4.8182,4.8225,4.825,4.782,4.7765,4.8182,
AUDCNY,08/21/2026,4.81945,4.8176,4.8213,4.8257,4.7821,4.7767,4.8176,4.8058
NZDCNH,08/21/2026,4.0189,4.0164,4.0214,4.0232,3.9915,3.9911,4.0164,
NZDCNY,08/21/2026,4.019,4.0185,4.0195,4.024,3.9954,3.992,4.0185,4.018
NZDUSD,08/21/2026,0.59765,0.5974,0.5979,0.5987,0.5942,0.5937,0.5974,
EURZAR,08/21/2026,18.71865,18.6888,18.7485,18.8425,18.8212,18.6596,18.6888,
ZARCNY,08/21/2026,0.4196,0.4192,0.42,0.4202,0.4165,0.4161,0.4192,0.419322
CNHKZT,08/21/2026,68.22265,68.1887,68.2566,68.7069,67.9477,67.6772,68.1887,
HKDCNY,08/21/2026,0.857305,0.85726,0.85735,0.85741,0.85699,0.85691,0.85726,0.86466
SGDCNY,08/21/2026,5.29375,5.2921,5.2954,5.2997,5.2829,5.2812,5.2921,5.3115
CHFCNY,08/21/2026,8.39005,8.3887,8.3914,8.4175,8.3958,8.3761,8.3887,8.4479
CADCNY,08/21/2026,4.88235,4.8813,4.8834,4.8937,4.8749,4.8735,4.8813,4.8966
MYRCNY,08/21/2026,1.6643,1.6628,1.6658,1.6638,1.6591,1.6591,1.6628,1.671766
RUBCNY,08/21/2026,0.0813,0.0813,0.0813,0.0815,0.0802,0.0802,0.0813,0.081119
KRWCNY,08/21/2026,0.00485,0.00485,0.00485,0.00487,0.00482,0.00481,0.00485,0.00485
AEDCNY,08/21/2026,1.8299,1.8296,1.8302,1.8306,1.8302,1.8291,1.8296,1.837425
SARCNY,08/21/2026,1.79015,1.79,1.7903,1.7906,1.7904,1.7891,1.79,1.797365
TRYCNY,08/21/2026,0.1399,0.1399,0.1399,0.1402,0.1392,0.1383,0.1399,0.140625
MXNCNY,08/21/2026,0.39745,0.3971,0.3978,0.3979,0.3964,0.3959,0.3971,0.399218
EURUSD,08/21/2026,1.16795,1.1679,1.168,1.1711,1.1677,1.1668,1.1679,
USDRUB,08/21/2026,82.7,82.6955,82.7045,83.75,83.75,82.4455,82.6955,
USDCZK,08/21/2026,20.6445,20.633,20.656,20.666,20.654,20.578,20.633,
AUDUSD,08/21/2026,0.7172,0.7169,0.7175,0.718,0.7112,0.7104,0.7169,
EURCNH,08/21/2026,7.8476,7.8461,7.8491,7.8682,7.8524,7.8427,7.8461,
EURCNY,08/21/2026,7.84975,7.8488,7.8507,7.87,7.8523,7.8397,7.8488,7.8906
GBPCNY,08/21/2026,9.17145,9.1701,9.1728,9.1892,9.1641,9.1492,9.1701,9.2101
GBPUSD,08/21/2026,1.36345,1.3633,1.3636,1.3675,1.3629,1.3615,1.3633,
USDCHF,08/21/2026,0.80105,0.8009,0.8012,0.802,0.7999,0.7981,0.8009,
USDCNH,08/21/2026,6.7203,6.7193,6.7213,6.7255,6.7244,6.717,6.7193,
CNHCNY,08/21/2026,1.00015,1,1.0003,1.0003,0.9997,0.9993,1,
THBCNY,08/21/2026,0.205575,0.20541,0.20574,0.20598,0.20446,0.20433,0.20541,0.205271
INRCNY,08/21/2026,7.02325,7.0223,7.0242,7.026,7.022,7.0176,7.0223,
IDRCNY,08/21/2026,0.037995,0.03798,0.03801,0.038,0.03788,0.03777,0.03798,
BRLCNY,08/21/2026,1.30775,1.3076,1.3079,1.3095,1.2932,1.2932,1.3076,
ARSCNY,08/24/2026,0.0045,0.0045,0.0045,0.0045,0.0045,0.0045,0.0045,
PHPCNY,08/24/2026,0.10892,0.10887,0.10897,0.10898,0.10885,0.10877,0.10887,
NGNCNY,08/24/2026,0.004995,0.00499,0.005,0.00499,0.00499,0.00497,0.00499,
PENCNY,08/24/2026,2.005,2,2.01,2.01,2,2,2,
KZTCNY,08/24/2026,14.6982,14.692,14.7044,14.7318,14.6344,14.6,14.692,
UGXCNY,08/24/2026,0.18045,0.1802,0.1807,0.1814,0.1804,0.18,0.1802,
TZSCNY,08/24/2026,0.25365,0.2522,0.2551,0.2532,0.2522,0.2518,0.2522,
CLPCNY,08/24/2026,0.07365,0.0736,0.0737,0.0737,0.0734,0.0732,0.0736,
VNDCNY,08/24/2026,2.56825,2.568,2.5685,2.5786,2.5773,2.5658,2.568,
RSDCNY,08/24/2026,0.6685,0.6682,0.6688,0.6694,0.668,0.6664,0.6682,
UZSCNY,08/24/2026,0.56845,0.5672,0.5697,0.5686,0.5668,0.5668,0.5672,
GHSCNY,08/24/2026,0.6029,0.6015,0.6043,0.603,0.5948,0.5897,0.6015,
GNFCNY,08/24/2026,0.7651,0.7639,0.7663,0.7641,0.7638,0.7575,0.7639,
KESCNY,08/24/2026,0.05195,0.0519,0.052,0.0519,0.0519,0.0518,0.0519,
ZMWCNY,08/24/2026,0.35335,0.3529,0.3538,0.3571,0.3547,0.3516,0.3529,
DJFCNY,08/24/2026,0.3775,0.3765,0.3785,0.3766,0.3764,0.3764,0.3765,
MADCNY,08/24/2026,0.7256,0.7252,0.726,0.7273,0.726,0.7251,0.7252,
USDCNY,08/24/2026,6.72215,6.7219,6.7224,6.7244,6.7219,6.7214,6.7219,6.7841
USDRSD,08/24/2026,100.55,100.51,100.59,100.59,100.39,100.35,100.51,
USDUZS,08/24/2026,11825,11800,11850,11850,11848.55,11800,11800,
USDKZT,08/24/2026,457.175,457.15,457.2,460.11,458.91,456.29,457.15,
USDXOF,08/24/2026,561.75,558.25,565.25,563,557.5,557.5,558.25,
EURXOF,08/24/2026,662.5,654.966,670.034,664.983,664.943,654.949,654.966,
USDGNF,08/24/2026,8786.5,8773,8800,8773,8773,8750,8773,
EURGNF,08/24/2026,10248.135,10231.07,10265.2,10253.01,10246.86,10209.5,10231.07,
USDGHS,08/24/2026,11.15,11.125,11.175,11.15,11.1,10.9,11.125,
USDKES,08/24/2026,129.4,129.3,129.5,129.65,129.15,129.05,129.3,
USDUGX,08/24/2026,3725,3720,3730,3725,3715.57,3695,3720,
USDDJF,08/24/2026,178.075,177.6,178.55,177.6,177.6,177.55,177.6,
USDCAD,08/24/2026,1.3845,1.3842,1.3848,1.386,1.3816,1.378,1.3842,
USDEUR,08/24/2026,0.8574,0.8573,0.8575,0.8579,0.8557,0.8555,0.8573,
USDHKD,08/24/2026,7.83635,7.8362,7.8365,7.8402,7.8396,7.8356,7.8362,
EURHKD,08/24/2026,9.13995,9.1386,9.1413,9.1617,9.157,9.1303,9.1386,
USDAUD,08/24/2026,1.3987,1.3986,1.3988,1.4004,1.3943,1.3928,1.3986,
USDVND,08/24/2026,26173.5,26172,26175,26187,26050,26050,26172,
USDARS,08/24/2026,1509.5,1509,1510,1509,1498,1495,1509,
USDZAR,08/24/2026,16.0245,16.0175,16.0315,16.0424,16.02,15.9633,16.0175,
USDAOA,08/24/2026,918.84,912.14,925.54,913,912.799,912.14,912.14,
EURAOA,08/24/2026,1071.69,1063.74,1079.64,1066.79,1065.56,1063.1,1063.74,
USDCDF,08/24/2026,2292.5,2285,2300,2285,2285,2255,2285,
USDZWG,08/24/2026,27.33095,25.9912,28.6707,26.7779,25.8572,25.8572,25.9912,
USDZMW,08/24/2026,19.025,19,19.05,19.07,18.85,18.775,19,
USDTRY,08/24/2026,48.0738,48.0688,48.0788,48.0803,48.0474,47.6729,48.0688,
USDTZS,08/24/2026,2650,2635,2665,2635,2625,2625,2635,
EURAUD,08/24/2026,1.63135,1.6311,1.6316,1.6325,1.6285,1.6275,1.6311,
USDJPY,08/24/2026,159.105,159.08,159.13,159.28,158.89,158.59,159.08,
USDMAD,08/24/2026,9.2644,9.2604,9.2684,9.2623,9.2373,9.2331,9.2604,
USDBRL,08/24/2026,5.1531,5.1526,5.1536,5.162,5.1366,5.1366,5.1526,
USDIDR,08/24/2026,17710,17705,17715,17720,17680,17680,17705,
USDINR,08/24/2026,95.75,95.745,95.755,95.745,95.64,95.64,95.745,
USDCLP,08/24/2026,912.82,912.4,913.24,916.43,915.45,910.7,912.4,
USDAED,08/24/2026,3.67295,3.6729,3.673,3.6733,3.6729,3.6723,3.6729,
USDSAR,08/24/2026,3.7547,3.7546,3.7548,3.7546,3.7545,3.7542,3.7546,
USDPHP,08/24/2026,61.7175,61.69,61.745,61.76,61.722,61.629,61.69,
USDPEN,08/24/2026,3.3532,3.3526,3.3538,3.3558,3.3523,3.3416,3.3526,
USDMXN,08/24/2026,16.9485,16.942,16.955,16.977,16.895,16.895,16.942,
USDNGN,08/24/2026,1347.01,1345.76,1348.26,1347.66,1346.55,1343.28,1345.76,
USDMYR,08/24/2026,4.0425,4.04,4.045,4.044,4.044,4.032,4.04,
USDSGD,08/24/2026,1.2704,1.27,1.2708,1.271,1.2691,1.2684,1.27,
EURBRL,08/24/2026,6.01035,6.009,6.0117,6.0241,5.9995,5.9899,6.009,
EURTRY,08/24/2026,56.1144,56.1057,56.1231,56.2262,56.1637,55.7739,56.1057,
EURGBP,08/24/2026,0.8557,0.8554,0.856,0.8564,0.8562,0.8548,0.8554,
ZARCNH,08/24/2026,0.4195,0.4192,0.4198,0.4209,0.4192,0.4188,0.4192,
ZARHKD,08/24/2026,0.489,0.4888,0.4892,0.4907,0.4891,0.4882,0.4888,
AUDNZD,08/24/2026,1.19975,1.1991,1.2004,1.2011,1.1998,1.1958,1.1991,
CZKCNY,08/24/2026,0.3254,0.3252,0.3256,0.3257,0.3255,0.3248,0.3252,
JPYCNH,08/24/2026,0.042248,0.042232,0.042264,0.042363,0.042249,0.042206,0.042232,
JPYCNY,08/24/2026,0.0422485,0.042244,0.042253,0.042336,0.042296,0.042207,0.042244,0.042541
GBPCNH,08/24/2026,9.16275,9.1615,9.164,9.1776,9.175,9.1586,9.1615,
CNHRUB,08/24/2026,12.408695,12.40444,12.41295,12.5116,12.30478,12.26265,12.40444,
CNHMYR,08/24/2026,0.6014,0.6009,0.6019,0.6018,0.6004,0.6001,0.6009,
USDKRW,08/24/2026,1383.19,1382.89,1383.49,1387.14,1385.7,1376.2,1382.89,
CNHKRW,08/24/2026,205.61,205.5,205.72,206.14,206.04,204.6,205.5,
CNHPHP,08/24/2026,9.18165,9.1775,9.1858,9.1839,9.1799,9.1708,9.1775,
USDTHB,08/24/2026,32.715,32.7,32.73,32.72,32.67,32.56,32.7,
CNHTHB,08/24/2026,4.867,4.8665,4.8675,4.8677,4.8501,4.8492,4.8665,
CNYTHB,08/24/2026,4.86145,4.857,4.8659,4.8605,4.8521,4.8403,4.857,4.8462
CNHINR,08/24/2026,14.244485,14.24056,14.24841,14.24438,14.23831,14.22177,14.24056,
CNHIDR,08/24/2026,2633.495,2632.67,2634.32,2646.5,2626.83,2626.83,2632.67,
AUDCNH,08/24/2026,4.80595,4.8054,4.8065,4.8204,4.8195,4.8008,4.8054,
AUDCNY,08/24/2026,4.8062,4.8045,4.8079,4.8211,4.8179,4.7977,4.8045,4.8395
NZDCNH,08/24/2026,4.00575,4.0052,4.0063,4.0184,4.018,4.001,4.0052,
NZDCNY,08/24/2026,4.00595,4.0053,4.0066,4.0197,4.0148,3.9986,4.0053,4.032
NZDUSD,08/24/2026,0.596,0.5959,0.5961,0.5983,0.5978,0.5949,0.5959,
EURZAR,08/24/2026,18.6902,18.6801,18.7003,18.7166,18.6978,18.6448,18.6801,
ZARCNY,08/24/2026,0.4195,0.4193,0.4197,0.4208,0.4193,0.4188,0.4193,0.421923
CNHKZT,08/24/2026,68.03805,67.9968,68.0793,68.4289,68.1948,67.8512,67.9968,
HKDCNY,08/24/2026,0.857815,0.85777,0.85786,0.85801,0.85729,0.8572,0.85777,0.86542
SGDCNY,08/24/2026,5.29135,5.2895,5.2932,5.2979,5.2917,5.2866,5.2895,5.3196
CHFCNY,08/24/2026,8.37755,8.3762,8.3789,8.4048,8.373,8.3689,8.3762,8.4337
CADCNY,08/24/2026,4.85545,4.8551,4.8558,4.8759,4.8643,4.8488,4.8551,4.8919
MYRCNY,08/24/2026,1.6629,1.6618,1.664,1.6644,1.6595,1.6595,1.6618,1.675379
RUBCNY,08/24/2026,0.0806,0.0806,0.0806,0.0815,0.0813,0.0799,0.0806,0.081288
KRWCNY,08/24/2026,0.00486,0.00486,0.00486,0.00488,0.00485,0.00484,0.00486,0.004867
AEDCNY,08/24/2026,1.8302,1.8301,1.8303,1.831,1.8298,1.8296,1.8301,1.837357
SARCNY,08/24/2026,1.7903,1.7902,1.7904,1.7908,1.7899,1.7899,1.7902,1.7973
TRYCNY,08/24/2026,0.13985,0.1398,0.1399,0.1399,0.1398,0.1387,0.1398,0.140519
MXNCNY,08/24/2026,0.39665,0.3965,0.3968,0.3973,0.397,0.3959,0.3965,0.399792
EURUSD,08/24/2026,1.16635,1.1662,1.1665,1.1687,1.1671,1.1655,1.1662,
USDRUB,08/24/2026,83.41,83.4,83.42,84.1205,83,82.4455,83.4,
USDCZK,08/24/2026,20.659,20.648,20.67,20.677,20.63,20.61,20.648,
AUDUSD,08/24/2026,0.71495,0.7149,0.715,0.7176,0.7171,0.7138,0.7149,
EURCNH,08/24/2026,7.8402,7.84,7.8404,7.8549,7.846,7.8346,7.84,
EURCNY,08/24/2026,7.8401,7.8385,7.8417,7.8555,7.8486,7.8338,7.8385,7.8863
GBPCNY,08/24/2026,9.1626,9.1599,9.1653,9.1781,9.17,9.1546,9.1599,9.2144
GBPUSD,08/24/2026,1.36315,1.363,1.3633,1.3656,1.3613,1.3607,1.363,
USDCHF,08/24/2026,0.8024,0.8023,0.8025,0.8029,0.801,0.7994,0.8023,
USDCNH,08/24/2026,6.7219,6.7204,6.7234,6.7254,6.7205,6.717,6.7204,
CNHCNY,08/24/2026,1.00005,0.9998,1.0003,1.0004,1.0001,0.9994,0.9998,
THBCNY,08/24/2026,0.205475,0.20537,0.20558,0.20634,0.20547,0.20525,0.20537,0.206347
INRCNY,08/24/2026,7.0205,7.0199,7.0211,7.0287,7.0232,7.0199,7.0199,
IDRCNY,08/24/2026,0.037955,0.03794,0.03797,0.03801,0.03799,0.03792,0.03794,
BRLCNY,08/24/2026,1.3045,1.3043,1.3047,1.3088,1.3078,1.302,1.3043,
ARSCNY,08/25/2026,0.0044,0.0044,0.0044,0.0045,0.0045,0.0044,0.0044,
PHPCNY,08/25/2026,0.109035,0.10892,0.10915,0.10896,0.10887,0.10876,0.10892,
NGNCNY,08/25/2026,0.00499,0.00499,0.00499,0.00499,0.00499,0.00497,0.00499,
PENCNY,08/25/2026,2.005,2,2.01,2.01,2,2,2,
KZTCNY,08/25/2026,14.67425,14.669,14.6795,14.7122,14.7023,14.623,14.669,
UGXCNY,08/25/2026,0.18015,0.1799,0.1804,0.1805,0.1802,0.1796,0.1799,
TZSCNY,08/25/2026,0.2536,0.2522,0.255,0.2524,0.2522,0.2521,0.2522,
CLPCNY,08/25/2026,0.0736,0.0735,0.0737,0.074,0.0736,0.0734,0.0735,
VNDCNY,08/25/2026,2.5736,2.5733,2.5739,2.5757,2.5681,2.5656,2.5733,
RSDCNY,08/25/2026,0.6687,0.6684,0.669,0.6687,0.6682,0.666,0.6684,
UZSCNY,08/25/2026,0.57055,0.5703,0.5708,0.5705,0.5673,0.5671,0.5703,
GHSCNY,08/25/2026,0.60135,0.6,0.6027,0.6027,0.6015,0.5896,0.6,
GNFCNY,08/25/2026,0.76485,0.7637,0.766,0.7643,0.7639,0.7574,0.7637,
KESCNY,08/25/2026,0.05195,0.0519,0.052,0.0519,0.0519,0.0518,0.0519,
ZMWCNY,08/25/2026,0.35325,0.3528,0.3537,0.3534,0.3529,0.3509,0.3528,
DJFCNY,08/25/2026,0.3774,0.3764,0.3784,0.3767,0.3765,0.3763,0.3764,
MADCNY,08/25/2026,0.7255,0.7252,0.7258,0.7265,0.7252,0.725,0.7252,
USDCNY,08/25/2026,6.72035,6.7203,6.7204,6.7261,6.7222,6.7189,6.7203,6.7852
USDRSD,08/25/2026,100.5,100.46,100.54,100.64,100.52,100.37,100.46,
USDUZS,08/25/2026,11778.52,11773.52,11783.52,11813.07,11813.07,11765,11773.52,
USDKZT,08/25/2026,457.98,457.83,458.13,459.69,457.19,456.18,457.83,
USDXOF,08/25/2026,561.75,558.25,565.25,563,558.25,558.25,558.25,
EURXOF,08/25/2026,662.5005,654.961,670.04,654.983,653.889,653.889,654.961,
USDGNF,08/25/2026,8786.5,8773,8800,8773,8773,8750,8773,
EURGNF,08/25/2026,10256.925,10239.85,10274,10245.99,10231.07,10206,10239.85,
USDGHS,08/25/2026,11.175,11.15,11.2,11.17,11.125,11,11.15,
USDKES,08/25/2026,129.4,129.3,129.5,129.4,129.05,129.05,129.3,
USDUGX,08/25/2026,3729.67,3724.67,3734.67,3730,3722.14,3715,3724.67,
USDDJF,08/25/2026,178.075,177.6,178.55,177.6,177.6,177.55,177.6,
USDCAD,08/25/2026,1.38385,1.3836,1.3841,1.3867,1.3842,1.3823,1.3836,
USDEUR,08/25/2026,0.85665,0.8565,0.8568,0.8582,0.8573,0.8561,0.8565,
USDHKD,08/25/2026,7.83815,7.8379,7.8384,7.8399,7.8361,7.835,7.8379,
EURHKD,08/25/2026,9.1508,9.15,9.1516,9.1551,9.137,9.1297,9.15,
USDAUD,08/25/2026,1.3961,1.3957,1.3965,1.4008,1.3984,1.3945,1.3957,
USDVND,08/25/2026,26112,26109,26115,26180,26169,26096,26109,
USDARS,08/25/2026,1511.75,1511.5,1512,1511.5,1500,1500,1511.5,
USDZAR,08/25/2026,15.92765,15.916,15.9393,16.0383,16.0175,15.9049,15.916,
USDAOA,08/25/2026,919.499,912.799,926.199,913,912.14,912.14,912.799,
EURAOA,08/25/2026,1073.38,1065.42,1081.34,1066.06,1063.74,1062.64,1065.42,
USDCDF,08/25/2026,2292.5,2285,2300,2285,2285,2255,2285,
USDZWG,08/25/2026,27.1788,25.8465,28.5111,26.625,25.7133,25.7133,25.8465,
USDZMW,08/25/2026,19.025,19,19.05,19.1,19,18.975,19,
USDTRY,08/25/2026,48.0903,48.0853,48.0953,48.13,48.0712,47.863,48.0853,
USDTZS,08/25/2026,2650,2635,2665,,,,2635,
EURAUD,08/25/2026,1.6299,1.6294,1.6304,1.6332,1.6314,1.6285,1.6294,
USDJPY,08/25/2026,159.18,159.16,159.2,159.48,159.02,158.99,159.16,
USDMAD,08/25/2026,9.2631,9.2591,9.2671,9.2616,9.2604,9.2399,9.2591,
USDBRL,08/25/2026,5.14965,5.1494,5.1499,5.1664,5.1528,5.1382,5.1494,
USDIDR,08/25/2026,17710,17705,17715,,,,17705,
USDINR,08/25/2026,95.4175,95.4125,95.4225,95.735,95.69,95.405,95.4125,
USDCLP,08/25/2026,913.3,912.4,914.2,914.02,911.45,907.07,912.4,
USDAED,08/25/2026,3.673,3.6729,3.6731,3.673,3.6729,3.6724,3.6729,
USDSAR,08/25/2026,3.7546,3.7545,3.7547,3.7546,3.7546,3.7542,3.7545,
USDPHP,08/25/2026,61.6355,61.57,61.701,61.74,61.691,61.57,61.57,
USDPEN,08/25/2026,3.3537,3.3517,3.3557,3.3552,3.3529,3.3385,3.3517,
USDMXN,08/25/2026,16.94955,16.9443,16.9548,16.97,16.942,16.9178,16.9443,
USDNGN,08/25/2026,1347.55,1347.05,1348.05,1347.79,1345.76,1344.19,1347.05,
USDMYR,08/25/2026,4.047,4.044,4.05,4.044,4.044,4.044,4.044,
USDSGD,08/25/2026,1.26915,1.2691,1.2692,1.2715,1.2703,1.2684,1.2691,
EURBRL,08/25/2026,6.01145,6.0104,6.0125,6.0245,6.009,5.9993,6.0104,
EURTRY,08/25/2026,56.18035,56.17,56.1907,56.22,56.1027,55.79,56.17,
EURGBP,08/25/2026,0.8553,0.8552,0.8554,0.8561,0.8555,0.8544,0.8552,
ZARCNH,08/25/2026,0.42175,0.4214,0.4221,0.422,0.4192,0.4189,0.4214,
ZARHKD,08/25/2026,0.4921,0.4918,0.4924,0.4924,0.4888,0.4883,0.4918,
AUDNZD,08/25/2026,1.1987,1.1982,1.1992,1.2005,1.1993,1.1958,1.1982,
CZKCNY,08/25/2026,0.3259,0.3257,0.3261,0.326,0.3252,0.3245,0.3257,
JPYCNH,08/25/2026,0.0422,0.042188,0.042212,0.042269,0.042232,0.042143,0.042188,
JPYCNY,08/25/2026,0.0422095,0.042208,0.042211,0.042257,0.042246,0.042148,0.042208,0.042518
GBPCNH,08/25/2026,9.16795,9.1668,9.1691,9.1732,9.1617,9.1561,9.1668,
CNHRUB,08/25/2026,12.460175,12.45765,12.4627,12.61367,12.40444,12.39725,12.45765,
CNHMYR,08/25/2026,0.60245,0.6019,0.603,0.6021,0.601,0.6008,0.6019,
USDKRW,08/25/2026,1382.575,1382.21,1382.94,1386.8,1383.14,1378.2,1382.21,
CNHKRW,08/25/2026,206.18,206.12,206.24,206.16,205.21,204.93,206.12,
CNHPHP,08/25/2026,9.176,9.1659,9.1861,9.1874,9.1767,9.1659,9.1659,
USDTHB,08/25/2026,32.685,32.67,32.7,32.84,32.7,32.64,32.67,
CNHTHB,08/25/2026,4.8642,4.8637,4.8647,4.8679,4.8658,4.8585,4.8637,
CNYTHB,08/25/2026,4.8696,4.8652,4.874,4.8792,4.8601,4.8595,4.8652,4.8529
CNHINR,08/25/2026,14.20453,14.20167,14.20739,14.25031,14.24353,14.19512,14.20167,
CNHIDR,08/25/2026,2633.495,2632.67,2634.32,,,,2632.67,
AUDCNH,08/25/2026,4.81225,4.8116,4.8129,4.8142,4.8035,4.7994,4.8116,
AUDCNY,08/25/2026,4.8138,4.8131,4.8145,4.8171,4.8051,4.796,4.8131,4.8302
NZDCNH,08/25/2026,4.0151,4.0143,4.0159,4.0179,3.9993,3.998,4.0143,
NZDCNY,08/25/2026,4.01645,4.0161,4.0168,4.0201,4.0039,3.9955,4.0161,4.0261
NZDUSD,08/25/2026,0.59755,0.5974,0.5977,0.5982,0.5957,0.5944,0.5974,
EURZAR,08/25/2026,18.59315,18.5805,18.6058,18.6974,18.6796,18.5712,18.5805,
ZARCNY,08/25/2026,0.42195,0.4217,0.4222,0.4222,0.4193,0.4189,0.4217,0.421905
CNHKZT,08/25/2026,68.17665,68.1427,68.2106,68.3798,67.9939,67.8466,68.1427,
HKDCNY,08/25/2026,0.85739,0.85737,0.85741,0.85834,0.85771,0.85706,0.85737,0.86587
SGDCNY,08/25/2026,5.29515,5.2949,5.2954,5.2962,5.2891,5.2855,5.2949,5.3185
CHFCNY,08/25/2026,8.38525,8.3847,8.3858,8.3909,8.3741,8.357,8.3847,8.4249
CADCNY,08/25/2026,4.8563,4.8554,4.8572,4.8606,4.8541,4.8457,4.8554,4.8757
MYRCNY,08/25/2026,1.66055,1.6593,1.6618,1.6619,1.6619,1.659,1.6593,1.673612
RUBCNY,08/25/2026,0.0803,0.0803,0.0803,0.0806,0.0806,0.0793,0.0803,0.080385
KRWCNY,08/25/2026,0.00486,0.00486,0.00486,0.00487,0.00486,0.00484,0.00486,0.004868
AEDCNY,08/25/2026,1.82965,1.8296,1.8297,1.8313,1.8301,1.8292,1.8296,1.837796
SARCNY,08/25/2026,1.7899,1.7898,1.79,1.7913,1.7902,1.7895,1.7898,1.79772
TRYCNY,08/25/2026,0.13975,0.1397,0.1398,0.1401,0.1398,0.1391,0.1397,0.140522
MXNCNY,08/25/2026,0.39645,0.3963,0.3966,0.3969,0.3965,0.396,0.3963,0.399489
EURUSD,08/25/2026,1.16745,1.1674,1.1675,1.1679,1.1662,1.165,1.1674,
USDRUB,08/25/2026,83.7,83.6955,83.7045,84.75,83.4,83.4,83.6955,
USDCZK,08/25/2026,20.62,20.608,20.632,20.68,20.648,20.596,20.608,
AUDUSD,08/25/2026,0.71625,0.716,0.7165,0.7168,0.7148,0.7135,0.716,
EURCNH,08/25/2026,7.84185,7.8401,7.8436,7.8458,7.8388,7.8317,7.8401,
EURCNY,08/25/2026,7.8453,7.8439,7.8467,7.8486,7.8385,7.8303,7.8439,7.8791
GBPCNY,08/25/2026,9.1719,9.1698,9.174,9.1759,9.1606,9.1512,9.1698,9.2106
GBPUSD,08/25/2026,1.36505,1.3649,1.3652,1.3654,1.3629,1.3615,1.3649,
USDCHF,08/25/2026,0.80145,0.8014,0.8015,0.8042,0.802,0.8006,0.8014,
USDCNH,08/25/2026,6.7184,6.7167,6.7201,6.7262,6.7216,6.7156,6.7167,
CNHCNY,08/25/2026,1.00045,1.0003,1.0006,1.0006,1,0.9996,1.0003,
THBCNY,08/25/2026,0.20561,0.20551,0.20571,0.20582,0.20544,0.20466,0.20551,0.206062
INRCNY,08/25/2026,7.0431,7.0427,7.0435,7.0427,7.0202,7.0185,7.0427,
IDRCNY,08/25/2026,0.03795,0.03794,0.03796,0.03797,0.03795,0.03793,0.03794,
BRLCNY,08/25/2026,1.305,1.3049,1.3051,1.3077,1.3043,1.3002,1.3049,
ARSCNY,08/26/2026,0.0044,0.0044,0.0044,0.0044,0.0044,0.0044,0.0044,
PHPCNY,08/26/2026,0.10903,0.10898,0.10908,0.10919,0.10897,0.10876,0.10898,
NGNCNY,08/26/2026,0.005,0.005,0.005,0.005,0.00499,0.00496,0.005,
PENCNY,08/26/2026,2.01,2.01,2.01,2.01,2,2,2.01,
KZTCNY,08/26/2026,14.63665,14.631,14.6423,14.6964,14.669,14.5876,14.631,
UGXCNY,08/26/2026,0.18005,0.1798,0.1803,0.1804,0.1799,0.1794,0.1798,
TZSCNY,08/26/2026,0.2547,0.2523,0.2571,0.2527,0.2522,0.2517,0.2523,
CLPCNY,08/26/2026,0.07295,0.0729,0.073,0.0738,0.0735,0.0728,0.0729,
VNDCNY,08/26/2026,2.57525,2.5748,2.5757,2.5774,2.5728,2.5704,2.5748,
RSDCNY,08/26/2026,0.6674,0.6664,0.6684,0.6688,0.6684,0.6657,0.6664,
UZSCNY,08/26/2026,0.5686,0.5683,0.5689,0.5704,0.5703,0.5673,0.5683,
GHSCNY,08/26/2026,0.6016,0.6002,0.603,0.6027,0.5974,0.5895,0.6002,
GNFCNY,08/26/2026,0.76485,0.7639,0.7658,0.7639,0.7637,0.757,0.7639,
KESCNY,08/26/2026,0.05195,0.0519,0.052,0.0519,0.0519,0.0518,0.0519,
ZMWCNY,08/26/2026,0.3538,0.3533,0.3543,0.3537,0.3528,0.3505,0.3533,
DJFCNY,08/26/2026,0.37755,0.3765,0.3786,0.3765,0.3764,0.3764,0.3765,
MADCNY,08/26/2026,0.72575,0.7254,0.7261,0.7263,0.7252,0.7251,0.7254,
USDCNY,08/26/2026,6.7229,6.7225,6.7233,6.7227,6.7204,6.72,6.7225,6.7829
USDRSD,08/26/2026,100.735,100.59,100.88,100.71,100.51,100.35,100.59,
USDUZS,08/26/2026,11823.69,11818.69,11828.69,11818.69,11773.52,11773.52,11818.69,
USDKZT,08/26/2026,459.32,459.17,459.47,460.65,457.82,457.29,459.17,
USDXOF,08/26/2026,562.5,559,566,563,558.25,558.25,559,
EURXOF,08/26/2026,662.5005,654.955,670.046,654.983,654.45,654.45,654.955,
USDGNF,08/26/2026,8790,8780,8800,8780,8773,8750,8780,
EURGNF,08/26/2026,10240.79,10227.82,10253.76,10250.65,10241.6,10189.38,10227.82,
USDGHS,08/26/2026,11.175,11.15,11.2,11.18,11.15,11,11.15,
USDKES,08/26/2026,129.4,129.3,129.5,129.4,129.4,129.15,129.3,
USDUGX,08/26/2026,3734.52,3729.52,3739.52,3735,3724.67,3715,3729.52,
USDDJF,08/26/2026,178.075,177.6,178.55,177.6,177.6,177.55,177.6,
USDCAD,08/26/2026,1.3877,1.3876,1.3878,1.3892,1.3836,1.3829,1.3876,
USDEUR,08/26/2026,0.8583,0.8582,0.8584,0.8589,0.8565,0.8562,0.8582,
USDHKD,08/26/2026,7.839,7.8389,7.8391,7.8414,7.8379,7.8373,7.8389,
EURHKD,08/26/2026,9.13285,9.1315,9.1342,9.1534,9.1469,9.1236,9.1315,
USDAUD,08/26/2026,1.3948,1.3943,1.3953,1.3966,1.3959,1.3904,1.3943,
USDVND,08/26/2026,26105,26102,26108,26140,26099,26070,26102,
USDARS,08/26/2026,1514.25,1513.5,1515,1514.5,1505,1505,1513.5,
USDZAR,08/26/2026,15.9583,15.952,15.9646,15.9918,15.9168,15.8886,15.952,
USDAOA,08/26/2026,919.499,912.799,926.199,913,912.799,912.799,912.799,
EURAOA,08/26/2026,1071.265,1063.32,1079.21,1065.88,1065.6,1062.59,1063.32,
USDCDF,08/26/2026,2295,2290,2300,2290,2285,2250,2290,
USDZWG,08/26/2026,27.06985,25.7429,28.3968,25.8756,25.6102,25.6102,25.7429,
USDZMW,08/26/2026,19.0025,18.9775,19.0275,19.125,19,18.95,18.9775,
USDTRY,08/26/2026,48.1126,48.1076,48.1176,48.1233,48.0849,47.9238,48.1076,
USDTZS,08/26/2026,2640,2615,2665,2635,2630,2615,2615,
EURAUD,08/26/2026,1.62465,1.6243,1.625,1.6303,1.6298,1.6228,1.6243,
USDJPY,08/26/2026,159.305,159.29,159.32,159.44,159.16,158.86,159.29,
USDMAD,08/26/2026,9.2631,9.2591,9.2671,9.265,9.2591,9.2405,9.2591,
USDBRL,08/26/2026,5.1503,5.15,5.1506,5.1658,5.1486,5.1384,5.15,
USDIDR,08/26/2026,17700,17695,17705,17730,17670,17670,17695,
USDINR,08/26/2026,95.425,95.41,95.44,95.41,95.41,95.41,95.41,
USDCLP,08/26/2026,921.63,921,922.26,921.37,911.8,910.12,921,
USDAED,08/26/2026,3.673,3.6729,3.6731,3.6734,3.6729,3.6723,3.6729,
USDSAR,08/26/2026,3.7546,3.7545,3.7547,3.7545,3.7545,3.7535,3.7545,
USDPHP,08/26/2026,61.661,61.635,61.687,61.747,61.57,61.51,61.635,
USDPEN,08/26/2026,3.3435,3.3415,3.3455,3.3516,3.3515,3.3389,3.3415,
USDMXN,08/26/2026,16.95635,16.9511,16.9616,16.979,16.9294,16.9179,16.9511,
USDNGN,08/26/2026,1345.1,1344.6,1345.6,1349.85,1347,1340.74,1344.6,
USDMYR,08/26/2026,4.0265,4.022,4.031,4.036,4.033,4.0165,4.022,
USDSGD,08/26/2026,1.27175,1.2717,1.2718,1.2722,1.2691,1.2685,1.2717,
EURBRL,08/26/2026,6.00035,5.9992,6.0015,6.0202,6.0114,5.9965,5.9992,
EURTRY,08/26/2026,56.10735,56.0966,56.1181,56.22,56.1632,55.77,56.0966,
EURGBP,08/26/2026,0.857,0.8567,0.8573,0.8574,0.8551,0.8548,0.8567,
ZARCNH,08/26/2026,0.42125,0.421,0.4215,0.4226,0.4214,0.42,0.421,
ZARHKD,08/26/2026,0.4912,0.491,0.4914,0.493,0.4918,0.4897,0.491,
AUDNZD,08/26/2026,1.20725,1.2066,1.2079,1.2073,1.1981,1.1974,1.2066,
CZKCNY,08/26/2026,0.3247,0.3246,0.3248,0.326,0.3257,0.3242,0.3246,
JPYCNH,08/26/2026,0.0421995,0.042189,0.04221,0.042292,0.042188,0.042158,0.042189,
JPYCNY,08/26/2026,0.0421945,0.042186,0.042203,0.042297,0.042213,0.042154,0.042186,0.04245
GBPCNH,08/26/2026,9.1405,9.1394,9.1416,9.1691,9.167,9.1329,9.1394,
CNHRUB,08/26/2026,12.550945,12.54841,12.55348,12.60973,12.4545,12.38978,12.54841,
CNHMYR,08/26/2026,0.59895,0.5982,0.5997,0.6022,0.6018,0.5976,0.5982,
USDKRW,08/26/2026,1385.155,1384.86,1385.45,1388.11,1382,1380.75,1384.86,
CNHKRW,08/26/2026,206.055,205.99,206.12,206.55,205.59,205.42,205.99,
CNHPHP,08/26/2026,9.1724,9.1685,9.1763,9.187,9.1644,9.1523,9.1685,
USDTHB,08/26/2026,32.83,32.81,32.85,32.85,32.67,32.64,32.81,
CNHTHB,08/26/2026,4.8821,4.8816,4.8826,4.887,4.8658,4.8604,4.8816,
CNYTHB,08/26/2026,4.88495,4.8805,4.8894,4.8812,4.8624,4.8551,4.8805,4.8551
CNHINR,08/26/2026,14.194655,14.19031,14.199,14.20886,14.19808,14.18752,14.19031,
CNHIDR,08/26/2026,2646.18,2645.43,2646.93,2645.43,2630.06,2626.61,2645.43,
AUDCNH,08/26/2026,4.8215,4.821,4.822,4.8294,4.8099,4.808,4.821,
AUDCNY,08/26/2026,4.82115,4.819,4.8233,4.8307,4.8117,4.8097,4.819,4.8351
NZDCNH,08/26/2026,3.9958,3.9951,3.9965,4.0153,3.9908,3.9889,3.9951,
NZDCNY,08/26/2026,3.9953,3.9943,3.9963,4.0187,4.0154,3.9863,3.9943,4.0323
NZDUSD,08/26/2026,0.5944,0.5942,0.5946,0.598,0.5973,0.5931,0.5942,
EURZAR,08/26/2026,18.5923,18.582,18.6026,18.6295,18.5907,18.5397,18.582,
ZARCNY,08/26/2026,0.4213,0.4211,0.4215,0.4227,0.4217,0.42,0.4211,0.42398
CNHKZT,08/26/2026,68.32475,68.2923,68.3572,68.5511,68.1255,68.0293,68.2923,
HKDCNY,08/26/2026,0.85762,0.85756,0.85768,0.85765,0.85736,0.857,0.85756,0.86523
SGDCNY,08/26/2026,5.28635,5.2858,5.2869,5.2957,5.2949,5.2825,5.2858,5.32
CHFCNY,08/26/2026,8.34675,8.3457,8.3478,8.3899,8.3815,8.3346,8.3457,8.4252
CADCNY,08/26/2026,4.84465,4.844,4.8453,4.8585,4.8554,4.8379,4.844,4.8744
MYRCNY,08/26/2026,1.66965,1.6677,1.6716,1.6709,1.6606,1.6606,1.6677,1.673752
RUBCNY,08/26/2026,0.0797,0.0797,0.0797,0.0807,0.0805,0.0793,0.0797,0.08027
KRWCNY,08/26/2026,0.00485,0.00485,0.00485,0.00487,0.00486,0.00484,0.00485,0.004865
AEDCNY,08/26/2026,1.83035,1.8302,1.8305,1.8305,1.8296,1.8295,1.8302,1.836311
SARCNY,08/26/2026,1.79055,1.7904,1.7907,1.7905,1.7898,1.7896,1.7904,1.7963
TRYCNY,08/26/2026,0.13975,0.1397,0.1398,0.1398,0.1397,0.1393,0.1397,0.14035
MXNCNY,08/26/2026,0.39645,0.3963,0.3966,0.3971,0.3964,0.3957,0.3963,0.399361
EURUSD,08/26/2026,1.16505,1.1649,1.1652,1.1677,1.1673,1.1641,1.1649,
USDRUB,08/26/2026,84.375,84.3705,84.3795,84.75,83.4955,83.2705,84.3705,
USDCZK,08/26/2026,20.704,20.697,20.711,20.72,20.607,20.59,20.697,
AUDUSD,08/26/2026,0.71695,0.7167,0.7172,0.7188,0.716,0.7157,0.7167,
EURCNH,08/26/2026,7.83355,7.8318,7.8353,7.8464,7.8412,7.8264,7.8318,
EURCNY,08/26/2026,7.83295,7.8306,7.8353,7.8474,7.8446,7.8241,7.8306,7.8807
GBPCNY,08/26/2026,9.13945,9.1359,9.143,9.1739,9.1712,9.129,9.1359,9.2127
GBPUSD,08/26/2026,1.35945,1.3593,1.3596,1.3651,1.3648,1.3581,1.3593,
USDCHF,08/26/2026,0.80545,0.8054,0.8055,0.8062,0.8014,0.8004,0.8054,
USDCNH,08/26/2026,6.7226,6.7216,6.7236,6.724,6.7171,6.7137,6.7216,
CNHCNY,08/26/2026,1.00005,0.9998,1.0003,1.0008,1,0.9996,0.9998,
THBCNY,08/26/2026,0.20478,0.20464,0.20492,0.20571,0.20551,0.20439,0.20464,0.205969
INRCNY,08/26/2026,7.0452,7.0437,7.0467,7.0452,7.0428,7.0424,7.0437,
IDRCNY,08/26/2026,0.037985,0.03797,0.038,0.038,0.03794,0.03789,0.03797,
BRLCNY,08/26/2026,1.30535,1.3052,1.3055,1.3076,1.3049,1.3009,1.3052,
ARSCNY,08/27/2026,0.0044,0.0044,0.0044,0.0044,0.0044,0.0044,0.0044,
PHPCNY,08/27/2026,0.108565,0.1085,0.10863,0.10906,0.10898,0.10843,0.1085,
NGNCNY,08/27/2026,0.005005,0.005,0.00501,0.00502,0.00499,0.00499,0.005,
PENCNY,08/27/2026,2.005,2,2.01,2.01,2.01,2,2,
KZTCNY,08/27/2026,14.496,14.4911,14.5009,14.6418,14.6307,14.4527,14.4911,
UGXCNY,08/27/2026,0.17895,0.1787,0.1792,0.1807,0.1798,0.1786,0.1787,
TZSCNY,08/27/2026,0.25385,0.2522,0.2555,0.2523,0.2522,0.252,0.2522,
CLPCNY,08/27/2026,0.07255,0.0725,0.0726,0.073,0.0729,0.0723,0.0725,
VNDCNY,08/27/2026,2.5768,2.5766,2.577,2.5771,2.5751,2.5744,2.5766,
RSDCNY,08/27/2026,0.6676,0.6673,0.6679,0.668,0.6663,0.6649,0.6673,
UZSCNY,08/27/2026,0.56945,0.5692,0.5697,0.5703,0.5683,0.5673,0.5692,
GHSCNY,08/27/2026,0.59865,0.5973,0.6,0.6002,0.6002,0.5869,0.5973,
GNFCNY,08/27/2026,0.7645,0.7636,0.7654,0.7639,0.7639,0.7567,0.7636,
KESCNY,08/27/2026,0.05195,0.0519,0.052,0.0519,0.0519,0.0519,0.0519,
ZMWCNY,08/27/2026,0.3532,0.3527,0.3537,0.3546,0.3532,0.3518,0.3527,
DJFCNY,08/27/2026,0.3774,0.3764,0.3784,0.3765,0.3765,0.3763,0.3764,
MADCNY,08/27/2026,0.7261,0.7258,0.7264,0.7271,0.7254,0.7245,0.7258,
USDCNY,08/27/2026,6.7199,6.7198,6.72,6.7227,6.7212,6.7193,6.7198,6.784
USDRSD,08/27/2026,100.66,100.62,100.7,100.76,100.6,100.51,100.62,
USDUZS,08/27/2026,11801.23,11796.23,11806.23,11818.69,11818.69,11775,11796.23,
USDKZT,08/27/2026,464.925,464.9,464.95,464.9,459.16,458.83,464.9,
USDXOF,08/27/2026,563,559.5,566.5,563,559,559,559.5,
EURXOF,08/27/2026,662.5005,654.955,670.046,654.983,654.354,654.354,654.955,
USDGNF,08/27/2026,8790,8780,8800,8780,8780,8750,8780,
EURGNF,08/27/2026,10242.55,10229.58,10255.52,10236.6,10227.82,10190.25,10229.58,
USDGHS,08/27/2026,11.225,11.2,11.25,11.2,11.15,11,11.2,
USDKES,08/27/2026,129.4,129.3,129.5,129.4,129.35,129.15,129.3,
USDUGX,08/27/2026,3754.76,3749.76,3759.76,3752,3729.52,3710,3749.76,
USDDJF,08/27/2026,178.075,177.6,178.55,177.6,177.6,177.55,177.6,
USDCAD,08/27/2026,1.38545,1.3854,1.3855,1.3891,1.3876,1.3849,1.3854,
USDEUR,08/27/2026,0.8582,0.8581,0.8583,0.8593,0.8582,0.8576,0.8581,
USDHKD,08/27/2026,7.8386,7.8385,7.8387,7.8406,7.8386,7.8373,7.8385,
EURHKD,08/27/2026,9.13425,9.133,9.1355,9.1407,9.1331,9.1184,9.133,
USDAUD,08/27/2026,1.38995,1.3899,1.39,1.3951,1.3943,1.3889,1.3899,
USDVND,08/27/2026,26078,26076,26080,26103,26099,26049,26076,
USDARS,08/27/2026,1512.25,1512,1512.5,1514.25,1514.25,1500,1512,
USDZAR,08/27/2026,15.9958,15.9866,16.005,16.0214,15.952,15.9294,15.9866,
USDAOA,08/27/2026,919.6,912.9,926.3,913,912.799,912.799,912.9,
EURAOA,08/27/2026,1071.565,1063.62,1079.51,1064.28,1063.32,1062.25,1063.62,
USDCDF,08/27/2026,2295,2290,2300,2290,2290,2253,2290,
USDZWG,08/27/2026,27.02315,25.6985,28.3478,25.831,25.831,25.566,25.6985,
USDZMW,08/27/2026,19.025,19,19.05,19.05,19,18.9,19,
USDTRY,08/27/2026,48.14105,47.7758,48.5063,48.1614,48.108,47.7562,47.7758,
USDTZS,08/27/2026,2647.5,2630,2665,2635,2625,2625,2630,
EURAUD,08/27/2026,1.6199,1.6194,1.6204,1.6253,1.6249,1.6181,1.6194,
USDJPY,08/27/2026,159.395,159.39,159.4,159.52,159.29,159.1,159.39,
USDMAD,08/27/2026,9.2546,9.2506,9.2586,9.2676,9.2591,9.2323,9.2506,
USDBRL,08/27/2026,5.1618,5.1615,5.1621,5.1753,5.1495,5.1404,5.1615,
USDIDR,08/27/2026,17720,17715,17725,17780,17750,17715,17715,
USDINR,08/27/2026,95.545,95.54,95.55,95.56,95.41,95.3975,95.54,
USDCLP,08/27/2026,926.4,925.86,926.94,928.79,921,920.42,925.86,
USDAED,08/27/2026,3.673,3.6729,3.6731,3.6734,3.6729,3.6723,3.6729,
USDSAR,08/27/2026,3.7546,3.7545,3.7547,3.7545,3.7545,3.7535,3.7545,
USDPHP,08/27/2026,61.8975,61.861,61.934,61.937,61.635,61.585,61.861,
USDPEN,08/27/2026,3.3511,3.3492,3.353,3.3528,3.3465,3.3414,3.3492,
USDMXN,08/27/2026,16.9845,16.971,16.998,17,16.9519,16.9275,16.971,
USDNGN,08/27/2026,1342.33,1341.64,1343.02,1344.69,1341.05,1336.42,1341.64,
USDMYR,08/27/2026,4.033,4.03,4.036,4.036,4.02,4.02,4.03,
USDSGD,08/27/2026,1.27135,1.2711,1.2716,1.2721,1.2717,1.2697,1.2711,
EURBRL,08/27/2026,6.0148,6.0137,6.0159,6.0297,5.9992,5.9861,6.0137,
EURTRY,08/27/2026,56.17335,55.9532,56.3935,56.2481,56.0884,55.83,55.9532,
EURGBP,08/27/2026,0.85735,0.8572,0.8575,0.8578,0.857,0.8567,0.8572,
ZARCNH,08/27/2026,0.42,0.4199,0.4201,0.4216,0.421,0.4192,0.4199,
ZARHKD,08/27/2026,0.49005,0.4898,0.4903,0.4918,0.491,0.489,0.4898,
AUDNZD,08/27/2026,1.20935,1.2087,1.21,1.2094,1.2053,1.2052,1.2087,
CZKCNY,08/27/2026,0.3243,0.3242,0.3244,0.3248,0.3244,0.3236,0.3242,
JPYCNH,08/27/2026,0.0421555,0.042154,0.042157,0.042235,0.042189,0.042119,0.042154,
JPYCNY,08/27/2026,0.042159,0.042157,0.042161,0.042236,0.042186,0.042126,0.042157,0.042491
GBPCNH,08/27/2026,9.13365,9.1327,9.1346,9.1381,9.1314,9.1202,9.1327,
CNHRUB,08/27/2026,12.844995,12.84341,12.84658,12.84684,12.5499,12.54617,12.84341,
CNHMYR,08/27/2026,0.60025,0.5998,0.6007,0.6005,0.5983,0.5981,0.5998,
USDKRW,08/27/2026,1381.76,1381.4,1382.12,1385.84,1384.16,1376.9,1381.4,
CNHKRW,08/27/2026,205.5,205.41,205.59,206.03,205.78,204.74,205.41,
CNHPHP,08/27/2026,9.2118,9.2061,9.2175,9.2138,9.1673,9.1659,9.2061,
USDTHB,08/27/2026,32.885,32.86,32.91,32.9,32.81,32.76,32.86,
CNHTHB,08/27/2026,4.8926,4.8921,4.8931,4.897,4.8831,4.8764,4.8921,
CNYTHB,08/27/2026,4.88985,4.8854,4.8943,4.8913,4.879,4.8727,4.8854,4.8663
CNHINR,08/27/2026,14.21938,14.21853,14.22023,14.22107,14.192,14.18778,14.21853,
CNHIDR,08/27/2026,2638.5,2637,2640,2657.4,2627.75,2627.75,2637,
AUDCNH,08/27/2026,4.83475,4.8341,4.8354,4.8358,4.8167,4.8167,4.8341,
AUDCNY,08/27/2026,4.834,4.8336,4.8344,4.8362,4.8156,4.8143,4.8336,4.8488
NZDCNH,08/27/2026,3.99855,3.9979,3.9992,4.0019,3.9859,3.9859,3.9979,
NZDCNY,08/27/2026,3.9987,3.9983,3.9991,4.0024,3.9929,3.9879,3.9983,4.0177
NZDUSD,08/27/2026,0.5951,0.595,0.5952,0.5956,0.5941,0.5935,0.595,
EURZAR,08/27/2026,18.64315,18.6346,18.6517,18.6529,18.5871,18.5633,18.6346,
ZARCNY,08/27/2026,0.42015,0.4199,0.4204,0.4216,0.4211,0.4193,0.4199,0.423657
CNHKZT,08/27/2026,69.19195,69.1877,69.1962,69.2001,68.3004,68.2661,69.1877,
HKDCNY,08/27/2026,0.857285,0.85726,0.85731,0.85761,0.85755,0.85713,0.85726,0.86535
SGDCNY,08/27/2026,5.28565,5.2845,5.2868,5.291,5.2858,5.2805,5.2845,5.3144
CHFCNY,08/27/2026,8.35655,8.3559,8.3572,8.3685,8.3426,8.3328,8.3559,8.3987
CADCNY,08/27/2026,4.85035,4.8501,4.8506,4.8509,4.844,4.8365,4.8501,4.8652
MYRCNY,08/27/2026,1.66625,1.665,1.6675,1.6687,1.666,1.6631,1.665,1.678641
RUBCNY,08/27/2026,0.07785,0.0778,0.0779,0.0796,0.0796,0.0778,0.0778,0.079685
KRWCNY,08/27/2026,0.00486,0.00486,0.00486,0.00488,0.00485,0.00485,0.00486,0.004873
AEDCNY,08/27/2026,1.82955,1.8295,1.8296,1.8304,1.8302,1.8291,1.8295,1.838168
SARCNY,08/27/2026,1.7898,1.7897,1.7899,1.7905,1.7904,1.7891,1.7897,1.798076
TRYCNY,08/27/2026,0.1396,0.1385,0.1407,0.1398,0.1397,0.1385,0.1385,0.140415
MXNCNY,08/27/2026,0.39565,0.3953,0.396,0.3967,0.3963,0.3951,0.3953,0.399568
EURUSD,08/27/2026,1.16525,1.1651,1.1654,1.1659,1.1649,1.1636,1.1651,
USDRUB,08/27/2026,86.31,86.3,86.32,86.3205,84.3955,84.3955,86.3,
USDCZK,08/27/2026,20.7195,20.713,20.726,20.752,20.693,20.67,20.713,
AUDUSD,08/27/2026,0.71945,0.7194,0.7195,0.7197,0.7167,0.7163,0.7194,
EURCNH,08/27/2026,7.82945,7.8277,7.8312,7.8365,7.8305,7.8192,7.8277,
EURCNY,08/27/2026,7.83,7.8292,7.8308,7.837,7.8293,7.8177,7.8292,7.8739
GBPCNY,08/27/2026,9.13505,9.1329,9.1372,9.1404,9.1379,9.1169,9.1329,9.1859
GBPUSD,08/27/2026,1.3593,1.3592,1.3594,1.3602,1.3593,1.3567,1.3592,
USDCHF,08/27/2026,0.80415,0.8041,0.8042,0.8061,0.8051,0.8027,0.8041,
USDCNH,08/27/2026,6.7195,6.7185,6.7205,6.7229,6.7226,6.7168,6.7185,
CNHCNY,08/27/2026,1.0001,1.0001,1.0001,1.0003,1,0.9996,1.0001,
THBCNY,08/27/2026,0.204345,0.20419,0.2045,0.20502,0.20464,0.20407,0.20419,0.205495
INRCNY,08/27/2026,7.03325,7.0328,7.0337,7.0448,7.0437,7.0314,7.0328,
IDRCNY,08/27/2026,0.03792,0.03791,0.03793,0.03797,0.03796,0.03776,0.03791,
BRLCNY,08/27/2026,1.30185,1.3018,1.3019,1.3077,1.3052,1.2981,1.3018,
ARSCNY,08/28/2026,0.0044,0.0044,0.0044,0.0044,0.0044,0.0044,0.0044,
PHPCNY,08/28/2026,0.10799,0.10787,0.10811,0.10863,0.10845,0.10762,0.10787,
NGNCNY,08/28/2026,0.005015,0.00501,0.00502,0.00503,0.005,0.005,0.00501,
PENCNY,08/28/2026,2.01,2.01,2.01,2.01,2,2,2.01,
KZTCNY,08/28/2026,14.51175,14.5048,14.5187,14.5213,14.4527,14.4169,14.5048,
UGXCNY,08/28/2026,0.17845,0.1782,0.1787,0.1802,0.1787,0.1778,0.1782,
TZSCNY,08/28/2026,0.25435,0.2524,0.2563,0.2527,0.2522,0.2521,0.2524,
CLPCNY,08/28/2026,0.0722,0.0721,0.0723,0.0728,0.0725,0.072,0.0721,
VNDCNY,08/28/2026,2.57995,2.5794,2.5805,2.5794,2.5768,2.5715,2.5794,
RSDCNY,08/28/2026,0.6643,0.664,0.6646,0.6676,0.6661,0.6621,0.664,
UZSCNY,08/28/2026,0.5691,0.5688,0.5694,0.5694,0.5692,0.5674,0.5688,
GHSCNY,08/28/2026,0.5993,0.5979,0.6007,0.6,0.5973,0.5921,0.5979,
GNFCNY,08/28/2026,0.76525,0.7643,0.7662,0.7643,0.7636,0.7567,0.7643,
KESCNY,08/28/2026,0.05195,0.0519,0.052,0.0519,0.0519,0.0519,0.0519,
ZMWCNY,08/28/2026,0.3535,0.353,0.354,0.3556,0.3528,0.3527,0.353,
DJFCNY,08/28/2026,0.37775,0.3767,0.3788,0.3767,0.3764,0.3764,0.3767,
MADCNY,08/28/2026,0.7238,0.7235,0.7241,0.7269,0.7258,0.7232,0.7235,
USDCNY,08/28/2026,6.7267,6.726,6.7274,6.726,6.7205,6.7198,6.726,6.7811
USDRSD,08/28/2026,101.255,101.22,101.29,101.26,100.59,100.53,101.22,
USDUZS,08/28/2026,11820.48,11815.48,11825.48,11815.48,11796.23,11775,11815.48,
USDKZT,08/28/2026,463.535,463.36,463.71,466.14,463.67,462.53,463.36,
USDXOF,08/28/2026,563.25,559.75,566.75,560,559.5,559.5,559.75,
EURXOF,08/28/2026,662.5005,654.943,670.058,654.983,654.309,654.309,654.943,
USDGNF,08/28/2026,8790,8780,8800,8780,8780,8750,8780,
EURGNF,08/28/2026,10183.215,10170.75,10195.68,10234.85,10229.58,10130.75,10170.75,
USDGHS,08/28/2026,11.225,11.2,11.25,11.23,11.15,11,11.2,
USDKES,08/28/2026,129.4,129.3,129.5,129.41,129.15,129.15,129.3,
USDUGX,08/28/2026,3768.81,3763.81,3773.81,3770,3749.76,3720,3763.81,
USDDJF,08/28/2026,178.075,177.6,178.55,177.6,177.6,177.55,177.6,
USDCAD,08/28/2026,1.39045,1.3901,1.3908,1.3909,1.3854,1.3842,1.3901,
USDEUR,08/28/2026,0.8632,0.8631,0.8633,0.8637,0.8581,0.8576,0.8631,
USDHKD,08/28/2026,7.8402,7.8394,7.841,7.8406,7.838,7.8376,7.8394,
EURHKD,08/28/2026,9.0825,9.0804,9.0846,9.1387,9.132,9.0747,9.0804,
USDAUD,08/28/2026,1.39625,1.3957,1.3968,1.3974,1.3899,1.387,1.3957,
USDVND,08/28/2026,26072.5,26070,26075,26128,26128,26070,26070,
USDARS,08/28/2026,1512.75,1512.25,1513.25,1513.5,1512,1505,1512.25,
USDZAR,08/28/2026,16.18,16.175,16.185,16.1861,15.9833,15.9576,16.175,
USDAOA,08/28/2026,917,912,922,913,912.9,912,912,
EURAOA,08/28/2026,1062.345,1056.46,1068.23,1064.05,1063.62,1056.1,1056.46,
USDCDF,08/28/2026,2295,2290,2300,2290,2290,2253,2290,
USDZWG,08/28/2026,27.1612,26.4742,27.8482,26.4742,25.7037,25.566,26.4742,
USDZMW,08/28/2026,19.03,19.005,19.055,19.005,18.95,18.85,19.005,
USDTRY,08/28/2026,48.24185,48.2338,48.2499,48.2673,47.9154,47.6796,48.2338,
USDTZS,08/28/2026,2645,2625,2665,2635,2625,2625,2625,
EURAUD,08/28/2026,1.617,1.6164,1.6176,1.6199,1.6194,1.6162,1.6164,
USDJPY,08/28/2026,160.065,160.04,160.09,160.2,159.39,159.28,160.04,
USDMAD,08/28/2026,9.2935,9.291,9.296,9.294,9.2506,9.2316,9.291,
USDBRL,08/28/2026,5.19315,5.1928,5.1935,5.2302,5.1615,5.157,5.1928,
USDIDR,08/28/2026,17690,17685,17695,17715,17710,17670,17685,
USDINR,08/28/2026,95.38,95.37,95.39,95.57,95.54,95.32,95.37,
USDCLP,08/28/2026,931.48,930.58,932.38,932.38,925.86,921.98,930.58,
USDAED,08/28/2026,3.673,3.6725,3.6735,3.6734,3.6728,3.6721,3.6725,
USDSAR,08/28/2026,3.7544,3.7542,3.7546,3.7545,3.7545,3.7535,3.7542,
USDPHP,08/28/2026,62.289,62.227,62.351,62.382,61.871,61.8,62.227,
USDPEN,08/28/2026,3.351,3.349,3.353,3.36,3.3493,3.343,3.349,
USDMXN,08/28/2026,17.03535,17.0301,17.0406,17.068,16.971,16.9392,17.0301,
USDNGN,08/28/2026,1340.4,1338.96,1341.84,1342.57,1341.66,1334.94,1338.96,
USDMYR,08/28/2026,4.026,4.022,4.03,4.029,4.023,4.013,4.022,
USDSGD,08/28/2026,1.27495,1.2745,1.2754,1.2753,1.2712,1.2695,1.2745,
EURBRL,08/28/2026,6.01625,6.0153,6.0172,6.0597,6.0137,6.0053,6.0153,
EURTRY,08/28/2026,55.8851,55.8836,55.8866,56.2738,56.0112,55.6839,55.8836,
EURGBP,08/28/2026,0.8558,0.8555,0.8561,0.8577,0.8571,0.8552,0.8555,
ZARCNH,08/28/2026,0.41625,0.4159,0.4166,0.421,0.4198,0.4156,0.4159,
ZARHKD,08/28/2026,0.48485,0.4844,0.4853,0.491,0.4897,0.484,0.4844,
AUDNZD,08/28/2026,1.21145,1.2109,1.212,1.2115,1.2085,1.2069,1.2109,
CZKCNY,08/28/2026,0.3228,0.3223,0.3233,0.3244,0.3242,0.3221,0.3223,
JPYCNH,08/28/2026,0.042053,0.04204,0.042066,0.042181,0.042149,0.042008,0.04204,
JPYCNY,08/28/2026,0.042046,0.042034,0.042058,0.042172,0.042157,0.041999,0.042034,0.042428
GBPCNH,08/28/2026,9.1105,9.1065,9.1145,9.1376,9.1284,9.1026,9.1065,
CNHRUB,08/28/2026,12.79861,12.79604,12.80118,12.84704,12.84131,12.70426,12.79604,
CNHMYR,08/28/2026,0.5981,0.5974,0.5988,0.5998,0.5997,0.597,0.5974,
USDKRW,08/28/2026,1377.32,1376.49,1378.15,1381.96,1381.08,1370.4,1376.49,
CNHKRW,08/28/2026,204.2,204.13,204.27,205.54,205.2,203.9,204.13,
CNHPHP,08/28/2026,9.2535,9.244,9.263,9.2705,9.2058,9.1966,9.244,
USDTHB,08/28/2026,33.155,33.12,33.19,33.16,32.86,32.83,33.12,
CNHTHB,08/28/2026,4.9019,4.9014,4.9024,4.912,4.8928,4.89,4.9014,
CNYTHB,08/28/2026,4.9158,4.9113,4.9203,4.9144,4.8895,4.8888,4.9113,4.8803
CNHINR,08/28/2026,14.16984,14.16625,14.17343,14.22255,14.2162,14.16378,14.16625,
CNHIDR,08/28/2026,2631.5,2630,2633,2643.94,2631.35,2630,2630,
AUDCNH,08/28/2026,4.8213,4.8181,4.8245,4.8423,4.8283,4.817,4.8181,
AUDCNY,08/28/2026,4.82015,4.8175,4.8228,4.8429,4.8329,4.8141,4.8175,4.855
NZDCNH,08/28/2026,3.97955,3.9761,3.983,4.009,3.9911,3.9747,3.9761,
NZDCNY,08/28/2026,3.97955,3.977,3.9821,4.0096,3.9969,3.9729,3.977,4.0208
NZDUSD,08/28/2026,0.5913,0.591,0.5916,0.5965,0.5948,0.5903,0.591,
EURZAR,08/28/2026,18.7419,18.717,18.7668,18.7463,18.6268,18.5786,18.717,
ZARCNY,08/28/2026,0.41595,0.4156,0.4163,0.421,0.4198,0.4153,0.4156,0.422494
CNHKZT,08/28/2026,68.86365,68.8274,68.8999,69.3516,68.9675,68.8088,68.8274,
HKDCNY,08/28/2026,0.857975,0.8578,0.85815,0.85795,0.85719,0.85701,0.8578,0.86498
SGDCNY,08/28/2026,5.27605,5.2736,5.2785,5.291,5.2858,5.2716,5.2736,5.3142
CHFCNY,08/28/2026,8.3112,8.3088,8.3136,8.3714,8.3497,8.3017,8.3088,8.4056
CADCNY,08/28/2026,4.8378,4.8361,4.8395,4.8542,4.8501,4.8343,4.8361,4.8716
MYRCNY,08/28/2026,1.67085,1.669,1.6727,1.6708,1.6646,1.6646,1.669,1.676727
RUBCNY,08/28/2026,0.0781,0.0781,0.0781,0.0787,0.0778,0.0778,0.0781,0.078192
KRWCNY,08/28/2026,0.004885,0.00488,0.00489,0.0049,0.00486,0.00485,0.00488,0.004875
AEDCNY,08/28/2026,1.8314,1.831,1.8318,1.8314,1.8295,1.8292,1.831,1.837357
SARCNY,08/28/2026,1.7917,1.7914,1.792,1.7914,1.7897,1.7891,1.7914,1.797333
TRYCNY,08/28/2026,0.13945,0.1394,0.1395,0.1396,0.1388,0.1379,0.1394,0.140326
MXNCNY,08/28/2026,0.39485,0.3947,0.395,0.3966,0.3953,0.394,0.3947,0.398979
EURUSD,08/28/2026,1.1585,1.1584,1.1586,1.1657,1.1651,1.1577,1.1584,
USDRUB,08/28/2026,86.15,86.1455,86.1545,86.3,86.3,85.3955,86.1455,
USDCZK,08/28/2026,20.839,20.809,20.869,20.844,20.712,20.678,20.809,
AUDUSD,08/28/2026,0.7162,0.7159,0.7165,0.7207,0.7194,0.7154,0.7159,
EURCNH,08/28/2026,7.7961,7.7956,7.7966,7.8313,7.8269,7.7925,7.7956,
EURCNY,08/28/2026,7.79585,7.7945,7.7972,7.8329,7.8292,7.7905,7.7945,7.8683
GBPCNY,08/28/2026,9.1096,9.1074,9.1118,9.1373,9.1322,9.0964,9.1074,9.1819
GBPUSD,08/28/2026,1.35355,1.3534,1.3537,1.3598,1.3592,1.3524,1.3534,
USDCHF,08/28/2026,0.80935,0.8092,0.8095,0.8098,0.8044,0.8027,0.8092,
USDCNH,08/28/2026,6.7312,6.7302,6.7322,6.7327,6.7185,6.7162,6.7302,
CNHCNY,08/28/2026,0.99935,0.9991,0.9996,1.0003,0.9999,0.9988,0.9991,
THBCNY,08/28/2026,0.202885,0.20265,0.20312,0.20444,0.20425,0.20259,0.20265,0.204905
INRCNY,08/28/2026,7.05255,7.0511,7.054,7.0512,7.0328,7.0318,7.0511,
IDRCNY,08/28/2026,0.038025,0.03801,0.03804,0.03801,0.03792,0.03791,0.03801,
BRLCNY,08/28/2026,1.2953,1.2951,1.2955,1.303,1.3018,1.2857,1.2951,
ARSCNY,08/31/2026,0.0045,0.0045,0.0045,0.0045,0.0044,0.0044,0.0045,
PHPCNY,08/31/2026,0.107715,0.10768,0.10775,0.10803,0.10801,0.10744,0.10768,
NGNCNY,08/31/2026,0.005025,0.00502,0.00503,0.00503,0.00502,0.00499,0.00502,
PENCNY,08/31/2026,2,2,2,2.01,2.01,1.99,2,
KZTCNY,08/31/2026,14.57255,14.5669,14.5782,14.6243,14.4583,14.4354,14.5669,
UGXCNY,08/31/2026,0.17755,0.1773,0.1778,0.1809,0.1782,0.1772,0.1773,
TZSCNY,08/31/2026,0.25405,0.2526,0.2555,0.2526,0.2524,0.2517,0.2526,
CLPCNY,08/31/2026,0.07195,0.0719,0.072,0.0723,0.0721,0.0717,0.0719,
VNDCNY,08/31/2026,2.57725,2.577,2.5775,2.5797,2.5796,2.5766,2.577,
RSDCNY,08/31/2026,0.665,0.664,0.666,0.6654,0.6641,0.6619,0.664,
UZSCNY,08/31/2026,0.56845,0.5682,0.5687,0.5688,0.5688,0.5673,0.5682,
GHSCNY,08/31/2026,0.59735,0.5947,0.6,0.5994,0.5926,0.5868,0.5947,
GNFCNY,08/31/2026,0.7645,0.7636,0.7654,0.7636,0.7574,0.7567,0.7636,
KESCNY,08/31/2026,0.05195,0.0519,0.052,0.0519,0.0519,0.0518,0.0519,
ZMWCNY,08/31/2026,0.35305,0.3526,0.3535,0.3546,0.353,0.3513,0.3526,
DJFCNY,08/31/2026,0.37735,0.3763,0.3784,0.3772,0.3768,0.3763,0.3763,
MADCNY,08/31/2026,0.7225,0.7222,0.7228,0.7238,0.7238,0.7209,0.7222,
USDCNY,08/31/2026,6.71975,6.7197,6.7198,6.7266,6.7265,6.7187,6.7197,6.7828
USDRSD,08/31/2026,101.05,100.9,101.2,101.21,101.15,100.84,100.9,
USDUZS,08/31/2026,11820.48,11815.48,11825.48,11815.48,11815.48,11775,11815.48,
USDKZT,08/31/2026,461.125,460.95,461.3,464.99,464.88,459.44,460.95,
USDXOF,08/31/2026,565.75,562.25,569.25,562.25,559.75,559.75,562.25,
EURXOF,08/31/2026,662.5,654.983,670.017,654.983,654.943,654.943,654.983,
USDGNF,08/31/2026,8790,8780,8800,8797.87,8780,8750,8780,
EURGNF,08/31/2026,10211.785,10198.85,10224.72,10207.29,10167.24,10159.95,10198.85,
USDGHS,08/31/2026,11.25,11.2,11.3,11.25,11.15,11.1,11.2,
USDKES,08/31/2026,129.45,129.35,129.55,129.4,129.35,129.15,129.35,
USDUGX,08/31/2026,3785,3780,3790,3782,3763.81,3705,3780,
USDDJF,08/31/2026,178.075,177.6,178.55,177.6,177.55,177.55,177.6,
USDCAD,08/31/2026,1.38545,1.3854,1.3855,1.3911,1.39,1.3851,1.3854,
USDEUR,08/31/2026,0.8608,0.8607,0.8609,0.8636,0.8629,0.8604,0.8607,
USDHKD,08/31/2026,7.83875,7.8385,7.839,7.8408,7.8394,7.8368,7.8385,
EURHKD,08/31/2026,9.1069,9.1064,9.1074,9.1092,9.0774,9.0733,9.1064,
USDAUD,08/31/2026,1.3953,1.3951,1.3955,1.3976,1.3961,1.3939,1.3951,
USDVND,08/31/2026,26072.5,26070,26075,,,,26070,
USDARS,08/31/2026,1508.75,1508.5,1509,1511,1505,1505,1508.5,
USDZAR,08/31/2026,16.1413,16.1363,16.1463,16.1949,16.1137,16.0883,16.1363,
USDAOA,08/31/2026,919.612,912.912,926.312,912.912,912.9,912,912.912,
EURAOA,08/31/2026,1068.36,1060.44,1076.28,1060.8,1057.14,1056.5,1060.44,
USDCDF,08/31/2026,2295,2290,2300,2290,2290,2253,2290,
USDZWG,08/31/2026,27.136,25.8058,28.4662,25.9996,25.8362,25.333,25.8058,
USDZMW,08/31/2026,19.0334,19.0084,19.0584,19.08,18.9,18.9,19.0084,
USDTRY,08/31/2026,48.2085,48.16,48.257,48.2944,48.2385,48.0036,48.16,
USDTZS,08/31/2026,2645,2630,2660,2640,2625,2625,2630,
EURAUD,08/31/2026,1.62105,1.6207,1.6214,1.6218,1.6168,1.6162,1.6207,
USDJPY,08/31/2026,159.735,159.73,159.74,160.2,160.05,159.45,159.73,
USDMAD,08/31/2026,9.2941,9.2915,9.2967,9.3135,9.2725,9.2695,9.2915,
USDBRL,08/31/2026,5.184,5.1827,5.1853,5.1898,5.1841,5.1601,5.1827,
USDIDR,08/31/2026,17715,17710,17720,17755,17725,17705,17710,
USDINR,08/31/2026,95.1675,95.1625,95.1725,95.49,95.49,95.105,95.1625,
USDCLP,08/31/2026,934.25,933.8,934.7,935.8,929.6,927.18,933.8,
USDAED,08/31/2026,3.673,3.6729,3.6731,3.6733,3.6725,3.6721,3.6729,
USDSAR,08/31/2026,3.7546,3.7545,3.7547,3.7545,3.7542,3.7534,3.7545,
USDPHP,08/31/2026,62.383,62.362,62.404,62.42,62.231,62.193,62.362,
USDPEN,08/31/2026,3.3659,3.3643,3.3675,3.3746,3.3495,3.3491,3.3643,
USDMXN,08/31/2026,16.9945,16.979,17.01,17.0395,17.028,16.979,16.979,
USDNGN,08/31/2026,1337.31,1336.06,1338.56,1345.03,1336.7,1332.61,1336.06,
USDMYR,08/31/2026,4.026,4.022,4.03,,,,4.022,
USDSGD,08/31/2026,1.2711,1.2707,1.2715,1.275,1.2741,1.2706,1.2707,
EURBRL,08/31/2026,6.0243,6.0232,6.0254,6.028,6.0046,5.9852,6.0232,
EURTRY,08/31/2026,56.10255,56.008,56.1971,56.1124,55.9085,55.6379,56.008,
EURGBP,08/31/2026,0.85745,0.8573,0.8576,0.8574,0.8556,0.8551,0.8573,
ZARCNH,08/31/2026,0.4162,0.4161,0.4163,0.4175,0.4163,0.4151,0.4161,
ZARHKD,08/31/2026,0.48565,0.4855,0.4858,0.487,0.4848,0.4839,0.4855,
AUDNZD,08/31/2026,1.2113,1.2111,1.2115,1.2127,1.2103,1.2089,1.2111,
CZKCNY,08/31/2026,0.32315,0.323,0.3233,0.3233,0.3224,0.322,0.323,
JPYCNH,08/31/2026,0.0420575,0.042055,0.04206,0.042135,0.042041,0.041998,0.042055,
JPYCNY,08/31/2026,0.0420665,0.042065,0.042068,0.042133,0.042088,0.042026,0.042065,0.042285
GBPCNH,08/31/2026,9.1105,9.1065,9.1145,,,,9.1065,
CNHRUB,08/31/2026,12.846085,12.84503,12.84714,12.92411,12.79775,12.76901,12.84503,
CNHMYR,08/31/2026,0.5993,0.5987,0.5999,0.5987,0.5975,0.5973,0.5987,
USDKRW,08/31/2026,1367.35,1367.08,1367.62,1379.91,1376.81,1365.1,1367.08,
CNHKRW,08/31/2026,210.25,210.14,210.36,,,,210.14,
CNHPHP,08/31/2026,9.2535,9.244,9.263,,,,9.244,
USDTHB,08/31/2026,33.16,33.14,33.18,33.23,33.14,33.07,33.14,
CNHTHB,08/31/2026,4.936,4.9355,4.9365,4.9389,4.9356,4.922,4.9355,
CNYTHB,08/31/2026,4.93625,4.9317,4.9408,4.94,4.9212,4.9182,4.9317,4.912
CNHINR,08/31/2026,14.166045,14.16488,14.16721,14.20623,14.16814,14.15,14.16488,
CNHIDR,08/31/2026,2638.5,2636,2641,2653.37,2623.76,2623.76,2636,
AUDCNH,08/31/2026,4.8213,4.8181,4.8245,,,,4.8181,
AUDCNY,08/31/2026,4.81505,4.8116,4.8185,4.8221,4.8183,4.8049,4.8116,4.841
NZDCNH,08/31/2026,3.97955,3.9761,3.983,,,,3.9761,
NZDCNY,08/31/2026,3.9746,3.9713,3.9779,3.9804,3.9734,3.9683,3.9713,3.9994
NZDUSD,08/31/2026,0.59155,0.5915,0.5916,0.5922,0.5903,0.5899,0.5915,
EURZAR,08/31/2026,18.73345,18.7055,18.7614,18.7643,18.7026,18.6629,18.7055,
ZARCNY,08/31/2026,0.4163,0.4162,0.4164,0.4174,0.4166,0.415,0.4162,0.418463
CNHKZT,08/31/2026,68.6402,68.6121,68.6683,69.1638,68.8366,68.3579,68.6121,
HKDCNY,08/31/2026,0.857245,0.85721,0.85728,0.85798,0.85795,0.85709,0.85721,0.8651
SGDCNY,08/31/2026,5.287,5.2853,5.2887,5.2865,5.2745,5.2732,5.2853,5.304
CHFCNY,08/31/2026,8.31245,8.3093,8.3156,8.3268,8.315,8.2976,8.3093,8.3603
CADCNY,08/31/2026,4.8502,4.85,4.8504,4.8504,4.8333,4.8324,4.85,4.86
MYRCNY,08/31/2026,1.6691,1.6674,1.6708,1.6691,1.6691,1.6672,1.6674,1.679741
RUBCNY,08/31/2026,0.0779,0.0779,0.0779,0.0783,0.0781,0.0773,0.0779,0.078592
KRWCNY,08/31/2026,0.004915,0.00491,0.00492,0.00492,0.00488,0.00487,0.00491,0.004889
AEDCNY,08/31/2026,1.8295,1.8294,1.8296,1.8315,1.8314,1.8291,1.8294,1.839453
SARCNY,08/31/2026,1.78975,1.7897,1.7898,1.7915,1.7914,1.7891,1.7897,1.799467
TRYCNY,08/31/2026,0.13925,0.1392,0.1393,0.1395,0.1394,0.1381,0.1392,0.140146
MXNCNY,08/31/2026,0.3955,0.3952,0.3958,0.3954,0.3943,0.3942,0.3952,0.397599
EURUSD,08/31/2026,1.16175,1.1616,1.1619,1.162,1.158,1.1573,1.1616,
USDRUB,08/31/2026,86.3,86.2955,86.3045,86.85,86.3,85.8205,86.2955,
USDCZK,08/31/2026,20.794,20.783,20.805,20.829,20.809,20.768,20.783,
AUDUSD,08/31/2026,0.7167,0.7166,0.7168,0.717,0.7155,0.7149,0.7166,
EURCNH,08/31/2026,7.80455,7.8028,7.8063,7.806,7.7926,7.7845,7.8028,
EURCNY,08/31/2026,7.8076,7.803,7.8122,7.8035,7.7971,7.782,7.803,7.8344
GBPCNY,08/31/2026,9.1077,9.1022,9.1132,9.1164,9.1103,9.0921,9.1022,9.153
GBPUSD,08/31/2026,1.3549,1.3547,1.3551,1.3565,1.3527,1.3517,1.3547,
USDCHF,08/31/2026,0.8084,0.8081,0.8087,0.8098,0.8071,0.8067,0.8081,
USDCNH,08/31/2026,6.718,6.7178,6.7182,6.7321,6.7312,6.7169,6.7178,
CNHCNY,08/31/2026,1.00025,1.0002,1.0003,1.0003,0.9992,0.9989,1.0002,
THBCNY,08/31/2026,0.202645,0.20252,0.20277,0.20307,0.20277,0.20211,0.20252,0.203583
INRCNY,08/31/2026,7.06095,7.0605,7.0614,7.0647,7.0516,7.0369,7.0605,
IDRCNY,08/31/2026,0.03793,0.03792,0.03794,0.03801,0.03801,0.03779,0.03792,
BRLCNY,08/31/2026,1.29585,1.2958,1.2959,1.302,1.297,1.2944,1.2958,
ARSCNY,09/01/2026,0.0044,0.0044,0.0044,0.0045,0.0045,0.0044,0.0044,
PHPCNY,09/01/2026,0.107625,0.10754,0.10771,0.1078,0.10771,0.10747,0.10754,
NGNCNY,09/01/2026,0.00505,0.00505,0.00505,0.00505,0.00503,0.00501,0.00505,
PENCNY,09/01/2026,2,2,2,2,2,1.99,2,
KZTCNY,09/01/2026,14.66335,14.6569,14.6698,14.7071,14.5666,14.5336,14.6569,
UGXCNY,09/01/2026,0.178,0.1777,0.1783,0.178,0.1773,0.1771,0.1777,
TZSCNY,09/01/2026,0.25455,0.2526,0.2565,0.2527,0.2526,0.2517,0.2526,
CLPCNY,09/01/2026,0.0717,0.0716,0.0718,0.072,0.0719,0.0714,0.0716,
VNDCNY,09/01/2026,2.5777,2.5772,2.5782,2.5784,2.577,2.5769,2.5772,
RSDCNY,09/01/2026,0.66415,0.6638,0.6645,0.6656,0.6639,0.6622,0.6638,
UZSCNY,09/01/2026,0.5686,0.5683,0.5689,0.5685,0.5682,0.5673,0.5683,
GHSCNY,09/01/2026,0.5961,0.5947,0.5975,0.5994,0.5947,0.587,0.5947,
GNFCNY,09/01/2026,0.7646,0.7637,0.7655,0.764,0.7636,0.7567,0.7637,
KESCNY,09/01/2026,0.05195,0.0519,0.052,0.0519,0.0519,0.0518,0.0519,
ZMWCNY,09/01/2026,0.3531,0.3526,0.3536,0.3528,0.3526,0.3526,0.3526,
DJFCNY,09/01/2026,0.37745,0.3764,0.3785,0.3765,0.3763,0.3763,0.3764,
MADCNY,09/01/2026,0.71945,0.7191,0.7198,0.7233,0.7222,0.719,0.7191,
USDCNY,09/01/2026,6.7208,6.7202,6.7214,6.7233,6.7196,6.7194,6.7202,6.7809
USDRSD,09/01/2026,101.195,101.15,101.24,101.22,100.91,100.8,101.15,
USDUZS,09/01/2026,11820.48,11815.48,11825.48,11815.48,11815.48,11770,11815.48,
USDKZT,09/01/2026,458.34,458.18,458.5,462.05,460.96,457.03,458.18,
USDXOF,09/01/2026,565.75,562.25,569.25,562.25,562.25,560,562.25,
EURXOF,09/01/2026,662.5,654.96,670.04,654.983,654.684,654.684,654.96,
USDGNF,09/01/2026,8790,8780,8800,8780,8780,8750,8780,
EURGNF,09/01/2026,10190.69,10177.78,10203.6,10205.87,10198.85,10141.25,10177.78,
USDGHS,09/01/2026,11.275,11.25,11.3,11.25,11.2,11.1,11.25,
USDKES,09/01/2026,129.4,129.3,129.5,129.4,129.4,129.15,129.3,
USDUGX,09/01/2026,3775.71,3770.71,3780.71,3785,3780,3765,3770.71,
USDDJF,09/01/2026,178.075,177.6,178.55,177.6,177.6,177.55,177.6,
USDCAD,09/01/2026,1.38955,1.3893,1.3898,1.3906,1.3857,1.3842,1.3893,
USDEUR,09/01/2026,0.86255,0.8624,0.8627,0.8632,0.8607,0.8601,0.8624,
USDHKD,09/01/2026,7.841,7.8409,7.8411,7.8411,7.8385,7.8374,7.8409,
EURHKD,09/01/2026,9.0899,9.0895,9.0903,9.1123,9.1037,9.0804,9.0895,
USDAUD,09/01/2026,1.3996,1.3994,1.3998,1.4006,1.3951,1.3922,1.3994,
USDVND,09/01/2026,26072.5,26070,26075,,,,26070,
USDARS,09/01/2026,1512.75,1512.5,1513,1513,1508.5,1508.5,1512.5,
USDZAR,09/01/2026,16.1711,16.1606,16.1816,16.1892,16.1121,16.0615,16.1606,
USDAOA,09/01/2026,919.499,912.799,926.199,912.912,912.912,912,912.799,
EURAOA,09/01/2026,1066.025,1058.12,1073.93,1061.17,1060.44,1056.37,1058.12,
USDCDF,09/01/2026,2295,2290,2300,2290,2290,2253,2290,
USDZWG,09/01/2026,26.7991,25.4591,28.1391,26.7821,26.1291,25.333,25.4591,
USDZMW,09/01/2026,19.0334,19.0084,19.0584,,,,19.0084,
USDTRY,09/01/2026,48.2823,48.2782,48.2864,48.2903,48.2506,48.0594,48.2782,
USDTZS,09/01/2026,2640,2620,2660,2636,2630,2620,2620,
EURAUD,09/01/2026,1.6226,1.6222,1.623,1.6243,1.6207,1.6179,1.6222,
USDJPY,09/01/2026,160.18,160.17,160.19,160.27,159.73,159.62,160.17,
USDMAD,09/01/2026,9.3414,9.3374,9.3454,9.3389,9.2969,9.279,9.3374,
USDBRL,09/01/2026,5.15575,5.1557,5.1558,5.2013,5.1848,5.1371,5.1557,
USDIDR,09/01/2026,17715,17710,17720,17730,17710,17699,17710,
USDINR,09/01/2026,94.96,94.95,94.97,95.095,95,94.795,94.95,
USDCLP,09/01/2026,937.35,936.45,938.25,940.12,933.8,933.23,936.45,
USDAED,09/01/2026,3.673,3.6729,3.6731,3.673,3.6729,3.6724,3.6729,
USDSAR,09/01/2026,3.7545,3.7544,3.7546,3.7545,3.7545,3.7532,3.7544,
USDPHP,09/01/2026,62.4465,62.403,62.49,62.433,62.345,62.251,62.403,
USDPEN,09/01/2026,3.3625,3.3605,3.3645,3.373,3.3645,3.358,3.3605,
USDMXN,09/01/2026,16.9956,16.9783,17.0129,17.0188,16.979,16.9355,16.9783,
USDNGN,09/01/2026,1331.43,1330.93,1331.93,1336.6,1335.01,1328.8,1330.93,
USDMYR,09/01/2026,4.0395,4.036,4.043,4.037,4.02,4.02,4.036,
USDSGD,09/01/2026,1.27315,1.2728,1.2735,1.2737,1.2707,1.2702,1.2728,
EURBRL,09/01/2026,5.97735,5.9765,5.9782,6.0283,6.0202,5.9524,5.9765,
EURTRY,09/01/2026,56.01585,56.0016,56.0301,56.1587,56.0692,55.6325,56.0016,
EURGBP,09/01/2026,0.85785,0.8577,0.858,0.8577,0.8572,0.8558,0.8577,
ZARCNH,09/01/2026,0.4157,0.4154,0.416,0.4181,0.4161,0.4148,0.4154,
ZARHKD,09/01/2026,0.4849,0.4846,0.4852,0.4877,0.4855,0.4838,0.4846,
AUDNZD,09/01/2026,1.21295,1.2123,1.2136,1.2135,1.2113,1.2093,1.2123,
CZKCNY,09/01/2026,0.3218,0.3216,0.322,0.3234,0.3229,0.3212,0.3216,
JPYCNH,09/01/2026,0.041966,0.041963,0.041969,0.042075,0.042055,0.04194,0.041963,
JPYCNY,09/01/2026,0.0419575,0.041951,0.041964,0.042069,0.042047,0.041925,0.041951,0.042301
GBPCNH,09/01/2026,9.09905,9.0988,9.0993,9.0988,9.0988,9.0988,9.0988,
CNHRUB,09/01/2026,12.916255,12.91549,12.91702,12.95896,12.84561,12.71914,12.91549,
CNHMYR,09/01/2026,0.6009,0.6004,0.6014,0.6009,0.5987,0.5984,0.6004,
USDKRW,09/01/2026,1373.485,1373.07,1373.9,1374.87,1366.93,1363.9,1373.07,
CNHKRW,09/01/2026,210.25,210.14,210.36,,,,210.14,
CNHPHP,09/01/2026,9.26575,9.2655,9.266,9.2655,9.2655,9.2655,9.2655,
USDTHB,09/01/2026,33.31,33.29,33.33,33.31,33.14,33.11,33.29,
CNHTHB,09/01/2026,4.9553,4.9548,4.9558,4.9563,4.9347,4.9304,4.9548,
CNYTHB,09/01/2026,4.94575,4.9412,4.9503,4.9466,4.9321,4.929,4.9412,4.9238
CNHINR,09/01/2026,14.126435,14.12484,14.12803,14.16783,14.16551,14.10024,14.12484,
CNHIDR,09/01/2026,2635,2634,2636,2649.92,2630.84,2630.84,2634,
AUDCNH,09/01/2026,4.817,4.8165,4.8175,4.8165,4.8165,4.8165,4.8165,
AUDCNY,09/01/2026,4.802,4.8002,4.8038,4.8211,4.8156,4.7971,4.8002,4.8373
NZDCNH,09/01/2026,3.97125,3.971,3.9715,3.971,3.971,3.971,3.971,
NZDCNY,09/01/2026,3.95955,3.9575,3.9616,3.9756,3.9727,3.9548,3.9575,3.9928
NZDUSD,09/01/2026,0.58925,0.5891,0.5894,0.5928,0.5914,0.5885,0.5891,
EURZAR,09/01/2026,18.7465,18.733,18.76,18.7699,18.7351,18.6403,18.733,
ZARCNY,09/01/2026,0.4156,0.4153,0.4159,0.418,0.4162,0.4147,0.4153,0.419217
CNHKZT,09/01/2026,68.18355,68.1592,68.2079,68.7748,68.6152,67.97,68.1592,
HKDCNY,09/01/2026,0.857135,0.85705,0.85722,0.85753,0.85724,0.85699,0.85705,0.86498
SGDCNY,09/01/2026,5.2789,5.277,5.2808,5.2885,5.2849,5.2741,5.277,5.3115
CHFCNY,09/01/2026,8.28095,8.2792,8.2827,8.3174,8.3103,8.268,8.2792,8.3532
CADCNY,09/01/2026,4.8367,4.8354,4.838,4.8531,4.849,4.8312,4.8354,4.8687
MYRCNY,09/01/2026,1.6638,1.6622,1.6654,1.6674,1.6674,1.66,1.6622,1.677374
RUBCNY,09/01/2026,0.0774,0.0774,0.0774,0.0786,0.0779,0.0771,0.0774,0.07797
KRWCNY,09/01/2026,0.004895,0.00489,0.0049,0.00492,0.00492,0.00488,0.00489,0.004914
AEDCNY,09/01/2026,1.8298,1.8296,1.83,1.8306,1.8294,1.8291,1.8296,1.836345
SARCNY,09/01/2026,1.7901,1.7899,1.7903,1.7907,1.7897,1.7891,1.7899,1.7963
TRYCNY,09/01/2026,0.1392,0.1392,0.1392,0.1394,0.1392,0.1388,0.1392,0.139885
MXNCNY,09/01/2026,0.39545,0.395,0.3959,0.3967,0.395,0.3948,0.395,0.397978
EURUSD,09/01/2026,1.15935,1.1592,1.1595,1.1624,1.1616,1.1583,1.1592,
USDRUB,09/01/2026,86.825,86.8205,86.8295,87.1205,86.1,85.4955,86.8205,
USDCZK,09/01/2026,20.882,20.871,20.893,20.896,20.785,20.753,20.871,
AUDUSD,09/01/2026,0.7145,0.7144,0.7146,0.718,0.7165,0.7137,0.7144,
EURCNH,09/01/2026,7.79215,7.7904,7.7939,7.8069,7.8031,7.7856,7.7904,
EURCNY,09/01/2026,7.7911,7.7894,7.7928,7.8037,7.8024,7.7847,7.7894,7.8406
GBPCNY,09/01/2026,9.08315,9.0803,9.086,9.1078,9.1016,9.0743,9.0803,9.1431
GBPUSD,09/01/2026,1.3516,1.3515,1.3517,1.3559,1.354,1.3503,1.3515,
USDCHF,09/01/2026,0.8116,0.8115,0.8117,0.8124,0.8074,0.807,0.8115,
USDCNH,09/01/2026,6.72215,6.7221,6.7222,6.725,6.7178,6.716,6.7221,
CNHCNY,09/01/2026,0.9998,0.9997,0.9999,1.0004,1.0003,0.9994,0.9997,
THBCNY,09/01/2026,0.201765,0.20163,0.2019,0.20271,0.20252,0.20151,0.20163,0.203095
INRCNY,09/01/2026,7.0775,7.0761,7.0789,7.0893,7.0604,7.0602,7.0761,
IDRCNY,09/01/2026,0.037935,0.03792,0.03795,0.03795,0.03792,0.03788,0.03792,
BRLCNY,09/01/2026,1.30355,1.3034,1.3037,1.308,1.2959,1.2922,1.3034,
ARSCNY,09/02/2026,0.0044,0.0044,0.0044,0.0044,0.0044,0.0044,0.0044,
PHPCNY,09/02/2026,0.10735,0.10724,0.10746,0.10768,0.10761,0.10719,0.10724,
NGNCNY,09/02/2026,0.00506,0.00506,0.00506,0.00506,0.00505,0.00504,0.00506,
PENCNY,09/02/2026,2,2,2,2,2,2,2,
KZTCNY,09/02/2026,14.75665,14.7511,14.7622,14.7967,14.656,14.6448,14.7511,
UGXCNY,09/02/2026,0.17755,0.1773,0.1778,0.1781,0.1777,0.1771,0.1773,
TZSCNY,09/02/2026,0.25355,0.2521,0.255,0.2528,0.2527,0.2517,0.2521,
CLPCNY,09/02/2026,0.07165,0.0716,0.0717,0.072,0.0716,0.0714,0.0716,
VNDCNY,09/02/2026,2.57705,2.5767,2.5774,2.5789,2.5783,2.5767,2.5767,
RSDCNY,09/02/2026,0.6639,0.6636,0.6642,0.6647,0.6637,0.661,0.6636,
UZSCNY,09/02/2026,0.56875,0.5685,0.569,0.5687,0.5683,0.5665,0.5685,
GHSCNY,09/02/2026,0.5954,0.5946,0.5962,0.6002,0.5947,0.587,0.5946,
GNFCNY,09/02/2026,0.7644,0.7635,0.7653,0.7642,0.7637,0.7566,0.7635,
KESCNY,09/02/2026,0.05195,0.0519,0.052,0.0519,0.0519,0.0518,0.0519,
ZMWCNY,09/02/2026,0.35225,0.3518,0.3527,0.3547,0.3528,0.3514,0.3518,
DJFCNY,09/02/2026,0.3773,0.3763,0.3783,0.3766,0.3764,0.3763,0.3763,
MADCNY,09/02/2026,0.7199,0.7194,0.7204,0.7207,0.7199,0.7175,0.7194,
USDCNY,09/02/2026,6.71915,6.719,6.7193,6.7247,6.7231,6.719,6.719,
USDRSD,09/02/2026,101.205,101.16,101.25,101.38,101.17,101.01,101.16,
USDUZS,09/02/2026,11813.09,11808.09,11818.09,11815.48,11815.48,11795,11808.09,
USDKZT,09/02/2026,455.33,455.17,455.49,458.53,458.21,454.24,455.17,
USDXOF,09/02/2026,566.5,563,570,563,562.25,562,563,
EURXOF,09/02/2026,662.5,654.96,670.04,654.983,654.418,654.418,654.96,
USDGNF,09/02/2026,8790,8780,8800,8780,8780,8750,8780,
EURGNF,09/02/2026,10186.295,10173.39,10199.2,10191.82,10177.78,10128.13,10173.39,
USDGHS,09/02/2026,11.285,11.27,11.3,11.3,11.25,11.15,11.27,
USDKES,09/02/2026,129.4,129.3,129.5,129.4,129.4,129.15,129.3,
USDUGX,09/02/2026,3783.81,3778.81,3788.81,3785,3770.71,3765,3778.81,
USDDJF,09/02/2026,178.075,177.6,178.55,177.6,177.6,177.55,177.6,
USDCAD,09/02/2026,1.38445,1.3842,1.3847,1.3939,1.3891,1.3832,1.3842,
USDEUR,09/02/2026,0.8629,0.8628,0.863,0.8645,0.8625,0.8613,0.8628,
USDHKD,09/02/2026,7.84175,7.8417,7.8418,7.8431,7.8404,7.8402,7.8417,
EURHKD,09/02/2026,9.0874,9.0861,9.0887,9.1033,9.0895,9.067,9.0861,
USDAUD,09/02/2026,1.3948,1.3945,1.3951,1.4041,1.3994,1.3931,1.3945,
USDVND,09/02/2026,26072.5,26070,26075,,,,26070,
USDARS,09/02/2026,1510.75,1510.5,1511,1512,1505,1505,1510.5,
USDZAR,09/02/2026,16.05645,16.0503,16.0626,16.1953,16.1588,16.0005,16.0503,
USDAOA,09/02/2026,919.499,912.799,926.199,912.799,912.799,912,912.799,
EURAOA,09/02/2026,1065.56,1057.66,1073.46,1059.58,1058.12,1055.64,1057.66,
USDCDF,09/02/2026,2295,2290,2300,2290,2290,2253,2290,
USDZWG,09/02/2026,26.7164,25.3806,28.0522,26.7821,26.0485,25.3806,25.3806,
USDZMW,09/02/2026,19.075,19.05,19.1,19.07,18.93,18.93,19.05,
USDTRY,09/02/2026,48.28835,48.2806,48.2961,48.3014,48.2797,48.1728,48.2806,
USDTZS,09/02/2026,2650,2635,2665,2635,2625,2625,2635,
EURAUD,09/02/2026,1.6164,1.6161,1.6167,1.6252,1.6217,1.6153,1.6161,
USDJPY,09/02/2026,158.72,158.7,158.74,160.39,160.15,158.29,158.7,
USDMAD,09/02/2026,9.33385,9.3274,9.3403,9.3603,9.33,9.321,9.3274,
USDBRL,09/02/2026,5.09115,5.0908,5.0915,5.1697,5.1553,5.0855,5.0908,
USDIDR,09/02/2026,17755,17750,17760,17780,17750,17730,17750,
USDINR,09/02/2026,94.975,94.97,94.98,94.975,94.95,94.84,94.97,
USDCLP,09/02/2026,937.58,936.77,938.39,940.22,936.45,932,936.77,
USDAED,09/02/2026,3.673,3.6729,3.6731,3.6734,3.6729,3.6724,3.6729,
USDSAR,09/02/2026,3.755,3.7549,3.7551,3.7549,3.7544,3.7532,3.7549,
USDPHP,09/02/2026,62.5925,62.531,62.654,62.652,62.408,62.36,62.531,
USDPEN,09/02/2026,3.3647,3.3627,3.3667,3.3639,3.3604,3.3512,3.3627,
USDMXN,09/02/2026,16.971,16.964,16.978,17.0253,16.9783,16.9535,16.964,
USDNGN,09/02/2026,1327.66,1327.16,1328.16,1331.93,1330.86,1324.27,1327.16,
USDMYR,09/02/2026,4.0455,4.043,4.048,4.045,4.033,4.028,4.043,
USDSGD,09/02/2026,1.2711,1.2706,1.2716,1.2743,1.2728,1.2694,1.2706,
EURBRL,09/02/2026,5.89985,5.8987,5.901,5.9856,5.9765,5.8926,5.8987,
EURTRY,09/02/2026,55.9955,55.9807,56.0103,56.0886,55.9767,55.7929,55.9807,
EURGBP,09/02/2026,0.85925,0.8589,0.8596,0.8593,0.8575,0.8566,0.8589,
ZARCNH,09/02/2026,0.4184,0.4182,0.4186,0.4194,0.4154,0.4148,0.4182,
ZARHKD,09/02/2026,0.4884,0.4882,0.4886,0.4897,0.4845,0.4838,0.4882,
AUDNZD,09/02/2026,1.22525,1.2246,1.2259,1.2278,1.2121,1.2113,1.2246,
CZKCNY,09/02/2026,0.32195,0.3218,0.3221,0.3225,0.321,0.3208,0.3218,
JPYCNH,09/02/2026,0.0423255,0.04232,0.042331,0.042448,0.041961,0.041918,0.04232,
JPYCNY,09/02/2026,0.0423365,0.04233,0.042343,0.042429,0.041951,0.041912,0.04233,
GBPCNH,09/02/2026,9.09905,9.0988,9.0993,9.0988,9.0988,9.0988,9.0988,
CNHRUB,09/02/2026,12.981835,12.98025,12.98342,12.9875,12.9153,12.7901,12.98025,
CNHMYR,09/02/2026,0.6022,0.6018,0.6026,0.602,0.6004,0.5992,0.6018,
USDKRW,09/02/2026,1358.6,1358.35,1358.85,1375.57,1372.86,1356.1,1358.35,
CNHKRW,09/02/2026,210.25,210.14,210.36,,,,210.14,
CNHPHP,09/02/2026,9.26575,9.2655,9.266,9.2655,9.2655,9.2655,9.2655,
USDTHB,09/02/2026,33.2,33.18,33.22,33.42,33.3,33.08,33.18,
CNHTHB,09/02/2026,4.9421,4.9416,4.9426,4.9634,4.9548,4.9272,4.9416,
CNYTHB,09/02/2026,4.93575,4.9312,4.9403,4.9635,4.9568,4.9212,4.9312,
CNHINR,09/02/2026,14.13771,14.13686,14.13856,14.14065,14.12463,14.10344,14.13686,
CNHIDR,09/02/2026,2637.5,2635,2640,2653.37,2628.8,2628.8,2635,
AUDCNH,09/02/2026,4.817,4.8165,4.8175,4.8165,4.8165,4.8165,4.8165,
AUDCNY,09/02/2026,4.817,4.8155,4.8185,4.8209,4.8016,4.7852,4.8155,
NZDCNH,09/02/2026,3.97125,3.971,3.9715,3.971,3.971,3.971,3.971,
NZDCNY,09/02/2026,3.93175,3.9313,3.9322,3.9647,3.9595,3.8979,3.9313,
NZDUSD,09/02/2026,0.5851,0.5848,0.5854,0.5897,0.5892,0.58,0.5848,
EURZAR,09/02/2026,18.607,18.5979,18.6161,18.75,18.7348,18.5659,18.5979,
ZARCNY,09/02/2026,0.41845,0.4183,0.4186,0.4196,0.4153,0.4147,0.4183,
CNHKZT,09/02/2026,67.7791,67.7548,67.8034,68.1951,68.1582,67.5485,67.7548,
HKDCNY,09/02/2026,0.856845,0.85682,0.85687,0.85755,0.85703,0.85668,0.85682,
SGDCNY,09/02/2026,5.2861,5.2839,5.2883,5.2912,5.277,5.273,5.2839,
CHFCNY,09/02/2026,8.26565,8.2624,8.2689,8.2822,8.2731,8.2377,8.2624,
CADCNY,09/02/2026,4.8533,4.8523,4.8543,4.8562,4.8354,4.8211,4.8523,
MYRCNY,09/02/2026,1.6609,1.6598,1.662,1.6629,1.6585,1.6585,1.6598,
RUBCNY,09/02/2026,0.07705,0.077,0.0771,0.0782,0.0774,0.077,0.077,
KRWCNY,09/02/2026,0.004945,0.00494,0.00495,0.00495,0.00489,0.00488,0.00494,
AEDCNY,09/02/2026,1.8293,1.8292,1.8294,1.8309,1.8296,1.829,1.8292,
SARCNY,09/02/2026,1.7894,1.7893,1.7895,1.7911,1.7899,1.7892,1.7893,
TRYCNY,09/02/2026,0.13915,0.1391,0.1392,0.1393,0.1392,0.1382,0.1391,
MXNCNY,09/02/2026,0.3959,0.3957,0.3961,0.3959,0.395,0.3946,0.3957,
EURUSD,09/02/2026,1.15885,1.1587,1.159,1.1608,1.1592,1.1565,1.1587,
USDRUB,09/02/2026,87.21,87.2,87.22,87.3,86.7955,85.9955,87.2,
USDCZK,09/02/2026,20.869,20.859,20.879,20.944,20.874,20.823,20.859,
AUDUSD,09/02/2026,0.71695,0.7168,0.7171,0.7175,0.7144,0.7119,0.7168,
EURCNH,09/02/2026,7.78495,7.7832,7.7867,7.7954,7.79,7.7756,7.7832,
EURCNY,09/02/2026,7.78655,7.7853,7.7878,7.7989,7.7901,7.7722,7.7853,
GBPCNY,09/02/2026,9.06185,9.0586,9.0651,9.0916,9.081,9.0525,9.0586,
GBPUSD,09/02/2026,1.3487,1.3484,1.349,1.352,1.3515,1.3471,1.3484,
USDCHF,09/02/2026,0.8129,0.8126,0.8132,0.8156,0.8119,0.8111,0.8126,
USDCNH,09/02/2026,6.71785,6.7178,6.7179,6.7266,6.7222,6.7159,6.7178,
CNHCNY,09/02/2026,1.0002,1.0002,1.0002,1.0005,0.9997,0.9993,1.0002,
THBCNY,09/02/2026,0.202385,0.20226,0.20251,0.20297,0.20157,0.20099,0.20226,
INRCNY,09/02/2026,7.07465,7.0741,7.0752,7.0877,7.0792,7.0741,7.0741,
IDRCNY,09/02/2026,0.037845,0.03783,0.03786,0.03795,0.03794,0.0378,0.03783,
BRLCNY,09/02/2026,1.3198,1.3197,1.3199,1.321,1.3034,1.2998,1.3197,
ARSCNY,09/03/2026,0.0045,0.0045,0.0045,0.0045,0.0044,0.0044,0.0045,
PHPCNY,09/03/2026,0.107465,0.10735,0.10758,0.10761,0.10724,0.10724,0.10735,
NGNCNY,09/03/2026,0.005065,0.00506,0.00507,0.00511,0.00506,0.00505,0.00506,
PENCNY,09/03/2026,2,2,2,2,2,1.99,2,
KZTCNY,09/03/2026,14.72915,14.7233,14.735,14.7939,14.7482,14.6815,14.7233,
UGXCNY,09/03/2026,0.17765,0.1774,0.1779,0.178,0.1773,0.1772,0.1774,
TZSCNY,09/03/2026,0.25405,0.2526,0.2555,0.2526,0.2522,0.2516,0.2526,
CLPCNY,09/03/2026,0.07215,0.0721,0.0722,0.0722,0.0716,0.0715,0.0721,
VNDCNY,09/03/2026,2.5768,2.5764,2.5772,2.5771,2.5771,2.5728,2.5764,
RSDCNY,09/03/2026,0.66595,0.6656,0.6663,0.6665,0.6637,0.6626,0.6656,
UZSCNY,09/03/2026,0.5696,0.5693,0.5699,0.5694,0.5685,0.5663,0.5693,
GHSCNY,09/03/2026,0.59065,0.5896,0.5917,0.5962,0.592,0.5791,0.5896,
GNFCNY,09/03/2026,0.76435,0.7634,0.7653,0.7636,0.7635,0.7565,0.7634,
KESCNY,09/03/2026,0.0519,0.0519,0.0519,0.0519,0.0519,0.0518,0.0519,
ZMWCNY,09/03/2026,0.3513,0.3508,0.3518,0.3532,0.3518,0.3493,0.3508,
DJFCNY,09/03/2026,0.3773,0.3763,0.3783,0.3764,0.3763,0.3762,0.3763,
MADCNY,09/03/2026,0.71825,0.7179,0.7186,0.7204,0.7192,0.7172,0.7179,
USDCNY,09/03/2026,6.71855,6.7181,6.719,6.7198,6.7198,6.7177,6.7181,6.7807
USDRSD,09/03/2026,100.885,100.84,100.93,101.22,101.17,100.71,100.84,
USDUZS,09/03/2026,11823,11783,11863,11808.09,11783,11783,11783,
USDKZT,09/03/2026,456.14,455.99,456.29,457.6,455.26,454.05,455.99,
USDXOF,09/03/2026,565.5,563,568,563,563,561.75,563,
EURXOF,09/03/2026,662.5005,654.961,670.04,654.983,654.774,654.768,654.961,
USDGNF,09/03/2026,8790,8780,8800,8780,8780,8750,8780,
EURGNF,09/03/2026,10218.815,10205.87,10231.76,10220.8,10174.26,10137.75,10205.87,
USDGHS,09/03/2026,11.375,11.355,11.395,11.355,11.25,11.2,11.355,
USDKES,09/03/2026,129.45,129.35,129.55,129.4,129.4,129.15,129.35,
USDUGX,09/03/2026,3782.62,3777.62,3787.62,3781,3778.81,3765,3777.62,
USDDJF,09/03/2026,178.075,177.6,178.55,177.6,177.6,177.55,177.6,
USDCAD,09/03/2026,1.3794,1.3791,1.3797,1.3847,1.3842,1.3763,1.3791,
USDEUR,09/03/2026,0.8602,0.8601,0.8603,0.8633,0.8629,0.8588,0.8601,
USDHKD,09/03/2026,7.83975,7.8395,7.84,7.8426,7.8417,7.8392,7.8395,
EURHKD,09/03/2026,9.1145,9.1124,9.1166,9.1266,9.0861,9.0809,9.1124,
USDAUD,09/03/2026,1.3887,1.3883,1.3891,1.3968,1.3945,1.387,1.3883,
USDVND,09/03/2026,26072.5,26070,26075,26100,26070,26070,26070,
USDARS,09/03/2026,1508.4,1508.25,1508.55,1509,1505,1505,1508.25,
USDZAR,09/03/2026,15.99545,15.9872,16.0037,16.0888,16.0503,15.9652,15.9872,
USDAOA,09/03/2026,917,912,922,912.799,912.799,912,912,
EURAOA,09/03/2026,1066.06,1060.11,1072.01,1062.59,1057.75,1056.37,1060.11,
USDCDF,09/03/2026,2302,2284,2320,2300,2290,2253,2284,
USDZWG,09/03/2026,26.6539,25.8543,27.4535,26.6332,25.9876,25.721,25.8543,
USDZMW,09/03/2026,19.125,19.1,19.15,19.18,19,18.975,19.1,
USDTRY,09/03/2026,48.3289,48.3251,48.3327,48.3443,48.2784,47.9796,48.3251,
USDTZS,09/03/2026,2645,2630,2660,2640,2635,2630,2630,
EURAUD,09/03/2026,1.61455,1.6142,1.6149,1.6202,1.6158,1.613,1.6142,
USDJPY,09/03/2026,155.815,155.79,155.84,158.96,158.67,155.28,155.79,
USDMAD,09/03/2026,9.3542,9.3502,9.3582,9.3604,9.3377,9.317,9.3502,
USDBRL,09/03/2026,5.1077,5.1073,5.1081,5.1138,5.0908,5.0682,5.1073,
USDIDR,09/03/2026,17655,17650,17660,17710,17705,17650,17650,
USDINR,09/03/2026,94.49,94.485,94.495,94.4925,94.3,94.285,94.485,
USDCLP,09/03/2026,931,930.46,931.54,937.39,936.77,929.71,930.46,
USDAED,09/03/2026,3.673,3.6729,3.6731,3.6731,3.673,3.6723,3.6729,
USDSAR,09/03/2026,3.755,3.7549,3.7551,3.7549,3.7549,3.7538,3.7549,
USDPHP,09/03/2026,62.5165,62.454,62.579,62.576,62.531,62.355,62.454,
USDPEN,09/03/2026,3.3644,3.3638,3.365,3.364,3.3626,3.3554,3.3638,
USDMXN,09/03/2026,16.9213,16.9041,16.9385,17.0273,16.953,16.9036,16.9041,
USDNGN,09/03/2026,1325.935,1325.06,1326.81,1327.53,1327.18,1313.24,1325.06,
USDMYR,09/03/2026,4.0415,4.0385,4.0445,4.0435,4.035,4.033,4.0385,
USDSGD,09/03/2026,1.26705,1.2666,1.2675,1.2714,1.2706,1.2655,1.2666,
EURBRL,09/03/2026,5.93795,5.9367,5.9392,5.9494,5.8992,5.8882,5.9367,
EURTRY,09/03/2026,56.35845,56.3424,56.3745,56.4097,55.9825,55.81,56.3424,
EURGBP,09/03/2026,0.8596,0.8593,0.8599,0.8608,0.8593,0.8583,0.8593,
ZARCNH,09/03/2026,0.42,0.4198,0.4202,0.4205,0.4182,0.4172,0.4198,
ZARHKD,09/03/2026,0.49015,0.4899,0.4904,0.4908,0.4882,0.4871,0.4899,
AUDNZD,09/03/2026,1.22415,1.2235,1.2248,1.2267,1.2245,1.2213,1.2235,
CZKCNY,09/03/2026,0.3231,0.3228,0.3234,0.3235,0.3218,0.3212,0.3228,
JPYCNH,09/03/2026,0.043114,0.043106,0.043122,0.043248,0.042318,0.042253,0.043106,
JPYCNY,09/03/2026,0.04312,0.043113,0.043127,0.043251,0.042327,0.042298,0.043113,0.042495
GBPCNH,09/03/2026,9.08545,9.0843,9.0866,9.099,9.0576,9.0564,9.0843,
CNHRUB,09/03/2026,12.898565,12.89751,12.89962,13.00335,12.98005,12.8784,12.89751,
CNHMYR,09/03/2026,0.6016,0.6011,0.6021,0.602,0.6018,0.6003,0.6011,
USDKRW,09/03/2026,1356.66,1356.27,1357.05,1363.6,1358.18,1353.8,1356.27,
CNHKRW,09/03/2026,202.36,202.15,202.57,202.96,202.37,201.63,202.15,
CNHPHP,09/03/2026,9.30595,9.2965,9.3154,9.3074,9.3022,9.2822,9.2965,
USDTHB,09/03/2026,32.93,32.91,32.95,33.21,33.18,32.85,32.91,
CNHTHB,09/03/2026,4.9019,4.9014,4.9024,4.9462,4.9416,4.8952,4.9014,
CNYTHB,09/03/2026,4.8999,4.8954,4.9044,4.9361,4.9256,4.8894,4.8954,4.9282
CNHINR,09/03/2026,14.065615,14.06445,14.06678,14.14044,14.13665,14.0328,14.06445,
CNHIDR,09/03/2026,2628,2627,2629,2653.37,2653.37,2627,2627,
AUDCNH,09/03/2026,4.837,4.8361,4.8379,4.8416,4.8133,4.8089,4.8361,
AUDCNY,09/03/2026,4.83685,4.8355,4.8382,4.8422,4.8162,4.8067,4.8355,4.8344
NZDCNH,09/03/2026,3.9509,3.9503,3.9515,3.9568,3.9326,3.9289,3.9503,
NZDCNY,09/03/2026,3.95135,3.9507,3.952,3.9575,3.9293,3.9205,3.9507,3.9483
NZDUSD,09/03/2026,0.58815,0.5881,0.5882,0.5891,0.5847,0.5835,0.5881,
EURZAR,09/03/2026,18.6001,18.5724,18.6278,18.6565,18.5975,18.5618,18.5724,
ZARCNY,09/03/2026,0.42005,0.4198,0.4203,0.4206,0.4183,0.4174,0.4198,0.420521
CNHKZT,09/03/2026,67.90025,67.8759,67.9246,68.0942,67.7538,67.578,67.8759,
HKDCNY,09/03/2026,0.856985,0.8569,0.85707,0.85698,0.85682,0.85655,0.8569,0.86476
SGDCNY,09/03/2026,5.30255,5.3003,5.3048,5.307,5.2839,5.2822,5.3003,5.3119
CHFCNY,09/03/2026,8.31965,8.3186,8.3207,8.3424,8.2645,8.2573,8.3186,8.3077
CADCNY,09/03/2026,4.8706,4.8692,4.872,4.8802,4.8523,4.8506,4.8692,4.8716
MYRCNY,09/03/2026,1.66235,1.661,1.6637,1.6644,1.6611,1.6587,1.661,1.673472
RUBCNY,09/03/2026,0.0775,0.0775,0.0775,0.0776,0.077,0.0769,0.0775,0.07675
KRWCNY,09/03/2026,0.00495,0.00495,0.00495,0.00496,0.00495,0.00493,0.00495,0.004943
AEDCNY,09/03/2026,1.82915,1.829,1.8293,1.8296,1.8292,1.8287,1.829,1.836311
SARCNY,09/03/2026,1.78925,1.7891,1.7894,1.7895,1.7893,1.7885,1.7891,1.796203
TRYCNY,09/03/2026,0.139,0.139,0.139,0.1392,0.1391,0.1379,0.139,0.139771
MXNCNY,09/03/2026,0.39705,0.3966,0.3975,0.3971,0.3957,0.3944,0.3966,0.398343
EURUSD,09/03/2026,1.16255,1.1624,1.1627,1.1641,1.1588,1.1582,1.1624,
USDRUB,09/03/2026,86.65,86.6455,86.6545,87.35,87.2,86.5248,86.6455,
USDCZK,09/03/2026,20.7925,20.773,20.812,20.885,20.858,20.749,20.773,
AUDUSD,09/03/2026,0.7201,0.7199,0.7203,0.7208,0.7168,0.7156,0.7199,
EURCNH,09/03/2026,7.80995,7.8097,7.8102,7.8186,7.7832,7.7796,7.8097,
EURCNY,09/03/2026,7.81035,7.8088,7.8119,7.8195,7.786,7.7798,7.8088,7.8208
GBPCNY,09/03/2026,9.0872,9.0852,9.0892,9.101,9.0599,9.0526,9.0852,9.1004
GBPUSD,09/03/2026,1.3525,1.3521,1.3529,1.3547,1.3484,1.3476,1.3521,
USDCHF,09/03/2026,0.80755,0.8075,0.8076,0.8133,0.8129,0.805,0.8075,
USDCNH,09/03/2026,6.7178,6.7176,6.718,6.7206,6.7176,6.7156,6.7176,
CNHCNY,09/03/2026,1.0001,1,1.0002,1.0004,1.0001,0.9996,1,
THBCNY,09/03/2026,0.204025,0.20389,0.20416,0.20426,0.20226,0.20201,0.20389,0.202914
INRCNY,09/03/2026,7.11035,7.1095,7.1112,7.1243,7.075,7.0728,7.1095,
IDRCNY,09/03/2026,0.038055,0.03804,0.03807,0.03805,0.03784,0.03783,0.03804,
BRLCNY,09/03/2026,1.3154,1.3152,1.3156,1.3251,1.3197,1.3135,1.3152,
ARSCNY,09/04/2026,0.0044,0.0044,0.0044,0.0045,0.0045,0.0044,0.0044,
PHPCNY,09/04/2026,0.10713,0.10704,0.10722,0.10765,0.10735,0.10693,0.10704,
NGNCNY,09/04/2026,0.005075,0.00507,0.00508,0.00508,0.00508,0.00506,0.00507,
PENCNY,09/04/2026,2,2,2,2,2,1.99,2,
KZTCNY,09/04/2026,14.72635,14.7202,14.7325,14.7695,14.723,14.6089,14.7202,
UGXCNY,09/04/2026,0.17755,0.1773,0.1778,0.1786,0.1774,0.1771,0.1773,
TZSCNY,09/04/2026,0.25325,0.2518,0.2547,0.2528,0.2525,0.2515,0.2518,
CLPCNY,09/04/2026,0.0718,0.0717,0.0719,0.0723,0.0721,0.0715,0.0717,
VNDCNY,09/04/2026,2.57545,2.5749,2.576,2.5762,2.576,2.5724,2.5749,
RSDCNY,09/04/2026,0.66415,0.6635,0.6648,0.666,0.6659,0.6619,0.6635,
UZSCNY,09/04/2026,0.56945,0.5692,0.5697,0.5693,0.5693,0.5657,0.5692,
GHSCNY,09/04/2026,0.5905,0.5897,0.5913,0.5913,0.5896,0.5785,0.5897,
GNFCNY,09/04/2026,0.7635,0.7626,0.7644,0.7634,0.7634,0.7557,0.7626,
KESCNY,09/04/2026,0.05185,0.0518,0.0519,0.0519,0.0518,0.0518,0.0518,
ZMWCNY,09/04/2026,0.35025,0.3498,0.3507,0.3514,0.3508,0.3492,0.3498,
DJFCNY,09/04/2026,0.37685,0.3758,0.3779,0.3763,0.3763,0.3758,0.3758,
MADCNY,09/04/2026,0.7163,0.7161,0.7165,0.7188,0.7179,0.7143,0.7161,
USDCNY,09/04/2026,6.71125,6.7108,6.7117,6.7171,6.7171,6.7102,6.7108,6.7787
USDRSD,09/04/2026,101.05,100.96,101.14,101.19,100.81,100.75,100.96,
USDUZS,09/04/2026,11785.3,11780.3,11790.3,11790,11790,11780.3,11780.3,
USDKZT,09/04/2026,455.73,455.57,455.89,459.63,455.98,454.32,455.57,
USDXOF,09/04/2026,563.5,561,566,563,561.75,560.75,561,
EURXOF,09/04/2026,662.5005,654.955,670.046,654.983,654.088,654.088,654.955,
USDGNF,09/04/2026,8790,8780,8800,8780,8780,8750,8780,
EURGNF,09/04/2026,10208.265,10196.21,10220.32,10213.77,10210.26,10159.63,10196.21,
USDGHS,09/04/2026,11.365,11.35,11.38,11.37,11.355,11.3,11.35,
USDKES,09/04/2026,129.4,129.3,129.5,129.35,129.3,129.2,129.3,
USDUGX,09/04/2026,3779.29,3774.29,3784.29,3780,3777.62,3750,3774.29,
USDDJF,09/04/2026,178.075,177.6,178.55,177.6,177.6,177.55,177.6,
USDCAD,09/04/2026,1.38395,1.3837,1.3842,1.3871,1.3787,1.3782,1.3837,
USDEUR,09/04/2026,0.86105,0.861,0.8611,0.8631,0.8598,0.8595,0.861,
USDHKD,09/04/2026,7.8408,7.8407,7.8409,7.8413,7.8396,7.8393,7.8407,
EURHKD,09/04/2026,9.1059,9.1054,9.1064,9.1205,9.1166,9.081,9.1054,
USDAUD,09/04/2026,1.3884,1.3883,1.3885,1.3937,1.3879,1.3854,1.3883,
USDVND,09/04/2026,26058,26054,26062,26090,26090,26049,26054,
USDARS,09/04/2026,1508.75,1508.5,1509,1508.5,1508.25,1505,1508.5,
USDZAR,09/04/2026,15.9654,15.9512,15.9796,16.0359,15.9873,15.9126,15.9512,
USDAOA,09/04/2026,919.499,912.799,926.199,912.799,912.799,912,912.799,
EURAOA,09/04/2026,1067.86,1060.03,1075.69,1061.86,1060.56,1057.3,1060.03,
USDCDF,09/04/2026,2301.5,2283,2320,2284,2284,2253,2283,
USDZWG,09/04/2026,26.5591,25.2311,27.8871,26.5361,25.8951,25.2311,25.2311,
USDZMW,09/04/2026,19.1614,19.1364,19.1864,19.17,19.1,19.05,19.1364,
USDTRY,09/04/2026,48.4298,48.4248,48.4348,48.461,48.3137,48.1919,48.4248,
USDTZS,09/04/2026,2650,2635,2665,2640,2635,2630,2635,
EURAUD,09/04/2026,1.6124,1.6122,1.6126,1.6151,1.6146,1.6109,1.6122,
USDJPY,09/04/2026,156.245,156.24,156.25,156.74,155.83,155.27,156.24,
USDMAD,09/04/2026,9.3693,9.3668,9.3718,9.3874,9.3502,9.3345,9.3668,
USDBRL,09/04/2026,5.12745,5.1271,5.1278,5.1393,5.1074,5.0996,5.1271,
USDIDR,09/04/2026,17635,17630,17640,17645,17610,17600,17630,
USDINR,09/04/2026,94.49,94.48,94.5,94.52,94.48,94.45,94.48,
USDCLP,09/04/2026,934.58,933.68,935.48,937.65,930.46,926.96,933.68,
USDAED,09/04/2026,3.673,3.6729,3.6731,3.673,3.6728,3.6723,3.6729,
USDSAR,09/04/2026,3.755,3.7548,3.7552,3.7549,3.7549,3.7538,3.7548,
USDPHP,09/04/2026,62.6445,62.596,62.693,62.662,62.454,62.329,62.596,
USDPEN,09/04/2026,3.3539,3.3533,3.3545,3.37,3.3588,3.352,3.3533,
USDMXN,09/04/2026,16.88545,16.8802,16.8907,16.935,16.897,16.852,16.8802,
USDNGN,09/04/2026,1321.43,1320.18,1322.68,1325.26,1320.55,1317.01,1320.18,
USDMYR,09/04/2026,4.0445,4.041,4.048,4.044,4.034,4.032,4.041,
USDSGD,09/04/2026,1.26685,1.2666,1.2671,1.2695,1.2666,1.2656,1.2666,
EURBRL,09/04/2026,5.95475,5.9541,5.9554,5.961,5.9393,5.9231,5.9541,
EURTRY,09/04/2026,56.2466,56.2451,56.2481,56.3497,56.1741,55.8706,56.2451,
EURGBP,09/04/2026,0.85915,0.8589,0.8594,0.8597,0.859,0.8579,0.8589,
ZARCNH,09/04/2026,0.42015,0.4198,0.4205,0.4212,0.4197,0.4184,0.4198,
ZARHKD,09/04/2026,0.49115,0.4907,0.4916,0.4925,0.4898,0.4886,0.4907,
AUDNZD,09/04/2026,1.22515,1.2244,1.2259,1.2259,1.2239,1.2214,1.2244,
CZKCNY,09/04/2026,0.3221,0.3217,0.3225,0.3233,0.3228,0.321,0.3217,
JPYCNH,09/04/2026,0.0429325,0.042931,0.042934,0.043257,0.043099,0.04282,0.042931,
JPYCNY,09/04/2026,0.0429535,0.042949,0.042958,0.043204,0.043102,0.042819,0.042949,0.043135
GBPCNH,09/04/2026,9.07385,9.0732,9.0745,9.093,9.084,9.0723,9.0732,
CNHRUB,09/04/2026,12.79452,12.79375,12.79529,13.03565,12.89636,12.75116,12.79375,
CNHMYR,09/04/2026,0.60295,0.6024,0.6035,0.6028,0.6011,0.6001,0.6024,
USDKRW,09/04/2026,1344.545,1344.2,1344.89,1359.3,1356.25,1343.2,1344.2,
CNHKRW,09/04/2026,201.27,201.23,201.31,202.33,201.64,200.82,201.23,
CNHPHP,09/04/2026,9.3438,9.337,9.3506,9.3378,9.2967,9.2799,9.337,
USDTHB,09/04/2026,32.925,32.88,32.97,33.04,32.91,32.85,32.88,
CNHTHB,09/04/2026,4.9065,4.906,4.907,4.9109,4.9029,4.8946,4.906,
CNYTHB,09/04/2026,4.89995,4.8955,4.9044,4.9171,4.8972,4.8909,4.8955,4.8918
CNHINR,09/04/2026,14.086275,14.08468,14.08787,14.0913,14.0632,14.06048,14.08468,
CNHIDR,09/04/2026,2630.5,2628,2633,2637.48,2622.03,2622.03,2628,
AUDCNH,09/04/2026,4.8304,4.83,4.8308,4.845,4.8367,4.8277,4.83,
AUDCNY,09/04/2026,4.83375,4.8331,4.8344,4.8455,4.8361,4.813,4.8331,4.8487
NZDCNH,09/04/2026,3.9432,3.943,3.9434,3.9629,3.9317,3.9287,3.943,
NZDCNY,09/04/2026,3.9466,3.946,3.9472,3.9633,3.946,3.9305,3.946,3.9627
NZDUSD,09/04/2026,0.58805,0.588,0.5881,0.5902,0.5874,0.5856,0.588,
EURZAR,09/04/2026,18.5414,18.5241,18.5587,18.6227,18.5841,18.4731,18.5241,
ZARCNY,09/04/2026,0.4204,0.42,0.4208,0.4215,0.4198,0.4182,0.42,0.421799
CNHKZT,09/04/2026,67.93875,67.9144,67.9631,68.4432,67.8698,67.716,67.9144,
HKDCNY,09/04/2026,0.85594,0.85587,0.85601,0.85691,0.85691,0.85577,0.85587,0.86458
SGDCNY,09/04/2026,5.2976,5.2962,5.299,5.3049,5.3003,5.2833,5.2962,5.3227
CHFCNY,09/04/2026,8.2891,8.287,8.2912,8.3217,8.3114,8.2584,8.287,8.3501
CADCNY,09/04/2026,4.8493,4.8481,4.8505,4.8724,4.8724,4.8375,4.8481,4.8849
MYRCNY,09/04/2026,1.65935,1.6578,1.6609,1.6637,1.6621,1.6561,1.6578,1.672688
RUBCNY,09/04/2026,0.0782,0.0782,0.0782,0.0784,0.0775,0.0767,0.0782,0.077504
KRWCNY,09/04/2026,0.00499,0.00499,0.00499,0.00499,0.00495,0.00494,0.00499,0.004949
AEDCNY,09/04/2026,1.8272,1.827,1.8274,1.8291,1.829,1.8266,1.827,1.834358
SARCNY,09/04/2026,1.7873,1.7871,1.7875,1.7891,1.7891,1.7864,1.7871,1.794269
TRYCNY,09/04/2026,0.1386,0.1386,0.1386,0.139,0.139,0.138,0.1386,0.139356
MXNCNY,09/04/2026,0.39745,0.3973,0.3976,0.3981,0.3969,0.3959,0.3973,0.399537
EURUSD,09/04/2026,1.16135,1.1613,1.1614,1.1633,1.1629,1.1583,1.1613,
USDRUB,09/04/2026,85.825,85.8205,85.8295,87.4705,86.4,85.5705,85.8205,
USDCZK,09/04/2026,20.8365,20.811,20.862,20.881,20.773,20.755,20.811,
AUDUSD,09/04/2026,0.72025,0.7202,0.7203,0.7214,0.72,0.7172,0.7202,
EURCNH,09/04/2026,7.79075,7.789,7.7925,7.8133,7.8112,7.7835,7.789,
EURCNY,09/04/2026,7.79415,7.7933,7.795,7.8134,7.8121,7.7746,7.7933,7.8397
GBPCNY,09/04/2026,9.0753,9.0737,9.0769,9.0948,9.0872,9.0474,9.0737,9.1195
GBPUSD,09/04/2026,1.35225,1.3521,1.3524,1.3549,1.3527,1.3481,1.3521,
USDCHF,09/04/2026,0.80965,0.8095,0.8098,0.8126,0.8055,0.8054,0.8095,
USDCNH,09/04/2026,6.70795,6.7079,6.708,6.7187,6.7166,6.7048,6.7079,
CNHCNY,09/04/2026,1.0005,1.0004,1.0006,1.0008,0.9999,0.9995,1.0004,
THBCNY,09/04/2026,0.203835,0.20354,0.20413,0.20426,0.20389,0.20303,0.20354,0.204424
INRCNY,09/04/2026,7.1026,7.1014,7.1038,7.1101,7.1084,7.0991,7.1014,
IDRCNY,09/04/2026,0.038055,0.03804,0.03807,0.03812,0.03804,0.03803,0.03804,
BRLCNY,09/04/2026,1.3089,1.3087,1.3091,1.3172,1.3152,1.3052,1.3087,
ARSCNY,09/07/2026,0.0044,0.0044,0.0044,0.0044,0.0044,0.0044,0.0044,
PHPCNY,09/07/2026,0.10713,0.10702,0.10724,0.10723,0.10701,0.10676,0.10702,
NGNCNY,09/07/2026,0.005075,0.00507,0.00508,0.00508,0.00508,0.00506,0.00507,
PENCNY,09/07/2026,2,2,2,2,1.99,1.99,2,
KZTCNY,09/07/2026,14.77825,14.773,14.7835,14.8286,14.7222,14.7089,14.773,
UGXCNY,09/07/2026,0.17755,0.1773,0.1778,0.1778,0.1773,0.1771,0.1773,
TZSCNY,09/07/2026,0.25375,0.2523,0.2552,0.2523,0.2518,0.2513,0.2523,
CLPCNY,09/07/2026,0.0718,0.0717,0.0719,0.072,0.0717,0.0716,0.0717,
VNDCNY,09/07/2026,2.5791,2.5785,2.5797,2.5796,2.5741,2.5719,2.5785,
RSDCNY,09/07/2026,0.6647,0.664,0.6654,0.6653,0.6634,0.6625,0.664,
UZSCNY,09/07/2026,0.56945,0.5692,0.5697,0.5693,0.5692,0.5686,0.5692,
GHSCNY,09/07/2026,0.5884,0.5876,0.5892,0.5913,0.5835,0.5785,0.5876,
GNFCNY,09/07/2026,0.7635,0.7626,0.7644,0.7628,0.7626,0.7557,0.7626,
KESCNY,09/07/2026,0.05185,0.0518,0.0519,0.0518,0.0518,0.0518,0.0518,
ZMWCNY,09/07/2026,0.35055,0.3501,0.351,0.3505,0.3497,0.3483,0.3501,
DJFCNY,09/07/2026,0.37685,0.3758,0.3779,0.376,0.3758,0.3758,0.3758,
MADCNY,09/07/2026,0.71355,0.7132,0.7139,0.7168,0.7159,0.713,0.7132,
USDCNY,09/07/2026,6.71095,6.7108,6.7111,6.7128,6.7093,6.7093,6.7108,6.7795
USDRSD,09/07/2026,100.965,100.86,101.07,101,100.96,100.7,100.86,
USDUZS,09/07/2026,11785.3,11780.3,11790.3,11780.3,11780.3,11780,11780.3,
USDKZT,09/07/2026,454.11,453.96,454.26,455.94,455.48,452.48,453.96,
USDXOF,09/07/2026,564.25,560.75,567.75,560.75,560.75,560.75,560.75,
EURXOF,09/07/2026,662.5005,654.955,670.046,654.983,654.955,654.949,654.955,
USDGNF,09/07/2026,8790,8780,8800,8780,8780,8780,8780,
EURGNF,09/07/2026,10216.62,10203.24,10230,10215.53,10196.21,10185.68,10203.24,
USDGHS,09/07/2026,11.405,11.39,11.42,11.4,11.3,11.3,11.39,
USDKES,09/07/2026,129.45,129.35,129.55,129.4,129.4,129.2,129.35,
USDUGX,09/07/2026,3779.29,3774.29,3784.29,3780,3774.29,3765,3774.29,
USDDJF,09/07/2026,178.075,177.6,178.55,177.6,177.6,177.55,177.6,
USDCAD,09/07/2026,1.3814,1.3813,1.3815,1.3841,1.3836,1.3802,1.3813,
USDEUR,09/07/2026,0.86035,0.8602,0.8605,0.8615,0.8601,0.8593,0.8602,
USDHKD,09/07/2026,7.83985,7.8394,7.8403,7.841,7.8407,7.8379,7.8394,
EURHKD,09/07/2026,9.11195,9.1098,9.1141,9.1223,9.1054,9.0965,9.1098,
USDAUD,09/07/2026,1.3854,1.3848,1.386,1.3895,1.3868,1.3835,1.3848,
USDVND,09/07/2026,26020,26015,26025,26086,26049,25999,26015,
USDARS,09/07/2026,1511.75,1511,1512.5,1512,1500,1500,1511,
USDZAR,09/07/2026,15.9963,15.9876,16.005,16.0037,15.9433,15.935,15.9876,
USDAOA,09/07/2026,919.499,912.799,926.199,912.9,912.799,912.799,912.799,
EURAOA,09/07/2026,1068.735,1060.76,1076.71,1062.04,1059.67,1058.94,1060.76,
USDCDF,09/07/2026,2306.75,2293.5,2320,2293.5,2283,2283,2293.5,
USDZWG,09/07/2026,27.3918,26.0491,28.7345,26.1833,26.1833,25.9163,26.0491,
USDZMW,09/07/2026,19.145,19.12,19.17,19.22,19.1,19.1,19.12,
USDTRY,09/07/2026,48.4314,48.425,48.4378,48.4653,48.4271,48.1793,48.425,
USDTZS,09/07/2026,2645,2630,2660,2635,2635,2630,2630,
EURAUD,09/07/2026,1.61025,1.61,1.6105,1.6128,1.6116,1.6085,1.61,
USDJPY,09/07/2026,154.37,154.35,154.39,156.27,155.94,154.04,154.35,
USDMAD,09/07/2026,9.4051,9.4011,9.4091,9.4046,9.3737,9.3569,9.4011,
USDBRL,09/07/2026,5.12615,5.1261,5.1262,5.1261,5.1261,5.1261,5.1261,
USDIDR,09/07/2026,17635,17630,17640,17665,17610,17610,17630,
USDINR,09/07/2026,94.49,94.485,94.495,94.49,94.39,94.37,94.485,
USDCLP,09/07/2026,934.53,933.63,935.43,935.6,931.68,930.73,933.63,
USDAED,09/07/2026,3.673,3.6725,3.6735,3.6733,3.673,3.6722,3.6725,
USDSAR,09/07/2026,3.7553,3.7552,3.7554,3.7552,3.7548,3.7538,3.7552,
USDPHP,09/07/2026,62.6455,62.583,62.708,62.763,62.689,62.495,62.583,
USDPEN,09/07/2026,3.3588,3.3574,3.3602,3.363,3.3613,3.3529,3.3574,
USDMXN,09/07/2026,16.91,16.898,16.922,16.939,16.878,16.8671,16.898,
USDNGN,09/07/2026,1321.63,1320.38,1322.88,1321.59,1318.35,1317.53,1320.38,
USDMYR,09/07/2026,4.046,4.044,4.048,4.048,4.04,4.04,4.044,
USDSGD,09/07/2026,1.26605,1.266,1.2661,1.268,1.2666,1.2647,1.266,
EURBRL,09/07/2026,5.9581,5.957,5.9592,5.9642,5.9497,5.9456,5.957,
EURTRY,09/07/2026,56.3365,56.3174,56.3556,56.3939,56.2813,55.91,56.3174,
EURGBP,09/07/2026,0.85835,0.8582,0.8585,0.8595,0.8593,0.8581,0.8582,
ZARCNH,09/07/2026,0.41945,0.4192,0.4197,0.4206,0.4197,0.419,0.4192,
ZARHKD,09/07/2026,0.4901,0.4898,0.4904,0.4917,0.4907,0.4896,0.4898,
AUDNZD,09/07/2026,1.22815,1.2274,1.2289,1.229,1.2246,1.2233,1.2274,
CZKCNY,09/07/2026,0.3224,0.3223,0.3225,0.3227,0.3217,0.3213,0.3223,
JPYCNH,09/07/2026,0.043462,0.043456,0.043468,0.043536,0.042969,0.042902,0.043456,
JPYCNY,09/07/2026,0.043381,0.043378,0.043384,0.04353,0.042994,0.042971,0.043378,0.043098
GBPCNH,09/07/2026,9.0849,9.0835,9.0863,9.0885,9.0642,9.064,9.0835,
CNHRUB,09/07/2026,12.810675,12.80991,12.81144,12.9,12.79623,12.77659,12.80991,
CNHMYR,09/07/2026,0.60305,0.6027,0.6034,0.6032,0.6025,0.6022,0.6027,
USDKRW,09/07/2026,1345.01,1344.63,1345.39,1348.96,1345.43,1334.5,1344.63,
CNHKRW,09/07/2026,199.78,199.72,199.84,200.88,200.63,198.85,199.72,
CNHPHP,09/07/2026,9.3371,9.3275,9.3467,9.3537,9.353,9.3174,9.3275,
USDTHB,09/07/2026,32.87,32.84,32.9,32.99,32.9,32.82,32.84,
CNHTHB,09/07/2026,4.9065,4.906,4.907,,,,4.906,
CNYTHB,09/07/2026,4.90085,4.8964,4.9053,4.9101,4.9026,4.8871,4.8964,4.8943
CNHINR,09/07/2026,14.08354,14.08269,14.08439,14.08909,14.08741,14.06073,14.08269,
CNHIDR,09/07/2026,2629.5,2628,2631,2641.5,2623.75,2623.75,2628,
AUDCNH,09/07/2026,4.8431,4.8426,4.8436,4.8458,4.8074,4.8074,4.8426,
AUDCNY,09/07/2026,4.84565,4.8422,4.8491,4.8477,4.8349,4.8291,4.8422,4.8539
NZDCNH,09/07/2026,3.9439,3.9433,3.9445,3.9499,3.9393,3.937,3.9433,
NZDCNY,09/07/2026,3.9467,3.9434,3.95,3.9513,3.9413,3.9354,3.9434,3.9638
NZDUSD,09/07/2026,0.58785,0.5878,0.5879,0.5888,0.5876,0.5864,0.5878,
EURZAR,09/07/2026,18.5917,18.5798,18.6036,18.6074,18.5192,18.4939,18.5798,
ZARCNY,09/07/2026,0.41955,0.4193,0.4198,0.4209,0.4203,0.4191,0.4193,0.422833
CNHKZT,09/07/2026,67.68415,67.6613,67.707,67.9787,67.9276,67.4362,67.6613,
HKDCNY,09/07/2026,0.856005,0.85594,0.85607,0.85624,0.85582,0.85575,0.85594,0.86465
SGDCNY,09/07/2026,5.3007,5.3004,5.301,5.3042,5.2933,5.2912,5.3004,5.3231
CHFCNY,09/07/2026,8.28975,8.286,8.2935,8.3003,8.2666,8.2594,8.286,8.3329
CADCNY,09/07/2026,4.85805,4.8576,4.8585,4.8608,4.8495,4.8479,4.8576,4.8713
MYRCNY,09/07/2026,1.65865,1.6578,1.6595,1.6582,1.657,1.6562,1.6578,1.67076
RUBCNY,09/07/2026,0.0781,0.0781,0.0781,0.0782,0.0782,0.0775,0.0781,0.078168
KRWCNY,09/07/2026,0.00499,0.00499,0.00499,0.00503,0.00499,0.00497,0.00499,0.005006
AEDCNY,09/07/2026,1.8271,1.8268,1.8274,1.8278,1.827,1.8266,1.8268,1.83466
SARCNY,09/07/2026,1.78705,1.787,1.7871,1.7876,1.7871,1.7865,1.787,1.794559
TRYCNY,09/07/2026,0.13855,0.1385,0.1386,0.1387,0.1385,0.1376,0.1385,0.139274
MXNCNY,09/07/2026,0.3969,0.3966,0.3972,0.3974,0.397,0.3961,0.3966,0.400048
EURUSD,09/07/2026,1.1623,1.1621,1.1625,1.1635,1.1609,1.1601,1.1621,
USDRUB,09/07/2026,85.95,85.9455,85.9545,86.5581,86,85.7501,85.9455,
USDCZK,09/07/2026,20.815,20.808,20.822,20.854,20.814,20.785,20.808,
AUDUSD,09/07/2026,0.7218,0.7215,0.7221,0.7224,0.7196,0.7188,0.7215,
EURCNH,09/07/2026,7.79795,7.7962,7.7997,7.8047,7.7859,7.7841,7.7962,
EURCNY,09/07/2026,7.8061,7.8015,7.8107,7.8078,7.7936,7.7881,7.8015,7.8337
GBPCNY,09/07/2026,9.0902,9.0847,9.0957,9.088,9.0687,9.0618,9.0847,9.1158
GBPUSD,09/07/2026,1.35415,1.3538,1.3545,1.3547,1.3504,1.3501,1.3538,
USDCHF,09/07/2026,0.80955,0.8092,0.8099,0.8109,0.8076,0.8071,0.8092,
USDCNH,09/07/2026,6.70925,6.7092,6.7093,6.7124,6.7066,6.705,6.7092,
CNHCNY,09/07/2026,1.00025,1.0002,1.0003,1.0007,1.0006,0.9998,1.0002,
THBCNY,09/07/2026,0.20417,0.20398,0.20436,0.20434,0.20373,0.20328,0.20398,0.204319
INRCNY,09/07/2026,7.1023,7.1018,7.1028,7.111,7.0998,7.0998,7.1018,
IDRCNY,09/07/2026,0.038055,0.03804,0.03807,0.03805,0.03803,0.03796,0.03804,
BRLCNY,09/07/2026,1.30915,1.3091,1.3092,1.3096,1.3089,1.3089,1.3091,
ARSCNY,09/08/2026,0.0044,0.0044,0.0044,0.0044,0.0044,0.0044,0.0044,
PHPCNY,09/08/2026,0.107565,0.10752,0.10761,0.10752,0.10702,0.10699,0.10752,
NGNCNY,09/08/2026,0.005075,0.00507,0.00508,0.00508,0.00508,0.00506,0.00507,
PENCNY,09/08/2026,2,2,2,2,2,1.99,2,
KZTCNY,09/08/2026,14.7764,14.7711,14.7817,14.7887,14.7727,14.7323,14.7711,
UGXCNY,09/08/2026,0.17715,0.1769,0.1774,0.1778,0.1773,0.1766,0.1769,
TZSCNY,09/08/2026,0.25375,0.2523,0.2552,0.2523,0.2523,0.2518,0.2523,
CLPCNY,09/08/2026,0.07255,0.0725,0.0726,0.0726,0.0717,0.0715,0.0725,
VNDCNY,09/08/2026,2.5832,2.5829,2.5835,2.5857,2.5781,2.578,2.5829,
RSDCNY,09/08/2026,0.66455,0.6639,0.6652,0.6655,0.6635,0.6622,0.6639,
UZSCNY,09/08/2026,0.56805,0.5678,0.5683,0.5692,0.5692,0.5672,0.5678,
GHSCNY,09/08/2026,0.5881,0.5876,0.5886,0.5965,0.5876,0.5785,0.5876,
GNFCNY,09/08/2026,0.7634,0.7626,0.7642,0.7627,0.7626,0.7557,0.7626,
KESCNY,09/08/2026,0.05185,0.0518,0.0519,0.0518,0.0518,0.0518,0.0518,
ZMWCNY,09/08/2026,0.34905,0.3486,0.3495,0.3501,0.3501,0.3475,0.3486,
DJFCNY,09/08/2026,0.3768,0.3758,0.3778,0.3759,0.3758,0.3758,0.3758,
MADCNY,09/08/2026,0.7154,0.7148,0.716,0.7162,0.7132,0.7126,0.7148,
USDCNY,09/08/2026,6.71055,6.7105,6.7106,6.7121,6.7106,6.7102,6.7105,6.7804
USDRSD,09/08/2026,100.98,100.88,101.08,101.02,100.84,100.7,100.88,
USDUZS,09/08/2026,11813.21,11808.21,11818.21,11810,11780.3,11780.3,11808.21,
USDKZT,09/08/2026,454.14,453.98,454.3,455.44,453.95,453.71,453.98,
USDXOF,09/08/2026,565,561.5,568.5,561.5,560.75,560.75,561.5,
EURXOF,09/08/2026,662.5005,654.955,670.046,654.983,654.792,654.792,654.955,
USDGNF,09/08/2026,8790.5,8781,8800,8781,8780,8750,8781,
EURGNF,09/08/2026,10218.96,10206.16,10231.76,10216.41,10208.51,10169.25,10206.16,
USDGHS,09/08/2026,11.41,11.4,11.42,11.41,11.39,11.22,11.4,
USDKES,09/08/2026,129.45,129.3,129.6,129.5,129.3,129.2,129.3,
USDUGX,09/08/2026,3787.62,3782.62,3792.62,3790,3774.29,3765,3782.62,
USDDJF,09/08/2026,178.075,177.6,178.55,177.6,177.6,177.55,177.6,
USDCAD,09/08/2026,1.37835,1.378,1.3787,1.3819,1.3813,1.3757,1.378,
USDEUR,09/08/2026,0.86025,0.8601,0.8604,0.8614,0.8599,0.8593,0.8601,
USDHKD,09/08/2026,7.8412,7.841,7.8414,7.8419,7.8394,7.8388,7.841,
EURHKD,09/08/2026,9.11475,9.1131,9.1164,9.1233,9.1102,9.0993,9.1131,
USDAUD,09/08/2026,1.3858,1.3852,1.3864,1.3879,1.385,1.3824,1.3852,
USDVND,09/08/2026,25977,25974,25980,26010,26009,25949,25974,
USDARS,09/08/2026,1511.75,1511.5,1512,1511.5,1500,1500,1511.5,
USDZAR,09/08/2026,16.0031,15.9975,16.0087,16.0918,15.9975,15.966,15.9975,
USDAOA,09/08/2026,919.543,912.843,926.243,912.843,912.799,912,912.843,
EURAOA,09/08/2026,1068.925,1061,1076.85,1062.13,1061.31,1059.49,1061,
USDCDF,09/08/2026,2306.75,2293.5,2320,2293.5,2293.5,2264,2293.5,
USDZWG,09/08/2026,27.1262,26.1908,28.0616,26.1908,25.9235,25.7899,26.1908,
USDZMW,09/08/2026,19.225,19.2,19.25,19.26,19.125,19.125,19.2,
USDTRY,09/08/2026,48.46045,48.4412,48.4797,48.472,48.4244,48.2263,48.4412,
USDTZS,09/08/2026,2645,2630,2660,2634,2634,2630,2630,
EURAUD,09/08/2026,1.6106,1.6101,1.6111,1.6132,1.6106,1.6077,1.6101,
USDJPY,09/08/2026,153.985,153.96,154.01,154.41,154.35,152.87,153.96,
USDMAD,09/08/2026,9.3802,9.3729,9.3875,9.4105,9.4008,9.3629,9.3729,
USDBRL,09/08/2026,5.08555,5.0852,5.0859,5.1279,5.1089,5.0704,5.0852,
USDIDR,09/08/2026,17630,17625,17635,17635,17635,17590,17625,
USDINR,09/08/2026,94.82,94.81,94.83,94.8925,94.51,94.51,94.81,
USDCLP,09/08/2026,925.28,924.74,925.82,936.1,933.63,922.58,924.74,
USDAED,09/08/2026,3.673,3.6725,3.6735,3.673,3.6726,3.6723,3.6725,
USDSAR,09/08/2026,3.75495,3.7537,3.7562,3.7554,3.7552,3.7537,3.7537,
USDPHP,09/08/2026,62.385,62.36,62.41,62.626,62.582,62.321,62.36,
USDPEN,09/08/2026,3.3546,3.3529,3.3563,3.3609,3.3549,3.3504,3.3529,
USDMXN,09/08/2026,16.91645,16.9139,16.919,16.994,16.906,16.8931,16.9139,
USDNGN,09/08/2026,1322.44,1321.19,1323.69,1321.19,1318.35,1317.05,1321.19,
USDMYR,09/08/2026,4.0615,4.057,4.066,4.0605,4.042,4.04,4.057,
USDSGD,09/08/2026,1.26505,1.2647,1.2654,1.2665,1.266,1.2635,1.2647,
EURBRL,09/08/2026,5.9117,5.9105,5.9129,5.9647,5.9601,5.8969,5.9105,
EURTRY,09/08/2026,56.3265,56.325,56.328,56.4206,56.3174,56.153,56.325,
EURGBP,09/08/2026,0.8584,0.8582,0.8586,0.8588,0.8577,0.8568,0.8582,
ZARCNH,09/08/2026,0.4191,0.4189,0.4193,0.4198,0.4191,0.4167,0.4189,
ZARHKD,09/08/2026,0.49,0.4898,0.4902,0.4907,0.4897,0.487,0.4898,
AUDNZD,09/08/2026,1.23285,1.2321,1.2336,1.2345,1.2272,1.2263,1.2321,
CZKCNY,09/08/2026,0.32245,0.3222,0.3227,0.3227,0.3223,0.3216,0.3222,
JPYCNH,09/08/2026,0.0435555,0.043542,0.043569,0.043878,0.043462,0.043428,0.043542,
JPYCNY,09/08/2026,0.043597,0.043594,0.0436,0.043865,0.043703,0.043511,0.043594,0.043706
GBPCNH,09/08/2026,9.0811,9.0803,9.0819,9.0949,9.0839,9.0725,9.0803,
CNHRUB,09/08/2026,12.80025,12.79767,12.80283,12.9996,12.80761,12.77838,12.79767,
CNHMYR,09/08/2026,0.60555,0.6048,0.6063,0.6051,0.6026,0.6021,0.6048,
USDKRW,09/08/2026,1340.05,1339.79,1340.31,1346.7,1344.57,1335.9,1339.79,
CNHKRW,09/08/2026,200.505,200.45,200.56,200.45,200.06,198.97,200.45,
CNHPHP,09/08/2026,9.3016,9.2977,9.3055,9.3323,9.3264,9.292,9.2977,
USDTHB,09/08/2026,32.91,32.87,32.95,32.98,32.84,32.79,32.87,
CNHTHB,09/08/2026,4.9065,4.906,4.907,,,,4.906,
CNYTHB,09/08/2026,4.9022,4.8977,4.9067,4.9069,4.8857,4.8831,4.8977,4.8863
CNHINR,09/08/2026,14.13768,14.13408,14.14128,14.14046,14.08017,14.07766,14.13408,
CNHIDR,09/08/2026,2627.09,2626.13,2628.05,2637.01,2623.36,2622,2626.13,
AUDCNH,09/08/2026,4.8402,4.8396,4.8408,4.8487,4.8386,4.8346,4.8396,
AUDCNY,09/08/2026,4.84725,4.8438,4.8507,4.8517,4.842,4.8322,4.8438,4.8616
NZDCNH,09/08/2026,3.92575,3.9252,3.9263,3.9474,3.9306,3.9165,3.9252,
NZDCNY,09/08/2026,3.9315,3.9282,3.9348,3.9462,3.9437,3.915,3.9282,3.9634
NZDUSD,09/08/2026,0.5853,0.5852,0.5854,0.589,0.5881,0.5834,0.5852,
EURZAR,09/08/2026,18.60205,18.5928,18.6113,18.6841,18.5792,18.5629,18.5928,
ZARCNY,09/08/2026,0.41935,0.4192,0.4195,0.4199,0.4192,0.4168,0.4192,0.422119
CNHKZT,09/08/2026,67.71235,67.6784,67.7463,67.8768,67.6492,67.6169,67.6784,
HKDCNY,09/08/2026,0.855805,0.85578,0.85583,0.85607,0.85594,0.85564,0.85578,0.86482
SGDCNY,09/08/2026,5.3046,5.3031,5.3061,5.3094,5.3004,5.2964,5.3031,5.3287
CHFCNY,09/08/2026,8.29025,8.2897,8.2908,8.3069,8.2911,8.2611,8.2897,8.3418
CADCNY,09/08/2026,4.86855,4.8683,4.8688,4.8768,4.8576,4.8541,4.8683,4.8809
MYRCNY,09/08/2026,1.65225,1.6504,1.6541,1.658,1.6578,1.6494,1.6504,1.670844
RUBCNY,09/08/2026,0.0782,0.0782,0.0782,0.0783,0.0778,0.0769,0.0782,0.078065
KRWCNY,09/08/2026,0.00501,0.00501,0.00501,0.00502,0.00499,0.00498,0.00501,0.004997
AEDCNY,09/08/2026,1.827,1.8267,1.8273,1.8275,1.8272,1.8266,1.8267,1.834963
SARCNY,09/08/2026,1.7871,1.7865,1.7877,1.7873,1.787,1.7864,1.7865,1.794752
TRYCNY,09/08/2026,0.13845,0.1384,0.1385,0.1388,0.1385,0.1375,0.1384,0.139246
MXNCNY,09/08/2026,0.39685,0.3967,0.397,0.3968,0.3962,0.3948,0.3967,0.399106
EURUSD,09/08/2026,1.1625,1.1623,1.1627,1.1636,1.1627,1.1607,1.1623,
USDRUB,09/08/2026,85.85,85.8455,85.8545,87.2455,86.2455,85.7455,85.8455,
USDCZK,09/08/2026,20.8115,20.793,20.83,20.851,20.808,20.777,20.793,
AUDUSD,09/08/2026,0.7216,0.7213,0.7219,0.723,0.7215,0.7202,0.7213,
EURCNH,09/08/2026,7.7955,7.7951,7.7959,7.8066,7.7963,7.7868,7.7951,
EURCNY,09/08/2026,7.8059,7.8013,7.8105,7.8079,7.8055,7.7864,7.8013,7.8419
GBPCNY,09/08/2026,9.0923,9.0868,9.0978,9.0959,9.0905,9.0698,9.0868,9.1349
GBPUSD,09/08/2026,1.3541,1.3537,1.3545,1.3561,1.3538,1.3518,1.3537,
USDCHF,09/08/2026,0.80945,0.8094,0.8095,0.812,0.8091,0.8076,0.8094,
USDCNH,09/08/2026,6.7069,6.7059,6.7079,6.7115,6.7101,6.7051,6.7059,
CNHCNY,09/08/2026,1.00055,1.0004,1.0007,1.0007,1,0.9998,1.0004,
THBCNY,09/08/2026,0.20391,0.20366,0.20416,0.20453,0.20398,0.2033,0.20366,0.204654
INRCNY,09/08/2026,7.0771,7.0763,7.0779,7.1024,7.1015,7.0714,7.0763,
IDRCNY,09/08/2026,0.03806,0.03805,0.03807,0.03812,0.03804,0.03799,0.03805,
BRLCNY,09/08/2026,1.3195,1.3194,1.3196,1.3232,1.3091,1.3084,1.3194,
ARSCNY,09/09/2026,0.0044,0.0044,0.0044,0.0044,0.0044,0.0044,0.0044,
PHPCNY,09/09/2026,0.10734,0.10723,0.10745,0.10748,0.10715,0.10713,0.10723,
NGNCNY,09/09/2026,0.005065,0.00506,0.00507,0.00508,0.00507,0.00503,0.00506,
PENCNY,09/09/2026,2,2,2,2,2,2,2,
KZTCNY,09/09/2026,14.7314,14.726,14.7368,14.7847,14.7711,14.6088,14.726,
UGXCNY,09/09/2026,0.1771,0.1769,0.1773,0.1777,0.1769,0.1761,0.1769,
TZSCNY,09/09/2026,0.25405,0.2526,0.2555,0.2527,0.2522,0.2512,0.2526,
CLPCNY,09/09/2026,0.0723,0.0723,0.0723,0.0726,0.0725,0.0722,0.0723,
VNDCNY,09/09/2026,2.58915,2.5888,2.5895,2.5905,2.5832,2.5815,2.5888,
RSDCNY,09/09/2026,0.665,0.664,0.666,0.6662,0.6648,0.6628,0.664,
UZSCNY,09/09/2026,0.5673,0.5661,0.5685,0.5683,0.5678,0.566,0.5661,
GHSCNY,09/09/2026,0.5871,0.5858,0.5884,0.591,0.5861,0.5808,0.5858,
GNFCNY,09/09/2026,0.76305,0.7622,0.7639,0.7626,0.7626,0.7553,0.7622,
KESCNY,09/09/2026,0.05185,0.0518,0.0519,0.0518,0.0518,0.0517,0.0518,
ZMWCNY,09/09/2026,0.34805,0.3476,0.3485,0.3485,0.3485,0.3461,0.3476,
DJFCNY,09/09/2026,0.3767,0.3757,0.3777,0.3758,0.3758,0.3756,0.3757,
MADCNY,09/09/2026,0.716,0.7157,0.7163,0.7178,0.7148,0.7147,0.7157,
USDCNY,09/09/2026,6.7078,6.7077,6.7079,6.7095,6.7095,6.7067,6.7077,6.7769
USDRSD,09/09/2026,100.87,100.72,101.02,100.92,100.84,100.54,100.72,
USDUZS,09/09/2026,11805,11780,11830,11810,11808.21,11780,11780,
USDKZT,09/09/2026,455.34,455.18,455.5,459.07,453.98,453.48,455.18,
USDXOF,09/09/2026,563,561,565,561.5,561.5,560,561,
EURXOF,09/09/2026,662.5005,654.955,670.046,654.983,654.06,654.06,654.955,
USDGNF,09/09/2026,8790.5,8781,8800,8781,8781,8750,8781,
EURGNF,09/09/2026,10225.99,10214.06,10237.92,10232.5,10206.16,10173.63,10214.06,
USDGHS,09/09/2026,11.425,11.4,11.45,11.43,11.4,11.3,11.4,
USDKES,09/09/2026,129.4,129.3,129.5,129.35,129.35,129.2,129.3,
USDUGX,09/09/2026,3787.62,3782.62,3792.62,3800,3782.62,3765,3782.62,
USDDJF,09/09/2026,178.075,177.6,178.55,177.6,177.6,177.55,177.6,
USDCAD,09/09/2026,1.38055,1.3802,1.3809,1.382,1.3783,1.3763,1.3802,
USDEUR,09/09/2026,0.8596,0.8595,0.8597,0.8605,0.8601,0.858,0.8595,
USDHKD,09/09/2026,7.84245,7.8422,7.8427,7.8428,7.841,7.8404,7.8422,
EURHKD,09/09/2026,9.12315,9.1221,9.1242,9.1392,9.1131,9.1095,9.1221,
USDAUD,09/09/2026,1.3855,1.3854,1.3856,1.387,1.3848,1.381,1.3854,
USDVND,09/09/2026,25907,25904,25910,25977,25964,25879,25904,
USDARS,09/09/2026,1513.75,1513.5,1514,1516.5,1500,1500,1513.5,
USDZAR,09/09/2026,16.04435,16.0342,16.0545,16.0686,15.9974,15.9688,16.0342,
USDAOA,09/09/2026,918,913,923,913,912.843,912,913,
EURAOA,09/09/2026,1067.91,1062,1073.82,1063.74,1061,1060.2,1062,
USDCDF,09/09/2026,2308.25,2296.5,2320,2296.5,2293.5,2285,2296.5,
USDZWG,09/09/2026,26.6908,25.8901,27.4915,26.0572,26.0235,25.7566,25.8901,
USDZMW,09/09/2026,19.2725,19.2475,19.2975,19.33,19.2,19.2,19.2475,
USDTRY,09/09/2026,48.4813,48.4763,48.4863,48.4819,48.4554,48.2793,48.4763,
USDTZS,09/09/2026,2640,2625,2655,2635,2630,2615,2625,
EURAUD,09/09/2026,1.61175,1.6114,1.6121,1.6133,1.6101,1.6078,1.6114,
USDJPY,09/09/2026,153.55,153.54,153.56,153.99,153.99,152.92,153.54,
USDMAD,09/09/2026,9.3684,9.3644,9.3724,9.3825,9.3726,9.3397,9.3644,
USDBRL,09/09/2026,5.10855,5.1083,5.1088,5.1151,5.0861,5.0806,5.1083,
USDIDR,09/09/2026,17505,17500,17510,17575,17570,17490,17500,
USDINR,09/09/2026,95.11,95.1,95.12,95.225,94.81,94.81,95.1,
USDCLP,09/09/2026,927.66,927.21,928.11,928.15,924.74,922.61,927.21,
USDAED,09/09/2026,3.673,3.6729,3.6731,3.673,3.6728,3.6723,3.6729,
USDSAR,09/09/2026,3.75485,3.7536,3.7561,3.7551,3.7537,3.7536,3.7536,
USDPHP,09/09/2026,62.492,62.429,62.555,62.523,62.489,62.353,62.429,
USDPEN,09/09/2026,3.3548,3.3536,3.356,3.36,3.3521,3.3469,3.3536,
USDMXN,09/09/2026,16.89595,16.8907,16.9012,16.9202,16.9052,16.868,16.8907,
USDNGN,09/09/2026,1325.185,1324.31,1326.06,1328.74,1321.19,1317.15,1324.31,
USDMYR,09/09/2026,4.07,4.068,4.072,4.0685,4.051,4.05,4.068,
USDSGD,09/09/2026,1.26425,1.2639,1.2646,1.2653,1.2647,1.2625,1.2639,
EURBRL,09/09/2026,5.9428,5.942,5.9436,5.9473,5.9105,5.9053,5.942,
EURTRY,09/09/2026,56.44715,56.4226,56.4717,56.5305,56.4057,56.1669,56.4226,
EURGBP,09/09/2026,0.8588,0.8585,0.8591,0.8594,0.8586,0.8579,0.8585,
ZARCNH,09/09/2026,0.418,0.4177,0.4183,0.4195,0.4189,0.4171,0.4177,
ZARHKD,09/09/2026,0.4888,0.4885,0.4891,0.4907,0.4898,0.4878,0.4885,
AUDNZD,09/09/2026,1.2363,1.2354,1.2372,1.2361,1.2326,1.2305,1.2354,
CZKCNY,09/09/2026,0.32165,0.3215,0.3218,0.3227,0.3222,0.3209,0.3215,
JPYCNH,09/09/2026,0.043676,0.043673,0.043679,0.043831,0.043547,0.043502,0.043673,
JPYCNY,09/09/2026,0.043653,0.04365,0.043656,0.043848,0.043609,0.043609,0.04365,0.043774
GBPCNH,09/09/2026,9.08505,9.0842,9.0859,9.096,9.0732,9.0732,9.0842,
CNHRUB,09/09/2026,12.685545,12.68478,12.68631,12.84852,12.79939,12.68062,12.68478,
CNHMYR,09/09/2026,0.6069,0.6066,0.6072,0.6068,0.6049,0.6039,0.6066,
USDKRW,09/09/2026,1340.025,1339.78,1340.27,1341.9,1340.82,1334,1339.78,
CNHKRW,09/09/2026,199.27,199.13,199.41,200.09,199.6,198.95,199.13,
CNHPHP,09/09/2026,9.3181,9.3085,9.3277,9.3229,9.2968,9.2968,9.3085,
USDTHB,09/09/2026,32.92,32.88,32.96,32.95,32.87,32.79,32.88,
CNHTHB,09/09/2026,4.9065,4.906,4.907,,,,4.906,
CNYTHB,09/09/2026,4.9074,4.9029,4.9119,4.9066,4.8975,4.8862,4.9029,4.8943
CNHINR,09/09/2026,14.18187,14.18027,14.18347,14.20219,14.13598,14.13197,14.18027,
CNHIDR,09/09/2026,2612.5,2610,2615,2630.54,2623.12,2610,2610,
AUDCNH,09/09/2026,4.8408,4.84,4.8416,4.8522,4.8394,4.8354,4.84,
AUDCNY,09/09/2026,4.84075,4.8373,4.8442,4.8542,4.8448,4.8343,4.8373,4.861
NZDCNH,09/09/2026,3.91545,3.9149,3.916,3.9318,3.918,3.9097,3.9149,
NZDCNY,09/09/2026,3.9189,3.9156,3.9222,3.9337,3.9283,3.9083,3.9156,3.9474
NZDUSD,09/09/2026,0.58385,0.5838,0.5839,0.5865,0.5851,0.5828,0.5838,
EURZAR,09/09/2026,18.6644,18.6516,18.6772,18.6921,18.5943,18.5665,18.6516,
ZARCNY,09/09/2026,0.41805,0.4178,0.4183,0.4197,0.4192,0.4173,0.4178,0.421692
CNHKZT,09/09/2026,67.89585,67.8715,67.9202,68.4648,67.6875,67.619,67.8715,
HKDCNY,09/09/2026,0.85532,0.85528,0.85536,0.85581,0.85578,0.8551,0.85528,0.86418
SGDCNY,09/09/2026,5.30575,5.3042,5.3073,5.3109,5.3031,5.2996,5.3042,5.3304
CHFCNY,09/09/2026,8.2792,8.276,8.2824,8.314,8.2856,8.2678,8.276,8.3399
CADCNY,09/09/2026,4.8588,4.8575,4.8601,4.8723,4.8683,4.8522,4.8575,4.8867
MYRCNY,09/09/2026,1.6481,1.6473,1.6489,1.652,1.6508,1.6454,1.6473,1.662925
RUBCNY,09/09/2026,0.07885,0.0788,0.0789,0.0788,0.0779,0.0778,0.0788,0.078026
KRWCNY,09/09/2026,0.005005,0.005,0.00501,0.00503,0.005,0.00499,0.005,0.005006
AEDCNY,09/09/2026,1.82625,1.8262,1.8263,1.8272,1.827,1.8258,1.8262,1.833819
SARCNY,09/09/2026,1.78645,1.7858,1.7871,1.7869,1.7865,1.7856,1.7858,1.793819
TRYCNY,09/09/2026,0.13835,0.1383,0.1384,0.1386,0.1385,0.1379,0.1383,0.139153
MXNCNY,09/09/2026,0.397,0.3969,0.3971,0.3975,0.3966,0.3961,0.3969,0.399632
EURUSD,09/09/2026,1.1633,1.1632,1.1634,1.1653,1.1623,1.1619,1.1632,
USDRUB,09/09/2026,85.075,85.0705,85.0795,86.1455,86.0955,85.0705,85.0705,
USDCZK,09/09/2026,20.8545,20.847,20.862,20.888,20.792,20.762,20.847,
AUDUSD,09/09/2026,0.72175,0.7217,0.7218,0.7237,0.7215,0.7208,0.7217,
EURCNH,09/09/2026,7.8011,7.7993,7.8029,7.8119,7.7956,7.7922,7.7993,
EURCNY,09/09/2026,7.7997,7.7951,7.8043,7.8128,7.8011,7.7919,7.7951,7.8397
GBPCNY,09/09/2026,9.08825,9.0828,9.0937,9.0995,9.0851,9.0722,9.0828,9.1308
GBPUSD,09/09/2026,1.35465,1.3542,1.3551,1.3567,1.3537,1.3527,1.3542,
USDCHF,09/09/2026,0.8102,0.8099,0.8105,0.8109,0.8095,0.8065,0.8099,
USDCNH,09/09/2026,6.70645,6.7064,6.7065,6.7077,6.7066,6.7022,6.7064,
CNHCNY,09/09/2026,1.0002,1.0002,1.0002,1.0011,1.0005,0.9999,1.0002,
THBCNY,09/09/2026,0.20376,0.20351,0.20401,0.20436,0.20366,0.20343,0.20351,0.204319
INRCNY,09/09/2026,7.05265,7.0518,7.0535,7.0763,7.0763,7.0426,7.0518,
IDRCNY,09/09/2026,0.03832,0.03831,0.03833,0.03833,0.03805,0.03804,0.03831,
BRLCNY,09/09/2026,1.31305,1.313,1.3131,1.3206,1.3193,1.3113,1.313,
EURJPY,09/09/2026,178.65,178.61,178.69,178.97,178.84,178.04,178.61,178.65
ARSCNY,09/10/2026,0.0044,0.0044,0.0044,0.0044,0.0044,0.0044,0.0044,
PHPCNY,09/10/2026,0.10708,0.107,0.10716,0.10741,0.10723,0.10697,0.107,
NGNCNY,09/10/2026,0.005065,0.00506,0.00507,0.00507,0.00506,0.00501,0.00506,
PENCNY,09/10/2026,2,2,2,2,2,1.99,2,
KZTCNY,09/10/2026,14.89075,14.8846,14.8969,14.9822,14.7257,14.7146,14.8846,
UGXCNY,09/10/2026,0.1742,0.174,0.1744,0.1777,0.1761,0.174,0.174,
TZSCNY,09/10/2026,0.25355,0.2521,0.255,0.2527,0.2527,0.2511,0.2521,
CLPCNY,09/10/2026,0.07125,0.0712,0.0713,0.0723,0.0723,0.0711,0.0712,
VNDCNY,09/10/2026,2.5869,2.5864,2.5874,2.5915,2.582,2.5819,2.5864,
RSDCNY,09/10/2026,0.6635,0.6628,0.6642,0.6655,0.6649,0.661,0.6628,
UZSCNY,09/10/2026,0.56915,0.5689,0.5694,0.5689,0.5683,0.5665,0.5689,
GHSCNY,09/10/2026,0.58525,0.5847,0.5858,0.5872,0.5858,0.5781,0.5847,
GNFCNY,09/10/2026,0.7628,0.7621,0.7635,0.7624,0.7622,0.7554,0.7621,
KESCNY,09/10/2026,0.05185,0.0518,0.0519,0.0518,0.0518,0.0517,0.0518,
ZMWCNY,09/10/2026,0.3471,0.3466,0.3476,0.3484,0.3476,0.3454,0.3466,
DJFCNY,09/10/2026,0.3766,0.3756,0.3776,0.3758,0.3757,0.3755,0.3756,
MADCNY,09/10/2026,0.71585,0.7151,0.7166,0.7172,0.7157,0.7134,0.7151,
USDCNY,09/10/2026,6.7065,6.7061,6.7069,6.7091,6.7085,6.7053,6.7061,6.7766
USDRSD,09/10/2026,101.075,100.97,101.18,101.16,100.81,100.64,100.97,
USDUZS,09/10/2026,11805,11780,11830,11810,11792.92,11778.47,11780,
USDKZT,09/10/2026,450.38,450.22,450.54,455.53,455.21,447.56,450.22,
USDXOF,09/10/2026,563,561,565,561,560,560,561,
EURXOF,09/10/2026,662.5005,654.955,670.046,654.983,654.111,654.111,654.955,
USDGNF,09/10/2026,8792,8784,8800,8784,8781,8750,8784,
EURGNF,09/10/2026,10209.27,10198.22,10220.32,10221.96,10214.06,10171,10198.22,
USDGHS,09/10/2026,11.46,11.45,11.47,11.45,11.42,11.35,11.45,
USDKES,09/10/2026,129.4,129.3,129.5,129.35,129.35,129.2,129.3,
USDUGX,09/10/2026,3850,3845,3855,3845,3800,3765,3845,
USDDJF,09/10/2026,178.075,177.6,178.55,177.6,177.6,177.55,177.6,
USDCAD,09/10/2026,1.38335,1.383,1.3837,1.3839,1.3803,1.3792,1.383,
USDEUR,09/10/2026,0.86115,0.861,0.8613,0.8626,0.8593,0.8588,0.861,
USDHKD,09/10/2026,7.8418,7.8413,7.8423,7.8422,7.8422,7.8401,7.8413,
EURHKD,09/10/2026,9.1059,9.1037,9.1081,9.1286,9.122,9.087,9.1037,
USDAUD,09/10/2026,1.3972,1.3966,1.3978,1.3974,1.3841,1.3839,1.3966,
USDVND,09/10/2026,25924.5,25921,25928,25976,25976,25867,25921,
USDARS,09/10/2026,1512.75,1512.5,1513,1515.25,1510,1510,1512.5,
USDZAR,09/10/2026,16.20275,16.1956,16.2099,16.2232,16.0063,16.0063,16.1956,
USDAOA,09/10/2026,918,913,923,913,912.843,912.843,913,
EURAOA,09/10/2026,1065.98,1059.99,1071.97,1062.64,1061.91,1058.08,1059.99,
USDCDF,09/10/2026,2308.75,2297.5,2320,2297.5,2296.5,2285,2297.5,
USDZWG,09/10/2026,26.6758,25.8755,27.4761,26.0572,26.0572,25.337,25.8755,
USDZMW,09/10/2026,19.3207,19.2957,19.3457,19.365,19.25,19.2,19.2957,
USDTRY,09/10/2026,48.5437,48.5387,48.5487,48.5474,48.4762,48.2987,48.5387,
USDTZS,09/10/2026,2645,2630,2660,2630,2620,2620,2630,
EURAUD,09/10/2026,1.62235,1.622,1.6227,1.6227,1.6111,1.6099,1.622,
USDJPY,09/10/2026,154.43,154.42,154.44,154.65,153.56,153.26,154.42,
USDMAD,09/10/2026,9.3681,9.3587,9.3775,9.3922,9.3646,9.345,9.3587,
USDBRL,09/10/2026,5.10585,5.1058,5.1059,5.1467,5.1083,5.082,5.1058,
USDIDR,09/10/2026,17535,17530,17540,17540,17495,17495,17530,
USDINR,09/10/2026,95.445,95.44,95.45,95.4675,95.1,95.1,95.44,
USDCLP,09/10/2026,941.1,940.47,941.73,941.23,927.21,927,940.47,
USDAED,09/10/2026,3.673,3.6729,3.6731,3.673,3.6729,3.6723,3.6729,
USDSAR,09/10/2026,3.7551,3.755,3.7552,3.755,3.7536,3.7535,3.755,
USDPHP,09/10/2026,62.63,62.587,62.673,62.602,62.429,62.322,62.587,
USDPEN,09/10/2026,3.3512,3.3492,3.3532,3.3731,3.3536,3.3483,3.3492,
USDMXN,09/10/2026,16.9875,16.98,16.995,17.018,16.887,16.8785,16.98,
USDNGN,09/10/2026,1324.875,1324,1325.75,1330.5,1324.34,1320.8,1324,
USDMYR,09/10/2026,4.0655,4.061,4.07,4.07,4.0602,4.058,4.061,
USDSGD,09/10/2026,1.26805,1.268,1.2681,1.2684,1.2639,1.2632,1.268,
EURBRL,09/10/2026,5.9289,5.9278,5.93,5.9758,5.942,5.9085,5.9278,
EURTRY,09/10/2026,56.5038,56.4841,56.5235,56.5834,56.3929,55.96,56.4841,
EURGBP,09/10/2026,0.8594,0.8593,0.8595,0.8599,0.8589,0.8582,0.8593,
ZARCNH,09/10/2026,0.4144,0.4142,0.4146,0.4187,0.4177,0.4135,0.4142,
ZARHKD,09/10/2026,0.48395,0.4837,0.4842,0.4896,0.4885,0.4829,0.4837,
AUDNZD,09/10/2026,1.23485,1.2341,1.2356,1.2374,1.236,1.2319,1.2341,
CZKCNY,09/10/2026,0.32115,0.321,0.3213,0.322,0.3215,0.3203,0.321,
JPYCNH,09/10/2026,0.0434795,0.04347,0.043489,0.043745,0.043664,0.043384,0.04347,
JPYCNY,09/10/2026,0.0436395,0.043638,0.043641,0.043754,0.043652,0.043613,0.043638,0.043809
GBPCNH,09/10/2026,9.0725,9.071,9.074,9.0905,9.0818,9.0583,9.071,
CNHRUB,09/10/2026,12.502795,12.50026,12.50533,12.74325,12.68478,12.49933,12.50026,
CNHMYR,09/10/2026,0.60545,0.6047,0.6062,0.607,0.6066,0.6047,0.6047,
USDKRW,09/10/2026,1349.885,1349.45,1350.32,1349.91,1339.95,1335.8,1349.45,
CNHKRW,09/10/2026,199.715,199.65,199.78,200.28,199.8,198.96,199.65,
CNHPHP,09/10/2026,9.32755,9.3208,9.3343,9.3297,9.3086,9.3065,9.3208,
USDTHB,09/10/2026,33.125,33.1,33.15,33.14,32.88,32.85,33.1,
CNHTHB,09/10/2026,4.91,4.9,4.92,4.9,4.9,4.9,4.9,
CNYTHB,09/10/2026,4.92245,4.9179,4.927,4.9285,4.8974,4.8954,4.9179,4.8953
CNHINR,09/10/2026,14.21476,14.2119,14.21762,14.23618,14.18027,14.17647,14.2119,
CNHIDR,09/10/2026,2615.75,2615.6,2615.9,2623.79,2613.88,2603.39,2615.6,
AUDCNH,09/10/2026,4.80595,4.8054,4.8065,4.8427,4.8386,4.8044,4.8054,
AUDCNY,09/10/2026,4.81365,4.8102,4.8171,4.8446,4.8362,4.799,4.8102,4.8613
NZDCNH,09/10/2026,3.89275,3.8919,3.8936,3.924,3.9051,3.8899,3.8919,
NZDCNY,09/10/2026,3.899,3.8957,3.9023,3.9278,3.9201,3.8869,3.8957,3.9392
NZDUSD,09/10/2026,0.57975,0.5797,0.5798,0.5856,0.5838,0.5792,0.5797,
EURZAR,09/10/2026,18.8146,18.803,18.8262,18.8407,18.6509,18.6173,18.803,
ZARCNY,09/10/2026,0.4139,0.4137,0.4141,0.4188,0.4188,0.413,0.4137,0.420681
CNHKZT,09/10/2026,67.07575,67.0419,67.1096,67.9384,67.8715,66.7273,67.0419,
HKDCNY,09/10/2026,0.855225,0.85512,0.85533,0.85562,0.85528,0.85508,0.85512,0.86413
SGDCNY,09/10/2026,5.28885,5.2883,5.2894,5.3086,5.3042,5.2841,5.2883,5.3311
CHFCNY,09/10/2026,8.2511,8.2476,8.2546,8.2959,8.274,8.2285,8.2476,8.3334
CADCNY,09/10/2026,4.848,4.8465,4.8495,4.8603,4.8578,4.8444,4.8465,4.8816
MYRCNY,09/10/2026,1.6496,1.6477,1.6515,1.6512,1.6473,1.6432,1.6477,1.658953
RUBCNY,09/10/2026,0.0799,0.0799,0.0799,0.0799,0.0789,0.0785,0.0799,0.078825
KRWCNY,09/10/2026,0.00497,0.00497,0.00497,0.00502,0.00501,0.00496,0.00497,0.005011
AEDCNY,09/10/2026,1.8259,1.8257,1.8261,1.8267,1.8262,1.8254,1.8257,1.834391
SARCNY,09/10/2026,1.78595,1.7858,1.7861,1.7865,1.7858,1.7854,1.7858,1.794398
TRYCNY,09/10/2026,0.13815,0.1381,0.1382,0.1384,0.1383,0.1371,0.1381,0.139106
MXNCNY,09/10/2026,0.3948,0.3946,0.395,0.3972,0.3967,0.394,0.3946,0.4
EURUSD,09/10/2026,1.1612,1.161,1.1614,1.1641,1.1631,1.1591,1.161,
USDRUB,09/10/2026,83.95,83.9455,83.9545,85.4639,84.9955,83.9455,83.9455,
USDCZK,09/10/2026,20.885,20.877,20.893,20.924,20.845,20.807,20.877,
AUDUSD,09/10/2026,0.7157,0.7154,0.716,0.7222,0.7221,0.7153,0.7154,
EURCNH,09/10/2026,7.79655,7.796,7.7971,7.8062,7.8003,7.7816,7.796,
EURCNY,09/10/2026,7.8039,7.7993,7.8085,7.808,7.8038,7.7799,7.7993,7.8446
GBPCNY,09/10/2026,9.0813,9.0758,9.0868,9.0952,9.0878,9.0532,9.0758,9.1362
GBPUSD,09/10/2026,1.3511,1.3508,1.3514,1.356,1.3552,1.3489,1.3508,
USDCHF,09/10/2026,0.8128,0.8125,0.8131,0.8147,0.8103,0.8082,0.8125,
USDCNH,09/10/2026,6.71455,6.7145,6.7146,6.715,6.7064,6.7037,6.7145,
CNHCNY,09/10/2026,0.9988,0.9986,0.999,1.0005,1.0002,0.9985,0.9986,
THBCNY,09/10/2026,0.202465,0.2023,0.20263,0.20401,0.20351,0.20217,0.2023,0.204278
INRCNY,09/10/2026,7.02655,7.0258,7.0273,7.0533,7.0527,7.0244,7.0258,
IDRCNY,09/10/2026,0.038245,0.03823,0.03826,0.03832,0.03832,0.03821,0.03823,
BRLCNY,09/10/2026,1.3135,1.3134,1.3136,1.3195,1.313,1.3029,1.3134,
EURJPY,09/10/2026,179.325,179.3,179.35,179.47,178.6,178.42,179.3,179.325
ARSCNY,09/11/2026,0.0044,0.0044,0.0044,0.0044,0.0044,0.0044,0.0044,
PHPCNY,09/11/2026,0.10709,0.10699,0.10719,0.10721,0.10702,0.10678,0.10699,
NGNCNY,09/11/2026,0.005055,0.00505,0.00506,0.00507,0.00506,0.00504,0.00505,
PENCNY,09/11/2026,2,2,2,2,2,1.99,2,
KZTCNY,09/11/2026,14.8811,14.8753,14.8869,14.922,14.8846,14.865,14.8753,
UGXCNY,09/11/2026,0.1734,0.1732,0.1736,0.1764,0.1763,0.1727,0.1732,
TZSCNY,09/11/2026,0.25365,0.2522,0.2551,0.2524,0.2521,0.2513,0.2522,
CLPCNY,09/11/2026,0.0712,0.0711,0.0713,0.0717,0.0712,0.0709,0.0711,
VNDCNY,09/11/2026,2.58775,2.5874,2.5881,2.5901,2.5864,2.5863,2.5874,
RSDCNY,09/11/2026,0.66345,0.6631,0.6638,0.6644,0.6635,0.6604,0.6631,
UZSCNY,09/11/2026,0.57015,0.5699,0.5704,0.5699,0.5689,0.5671,0.5699,
GHSCNY,09/11/2026,0.58485,0.5843,0.5854,0.5885,0.5847,0.5783,0.5843,
GNFCNY,09/11/2026,0.763,0.7623,0.7637,0.7629,0.7621,0.7551,0.7623,
KESCNY,09/11/2026,0.05185,0.0518,0.0519,0.0518,0.0518,0.0518,0.0518,
ZMWCNY,09/11/2026,0.3466,0.3461,0.3471,0.3476,0.3466,0.3423,0.3461,
DJFCNY,09/11/2026,0.3767,0.3757,0.3777,0.376,0.3756,0.3756,0.3757,
MADCNY,09/11/2026,0.71235,0.712,0.7127,0.716,0.7151,0.7115,0.712,
USDCNY,09/11/2026,6.70825,6.708,6.7085,6.7134,6.7061,6.7061,6.708,6.7743
USDRSD,09/11/2026,101.11,101.06,101.16,101.35,101,100.85,101.06,
USDUZS,09/11/2026,11765.76,11760.76,11770.76,11780,11778.47,11750,11760.76,
USDKZT,09/11/2026,450.79,450.63,450.95,451.21,450.22,449.56,450.63,
USDXOF,09/11/2026,565,561.5,568.5,561.5,560,560,561.5,
EURXOF,09/11/2026,662.5005,654.949,670.052,654.983,653.772,653.772,654.949,
USDGNF,09/11/2026,8792,8784,8800,8784,8784,8750,8784,
EURGNF,09/11/2026,10198.72,10187.68,10209.76,10204.37,10201.74,10153.5,10187.68,
USDGHS,09/11/2026,11.47,11.46,11.48,11.46,11.45,11.3,11.46,
USDKES,09/11/2026,129.4,129.3,129.5,129.4,129.2,129.2,129.3,
USDUGX,09/11/2026,3868.48,3863.48,3873.48,3875,3794.76,3794.76,3863.48,
USDDJF,09/11/2026,178.075,177.6,178.55,177.6,177.6,177.55,177.6,
USDCAD,09/11/2026,1.38715,1.3869,1.3874,1.3883,1.383,1.3822,1.3869,
USDEUR,09/11/2026,0.86205,0.8619,0.8622,0.8643,0.8609,0.8606,0.8619,
USDHKD,09/11/2026,7.84275,7.8427,7.8428,7.843,7.8412,7.8407,7.8427,
EURHKD,09/11/2026,9.0976,9.096,9.0992,9.1095,9.1037,9.071,9.096,
USDAUD,09/11/2026,1.3947,1.3943,1.3951,1.3984,1.3959,1.391,1.3943,
USDVND,09/11/2026,25922.5,25920,25925,25935,25919,25900,25920,
USDARS,09/11/2026,1508.75,1508.5,1509,1513,1500,1500,1508.5,
USDZAR,09/11/2026,16.1088,16.1038,16.1138,16.2249,16.1936,16.0834,16.1038,
USDAOA,09/11/2026,919.543,912.843,926.243,913,912.843,912.843,912.843,
EURAOA,09/11/2026,1066.675,1058.72,1074.63,1060.45,1060.36,1055.98,1058.72,
USDCDF,09/11/2026,2308.75,2297.5,2320,2297.5,2297.5,2285,2297.5,
USDZWG,09/11/2026,27.18615,25.8535,28.5188,25.9868,25.7202,25.3204,25.8535,
USDZMW,09/11/2026,19.3543,19.3293,19.3793,19.4,19.275,19.25,19.3293,
USDTRY,09/11/2026,48.55825,48.5546,48.5619,48.6095,48.5406,48.2944,48.5546,
USDTZS,09/11/2026,2645,2630,2660,2640,2634,2630,2630,
EURAUD,09/11/2026,1.61785,1.6171,1.6186,1.6225,1.6219,1.6141,1.6171,
USDJPY,09/11/2026,153.545,153.54,153.55,154.61,154.38,153.23,153.54,
USDMAD,09/11/2026,9.4172,9.4132,9.4212,9.4196,9.3584,9.3547,9.4132,
USDBRL,09/11/2026,5.12075,5.1204,5.1211,5.1332,5.1067,5.0714,5.1204,
USDIDR,09/11/2026,17590,17585,17595,17620,17570,17570,17585,
USDINR,09/11/2026,95.555,95.55,95.56,95.7925,95.69,95.5225,95.55,
USDCLP,09/11/2026,942.48,941.13,943.83,945.68,940.47,934.37,941.13,
USDAED,09/11/2026,3.6727,3.6726,3.6728,3.6732,3.6729,3.6721,3.6726,
USDSAR,09/11/2026,3.7556,3.7555,3.7557,3.7555,3.755,3.7535,3.7555,
USDPHP,09/11/2026,62.642,62.586,62.698,62.711,62.542,62.469,62.586,
USDPEN,09/11/2026,3.3544,3.3524,3.3564,3.372,3.3493,3.3489,3.3524,
USDMXN,09/11/2026,16.973,16.966,16.98,17.007,16.985,16.922,16.966,
USDNGN,09/11/2026,1327.105,1326.23,1327.98,1327.26,1322.22,1322.22,1326.23,
USDMYR,09/11/2026,4.0705,4.068,4.073,4.074,4.068,4.062,4.068,
USDSGD,09/11/2026,1.26715,1.2671,1.2672,1.2693,1.268,1.2657,1.2671,
EURBRL,09/11/2026,5.94005,5.9386,5.9415,5.9523,5.9299,5.8849,5.9386,
EURTRY,09/11/2026,56.2702,56.2687,56.2717,56.5505,56.4811,56.0239,56.2687,
EURGBP,09/11/2026,0.8574,0.8573,0.8575,0.8598,0.8589,0.8569,0.8573,
ZARCNH,09/11/2026,0.4164,0.4162,0.4166,0.4167,0.4142,0.4133,0.4162,
ZARHKD,09/11/2026,0.48685,0.4867,0.487,0.4873,0.4837,0.4829,0.4867,
AUDNZD,09/11/2026,1.23355,1.2329,1.2342,1.234,1.2339,1.228,1.2329,
CZKCNY,09/11/2026,0.321,0.3206,0.3214,0.3216,0.3211,0.3196,0.3206,
JPYCNH,09/11/2026,0.043688,0.04368,0.043696,0.043761,0.043476,0.043412,0.04368,
JPYCNY,09/11/2026,0.0435415,0.04354,0.043543,0.043567,0.043494,0.043433,0.04354,0.043614
GBPCNH,09/11/2026,9.07415,9.0698,9.0785,9.0905,9.0668,9.049,9.0698,
CNHRUB,09/11/2026,12.54081,12.53827,12.54335,12.6155,12.50194,12.49933,12.53827,
CNHMYR,09/11/2026,0.6068,0.6063,0.6073,0.6071,0.6048,0.6047,0.6063,
USDKRW,09/11/2026,1341.585,1341.46,1341.71,1350.04,1348.19,1335.7,1341.46,
CNHKRW,09/11/2026,200.61,200.54,200.68,200.94,200.84,199.92,200.54,
CNHPHP,09/11/2026,9.3382,9.3295,9.3469,9.3439,9.3205,9.3135,9.3295,
USDTHB,09/11/2026,33.095,33.05,33.14,33.21,33.11,32.94,33.05,
CNHTHB,09/11/2026,4.91,4.9,4.92,4.9,4.9,4.9,4.9,
CNYTHB,09/11/2026,4.9199,4.9154,4.9244,4.9444,4.9315,4.9112,4.9154,4.9249
CNHINR,09/11/2026,14.24472,14.24185,14.24759,14.27273,14.2138,14.21084,14.24185,
CNHIDR,09/11/2026,2623.36,2623.3,2623.42,2634.76,2615.25,2605.45,2623.3,
AUDCNH,09/11/2026,4.81105,4.8082,4.8139,4.8405,4.8027,4.7991,4.8082,
AUDCNY,09/11/2026,4.81245,4.8116,4.8133,4.821,4.8073,4.7955,4.8116,4.833
NZDCNH,09/11/2026,3.90045,3.8986,3.9023,3.924,3.8876,3.8876,3.8986,
NZDCNY,09/11/2026,3.90185,3.9014,3.9023,3.914,3.9023,3.8906,3.9014,3.9192
NZDUSD,09/11/2026,0.58145,0.5814,0.5815,0.5834,0.5798,0.5792,0.5814,
EURZAR,09/11/2026,18.71525,18.7006,18.7299,18.8245,18.8031,18.6683,18.7006,
ZARCNY,09/11/2026,0.41645,0.4163,0.4166,0.4169,0.4137,0.4133,0.4163,0.416858
CNHKZT,09/11/2026,67.20085,67.167,67.2347,67.2524,67.0509,66.9925,67.167,
HKDCNY,09/11/2026,0.855345,0.85531,0.85538,0.85616,0.85511,0.85509,0.85531,0.86384
SGDCNY,09/11/2026,5.294,5.2936,5.2944,5.2982,5.2883,5.2819,5.2936,5.322
CHFCNY,09/11/2026,8.21685,8.2135,8.2202,8.2583,8.2445,8.2075,8.2135,8.3072
CADCNY,09/11/2026,4.83595,4.8349,4.837,4.851,4.8465,4.8304,4.8349,4.8751
MYRCNY,09/11/2026,1.648,1.6469,1.6491,1.6496,1.6477,1.6437,1.6469,1.660578
RUBCNY,09/11/2026,0.0797,0.0797,0.0797,0.08,0.0799,0.0792,0.0797,0.079978
KRWCNY,09/11/2026,0.005,0.005,0.005,0.00502,0.00497,0.00496,0.005,0.004985
AEDCNY,09/11/2026,1.8265,1.8264,1.8266,1.8279,1.8257,1.8254,1.8264,1.836412
SARCNY,09/11/2026,1.7862,1.7861,1.7863,1.7878,1.7858,1.7854,1.7861,1.796171
TRYCNY,09/11/2026,0.13815,0.1381,0.1382,0.1384,0.1381,0.1366,0.1381,0.138997
MXNCNY,09/11/2026,0.39525,0.3951,0.3954,0.3962,0.3945,0.3941,0.3951,0.398295
EURUSD,09/11/2026,1.16,1.1598,1.1602,1.1617,1.1614,1.1568,1.1598,
USDRUB,09/11/2026,84.125,84.1205,84.1295,84.6336,84.1,83.9447,84.1205,
USDCZK,09/11/2026,20.8965,20.871,20.922,20.963,20.874,20.84,20.871,
AUDUSD,09/11/2026,0.717,0.7168,0.7172,0.7187,0.716,0.7148,0.7168,
EURCNH,09/11/2026,7.7807,7.7789,7.7825,7.804,7.793,7.7643,7.7789,
EURCNY,09/11/2026,7.7851,7.7805,7.7897,7.7961,7.795,7.7608,7.7805,7.8367
GBPCNY,09/11/2026,9.07225,9.0668,9.0777,9.0747,9.0681,9.0434,9.0668,9.121
GBPUSD,09/11/2026,1.35195,1.3518,1.3521,1.3534,1.3508,1.3479,1.3518,
USDCHF,09/11/2026,0.8164,0.8161,0.8167,0.817,0.8127,0.8122,0.8161,
USDCNH,09/11/2026,6.7081,6.7071,6.7091,6.7148,6.7145,6.705,6.7071,
CNHCNY,09/11/2026,1,0.9998,1.0002,1.0003,0.9987,0.9985,0.9998,
THBCNY,09/11/2026,0.202695,0.20241,0.20298,0.2034,0.2023,0.20194,0.20241,0.20305
INRCNY,09/11/2026,7.0203,7.0197,7.0209,7.0334,7.0258,7.0051,7.0197,
IDRCNY,09/11/2026,0.038135,0.03812,0.03815,0.03827,0.03823,0.03807,0.03812,
BRLCNY,09/11/2026,1.31005,1.3099,1.3102,1.3226,1.313,1.3065,1.3099,
EURJPY,09/11/2026,178.055,178.03,178.08,179.54,179.26,177.87,178.03,178.055
ARSCNY,09/14/2026,0.00445,0.0044,0.0045,0.0044,0.0044,0.0044,0.0044,
PHPCNY,09/14/2026,0.10669,0.1066,0.10678,0.10698,0.10698,0.10647,0.1066,
NGNCNY,09/14/2026,0.00506,0.00503,0.00509,0.00509,0.00503,0.00502,0.00503,
PENCNY,09/14/2026,2,2,2,2,2,1.98,2,
KZTCNY,09/14/2026,14.91295,14.9071,14.9188,14.9683,14.7273,14.716,14.9071,
UGXCNY,09/14/2026,0.1718,0.1716,0.172,0.177,0.1732,0.1706,0.1716,
TZSCNY,09/14/2026,0.25365,0.2517,0.2556,0.2527,0.2522,0.2512,0.2517,
CLPCNY,09/14/2026,0.07005,0.07,0.0701,0.0712,0.0711,0.0695,0.07,
VNDCNY,09/14/2026,2.58125,2.5807,2.5818,2.5874,2.5874,2.5794,2.5807,
RSDCNY,09/14/2026,0.6604,0.6601,0.6607,0.6631,0.6631,0.6572,0.6601,
UZSCNY,09/14/2026,0.5702,0.5699,0.5705,0.5699,0.5699,0.5693,0.5699,
GHSCNY,09/14/2026,0.58485,0.5843,0.5854,0.5864,0.5843,0.5808,0.5843,
GNFCNY,09/14/2026,0.76295,0.7623,0.7636,0.7624,0.7623,0.7549,0.7623,
KESCNY,09/14/2026,0.05175,0.0517,0.0518,0.0519,0.0518,0.0516,0.0517,
ZMWCNY,09/14/2026,0.34535,0.3449,0.3458,0.3475,0.3461,0.3422,0.3449,
DJFCNY,09/14/2026,0.3767,0.3757,0.3777,0.3757,0.3757,0.3755,0.3757,
MADCNY,09/14/2026,0.70785,0.7075,0.7082,0.7127,0.712,0.7067,0.7075,
USDCNY,09/14/2026,6.70845,6.7082,6.7087,6.7089,6.708,6.7038,6.7082,6.7698
USDRSD,09/14/2026,101.585,101.54,101.63,101.77,101.36,101.33,101.54,
USDUZS,09/14/2026,11765.21,11760.21,11770.21,11760.76,11760.76,11750,11760.21,
USDKZT,09/14/2026,449.84,449.68,450,455.48,455.13,447.98,449.68,
USDXOF,09/14/2026,567.75,564.25,571.25,564.25,561.5,560,564.25,
EURXOF,09/14/2026,662.5005,654.966,670.035,654.983,654.949,654.881,654.966,
USDGNF,09/14/2026,8793,8786,8800,8786,8784,8750,8786,
EURGNF,09/14/2026,10155.035,10145.19,10164.88,10188.56,10187.68,10106.25,10145.19,
USDGHS,09/14/2026,11.47,11.46,11.48,11.47,11.46,11.35,11.46,
USDKES,09/14/2026,129.55,129.45,129.65,129.6,129.2,129.1,129.45,
USDUGX,09/14/2026,3905,3900,3910,3920,3863.48,3855,3900,
USDDJF,09/14/2026,178.075,177.6,178.55,177.6,177.6,177.55,177.6,
USDCAD,09/14/2026,1.39015,1.3898,1.3905,1.3929,1.3858,1.3855,1.3898,
USDEUR,09/14/2026,0.86585,0.8657,0.866,0.8678,0.8623,0.8618,0.8657,
USDHKD,09/14/2026,7.84375,7.8435,7.844,7.8438,7.8421,7.8417,7.8435,
EURHKD,09/14/2026,9.05875,9.0568,9.0607,9.0961,9.0953,9.0355,9.0568,
USDAUD,09/14/2026,1.40065,1.4002,1.4011,1.4067,1.3949,1.3922,1.4002,
USDVND,09/14/2026,25988.5,25984,25993,25989,25914,25914,25984,
USDARS,09/14/2026,1507.75,1507.5,1508,1513.5,1508.5,1507.5,1507.5,
USDZAR,09/14/2026,16.25445,16.2479,16.261,16.3453,16.1568,16.1434,16.2479,
USDAOA,09/14/2026,919.7,913,926.4,913,912.843,912.798,913,
EURAOA,09/14/2026,1062.16,1054.24,1070.08,1058.81,1057.99,1051.82,1054.24,
USDCDF,09/14/2026,2310.25,2300.5,2320,2300.5,2297.5,2285,2300.5,
USDZWG,09/14/2026,26.7933,25.4536,28.133,26.1235,25.8535,25.4536,25.4536,
USDZMW,09/14/2026,19.425,19.4,19.45,19.555,19.25,19.25,19.4,
USDTRY,09/14/2026,48.62075,48.6032,48.6383,48.6272,48.249,48.1631,48.6032,
USDTZS,09/14/2026,2645,2625,2665,2640,2630,2615,2625,
EURAUD,09/14/2026,1.61745,1.6172,1.6177,1.6226,1.6174,1.6166,1.6172,
USDJPY,09/14/2026,154.355,154.35,154.36,154.99,153.37,153.29,154.35,
USDMAD,09/14/2026,9.4773,9.4733,9.4813,9.4846,9.4132,9.3949,9.4733,
USDBRL,09/14/2026,5.1505,5.1501,5.1509,5.1826,5.1277,5.1277,5.1501,
USDIDR,09/14/2026,17645,17640,17650,17660,17600,17595,17640,
USDINR,09/14/2026,95.575,95.55,95.6,95.55,95.55,95.55,95.55,
USDCLP,09/14/2026,957.115,956.43,957.8,964.65,939.93,939.93,956.43,
USDAED,09/14/2026,3.6728,3.6727,3.6729,3.6736,3.6725,3.6722,3.6727,
USDSAR,09/14/2026,3.7557,3.7556,3.7558,3.7556,3.754,3.754,3.7556,
USDPHP,09/14/2026,62.88,62.83,62.93,62.89,62.681,62.576,62.83,
USDPEN,09/14/2026,3.3605,3.3585,3.3625,3.3818,3.3525,3.3519,3.3585,
USDMXN,09/14/2026,17.13815,17.1329,17.1434,17.193,16.95,16.95,17.1329,
USDNGN,09/14/2026,1326.29,1318.79,1333.79,1327.18,1318.5,1314.5,1318.79,
USDMYR,09/14/2026,4.076,4.074,4.078,4.075,4.065,4.065,4.074,
USDSGD,09/14/2026,1.2705,1.2701,1.2709,1.2726,1.2671,1.2658,1.2701,
EURBRL,09/14/2026,5.9483,5.9468,5.9498,5.9729,5.9415,5.9138,5.9468,
EURTRY,09/14/2026,56.1922,56.1668,56.2176,56.4088,56.2543,55.79,56.1668,
EURGBP,09/14/2026,0.8556,0.8552,0.856,0.8575,0.8569,0.8551,0.8552,
ZARCNH,09/14/2026,0.4128,0.4126,0.413,0.4163,0.4163,0.4105,0.4126,
ZARHKD,09/14/2026,0.4826,0.4824,0.4828,0.4867,0.4867,0.4796,0.4824,
AUDNZD,09/14/2026,1.23565,1.2348,1.2365,1.236,1.2327,1.2301,1.2348,
CZKCNY,09/14/2026,0.3192,0.319,0.3194,0.321,0.3209,0.3179,0.319,
JPYCNH,09/14/2026,0.043469,0.043467,0.043471,0.043729,0.043686,0.043298,0.043467,
JPYCNY,09/14/2026,0.043368,0.043366,0.04337,0.043649,0.043639,0.043359,0.043366,0.043799
GBPCNH,09/14/2026,9.05775,9.0567,9.0588,9.0696,9.0694,9.0368,9.0567,
CNHRUB,09/14/2026,12.593895,12.59304,12.59475,12.60509,12.54014,12.47472,12.59304,
CNHMYR,09/14/2026,0.6075,0.6072,0.6078,0.6076,0.6064,0.6059,0.6072,
USDKRW,09/14/2026,1347.575,1347.03,1348.12,1350.09,1343.89,1341.8,1347.03,
CNHKRW,09/14/2026,200.875,200.82,200.93,200.86,199.96,199.81,200.82,
CNHPHP,09/14/2026,9.37175,9.3641,9.3794,9.3732,9.3263,9.3259,9.3641,
USDTHB,09/14/2026,33.205,33.19,33.22,33.31,33.05,33.04,33.19,
CNHTHB,09/14/2026,4.91,4.9,4.92,,,,4.9,
CNYTHB,09/14/2026,4.95135,4.9468,4.9559,4.9602,4.9302,4.9302,4.9468,4.9195
CNHINR,09/14/2026,14.244515,14.24058,14.24845,14.25247,14.24397,14.2287,14.24058,
CNHIDR,09/14/2026,2632.5,2630,2635,2635.78,2615.55,2615.55,2630,
AUDCNH,09/14/2026,4.7908,4.7902,4.7914,4.7995,4.7939,4.7715,4.7902,
AUDCNY,09/14/2026,4.78785,4.7844,4.7913,4.8001,4.7918,4.7668,4.7844,4.8231
NZDCNH,09/14/2026,3.8776,3.877,3.8782,3.8918,3.8911,3.8643,3.877,
NZDCNY,09/14/2026,3.8734,3.8701,3.8767,3.8877,3.8866,3.8604,3.8701,3.9157
NZDUSD,09/14/2026,0.57785,0.5776,0.5781,0.5818,0.5793,0.5755,0.5776,
EURZAR,09/14/2026,18.77035,18.7616,18.7791,18.8465,18.6648,18.6618,18.7616,
ZARCNY,09/14/2026,0.4127,0.4125,0.4129,0.4163,0.4163,0.4102,0.4125,0.41731
CNHKZT,09/14/2026,67.04425,67.0194,67.0691,67.8899,67.177,66.7904,67.0194,
HKDCNY,09/14/2026,0.85526,0.8552,0.85532,0.85538,0.85525,0.85477,0.8552,0.86325
SGDCNY,09/14/2026,5.28015,5.2783,5.282,5.2965,5.2911,5.2696,5.2783,5.3212
CHFCNY,09/14/2026,8.20705,8.2037,8.2104,8.2269,8.2075,8.181,8.2037,8.2608
CADCNY,09/14/2026,4.8257,4.8243,4.8271,4.8377,4.8363,4.815,4.8243,4.8594
MYRCNY,09/14/2026,1.64585,1.645,1.6467,1.6473,1.6469,1.644,1.645,1.660302
RUBCNY,09/14/2026,0.0794,0.0794,0.0794,0.0801,0.0797,0.0793,0.0794,0.079781
KRWCNY,09/14/2026,0.00498,0.00498,0.00498,0.005,0.00499,0.00496,0.00498,0.004992
AEDCNY,09/14/2026,1.8265,1.8264,1.8266,1.8267,1.8264,1.8249,1.8264,1.834963
SARCNY,09/14/2026,1.7862,1.7861,1.7863,1.7863,1.7857,1.7846,1.7861,1.794849
TRYCNY,09/14/2026,0.13795,0.1379,0.138,0.1381,0.1371,0.1367,0.1379,0.138809
MXNCNY,09/14/2026,0.39145,0.3913,0.3916,0.395,0.3949,0.3901,0.3913,0.397962
EURUSD,09/14/2026,1.1549,1.1547,1.1551,1.1599,1.159,1.1522,1.1547,
USDRUB,09/14/2026,84.5,84.4955,84.5045,84.5673,84,83.6829,84.4955,
USDCZK,09/14/2026,21.019,21.004,21.034,21.091,20.883,20.845,21.004,
AUDUSD,09/14/2026,0.71395,0.7137,0.7142,0.7166,0.7166,0.7106,0.7137,
EURCNH,09/14/2026,7.7497,7.7494,7.75,7.7767,7.7743,7.7352,7.7494,
EURCNY,09/14/2026,7.7467,7.7421,7.7513,7.7729,7.7722,7.7293,7.7421,7.8149
GBPCNY,09/14/2026,9.0473,9.0418,9.0528,9.0684,9.0657,9.0296,9.0418,9.1185
GBPUSD,09/14/2026,1.34995,1.3495,1.3504,1.3528,1.3518,1.3461,1.3495,
USDCHF,09/14/2026,0.8174,0.8171,0.8177,0.8195,0.8156,0.8151,0.8171,
USDCNH,09/14/2026,6.7096,6.7086,6.7106,6.7142,6.708,6.7031,6.7086,
CNHCNY,09/14/2026,0.99985,0.9998,0.9999,1.0001,1,0.9989,0.9998,
THBCNY,09/14/2026,0.20203,0.20193,0.20213,0.20278,0.20241,0.20127,0.20193,0.203273
INRCNY,09/14/2026,7.019,7.0169,7.0211,7.0206,7.0197,7.0153,7.0169,
IDRCNY,09/14/2026,0.03802,0.03801,0.03803,0.03813,0.03812,0.03796,0.03801,
BRLCNY,09/14/2026,1.30245,1.3023,1.3026,1.3085,1.3085,1.2942,1.3023,
EURJPY,09/14/2026,178.26,178.22,178.3,178.67,177.94,177.84,178.22,178.26
ARSCNY,09/15/2026,0.0045,0.0045,0.0045,0.0045,0.0044,0.0044,0.0045,
PHPCNY,09/15/2026,0.10685,0.10676,0.10694,0.10693,0.1067,0.10652,0.10676,
NGNCNY,09/15/2026,0.00506,0.00505,0.00507,0.00509,0.00503,0.00503,0.00505,
PENCNY,09/15/2026,2,2,2,2,2,1.98,2,
KZTCNY,09/15/2026,14.93145,14.9257,14.9372,14.9918,14.9071,14.8487,14.9257,
UGXCNY,09/15/2026,0.17175,0.1715,0.172,0.1797,0.1716,0.1703,0.1715,
TZSCNY,09/15/2026,0.25375,0.2523,0.2552,0.2523,0.2517,0.2514,0.2523,
CLPCNY,09/15/2026,0.07015,0.0701,0.0702,0.0705,0.0698,0.0698,0.0701,
VNDCNY,09/15/2026,2.5849,2.5842,2.5856,2.5903,2.5808,2.5779,2.5842,
RSDCNY,09/15/2026,0.6601,0.6594,0.6608,0.6606,0.6594,0.6576,0.6594,
UZSCNY,09/15/2026,0.57045,0.5702,0.5707,0.5702,0.569,0.5681,0.5702,
GHSCNY,09/15/2026,0.58465,0.5841,0.5852,0.5853,0.5843,0.5786,0.5841,
GNFCNY,09/15/2026,0.76325,0.7626,0.7639,0.763,0.7623,0.7551,0.7626,
KESCNY,09/15/2026,0.05175,0.0517,0.0518,0.0519,0.0517,0.0517,0.0517,
ZMWCNY,09/15/2026,0.3404,0.336,0.3448,0.3461,0.3449,0.336,0.336,
DJFCNY,09/15/2026,0.3769,0.3759,0.3779,0.3761,0.3757,0.3757,0.3759,
MADCNY,09/15/2026,0.70795,0.7076,0.7083,0.7091,0.7075,0.7067,0.7076,
USDCNY,09/15/2026,6.71155,6.7112,6.7119,6.7146,6.7085,6.7084,6.7112,6.767
USDRSD,09/15/2026,101.68,101.58,101.78,101.73,101.53,101.37,101.58,
USDUZS,09/15/2026,11765.2,11760.2,11770.2,11778,11730,11730,11760.2,
USDKZT,09/15/2026,449.49,449.34,449.64,451.47,449.68,447.64,449.34,
USDXOF,09/15/2026,568.5,565,572,566.49,564.25,560,565,
EURXOF,09/15/2026,662.5,654.977,670.023,654.983,653.731,653.731,654.977,
USDGNF,09/15/2026,8793,8786,8800,8786,8786,8750,8786,
EURGNF,09/15/2026,10150.64,10141.68,10159.6,10153.1,10145.19,10094,10141.68,
USDGHS,09/15/2026,11.48,11.47,11.49,11.48,11.46,11.3,11.47,
USDKES,09/15/2026,129.75,129.65,129.85,129.72,129.5,129.05,129.65,
USDUGX,09/15/2026,3908.33,3903.33,3913.33,3930,3890,3725,3903.33,
USDDJF,09/15/2026,178.075,177.6,178.55,177.6,177.6,177.5,177.6,
USDCAD,09/15/2026,1.39195,1.3916,1.3923,1.3929,1.3898,1.3894,1.3916,
USDEUR,09/15/2026,0.86625,0.8662,0.8663,0.8675,0.8657,0.8645,0.8662,
USDHKD,09/15/2026,7.8449,7.8444,7.8454,7.8449,7.8435,7.8427,7.8444,
EURHKD,09/15/2026,9.05465,9.0528,9.0565,9.0639,9.0569,9.0383,9.0528,
USDAUD,09/15/2026,1.4021,1.4015,1.4027,1.4049,1.4,1.3998,1.4015,
USDVND,09/15/2026,25964,25958,25970,26020,26020,25909,25958,
USDARS,09/15/2026,1506.5,1506,1507,1510.5,1500,1500,1506,
USDZAR,09/15/2026,16.24875,16.2378,16.2597,16.3503,16.2478,16.209,16.2378,
USDAOA,09/15/2026,919.7,913,926.4,913,913,911.885,913,
EURAOA,09/15/2026,1061.705,1053.88,1069.53,1055.06,1054.24,1052.13,1053.88,
USDCDF,09/15/2026,2310.25,2300.5,2320,2301.3,2300.5,2285,2300.5,
USDZWG,09/15/2026,26.7933,25.4536,28.133,,,,25.4536,
USDZMW,09/15/2026,19.7195,19.467,19.972,19.61,19.35,19.35,19.467,
USDTRY,09/15/2026,48.63455,48.6308,48.6383,48.6513,48.6032,48.4629,48.6308,
USDTZS,09/15/2026,2645,2630,2660,2635,2630,2625,2630,
EURAUD,09/15/2026,1.6186,1.6183,1.6189,1.6208,1.6178,1.6167,1.6183,
USDJPY,09/15/2026,155.095,155.08,155.11,155.23,154.35,154.19,155.08,
USDMAD,09/15/2026,9.4807,9.4767,9.4847,9.4917,9.4733,9.4595,9.4767,
USDBRL,09/15/2026,5.15195,5.1516,5.1523,5.1622,5.1506,5.1259,5.1516,
USDIDR,09/15/2026,17685,17680,17690,17703,17650,17650,17680,
USDINR,09/15/2026,95.965,95.95,95.98,95.96,95.55,95.55,95.95,
USDCLP,09/15/2026,956.35,955.72,956.98,959.75,959,950.47,955.72,
USDAED,09/15/2026,3.6728,3.6727,3.6729,3.6734,3.6727,3.6723,3.6727,
USDSAR,09/15/2026,3.7561,3.756,3.7562,3.7565,3.7556,3.755,3.756,
USDPHP,09/15/2026,62.815,62.766,62.864,62.892,62.827,62.673,62.766,
USDPEN,09/15/2026,3.3572,3.3552,3.3592,3.377,3.3585,3.3489,3.3552,
USDMXN,09/15/2026,17.14695,17.141,17.1529,17.195,17.1332,17.1043,17.141,
USDNGN,09/15/2026,1326.14,1324.44,1327.84,1327.57,1318.77,1317.12,1324.44,
USDMYR,09/15/2026,4.087,4.0825,4.0915,4.0825,4.068,4.068,4.0825,
USDSGD,09/15/2026,1.2728,1.2723,1.2733,1.2731,1.2701,1.2694,1.2723,
EURBRL,09/15/2026,5.9474,5.9465,5.9483,5.9577,5.9468,5.9195,5.9465,
EURTRY,09/15/2026,56.1283,56.1268,56.1298,56.2299,56.1666,55.83,56.1268,
EURGBP,09/15/2026,0.8565,0.8561,0.8569,0.8566,0.855,0.855,0.8561,
ZARCNH,09/15/2026,0.41305,0.4127,0.4134,0.4139,0.4126,0.4105,0.4127,
ZARHKD,09/15/2026,0.4828,0.4824,0.4832,0.4837,0.4824,0.4795,0.4824,
AUDNZD,09/15/2026,1.2383,1.2375,1.2391,1.2384,1.2346,1.2334,1.2375,
CZKCNY,09/15/2026,0.3188,0.3186,0.319,0.3191,0.3189,0.3183,0.3186,
JPYCNH,09/15/2026,0.0432775,0.043267,0.043288,0.043502,0.043461,0.043237,0.043267,
JPYCNY,09/15/2026,0.043261,0.043258,0.043264,0.04339,0.043357,0.043258,0.043258,0.043592
GBPCNH,09/15/2026,9.0458,9.045,9.0466,9.0593,9.0503,9.0401,9.045,
CNHRUB,09/15/2026,12.54451,12.54197,12.54705,12.6725,12.59135,12.5092,12.54197,
CNHMYR,09/15/2026,0.6089,0.6081,0.6097,0.6083,0.6071,0.6062,0.6081,
USDKRW,09/15/2026,1362.325,1362.11,1362.54,1364.8,1346.41,1345.06,1362.11,
CNHKRW,09/15/2026,202.43,202.38,202.48,202.55,200.59,200.39,202.38,
CNHPHP,09/15/2026,9.3582,9.3508,9.3656,9.3681,9.3636,9.3366,9.3508,
USDTHB,09/15/2026,33.28,33.26,33.3,33.35,33.19,33.19,33.26,
EURZAR,09/15/2026,18.7557,18.747,18.7644,18.8621,18.7614,18.7198,18.747,
ZARCNY,09/15/2026,0.4131,0.4128,0.4134,0.4138,0.4125,0.4104,0.4128,0.415093
CNHKZT,09/15/2026,66.9671,66.9348,66.9994,67.2902,67.0104,66.6786,66.9348,
HKDCNY,09/15/2026,0.85553,0.85543,0.85563,0.85603,0.8552,0.85516,0.85543,0.8627
SGDCNY,09/15/2026,5.27305,5.2707,5.2754,5.2829,5.2783,5.2691,5.2707,5.3068
CHFCNY,09/15/2026,8.1973,8.1964,8.1982,8.22,8.2037,8.1824,8.1964,8.2526
CADCNY,09/15/2026,4.8217,4.8202,4.8232,4.8306,4.8243,4.8172,4.8202,4.8453
MYRCNY,09/15/2026,1.6422,1.6403,1.6441,1.6466,1.6442,1.6402,1.6403,1.656754
RUBCNY,09/15/2026,0.0797,0.0797,0.0797,0.0799,0.0794,0.0789,0.0797,0.079541
KRWCNY,09/15/2026,0.00493,0.00493,0.00493,0.00498,0.00498,0.00491,0.00493,0.004981
AEDCNY,09/15/2026,1.82735,1.8272,1.8275,1.8282,1.8264,1.8263,1.8272,1.833584
SARCNY,09/15/2026,1.78685,1.7867,1.787,1.7876,1.7861,1.7859,1.7867,1.793143
TRYCNY,09/15/2026,0.138,0.138,0.138,0.1381,0.1379,0.1374,0.138,0.138626
MXNCNY,09/15/2026,0.39145,0.3913,0.3916,0.3922,0.3913,0.3903,0.3913,0.394213
EURUSD,09/15/2026,1.1544,1.1543,1.1545,1.1556,1.1549,1.1525,1.1543,
USDRUB,09/15/2026,84.2,84.1955,84.2045,85.0705,84.4,83.9955,84.1955,
USDCZK,09/15/2026,21.052,21.042,21.062,21.077,21.003,20.968,21.042,
AUDUSD,09/15/2026,0.7132,0.7129,0.7135,0.7141,0.7138,0.7114,0.7129,
EURCNH,09/15/2026,7.74745,7.7457,7.7492,7.7536,7.7473,7.7379,7.7457,
EURCNY,09/15/2026,7.7502,7.7456,7.7548,7.7503,7.7407,7.735,7.7456,7.7811
GBPCNY,09/15/2026,9.0527,9.0472,9.0582,9.0531,9.0486,9.0352,9.0472,9.0992
GBPUSD,09/15/2026,1.3478,1.3474,1.3482,1.3505,1.3498,1.3461,1.3474,
USDCHF,09/15/2026,0.81875,0.8187,0.8188,0.8198,0.817,0.8164,0.8187,
USDCNH,09/15/2026,6.7121,6.7111,6.7131,6.7161,6.7086,6.7071,6.7111,
CNHCNY,09/15/2026,0.9999,0.9997,1.0001,1,0.9996,0.9995,0.9997,
THBCNY,09/15/2026,0.20167,0.20154,0.2018,0.20199,0.20193,0.2011,0.20154,0.202368
INRCNY,09/15/2026,6.99375,6.9923,6.9952,7.0206,7.0173,6.9923,6.9923,
IDRCNY,09/15/2026,0.03795,0.03794,0.03796,0.03803,0.03801,0.0379,0.03794,
BRLCNY,09/15/2026,1.30275,1.3026,1.3029,1.3091,1.3022,1.2998,1.3026,
EURJPY,09/15/2026,179.01,178.98,179.04,179.11,178.22,178.11,178.98,179.01
ARSCNY,09/16/2026,0.0044,0.0044,0.0044,0.0045,0.0045,0.0044,0.0044,
PHPCNY,09/16/2026,0.106815,0.1067,0.10693,0.107,0.10673,0.10668,0.1067,
NGNCNY,09/16/2026,0.005045,0.00504,0.00505,0.00506,0.00506,0.00503,0.00504,
PENCNY,09/16/2026,2,2,2,2,2,1.99,2,
KZTCNY,09/16/2026,14.97135,14.9651,14.9776,15.0638,14.9254,14.883,14.9651,
UGXCNY,09/16/2026,0.17135,0.1711,0.1716,0.1721,0.1715,0.1702,0.1711,
TZSCNY,09/16/2026,0.25355,0.2521,0.255,0.2524,0.2523,0.2512,0.2521,
CLPCNY,09/16/2026,0.0702,0.0701,0.0703,0.0705,0.0701,0.0699,0.0701,
VNDCNY,09/16/2026,2.5795,2.5792,2.5798,2.5839,2.5832,2.579,2.5792,
RSDCNY,09/16/2026,0.6549,0.6539,0.6559,0.6601,0.6591,0.6537,0.6539,
UZSCNY,09/16/2026,0.56955,0.5693,0.5698,0.5703,0.5702,0.5674,0.5693,
GHSCNY,09/16/2026,0.58365,0.5831,0.5842,0.5863,0.5841,0.5782,0.5831,
GNFCNY,09/16/2026,0.76285,0.762,0.7637,0.7628,0.7626,0.7547,0.762,
KESCNY,09/16/2026,0.05175,0.0517,0.0518,0.0518,0.0517,0.0516,0.0517,
ZMWCNY,09/16/2026,0.34175,0.3413,0.3422,0.3435,0.336,0.3339,0.3413,
DJFCNY,09/16/2026,0.3766,0.3756,0.3776,0.376,0.3759,0.3755,0.3756,
MADCNY,09/16/2026,0.70685,0.7066,0.7071,0.7111,0.7076,0.7059,0.7066,
USDCNY,09/16/2026,6.7064,6.706,6.7068,6.713,6.7115,6.7054,6.706,6.7628
USDRSD,09/16/2026,102.4,102.25,102.55,102.34,101.53,101.39,102.25,
USDUZS,09/16/2026,11774.92,11769.92,11779.92,11780,11760.2,11730,11769.92,
USDKZT,09/16/2026,447.95,447.79,448.11,450.63,449.33,445.22,447.79,
USDXOF,09/16/2026,568,566,570,566,565,560,566,
EURXOF,09/16/2026,662.5005,654.96,670.041,654.983,654.359,654.359,654.96,
USDGNF,09/16/2026,8791,8782,8800,8786,8786,8750,8782,
EURGNF,09/16/2026,10079.32,10067.68,10090.96,10153.1,10137.29,10064.17,10067.68,
USDGHS,09/16/2026,11.49,11.48,11.5,11.49,11.47,11.35,11.48,
USDKES,09/16/2026,129.5,129.4,129.6,129.72,129.5,129.35,129.4,
USDUGX,09/16/2026,3914.43,3909.43,3919.43,3930,3903.33,3890,3909.43,
USDDJF,09/16/2026,178.075,177.6,178.55,177.6,177.6,177.55,177.6,
USDCAD,09/16/2026,1.39885,1.3988,1.3989,1.3994,1.3916,1.3913,1.3988,
USDEUR,09/16/2026,0.8722,0.8721,0.8723,0.8724,0.8666,0.8652,0.8721,
USDHKD,09/16/2026,7.84485,7.8447,7.845,7.8453,7.8449,7.8436,7.8447,
EURHKD,09/16/2026,8.99445,8.9925,8.9964,9.0648,9.0548,8.9881,8.9925,
USDAUD,09/16/2026,1.4108,1.4104,1.4112,1.4132,1.4027,1.4002,1.4104,
USDVND,09/16/2026,25998.5,25997,26000,25999,25954,25954,25997,
USDARS,09/16/2026,1512.75,1512,1513.5,1512,1505,1504,1512,
USDZAR,09/16/2026,16.38225,16.3742,16.3903,16.4085,16.2378,16.2052,16.3742,
USDAOA,09/16/2026,918,913,923,913,913,913,913,
EURAOA,09/16/2026,1052.53,1046.66,1058.4,1055.06,1053.42,1046.3,1046.66,
USDCDF,09/16/2026,2310.25,2300.5,2320,2302.6,2300.5,2285,2300.5,
USDZWG,09/16/2026,27.218,25.8838,28.5522,26.0172,26.0172,25.337,25.8838,
USDZMW,09/16/2026,19.625,19.6,19.65,19.665,19.5,19.475,19.6,
USDTRY,09/16/2026,48.65725,48.6523,48.6622,48.6724,48.6252,48.3898,48.6523,
USDTZS,09/16/2026,2645,2630,2660,2635,2634,2625,2630,
EURAUD,09/16/2026,1.6178,1.6172,1.6184,1.6203,1.6184,1.6154,1.6172,
USDJPY,09/16/2026,156.285,156.27,156.3,156.41,155.1,154.86,156.27,
USDMAD,09/16/2026,9.48805,9.4851,9.491,9.4919,9.4766,9.4192,9.4851,
USDBRL,09/16/2026,5.15365,5.1533,5.154,5.1664,5.1516,5.1364,5.1533,
USDIDR,09/16/2026,17680,17675,17685,17740,17700,17675,17675,
USDINR,09/16/2026,95.965,95.95,95.98,95.975,95.95,95.84,95.95,
USDCLP,09/16/2026,955.445,953.92,956.97,957.96,955.72,950.48,953.92,
USDAED,09/16/2026,3.6729,3.6728,3.673,3.673,3.6727,3.6723,3.6728,
USDSAR,09/16/2026,3.7561,3.756,3.7562,3.7565,3.756,3.7547,3.756,
USDPHP,09/16/2026,62.7855,62.723,62.848,62.785,62.761,62.631,62.723,
USDPEN,09/16/2026,3.3582,3.3562,3.3602,3.371,3.3543,3.3524,3.3562,
USDMXN,09/16/2026,17.24745,17.2422,17.2527,17.271,17.131,17.1028,17.2422,
USDNGN,09/16/2026,1329.685,1327.5,1331.87,1327.82,1323.78,1322.4,1327.5,
USDMYR,09/16/2026,4.087,4.0825,4.0915,,,,4.0825,
USDSGD,09/16/2026,1.2783,1.2781,1.2785,1.2785,1.2727,1.2718,1.2781,
EURBRL,09/16/2026,5.9089,5.9077,5.9101,5.9559,5.9439,5.9051,5.9077,
EURTRY,09/16/2026,55.7825,55.781,55.784,56.2664,56.2137,55.5282,55.781,
EURGBP,09/16/2026,0.8568,0.8564,0.8572,0.8581,0.8565,0.8556,0.8564,
ZARCNH,09/16/2026,0.4097,0.4095,0.4099,0.4137,0.4127,0.4087,0.4095,
ZARHKD,09/16/2026,0.47885,0.4786,0.4791,0.4838,0.4824,0.4776,0.4786,
AUDNZD,09/16/2026,1.2404,1.2396,1.2412,1.241,1.2379,1.2368,1.2396,
CZKCNY,09/16/2026,0.3161,0.3159,0.3163,0.319,0.3187,0.3156,0.3159,
JPYCNH,09/16/2026,0.0429505,0.042946,0.042955,0.043302,0.043267,0.042911,0.042946,
JPYCNY,09/16/2026,0.0429285,0.042908,0.042949,0.043299,0.043177,0.042869,0.042908,0.043419
GBPCNH,09/16/2026,9.05065,9.0504,9.0509,9.0504,9.0384,9.0384,9.0504,
CNHRUB,09/16/2026,12.58985,12.58827,12.59143,12.65586,12.54197,12.50455,12.58827,
CNHMYR,09/16/2026,0.60885,0.6082,0.6095,0.609,0.6081,0.608,0.6082,
USDKRW,09/16/2026,1377.26,1376.88,1377.64,1378.42,1363.2,1361.77,1376.88,
CNHKRW,09/16/2026,204.035,203.93,204.14,204.47,203.19,203.03,203.93,
CNHPHP,09/16/2026,9.36165,9.3614,9.3619,9.3614,9.3506,9.3481,9.3614,
USDTHB,09/16/2026,33.365,33.32,33.41,33.4,33.26,33.2,33.32,
CNHTHB,09/16/2026,4.91,4.9,4.92,,,,4.9,
CNYTHB,09/16/2026,4.9564,4.9518,4.961,4.9587,4.9581,4.9456,4.9518,4.9519
CNHINR,09/16/2026,14.296355,14.29401,14.2987,14.3132,14.29295,14.28039,14.29401,
CNHIDR,09/16/2026,2639.5,2637,2642,2651.24,2628.38,2623.89,2637,
AUDCNH,09/16/2026,4.78535,4.7852,4.7855,4.7862,4.7862,4.7803,4.7852,
AUDCNY,09/16/2026,4.7551,4.7516,4.7586,4.7859,4.7835,4.7442,4.7516,4.8043
NZDCNH,09/16/2026,3.8615,3.861,3.862,3.8663,3.8591,3.8579,3.861,
NZDCNY,09/16/2026,3.83325,3.8308,3.8357,3.8667,3.8545,3.8234,3.8308,3.8767
NZDUSD,09/16/2026,0.57135,0.5712,0.5715,0.5766,0.5766,0.5701,0.5712,
EURZAR,09/16/2026,18.7815,18.7703,18.7927,18.8135,18.7499,18.7171,18.7703,
ZARCNY,09/16/2026,0.40935,0.4091,0.4096,0.4136,0.4128,0.4082,0.4091,0.414662
CNHKZT,09/16/2026,66.7332,66.7089,66.7575,67.133,66.9348,66.3715,66.7089,
HKDCNY,09/16/2026,0.85488,0.85481,0.85495,0.85572,0.85545,0.8547,0.85481,0.8621
SGDCNY,09/16/2026,5.24635,5.2452,5.2475,5.2736,5.2715,5.2432,5.2452,5.2951
CHFCNY,09/16/2026,8.12455,8.1226,8.1265,8.2014,8.2004,8.1098,8.1226,8.2367
CADCNY,09/16/2026,4.79425,4.7938,4.7947,4.8227,4.8202,4.7907,4.7938,4.8391
MYRCNY,09/16/2026,1.6409,1.639,1.6428,1.6407,1.6404,1.6389,1.639,1.654917
RUBCNY,09/16/2026,0.07935,0.0793,0.0794,0.0799,0.0797,0.079,0.0793,0.079732
KRWCNY,09/16/2026,0.00487,0.00487,0.00487,0.00493,0.00492,0.00486,0.00487,0.004914
AEDCNY,09/16/2026,1.82595,1.8258,1.8261,1.8278,1.8272,1.8254,1.8258,1.834559
SARCNY,09/16/2026,1.78545,1.7853,1.7856,1.7872,1.7867,1.7848,1.7853,1.793851
TRYCNY,09/16/2026,0.13785,0.1378,0.1379,0.138,0.138,0.1368,0.1378,0.138633
MXNCNY,09/16/2026,0.38885,0.3887,0.389,0.3919,0.391,0.3883,0.3887,0.393887
EURUSD,09/16/2026,1.14655,1.1464,1.1467,1.1556,1.1538,1.146,1.1464,
USDRUB,09/16/2026,84.51,84.5,84.52,84.8955,84.4229,83.8755,84.5,
USDCZK,09/16/2026,21.217,21.207,21.227,21.226,21.04,21.008,21.207,
AUDUSD,09/16/2026,0.7088,0.7086,0.709,0.7139,0.7125,0.7073,0.7086,
EURCNH,09/16/2026,7.6949,7.6931,7.6967,7.7479,7.7417,7.6925,7.6931,
EURCNY,09/16/2026,7.69165,7.6877,7.6956,7.7492,7.7406,7.6856,7.6877,7.7762
GBPCNY,09/16/2026,8.9771,8.9713,8.9829,9.0518,9.0391,8.9659,8.9713,9.083
GBPUSD,09/16/2026,1.33825,1.3381,1.3384,1.3494,1.3466,1.3368,1.3381,
USDCHF,09/16/2026,0.82545,0.8253,0.8256,0.8265,0.8181,0.8175,0.8253,
USDCNH,09/16/2026,6.71255,6.7125,6.7126,6.7141,6.7111,6.7033,6.7125,
CNHCNY,09/16/2026,0.9991,0.999,0.9992,1.0004,0.9997,0.9987,0.999,
THBCNY,09/16/2026,0.201,0.20072,0.20128,0.20194,0.20154,0.20048,0.20072,0.201943
INRCNY,09/16/2026,6.9884,6.9869,6.9899,7.0002,6.9926,6.9868,6.9869,
IDRCNY,09/16/2026,0.037935,0.03792,0.03795,0.03795,0.03794,0.03781,0.03792,
BRLCNY,09/16/2026,1.3013,1.3011,1.3015,1.3055,1.3026,1.2979,1.3011,
EURJPY,09/16/2026,179.165,179.16,179.17,179.35,178.93,178.7,179.16,179.165
ARSCNY,09/17/2026,0.0044,0.0044,0.0044,0.0044,0.0044,0.0044,0.0044,
PHPCNY,09/17/2026,0.10693,0.10682,0.10704,0.10699,0.10672,0.1066,0.10682,
NGNCNY,09/17/2026,0.00504,0.00503,0.00505,0.00506,0.00504,0.00503,0.00503,
PENCNY,09/17/2026,1.99,1.99,1.99,2,1.99,1.98,1.99,
KZTCNY,09/17/2026,15.0454,15.0444,15.0464,15.0758,14.9644,14.9095,15.0444,
UGXCNY,09/17/2026,0.17045,0.1702,0.1707,0.1721,0.1711,0.1696,0.1702,
TZSCNY,09/17/2026,0.2536,0.2517,0.2555,0.2523,0.2522,0.2512,0.2517,
CLPCNY,09/17/2026,0.0697,0.0696,0.0698,0.0703,0.0701,0.0696,0.0696,
VNDCNY,09/17/2026,2.57855,2.5782,2.5789,2.5829,2.5812,2.5758,2.5782,
RSDCNY,09/17/2026,0.6557,0.655,0.6564,0.657,0.6542,0.653,0.655,
UZSCNY,09/17/2026,0.56685,0.5666,0.5671,0.5698,0.5669,0.5666,0.5666,
GHSCNY,09/17/2026,0.5838,0.5833,0.5843,0.5864,0.5831,0.5757,0.5833,
GNFCNY,09/17/2026,0.763,0.7622,0.7638,0.7628,0.762,0.7547,0.7622,
KESCNY,09/17/2026,0.05175,0.0517,0.0518,0.0518,0.0518,0.0516,0.0517,
ZMWCNY,09/17/2026,0.3378,0.3329,0.3427,0.3431,0.3414,0.3329,0.3329,
DJFCNY,09/17/2026,0.3767,0.3757,0.3777,0.3759,0.3756,0.3756,0.3757,
MADCNY,09/17/2026,0.7052,0.7049,0.7055,0.7082,0.7067,0.7044,0.7049,
USDCNY,09/17/2026,6.70755,6.7074,6.7077,6.7123,6.7094,6.7065,6.7074,6.758
USDRSD,09/17/2026,102.295,102.19,102.4,102.4,102.21,101.93,102.19,
USDUZS,09/17/2026,11833.37,11828.37,11838.37,11828.37,11760,11760,11828.37,
USDKZT,09/17/2026,445.82,445.8,445.84,449.47,447.83,444.91,445.8,
USDXOF,09/17/2026,571.5,568,575,568.19,564.25,564.25,568,
EURXOF,09/17/2026,662.501,654.949,670.053,654.983,654.486,654.486,654.949,
USDGNF,09/17/2026,8791,8782,8800,8786,8782,8750,8782,
EURGNF,09/17/2026,10088.555,10076.47,10100.64,10096.67,10069.44,10028.38,10076.47,
USDGHS,09/17/2026,11.49,11.48,11.5,11.5,11.48,11.35,11.48,
USDKES,09/17/2026,129.55,129.45,129.65,129.6,129.4,129.4,129.45,
USDUGX,09/17/2026,3935.24,3930.24,3940.24,3945,3909.43,3890,3930.24,
USDDJF,09/17/2026,178.075,177.6,178.55,177.6,177.6,177.5,177.6,
USDCAD,09/17/2026,1.39915,1.3988,1.3995,1.4001,1.3988,1.3971,1.3988,
USDEUR,09/17/2026,0.87135,0.8712,0.8715,0.8729,0.872,0.8696,0.8712,
USDHKD,09/17/2026,7.8461,7.8456,7.8466,7.8461,7.8447,7.8436,7.8456,
EURHKD,09/17/2026,9.0044,9.0023,9.0065,9.0199,8.9924,8.982,9.0023,
USDAUD,09/17/2026,1.4061,1.4055,1.4067,1.4114,1.4108,1.4029,1.4055,
USDVND,09/17/2026,26012,26009,26015,26034,25977,25969,26009,
USDARS,09/17/2026,1510,1509.5,1510.5,1512.5,1510,1507.5,1509.5,
USDZAR,09/17/2026,16.26275,16.2541,16.2714,16.39,16.3742,16.195,16.2541,
USDAOA,09/17/2026,919.7,913,926.4,913,913,912.087,913,
EURAOA,09/17/2026,1055.45,1047.58,1063.32,1049.68,1046.85,1045.39,1047.58,
USDCDF,09/17/2026,2310.25,2300.5,2320,2301.6,2300.5,2300,2300.5,
USDZWG,09/17/2026,26.6691,25.3356,28.0026,26.1235,26.1235,25.3356,25.3356,
USDZMW,09/17/2026,19.8605,19.572,20.149,19.7,19.5,19.5,19.572,
USDTRY,09/17/2026,48.74245,48.4238,49.0611,48.7258,48.6535,48.3969,48.4238,
USDTZS,09/17/2026,2645,2625,2665,2635,2635,2625,2625,
EURAUD,09/17/2026,1.6141,1.6135,1.6147,1.6184,1.6176,1.6112,1.6135,
USDJPY,09/17/2026,155.975,155.96,155.99,156.31,156.23,155.32,155.96,
USDMAD,09/17/2026,9.5115,9.5075,9.5155,9.5141,9.4845,9.4651,9.5075,
USDBRL,09/17/2026,5.1289,5.1286,5.1292,5.1776,5.1534,5.1245,5.1286,
USDIDR,09/17/2026,17740,17735,17745,17765,17705,17705,17735,
USDINR,09/17/2026,95.935,95.93,95.94,96.0925,95.95,95.7825,95.93,
USDCLP,09/17/2026,962,960.65,963.35,961.47,952,952,960.65,
USDAED,09/17/2026,3.6728,3.6727,3.6729,3.673,3.6728,3.6723,3.6727,
USDSAR,09/17/2026,3.75655,3.7553,3.7578,3.7567,3.756,3.7547,3.7553,
USDPHP,09/17/2026,62.7285,62.666,62.791,62.815,62.712,62.575,62.666,
USDPEN,09/17/2026,3.377,3.375,3.379,3.3757,3.3662,3.3527,3.375,
USDMXN,09/17/2026,17.16805,17.1628,17.1733,17.277,17.239,17.1426,17.1628,
USDNGN,09/17/2026,1330.86,1329.46,1332.26,1330.47,1329.55,1325.22,1329.46,
USDMYR,09/17/2026,4.099,4.096,4.102,4.098,4.093,4.09,4.096,
USDSGD,09/17/2026,1.27575,1.2753,1.2762,1.2781,1.2781,1.2733,1.2753,
EURBRL,09/17/2026,5.88595,5.8846,5.8873,5.9465,5.9079,5.8804,5.8846,
EURTRY,09/17/2026,55.919,55.9175,55.9205,56.0892,55.8145,55.5653,55.9175,
EURGBP,09/17/2026,0.859,0.8587,0.8593,0.8606,0.8564,0.8558,0.8587,
ZARCNH,09/17/2026,0.41225,0.412,0.4125,0.4135,0.4095,0.4089,0.412,
ZARHKD,09/17/2026,0.48245,0.4822,0.4827,0.4839,0.4786,0.478,0.4822,
AUDNZD,09/17/2026,1.24035,1.2396,1.2411,1.2415,1.2399,1.2369,1.2396,
CZKCNY,09/17/2026,0.31645,0.3161,0.3168,0.3172,0.3159,0.3152,0.3161,
JPYCNH,09/17/2026,0.0429815,0.042976,0.042987,0.043154,0.042957,0.042931,0.042976,
JPYCNY,09/17/2026,0.04309,0.043089,0.043091,0.04311,0.042919,0.042897,0.043089,0.043252
GBPCNH,09/17/2026,9.05065,9.0504,9.0509,,,,9.0504,
CNHRUB,09/17/2026,12.60883,12.60696,12.6107,12.65421,12.58827,12.54493,12.60696,
CNHMYR,09/17/2026,0.61145,0.611,0.6119,0.6111,0.6082,0.6079,0.611,
USDKRW,09/17/2026,1380.685,1380.3,1381.07,1388.04,1377.14,1373.1,1380.3,
CNHKRW,09/17/2026,206.1,206.06,206.14,206.33,205.09,204.54,206.06,
CNHPHP,09/17/2026,9.36165,9.3614,9.3619,,,,9.3614,
USDTHB,09/17/2026,33.29,33.27,33.31,33.47,33.33,33.18,33.27,
CNHTHB,09/17/2026,4.9649,4.9644,4.9654,4.9813,4.978,4.955,4.9644,
CNYTHB,09/17/2026,4.9582,4.9536,4.9628,4.9838,4.973,4.9488,4.9536,4.962
CNHINR,09/17/2026,14.310115,14.30894,14.31129,14.32298,14.2955,14.27502,14.30894,
CNHIDR,09/17/2026,2645.23,2645.15,2645.31,2657.23,2632.22,2632.22,2645.15,
AUDCNH,09/17/2026,4.78535,4.7852,4.7855,,,,4.7852,
AUDCNY,09/17/2026,4.77045,4.767,4.7739,4.779,4.7522,4.7489,4.767,4.7841
NZDCNH,09/17/2026,3.8615,3.861,3.862,,,,3.861,
NZDCNY,09/17/2026,3.8455,3.8422,3.8488,3.8568,3.8314,3.8274,3.8422,3.8612
NZDUSD,09/17/2026,0.57325,0.573,0.5735,0.575,0.5713,0.5707,0.573,
EURZAR,09/17/2026,18.66755,18.6381,18.697,18.7925,18.7699,18.6168,18.6381,
ZARCNY,09/17/2026,0.41245,0.4122,0.4127,0.4137,0.4091,0.4086,0.4122,0.411896
CNHKZT,09/17/2026,66.5006,66.4956,66.5056,66.9651,66.7148,66.3164,66.4956,
HKDCNY,09/17/2026,0.85489,0.85482,0.85496,0.85564,0.85481,0.85476,0.85482,0.86154
SGDCNY,09/17/2026,5.25775,5.2558,5.2597,5.2652,5.2452,5.2444,5.2558,5.2805
CHFCNY,09/17/2026,8.1343,8.1312,8.1374,8.1559,8.1147,8.1098,8.1312,8.1745
CADCNY,09/17/2026,4.794,4.7927,4.7953,4.7999,4.7917,4.7893,4.7927,4.8196
MYRCNY,09/17/2026,1.6364,1.6352,1.6376,1.6424,1.6328,1.6328,1.6352,1.649702
RUBCNY,09/17/2026,0.07935,0.0793,0.0794,0.0797,0.0793,0.079,0.0793,0.079796
KRWCNY,09/17/2026,0.00486,0.00486,0.00486,0.00488,0.00487,0.00483,0.00486,0.004886
AEDCNY,09/17/2026,1.8263,1.8262,1.8264,1.8276,1.8258,1.8254,1.8262,1.835873
SARCNY,09/17/2026,1.78555,1.7849,1.7862,1.787,1.7853,1.7848,1.7849,1.795042
TRYCNY,09/17/2026,0.1376,0.1367,0.1385,0.1379,0.1378,0.1365,0.1367,0.138651
MXNCNY,09/17/2026,0.3907,0.3906,0.3908,0.391,0.3887,0.3882,0.3906,0.39188
EURUSD,09/17/2026,1.1476,1.1474,1.1478,1.1497,1.1466,1.145,1.1474,
USDRUB,09/17/2026,84.5296,84.5196,84.5396,84.8781,84.5,84.1451,84.5196,
USDCZK,09/17/2026,21.194,21.17,21.218,21.238,21.205,21.115,21.17,
AUDUSD,09/17/2026,0.7112,0.7109,0.7115,0.7126,0.7087,0.7081,0.7109,
EURCNH,09/17/2026,7.69335,7.6916,7.6951,7.705,7.693,7.685,7.6916,
EURCNY,09/17/2026,7.69985,7.6952,7.7045,7.7051,7.6877,7.6796,7.6952,7.735
GBPCNY,09/17/2026,8.9548,8.9493,8.9603,8.9887,8.9726,8.949,8.9493,9.0289
GBPUSD,09/17/2026,1.3359,1.3355,1.3363,1.3406,1.3381,1.3333,1.3355,
USDCHF,09/17/2026,0.8246,0.8243,0.8249,0.8262,0.8248,0.822,0.8243,
USDCNH,09/17/2026,6.704,6.7038,6.7042,6.7139,6.7118,6.7018,6.7038,
CNHCNY,09/17/2026,1.00055,1.0005,1.0006,1.0007,0.9991,0.9987,1.0005,
THBCNY,09/17/2026,0.201485,0.20136,0.20161,0.20185,0.20072,0.20035,0.20136,0.201532
INRCNY,09/17/2026,6.99175,6.9912,6.9923,7.0026,6.9904,6.98,6.9912,
IDRCNY,09/17/2026,0.03781,0.0378,0.03782,0.03789,0.03785,0.03776,0.0378,
BRLCNY,09/17/2026,1.3078,1.3077,1.3079,1.3086,1.3012,1.2952,1.3077,
EURJPY,09/17/2026,179.005,178.97,179.04,179.22,179.09,178.46,178.97,179.005
ARSCNY,09/18/2026,0.0044,0.0044,0.0044,0.0044,0.0044,0.0044,0.0044,
PHPCNY,09/18/2026,0.10653,0.10645,0.10661,0.10708,0.10683,0.10626,0.10645,
NGNCNY,09/18/2026,0.00503,0.00503,0.00503,0.00504,0.00504,0.005,0.00503,
PENCNY,09/18/2026,1.985,1.98,1.99,2,2,1.98,1.98,
KZTCNY,09/18/2026,14.9856,14.9799,14.9913,15.0654,15.0444,14.9468,14.9799,
UGXCNY,09/18/2026,0.16985,0.1696,0.1701,0.1794,0.1702,0.1691,0.1696,
TZSCNY,09/18/2026,0.253,0.2513,0.2547,0.2519,0.2514,0.2513,0.2513,
CLPCNY,09/18/2026,0.0698,0.0698,0.0698,0.0698,0.0696,0.0695,0.0698,
VNDCNY,09/18/2026,2.57375,2.5734,2.5741,2.5782,2.5767,2.5731,2.5734,
RSDCNY,09/18/2026,0.6553,0.6547,0.6559,0.6561,0.6546,0.6523,0.6547,
UZSCNY,09/18/2026,0.5657,0.5654,0.566,0.5666,0.5666,0.5649,0.5654,
GHSCNY,09/18/2026,0.5819,0.5814,0.5824,0.5833,0.5822,0.5748,0.5814,
GNFCNY,09/18/2026,0.7619,0.7611,0.7627,0.7622,0.7622,0.754,0.7611,
KESCNY,09/18/2026,0.05175,0.0517,0.0518,0.0517,0.0517,0.0516,0.0517,
ZMWCNY,09/18/2026,0.33805,0.3336,0.3425,0.3421,0.3325,0.3323,0.3336,
DJFCNY,09/18/2026,0.3761,0.3751,0.3771,0.3757,0.3757,0.375,0.3751,
MADCNY,09/18/2026,0.7037,0.7034,0.704,0.7057,0.7049,0.7023,0.7034,
USDCNY,09/18/2026,6.69765,6.6975,6.6978,6.7001,6.6992,6.6959,6.6975,6.7521
USDRSD,09/18/2026,102.205,102.11,102.3,102.39,102.16,101.85,102.11,
USDUZS,09/18/2026,11839.59,11834.59,11844.59,11834.59,11828.37,11760,11834.59,
USDKZT,09/18/2026,446.94,446.78,447.1,448.05,445.8,444.91,446.78,
USDXOF,09/18/2026,571.25,567.75,574.75,568.92,568,566,567.75,
EURXOF,09/18/2026,662.5005,654.937,670.064,654.983,654.39,654.39,654.937,
USDGNF,09/18/2026,8791,8782,8800,8782,8782,8750,8782,
EURGNF,09/18/2026,10097.345,10086.13,10108.56,10091.4,10077.35,10041.5,10086.13,
USDGHS,09/18/2026,11.51,11.5,11.52,11.55,11.49,11.35,11.5,
USDKES,09/18/2026,129.5,129.4,129.6,129.56,129.45,129.2,129.4,
USDUGX,09/18/2026,3943.19,3938.19,3948.19,3950,3930.24,3915,3938.19,
USDDJF,09/18/2026,178.075,177.6,178.55,177.6,177.6,177.5,177.6,
USDCAD,09/18/2026,1.39895,1.3987,1.3992,1.4014,1.3988,1.3973,1.3987,
USDEUR,09/18/2026,0.8706,0.8705,0.8707,0.8729,0.8713,0.87,0.8705,
USDHKD,09/18/2026,7.8449,7.8444,7.8454,7.8465,7.8456,7.8441,7.8444,
EURHKD,09/18/2026,9.01065,9.0093,9.012,9.015,9.002,8.9842,9.0093,
USDAUD,09/18/2026,1.4036,1.4035,1.4037,1.4075,1.4063,1.4008,1.4035,
USDVND,09/18/2026,26022,26019,26025,26020,25989,25984,26019,
USDARS,09/18/2026,1514.5,1514,1515,1514,1510,1507.5,1514,
USDZAR,09/18/2026,16.2663,16.2613,16.2713,16.3149,16.2489,16.217,16.2613,
USDAOA,09/18/2026,919.7,913,926.4,913,913,912.087,913,
EURAOA,09/18/2026,1056.37,1048.58,1064.16,1049.13,1047.67,1045.75,1048.58,
USDCDF,09/18/2026,2310.25,2300.5,2320,2301.8,2300.5,2300,2300.5,
USDZWG,09/18/2026,27.18075,25.8484,28.5131,26.1235,26.1235,25.7151,25.8484,
USDZMW,09/18/2026,19.8165,19.555,20.078,19.71,19.6,19.525,19.555,
USDTRY,09/18/2026,48.765,48.76,48.77,48.8068,48.4441,48.3471,48.76,
USDTZS,09/18/2026,2647.5,2630,2665,2635,2635,2630,2630,
EURAUD,09/18/2026,1.61215,1.6119,1.6124,1.6146,1.6131,1.6082,1.6119,
USDJPY,09/18/2026,156.885,156.86,156.91,158.05,155.92,155.86,156.86,
USDMAD,09/18/2026,9.5173,9.5133,9.5213,9.5284,9.5075,9.4932,9.5133,
USDBRL,09/18/2026,5.14105,5.141,5.1411,5.1665,5.1283,5.12,5.141,
USDIDR,09/18/2026,17735,17730,17740,17755,17710,17700,17730,
USDINR,09/18/2026,95.935,95.93,95.94,95.93,95.7125,95.71,95.93,
USDCLP,09/18/2026,959.47,958.97,959.97,960.65,960.65,958,958.97,
USDAED,09/18/2026,3.673,3.6725,3.6735,3.6734,3.6728,3.6723,3.6725,
USDSAR,09/18/2026,3.75645,3.7553,3.7576,3.7564,3.7553,3.7553,3.7553,
USDPHP,09/18/2026,62.87,62.826,62.914,62.942,62.744,62.56,62.826,
USDPEN,09/18/2026,3.3755,3.374,3.377,3.3748,3.3558,3.3485,3.374,
USDMXN,09/18/2026,17.2285,17.221,17.236,17.268,17.158,17.1299,17.221,
USDNGN,09/18/2026,1330.95,1330.45,1331.45,1331.03,1327.68,1322.96,1330.45,
USDMYR,09/18/2026,4.0805,4.076,4.085,4.095,4.083,4.0725,4.076,
USDSGD,09/18/2026,1.2761,1.2757,1.2765,1.2788,1.2753,1.2747,1.2757,
EURBRL,09/18/2026,5.9049,5.904,5.9058,5.9252,5.8851,5.868,5.904,
EURTRY,09/18/2026,56.0105,56.009,56.012,56.0938,55.9188,55.691,56.009,
EURGBP,09/18/2026,0.8575,0.8573,0.8577,0.8596,0.8588,0.857,0.8573,
ZARCNH,09/18/2026,0.4118,0.4114,0.4122,0.4128,0.4118,0.4104,0.4114,
ZARHKD,09/18/2026,0.4825,0.4821,0.4829,0.4835,0.4819,0.4806,0.4821,
AUDNZD,09/18/2026,1.24485,1.244,1.2457,1.2471,1.2414,1.2385,1.244,
CZKCNY,09/18/2026,0.31595,0.3155,0.3164,0.3167,0.3161,0.3147,0.3155,
JPYCNH,09/18/2026,0.042677,0.042664,0.04269,0.043003,0.042976,0.042357,0.042664,
JPYCNY,09/18/2026,0.042385,0.042383,0.042387,0.042895,0.042872,0.04238,0.042383,0.043173
GBPCNH,09/18/2026,8.96875,8.9661,8.9714,8.969,8.9523,8.9332,8.9661,
CNHRUB,09/18/2026,12.5758,12.57325,12.57835,12.63379,12.60696,12.54489,12.57325,
CNHMYR,09/18/2026,0.60945,0.6087,0.6102,0.6111,0.611,0.6081,0.6087,
USDKRW,09/18/2026,1386.185,1385.61,1386.76,1390.1,1380.32,1379.39,1385.61,
CNHKRW,09/18/2026,206.55,206.48,206.62,207.13,205.75,205.64,206.48,
CNHPHP,09/18/2026,9.3901,9.3832,9.397,9.3875,9.355,9.3516,9.3832,
USDTHB,09/18/2026,33.325,33.3,33.35,33.38,33.27,33.22,33.3,
CNHTHB,09/18/2026,4.9778,4.9773,4.9783,4.9773,4.9644,4.9606,4.9773,
CNYTHB,09/18/2026,4.9756,4.971,4.9802,4.978,4.9608,4.9588,4.971,4.9551
CNHINR,09/18/2026,14.328495,14.32561,14.33138,14.32967,14.30894,14.29174,14.32561,
CNHIDR,09/18/2026,2651,2650,2652,2651.6,2641.14,2641.14,2650,
AUDCNH,09/18/2026,4.77045,4.7676,4.7733,4.8074,4.8074,4.761,4.7676,
AUDCNY,09/18/2026,4.76355,4.7601,4.767,4.7792,4.7661,4.7579,4.7601,4.786
NZDCNH,09/18/2026,3.8314,3.8289,3.8339,3.8405,3.8405,3.8226,3.8289,
NZDCNY,09/18/2026,3.8257,3.8224,3.829,3.8447,3.8321,3.8202,3.8224,3.8545
NZDUSD,09/18/2026,0.57225,0.5721,0.5724,0.574,0.5738,0.5704,0.5721,
EURZAR,09/18/2026,18.6748,18.6591,18.6905,18.7008,18.65,18.6267,18.6591,
ZARCNY,09/18/2026,0.41195,0.4116,0.4123,0.4128,0.412,0.4103,0.4116,0.414164
CNHKZT,09/18/2026,66.7533,66.7194,66.7872,66.8851,66.4956,66.3678,66.7194,
HKDCNY,09/18/2026,0.853755,0.85368,0.85383,0.85493,0.85482,0.8535,0.85368,0.86062
SGDCNY,09/18/2026,5.24855,5.2468,5.2503,5.2595,5.2558,5.2349,5.2468,5.2791
CHFCNY,09/18/2026,8.14655,8.1429,8.1502,8.1508,8.1361,8.1064,8.1429,8.1683
CADCNY,09/18/2026,4.78935,4.7891,4.7896,4.7958,4.7948,4.7781,4.7891,4.8088
MYRCNY,09/18/2026,1.64135,1.6395,1.6432,1.6416,1.6391,1.6332,1.6395,1.645386
RUBCNY,09/18/2026,0.07955,0.0795,0.0796,0.0797,0.0793,0.0792,0.0795,0.079317
KRWCNY,09/18/2026,0.00483,0.00483,0.00483,0.00486,0.00486,0.00481,0.00483,0.004866
AEDCNY,09/18/2026,1.8235,1.8232,1.8238,1.8263,1.8261,1.8228,1.8232,1.83177
SARCNY,09/18/2026,1.783,1.7824,1.7836,1.7854,1.7849,1.7819,1.7824,1.790991
TRYCNY,09/18/2026,0.13735,0.1373,0.1374,0.1377,0.1368,0.1364,0.1373,0.13812
MXNCNY,09/18/2026,0.38875,0.3886,0.3889,0.3909,0.3904,0.3878,0.3886,0.392788
EURUSD,09/18/2026,1.1484,1.1483,1.1485,1.1491,1.1475,1.1454,1.1483,
USDRUB,09/18/2026,84.2,84.1955,84.2045,84.5723,84.5196,84.0144,84.1955,
USDCZK,09/18/2026,21.196,21.167,21.225,21.271,21.17,21.14,21.167,
AUDUSD,09/18/2026,0.7119,0.7117,0.7121,0.7136,0.711,0.7103,0.7117,
EURCNH,09/18/2026,7.69115,7.6894,7.6929,7.6939,7.6939,7.6721,7.6894,
EURCNY,09/18/2026,7.68385,7.6792,7.6885,7.6966,7.6909,7.6707,7.6792,7.7257
GBPCNY,09/18/2026,8.962,8.9565,8.9675,8.9591,8.9501,8.9299,8.9565,8.9958
GBPUSD,09/18/2026,1.3395,1.3393,1.3397,1.3398,1.3353,1.3332,1.3393,
USDCHF,09/18/2026,0.82215,0.8218,0.8225,0.8259,0.8241,0.8214,0.8218,
USDCNH,09/18/2026,6.6954,6.6944,6.6964,6.7044,6.7038,6.6924,6.6944,
CNHCNY,09/18/2026,1.00035,1.0002,1.0005,1.0016,1.0005,0.9992,1.0002,
THBCNY,09/18/2026,0.20098,0.20082,0.20114,0.20173,0.20136,0.20046,0.20082,0.201812
INRCNY,09/18/2026,6.98145,6.9809,6.982,6.9978,6.9827,6.9809,6.9809,
IDRCNY,09/18/2026,0.037765,0.03775,0.03778,0.0378,0.03775,0.03771,0.03775,
BRLCNY,09/18/2026,1.3028,1.3027,1.3029,1.3091,1.3077,1.2962,1.3027,
EURJPY,09/18/2026,180.175,180.16,180.19,181.54,178.95,178.93,180.16,180.175
XAUUSD,09/18/2026,4378.174,4376.91,4379.437,,,,4376.91,
XAUUSD,09/17/2026,4341.295,4340.09,4342.5,,,,4340.09,
XAUUSD,09/16/2026,4263.495,4262.09,4264.9,,,,4262.09,
XAUUSD,09/15/2026,4293.995,4292.69,4295.3,,,,4292.69,
XAUUSD,09/14/2026,4298.795,4297.89,4299.7,,,,4297.89,
XAUUSD,09/11/2026,4348.718,4347.32,4350.115,,,,4347.32,
XAUUSD,09/10/2026,4317.295,4315.69,4318.9,,,,4315.69,
XAUUSD,09/09/2026,4401.545,4400.49,4402.6,,,,4400.49,
XAUUSD,09/08/2026,4355.645,4354.19,4357.1,,,,4354.19,
XAUUSD,09/07/2026,4405.07,4404.67,4405.47,,,,4404.67,
XAUUSD,09/04/2026,4430.25,4427.693,4432.807,,,,4427.693,
XAUUSD,09/03/2026,4474.057,4472.859,4475.255,,,,4472.859,
XAUUSD,09/02/2026,4387.395,4386.29,4388.5,,,,4386.29,
XAUUSD,09/01/2026,4329.5,4328.603,4330.398,,,,4328.603,
XAUUSD,08/31/2026,4448.915,4448.286,4449.544,,,,4448.286,
XAUUSD,08/28/2026,4455.152,4452.67,4457.635,,,,4452.67,
XAUUSD,08/27/2026,4601.255,4601,4601.51,,,,4601,
XAUUSD,08/26/2026,4593.675,4592.032,4595.318,,,,4592.032,
XAUUSD,08/25/2026,4658.594,4656.59,4660.599,,,,4656.59,
XAUUSD,08/24/2026,4651.87,4651.27,4652.47,,,,4651.27,
XAUUSD,08/21/2026,4603.563,4602.608,4604.517,,,,4602.608,
XAUUSD,08/20/2026,4519.08,4517.87,4520.29,,,,4517.87,
XAUUSD,08/19/2026,4522.795,4521.09,4524.5,,,,4521.09,
XAUUSD,08/18/2026,4334.515,4333.331,4335.699,,,,4333.331,
XAUUSD,08/17/2026,4416.82,4415.19,4418.45,,,,4415.19,
XAUUSD,08/14/2026,4376.599,4375.893,4377.304,,,,4375.893,
XAUUSD,08/13/2026,4351.345,4350.162,4352.528,,,,4350.162,
XAUUSD,08/12/2026,4408.695,4407.062,4410.328,,,,4407.062,
XAUUSD,08/11/2026,4368.465,4366.841,4370.089,,,,4366.841,
XAUUSD,08/10/2026,4388.96,4388.5,4389.42,,,,4388.5,
XAUUSD,08/07/2026,4343.74,4341.711,4345.769,,,,4341.711,
XAUUSD,08/06/2026,4240.415,4239.23,4241.6,,,,4239.23,
XAUUSD,08/05/2026,4247.025,4245.398,4248.652,,,,4245.398,
XAUUSD,08/04/2026,4077.655,4076.014,4079.296,,,,4076.014,
XAUUSD,08/03/2026,4053.45,4052.65,4054.25,,,,4052.65,
XAUUSD,07/31/2026,4042.667,4040.945,4044.389,,,,4040.945,
XAUUSD,07/30/2026,4103.58,4102.397,4104.763,,,,4102.397,
XAUUSD,07/29/2026,4066.165,4064.982,4067.348,,,,4064.982,
XAUUSD,07/28/2026,4028.75,4027.12,4030.38,,,,4027.12,
XAUUSD,07/27/2026,4076.65,4075.164,4078.136,,,,4075.164,
XAUUSD,07/24/2026,4053.166,4052.562,4053.771,,,,4052.562,
XAUUSD,07/23/2026,4048.78,4047.153,4050.408,,,,4047.153,
XAUUSD,07/22/2026,4130.54,4129.346,4131.734,,,,4129.346,
XAUUSD,07/21/2026,4077.92,4076.293,4079.548,,,,4076.293,
XAUUSD,07/20/2026,4006.31,4005.71,4006.91,,,,4005.71,
XAUUSD,07/17/2026,4017.595,4016.69,4018.5,,,,4016.69,
XAUUSD,07/16/2026,3972.94,3969.94,3975.94,,,,3969.94,
XAUUSD,07/15/2026,4062.055,4060.405,4063.705,,,,4060.405,
XAUUSD,07/14/2026,4055.528,4053.897,4057.158,,,,4053.897,
XAUUSD,07/13/2026,4001.835,4000.653,4003.018,,,,4000.653,
XAUUSD,07/10/2026,4121.077,4120.077,4122.078,,,,4120.077,
XAUUSD,07/09/2026,4121.62,4121.02,4122.22,,,,4121.02,
XAUUSD,07/08/2026,4077.955,4076.322,4079.588,,,,4076.322,
XAUUSD,07/07/2026,4107.325,4105.696,4108.954,,,,4105.696,
XAUUSD,07/06/2026,4165.165,4163.977,4166.354,,,,4163.977,
XAUUSD,07/03/2026,4175.7,4174.9,4176.5,,,,4174.9,
XAUUSD,07/02/2026,4123.985,4122.8,4125.169,,,,4122.8,
XAUUSD,07/01/2026,4031.045,4029.894,4032.196,,,,4029.894,
XAUUSD,06/30/2026,4008.475,4007.231,4009.719,,,,4007.231,
XAUUSD,06/29/2026,4017.575,4016.025,4019.125,,,,4016.025,
ARSCNY,09/21/2026,0.0044,0.0044,0.0044,0.0044,0.0044,0.0044,0.0044,
PHPCNY,09/21/2026,0.106655,0.10655,0.10676,0.10665,0.10651,0.10646,0.10655,
NGNCNY,09/21/2026,0.00503,0.005,0.00506,0.00506,0.00503,0.005,0.005,
PENCNY,09/21/2026,1.985,1.98,1.99,2,1.98,1.98,1.98,
KZTCNY,09/21/2026,14.94075,14.9352,14.9463,14.9842,14.9728,14.9222,14.9352,
UGXCNY,09/21/2026,0.17015,0.1699,0.1704,0.1706,0.1696,0.1693,0.1699,
TZSCNY,09/21/2026,0.25365,0.2517,0.2556,0.2517,0.2513,0.2508,0.2517,
CLPCNY,09/21/2026,0.07055,0.0705,0.0706,0.0707,0.0698,0.0697,0.0705,
VNDCNY,09/21/2026,2.5729,2.5726,2.5732,2.5751,2.5751,2.5724,2.5726,
RSDCNY,09/21/2026,0.6538,0.6532,0.6544,0.656,0.6546,0.6526,0.6532,
UZSCNY,09/21/2026,0.56695,0.5667,0.5672,0.5667,0.5654,0.565,0.5667,
GHSCNY,09/21/2026,0.5817,0.5812,0.5822,0.5814,0.5814,0.5811,0.5812,
GNFCNY,09/21/2026,0.7616,0.7608,0.7624,0.7611,0.7611,0.7538,0.7608,
KESCNY,09/21/2026,0.05175,0.0517,0.0518,0.0517,0.0517,0.0515,0.0517,
ZMWCNY,09/21/2026,0.3385,0.334,0.343,0.3425,0.3335,0.3335,0.334,
DJFCNY,09/21/2026,0.376,0.375,0.377,0.3751,0.3751,0.3749,0.375,
MADCNY,09/21/2026,0.7019,0.7017,0.7021,0.704,0.7034,0.701,0.7017,
USDCNY,09/21/2026,6.6954,6.6953,6.6955,6.6968,6.6962,6.6947,6.6953,6.7487
USDRSD,09/21/2026,102.405,102.31,102.5,102.33,102.18,101.93,102.31,
USDUZS,09/21/2026,11809.82,11804.82,11814.82,11834.59,11834.59,11793,11804.82,
USDKZT,09/21/2026,448.13,447.97,448.29,448.55,446.96,446.65,447.97,
USDXOF,09/21/2026,571.5,568,575,569.41,567.75,566,568,
EURXOF,09/21/2026,665.002,659.747,670.257,659.983,654.971,654.971,659.747,
USDGNF,09/21/2026,8791,8782,8800,8782,8782,8750,8782,
EURGNF,09/21/2026,10077.565,10065.93,10089.2,10094.91,10084.37,10034.5,10065.93,
USDGHS,09/21/2026,11.51,11.5,11.52,11.5,11.5,11.5,11.5,
USDKES,09/21/2026,129.45,129.35,129.55,129.5,129.28,129.2,129.35,
USDUGX,09/21/2026,3935.24,3930.24,3940.24,3945,3938.19,3915,3930.24,
USDDJF,09/21/2026,178.075,177.6,178.55,177.6,177.6,177.4,177.6,
USDCAD,09/21/2026,1.40355,1.4032,1.4039,1.4039,1.3989,1.3975,1.4032,
USDEUR,09/21/2026,0.8723,0.8722,0.8724,0.8724,0.8702,0.8698,0.8722,
USDHKD,09/21/2026,7.8456,7.8453,7.8459,7.8464,7.8446,7.8442,7.8453,
EURHKD,09/21/2026,8.99485,8.9918,8.9979,9.0187,9.0091,8.9894,8.9918,
USDAUD,09/21/2026,1.4049,1.4043,1.4055,1.4049,1.4027,1.4,1.4043,
USDVND,09/21/2026,26022.5,26020,26025,26020,26005,26005,26020,
USDARS,09/21/2026,1514.25,1514,1514.5,1516,1512,1512,1514,
USDZAR,09/21/2026,16.2479,16.242,16.2538,16.2802,16.2543,16.1954,16.242,
USDAOA,09/21/2026,919.7,913,926.4,913,913,913,913,
EURAOA,09/21/2026,1054.3,1046.48,1062.12,1049.49,1048.4,1046.39,1046.48,
USDCDF,09/21/2026,2310.25,2300.5,2320,2301.8,2300.5,2300,2300.5,
USDZWG,09/21/2026,26.63555,25.337,27.9341,25.967,25.967,25.337,25.337,
USDZMW,09/21/2026,19.783,19.518,20.048,19.67,19.55,19.5,19.518,
USDTRY,09/21/2026,48.7937,48.7887,48.7987,48.8416,48.7715,48.4625,48.7887,
USDTZS,09/21/2026,2640,2620,2660,2635,2620,2620,2620,
EURAUD,09/21/2026,1.6105,1.6101,1.6109,1.6123,1.6112,1.6086,1.6101,
USDJPY,09/21/2026,157.375,157.36,157.39,157.52,156.7,156.56,157.36,
USDMAD,09/21/2026,9.5384,9.5358,9.541,9.5435,9.5118,9.4974,9.5358,
USDBRL,09/21/2026,5.1095,5.1085,5.1105,5.1429,5.1413,5.1016,5.1085,
USDIDR,09/21/2026,17830,17825,17835,17840,17780,17770,17825,
USDINR,09/21/2026,95.82,95.815,95.825,95.845,95.81,95.72,95.815,
USDCLP,09/21/2026,949.225,948.7,949.75,956.75,954.61,945.36,948.7,
USDAED,09/21/2026,3.673,3.6729,3.6731,3.6731,3.6729,3.6723,3.6729,
USDSAR,09/21/2026,3.7566,3.7562,3.757,3.7565,3.7562,3.7555,3.7562,
USDPHP,09/21/2026,62.777,62.715,62.839,62.795,62.762,62.685,62.715,
USDPEN,09/21/2026,3.3749,3.3729,3.3769,3.3738,3.3735,3.3492,3.3729,
USDMXN,09/21/2026,17.22135,17.2161,17.2266,17.236,17.205,17.179,17.2161,
USDNGN,09/21/2026,1330.86,1323.36,1338.36,1330.85,1328.43,1320.33,1323.36,
USDMYR,09/21/2026,4.0775,4.075,4.08,4.08,4.08,4.073,4.075,
USDSGD,09/21/2026,1.2764,1.2762,1.2766,1.2766,1.2762,1.2741,1.2762,
EURBRL,09/21/2026,5.8573,5.8554,5.8592,5.909,5.9069,5.8501,5.8554,
EURTRY,09/21/2026,55.9845,55.8631,56.1059,56.1344,55.8999,55.67,55.8631,
EURGBP,09/21/2026,0.8576,0.8572,0.858,0.858,0.8573,0.8569,0.8572,
ZARCNH,09/21/2026,0.4119,0.4117,0.4121,0.4132,0.4115,0.4109,0.4117,
ZARHKD,09/21/2026,0.4829,0.4827,0.4831,0.4842,0.4821,0.4816,0.4827,
AUDNZD,09/21/2026,1.24545,1.2447,1.2462,1.2463,1.2434,1.2432,1.2447,
CZKCNY,09/21/2026,0.3156,0.3153,0.3159,0.316,0.3155,0.315,0.3153,
JPYCNH,09/21/2026,0.042528,0.042522,0.042534,0.042747,0.042664,0.042481,0.042522,
JPYCNY,09/21/2026,0.042575,0.042574,0.042576,0.042744,0.042729,0.042557,0.042574,0.042898
GBPCNH,09/21/2026,8.96875,8.9661,8.9714,,,,8.9661,
CNHRUB,09/21/2026,12.513445,12.51221,12.51468,12.65852,12.57456,12.47374,12.51221,
CNHMYR,09/21/2026,0.6092,0.6088,0.6096,0.6094,0.6087,0.6083,0.6088,
USDKRW,09/21/2026,1374.885,1374.54,1375.23,1387.5,1385.84,1369.3,1374.54,
CNHKRW,09/21/2026,206.35,206.32,206.38,207.22,206.92,205.97,206.32,
CNHPHP,09/21/2026,9.3901,9.3832,9.397,,,,9.3832,
USDTHB,09/21/2026,33.25,33.23,33.27,33.35,33.3,33.21,33.23,
CNHTHB,09/21/2026,4.9665,4.966,4.967,4.9761,4.9741,4.9636,4.966,
CNYTHB,09/21/2026,4.9677,4.9631,4.9723,4.9772,4.9635,4.9571,4.9631,4.9684
CNHINR,09/21/2026,14.31688,14.31549,14.31827,14.33267,14.32711,14.29617,14.31549,
CNHIDR,09/21/2026,2664.41,2664.29,2664.53,2664.29,2643.79,2643.79,2664.29,
AUDCNH,09/21/2026,4.77045,4.7676,4.7733,,,,4.7676,
AUDCNY,09/21/2026,4.76945,4.766,4.7729,4.7804,4.7711,4.7655,4.766,4.7891
NZDCNH,09/21/2026,3.8314,3.8289,3.8339,,,,3.8289,
NZDCNY,09/21/2026,3.8306,3.8273,3.8339,3.8418,3.8305,3.823,3.8273,3.8459
NZDUSD,09/21/2026,0.5715,0.5712,0.5718,0.5738,0.5712,0.5708,0.5712,
EURZAR,09/21/2026,18.6271,18.6202,18.634,18.6883,18.6476,18.5971,18.6202,
ZARCNY,09/21/2026,0.41205,0.4119,0.4122,0.4132,0.4116,0.411,0.4119,0.414044
CNHKZT,09/21/2026,66.957,66.9301,66.9839,67.0298,66.7264,66.6985,66.9301,
HKDCNY,09/21/2026,0.853395,0.85335,0.85344,0.85376,0.85371,0.85323,0.85335,0.86025
SGDCNY,09/21/2026,5.2455,5.2446,5.2464,5.2533,5.2435,5.243,5.2446,5.272
CHFCNY,09/21/2026,8.1532,8.1501,8.1563,8.158,8.1488,8.1172,8.1501,8.1809
CADCNY,09/21/2026,4.77035,4.7691,4.7716,4.7894,4.787,4.7681,4.7691,4.8023
MYRCNY,09/21/2026,1.64205,1.641,1.6431,1.6423,1.6387,1.6375,1.641,1.649784
RUBCNY,09/21/2026,0.07995,0.0799,0.08,0.0802,0.0795,0.079,0.0799,0.079398
KRWCNY,09/21/2026,0.00487,0.00487,0.00487,0.00489,0.00483,0.00482,0.00487,0.004843
AEDCNY,09/21/2026,1.82285,1.8228,1.8229,1.8236,1.8234,1.8226,1.8228,1.829692
SARCNY,09/21/2026,1.7823,1.7821,1.7825,1.783,1.783,1.7821,1.7821,1.789357
TRYCNY,09/21/2026,0.1372,0.1372,0.1372,0.1374,0.1373,0.1364,0.1372,0.137901
MXNCNY,09/21/2026,0.3888,0.3887,0.3889,0.3896,0.3885,0.3883,0.3887,0.391099
EURUSD,09/21/2026,1.14635,1.1462,1.1465,1.1495,1.1482,1.1461,1.1462,
USDRUB,09/21/2026,83.75,83.7455,83.7545,84.7551,84.4,83.4955,83.7455,
USDCZK,09/21/2026,21.215,21.193,21.237,21.24,21.167,21.147,21.193,
AUDUSD,09/21/2026,0.7118,0.7115,0.7121,0.714,0.7101,0.7101,0.7115,
EURCNH,09/21/2026,7.6727,7.6709,7.6745,7.6911,7.6844,7.67,7.6709,
EURCNY,09/21/2026,7.6803,7.6757,7.6849,7.693,7.6911,7.6741,7.6757,7.7192
GBPCNY,09/21/2026,8.9541,8.9486,8.9596,8.9679,8.9679,8.9471,8.9486,9.0044
GBPUSD,09/21/2026,1.3367,1.3363,1.3371,1.34,1.3382,1.3362,1.3363,
USDCHF,09/21/2026,0.8212,0.8209,0.8215,0.8238,0.8218,0.8198,0.8209,
USDCNH,09/21/2026,6.6928,6.6925,6.6931,6.697,6.6956,6.6908,6.6925,
CNHCNY,09/21/2026,1.00035,1.0003,1.0004,1.0007,1.0003,0.9998,1.0003,
THBCNY,09/21/2026,0.201365,0.20124,0.20149,0.20148,0.20082,0.2006,0.20124,0.201272
INRCNY,09/21/2026,6.98745,6.987,6.9879,6.9944,6.9796,6.9787,6.987,
IDRCNY,09/21/2026,0.03755,0.03754,0.03756,0.03775,0.03775,0.03751,0.03754,
BRLCNY,09/21/2026,1.3104,1.3101,1.3107,1.3121,1.3016,1.3013,1.3101,
EURJPY,09/21/2026,180.42,180.4,180.44,180.8,180.04,179.83,180.4,
XAUUSD,09/21/2026,4343.56,4343.16,4343.96,4384.7332,4376.59,4322.19,4343.16,
ARSCNY,09/22/2026,0.0044,0.0044,0.0044,0.0044,0.0044,0.0044,0.0044,
PHPCNY,09/22/2026,0.107115,0.10701,0.10722,0.10733,0.10655,0.10655,0.10701,
NGNCNY,09/22/2026,0.005055,0.00505,0.00506,0.00506,0.005,0.005,0.00505,
PENCNY,09/22/2026,1.98,1.98,1.98,2,1.98,1.98,1.98,
KZTCNY,09/22/2026,14.97165,14.9662,14.9771,14.9857,14.9355,14.9178,14.9662,
UGXCNY,09/22/2026,0.1718,0.1716,0.172,0.1718,0.1699,0.1699,0.1716,
TZSCNY,09/22/2026,0.25335,0.2519,0.2548,0.2523,0.2517,0.2508,0.2519,
CLPCNY,09/22/2026,0.07075,0.0707,0.0708,0.0711,0.0705,0.0705,0.0707,
VNDCNY,09/22/2026,2.5753,2.575,2.5756,2.576,2.5726,2.5721,2.575,
RSDCNY,09/22/2026,0.65335,0.6527,0.654,0.6551,0.6528,0.6514,0.6527,
UZSCNY,09/22/2026,0.56765,0.5674,0.5679,0.5674,0.5667,0.5648,0.5674,
GHSCNY,09/22/2026,0.58035,0.5796,0.5811,0.5841,0.5812,0.5776,0.5796,
GNFCNY,09/22/2026,0.76175,0.7613,0.7622,0.7616,0.7608,0.7535,0.7613,
KESCNY,09/22/2026,0.05175,0.0517,0.0518,0.0517,0.0517,0.0515,0.0517,
ZMWCNY,09/22/2026,0.34315,0.3427,0.3436,0.3444,0.334,0.334,0.3427,
DJFCNY,09/22/2026,0.37625,0.3752,0.3773,0.3754,0.375,0.375,0.3752,
MADCNY,09/22/2026,0.70185,0.7015,0.7022,0.7024,0.7011,0.6985,0.7015,
USDCNY,09/22/2026,6.6998,6.6996,6.7,6.7023,6.6953,6.6952,6.6996,6.7459
USDRSD,09/22/2026,102.545,102.45,102.64,102.62,102.27,102.13,102.45,
USDUZS,09/22/2026,11802.19,11797.19,11807.19,11804.82,11804.82,11775,11797.19,
USDKZT,09/22/2026,447.51,447.36,447.66,448.54,447.98,447.03,447.36,
USDXOF,09/22/2026,572.5,569,576,569,568,566,569,
EURXOF,09/22/2026,665.002,659.764,670.24,659.983,659.614,659.396,659.764,
USDGNF,09/22/2026,8795,8790,8800,8790,8782,8750,8790,
EURGNF,09/22/2026,10068.955,10061.91,10076,10079.98,10068.56,10003.88,10061.91,
USDGHS,09/22/2026,11.545,11.53,11.56,11.56,11.5,11.45,11.53,
USDKES,09/22/2026,129.5,129.4,129.6,129.5,129.45,129.25,129.4,
USDUGX,09/22/2026,3899.76,3894.76,3904.76,3930.24,3930.24,3890,3894.76,
USDDJF,09/22/2026,178.075,177.6,178.55,177.6,177.6,177.55,177.6,
USDCAD,09/22/2026,1.40645,1.4061,1.4068,1.4084,1.4032,1.4022,1.4061,
USDEUR,09/22/2026,0.8735,0.8734,0.8736,0.8749,0.8721,0.871,0.8734,
USDHKD,09/22/2026,7.8436,7.8432,7.844,7.8464,7.8454,7.8423,7.8432,
EURHKD,09/22/2026,8.98055,8.9771,8.984,9.0041,8.9923,8.9621,8.9771,
USDAUD,09/22/2026,1.4055,1.4049,1.4061,1.4098,1.4043,1.4027,1.4049,
USDVND,09/22/2026,26015,26013,26017,26027,26015,26000,26013,
USDARS,09/22/2026,1514.25,1514,1514.5,1514,1513,1512.28,1514,
USDZAR,09/22/2026,16.179,16.1732,16.1848,16.3426,16.242,16.1521,16.1732,
USDAOA,09/22/2026,919.7,913,926.4,913,913,913,913,
EURAOA,09/22/2026,1052.92,1045.11,1060.73,1047.94,1046.75,1043.38,1045.11,
USDCDF,09/22/2026,2310.25,2300.5,2320,2300.5,2300.5,2300,2300.5,
USDZWG,09/22/2026,26.6939,25.7596,27.6282,26.6742,25.9816,25.7596,25.7596,
USDZMW,09/22/2026,19.525,19.5,19.55,19.625,19.5,19.4,19.5,
USDTRY,09/22/2026,48.79815,48.7671,48.8292,48.8197,48.793,48.5343,48.7671,
USDTZS,09/22/2026,2645,2630,2660,2635,2625,2610,2630,
EURAUD,09/22/2026,1.60915,1.6088,1.6095,1.6149,1.6103,1.6079,1.6088,
USDJPY,09/22/2026,157.39,157.37,157.41,157.77,157.21,156.8,157.37,
USDMAD,09/22/2026,9.54615,9.5417,9.5506,9.5833,9.5418,9.5201,9.5417,
USDBRL,09/22/2026,5.10065,5.1003,5.101,5.1355,5.1097,5.097,5.1003,
USDIDR,09/22/2026,17855,17850,17860,17896,17860,17850,17850,
USDINR,09/22/2026,95.595,95.59,95.6,95.855,95.81,95.585,95.59,
USDCLP,09/22/2026,947,946.1,947.9,949.16,946,942.19,946.1,
USDAED,09/22/2026,3.673,3.6729,3.6731,3.673,3.6729,3.6724,3.6729,
USDSAR,09/22/2026,3.7553,3.7552,3.7554,3.7565,3.756,3.7548,3.7552,
USDPHP,09/22/2026,62.548,62.491,62.605,62.744,62.709,62.298,62.491,
USDPEN,09/22/2026,3.3783,3.3763,3.3803,3.3771,3.3728,3.3528,3.3763,
USDMXN,09/22/2026,17.2945,17.272,17.317,17.32,17.202,17.1964,17.272,
USDNGN,09/22/2026,1325.525,1324.65,1326.4,1329.94,1323.38,1319,1324.65,
USDMYR,09/22/2026,4.074,4.07,4.078,4.079,4.072,4.07,4.07,
USDSGD,09/22/2026,1.27505,1.2748,1.2753,1.2773,1.2762,1.2738,1.2748,
EURBRL,09/22/2026,5.83945,5.8383,5.8406,5.8873,5.8569,5.8364,5.8383,
EURTRY,09/22/2026,55.8518,55.8503,55.8533,56.0564,55.9479,55.6593,55.8503,
EURGBP,09/22/2026,0.8576,0.8575,0.8577,0.8582,0.8577,0.8566,0.8575,
ZARCNH,09/22/2026,0.41405,0.4139,0.4142,0.4142,0.4117,0.4098,0.4139,
ZARHKD,09/22/2026,0.4848,0.4846,0.485,0.4852,0.4827,0.4797,0.4846,
AUDNZD,09/22/2026,1.24215,1.2414,1.2429,1.248,1.2446,1.2379,1.2414,
CZKCNY,09/22/2026,0.3151,0.3149,0.3153,0.316,0.3153,0.3142,0.3149,
JPYCNH,09/22/2026,0.0425605,0.042554,0.042567,0.042715,0.042521,0.042453,0.042554,
JPYCNY,09/22/2026,0.0425725,0.042566,0.042579,0.042708,0.042512,0.042457,0.042566,0.042794
GBPCNH,09/22/2026,8.9376,8.9363,8.9389,8.9635,8.9501,8.926,8.9363,
CNHRUB,09/22/2026,12.577255,12.57621,12.5783,12.6092,12.51203,12.45167,12.57621,
CNHMYR,09/22/2026,0.6082,0.6076,0.6088,0.6095,0.6088,0.6073,0.6076,
USDKRW,09/22/2026,1354.16,1353.92,1354.4,1375.78,1374.53,1352.6,1353.92,
CNHKRW,09/22/2026,202.79,202.7,202.88,205.32,205.09,201.85,202.7,
CNHPHP,09/22/2026,9.33765,9.329,9.3463,9.3709,9.3702,9.3013,9.329,
USDTHB,09/22/2026,33.11,33.09,33.13,33.31,33.23,33.05,33.09,
CNHTHB,09/22/2026,4.9428,4.9423,4.9433,4.9712,4.9668,4.9369,4.9423,
CNYTHB,09/22/2026,4.94875,4.9442,4.9533,4.9699,4.9598,4.937,4.9442,4.9557
CNHINR,09/22/2026,14.27089,14.26972,14.27206,14.31891,14.31528,14.26291,14.26972,
CNHIDR,09/22/2026,2664.855,2664.78,2664.93,2673,2670.53,2646.9,2664.78,
AUDCNH,09/22/2026,4.7658,4.7649,4.7667,4.7708,4.7674,4.7518,4.7649,
AUDCNY,09/22/2026,4.767,4.7659,4.7681,4.7716,4.7624,4.7506,4.7659,4.785
NZDCNH,09/22/2026,3.83675,3.8362,3.8373,3.8505,3.8218,3.8109,3.8362,
NZDCNY,09/22/2026,3.838,3.8359,3.8401,3.8512,3.8159,3.812,3.8359,3.8376
NZDUSD,09/22/2026,0.5728,0.5725,0.5731,0.5748,0.5722,0.5692,0.5725,
EURZAR,09/22/2026,18.5261,18.519,18.5332,18.6879,18.6166,18.4946,18.519,
ZARCNY,09/22/2026,0.41405,0.4139,0.4142,0.4144,0.4119,0.4098,0.4139,0.41413
CNHKZT,09/22/2026,66.805,66.7806,66.8294,66.9973,66.9291,66.7055,66.7806,
HKDCNY,09/22/2026,0.854175,0.85411,0.85424,0.85447,0.85338,0.85323,0.85411,0.85974
SGDCNY,09/22/2026,5.25455,5.2534,5.2557,5.257,5.2446,5.2426,5.2534,5.2687
CHFCNY,09/22/2026,8.16405,8.1623,8.1658,8.1852,8.1471,8.1441,8.1623,8.1925
CADCNY,09/22/2026,4.76365,4.7623,4.765,4.7766,4.7711,4.7559,4.7623,4.7871
MYRCNY,09/22/2026,1.64455,1.6429,1.6462,1.6432,1.641,1.6386,1.6429,1.650819
RUBCNY,09/22/2026,0.0795,0.0795,0.0795,0.0803,0.0799,0.0793,0.0795,0.080272
KRWCNY,09/22/2026,0.00495,0.00495,0.00495,0.00495,0.00487,0.00486,0.00495,0.004902
AEDCNY,09/22/2026,1.8241,1.824,1.8242,1.8249,1.8228,1.8228,1.824,1.82919
SARCNY,09/22/2026,1.7841,1.784,1.7842,1.7846,1.7825,1.7821,1.784,1.788653
TRYCNY,09/22/2026,0.13735,0.1373,0.1374,0.1376,0.1372,0.1366,0.1373,0.137755
MXNCNY,09/22/2026,0.38745,0.387,0.3879,0.389,0.3884,0.3867,0.387,0.391099
EURUSD,09/22/2026,1.14485,1.1447,1.145,1.1478,1.1465,1.1428,1.1447,
USDRUB,09/22/2026,84.25,84.2455,84.2545,84.4741,83.9,83.41,84.2455,
USDCZK,09/22/2026,21.262,21.248,21.276,21.308,21.192,21.173,21.248,
AUDUSD,09/22/2026,0.7115,0.7112,0.7118,0.7125,0.7117,0.709,0.7112,
EURCNH,09/22/2026,7.66815,7.6664,7.6699,7.6855,7.6743,7.657,7.6664,
EURCNY,09/22/2026,7.671,7.6698,7.6722,7.6862,7.6772,7.6563,7.6698,7.7059
GBPCNY,09/22/2026,8.94075,8.9389,8.9426,8.9651,8.9514,8.9225,8.9389,8.9863
GBPUSD,09/22/2026,1.3343,1.3339,1.3347,1.3387,1.3369,1.3318,1.3339,
USDCHF,09/22/2026,0.82065,0.8205,0.8208,0.8224,0.8214,0.8181,0.8205,
USDCNH,09/22/2026,6.69865,6.6986,6.6987,6.7034,6.6924,6.6908,6.6986,
CNHCNY,09/22/2026,1.00015,1.0001,1.0002,1.0006,1.0003,0.9996,1.0001,
THBCNY,09/22/2026,0.20235,0.20222,0.20248,0.2025,0.20124,0.20088,0.20222,0.201788
INRCNY,09/22/2026,7.0085,7.0079,7.0091,7.0084,6.987,6.9865,7.0079,
IDRCNY,09/22/2026,0.037525,0.03751,0.03754,0.03755,0.03754,0.0374,0.03751,
BRLCNY,09/22/2026,1.3135,1.3134,1.3136,1.3143,1.3103,1.3043,1.3134,
EURJPY,09/22/2026,180.2,180.17,180.23,180.82,180.36,179.73,180.17,180.59
XAUUSD,09/22/2026,4355.48,4354.7416,4356.2184,4375.79,4343.18,4290.99,4354.7416,
GBPJPY,09/22/2026,210.015,209.9,210.13,210.88,210.11,209.43,209.9,
GBPJPY,09/21/2026,210.38,210.36,210.4,210.75,209.96,209.61,210.36,
GBPJPY,09/18/2026,210.145,210.06,210.23,211.26,208.17,208.08,210.06,
GBPJPY,09/17/2026,208.345,208.22,208.47,209.14,209.1,207.81,208.22,
GBPJPY,09/16/2026,209.125,209.04,209.21,209.46,208.98,208.22,209.04,
GBPJPY,09/15/2026,209.035,208.95,209.12,209.22,208.34,208.17,208.95,
GBPJPY,09/14/2026,208.37,208.29,208.45,208.76,207.54,207.33,208.29,
GBPJPY,09/11/2026,207.75,207.63,207.87,208.9,208.59,207.24,207.63,
GBPJPY,09/10/2026,208.635,208.57,208.7,208.86,207.87,207.6,208.57,
GBPJPY,09/09/2026,208.005,207.92,208.09,208.47,208.42,207.33,207.92,
GBPJPY,09/08/2026,208.515,208.38,208.65,209.06,208.96,207.01,208.38,
GBPJPY,09/07/2026,209.04,208.95,209.13,211.19,210.51,208.56,208.95,
GBPJPY,09/04/2026,211.215,211.08,211.35,211.79,210.59,209.67,211.08,
GBPJPY,09/03/2026,210.74,210.64,210.84,214.3,214.05,209.81,210.64,
GBPJPY,09/02/2026,214.065,213.99,214.14,216.57,216.47,213.46,213.99,
GBPJPY,09/01/2026,216.5,216.44,216.56,216.82,216.38,216.17,216.44,
GBPJPY,08/31/2026,216.405,216.36,216.45,216.84,216.57,216,216.36,
GBPJPY,08/28/2026,216.68,216.57,216.79,217.04,216.62,216.27,216.57,
GBPJPY,08/27/2026,216.635,216.6,216.67,216.76,216.52,216.19,216.6,
GBPJPY,08/26/2026,216.605,216.58,216.63,217.33,217.17,216.45,216.58,
GBPJPY,08/25/2026,217.255,217.18,217.33,217.46,216.81,216.56,217.18,
GBPJPY,08/24/2026,216.88,216.82,216.94,217.16,216.66,215.92,216.82,
GBPJPY,08/21/2026,216.905,216.85,216.96,217.1,216.76,216.38,216.85,
GBPJPY,08/20/2026,216.85,216.77,216.93,216.89,215.14,214.79,216.77,
GBPJPY,08/19/2026,215.195,215.13,215.26,216.06,215.95,214.72,215.13,
GBPJPY,08/18/2026,215.99,215.93,216.05,216.21,215.88,215.59,215.93,
GBPJPY,08/17/2026,215.96,215.91,216.01,216.15,215.3,215.3,215.91,
GBPJPY,08/14/2026,215.645,215.49,215.8,215.89,215.05,214.73,215.49,
GBPJPY,08/13/2026,215.035,215,215.07,215.17,215.07,214.7,215,
GBPJPY,08/12/2026,215.145,215.09,215.2,215.37,215.08,214.68,215.09,
GBPJPY,08/11/2026,215.145,215.07,215.22,215.21,215.1,214.68,215.07,
GBPJPY,08/10/2026,215.19,215.16,215.22,215.23,212.75,212.39,215.16,
GBPJPY,08/07/2026,212.905,212.75,213.06,213.25,213.12,211.36,212.75,
GBPJPY,08/06/2026,213.135,213.07,213.2,213.29,212.41,212.14,213.07,
GBPJPY,08/05/2026,212.47,212.44,212.5,212.54,212.08,211.6,212.44,
GBPJPY,08/04/2026,212.19,212.1,212.28,212.32,211.05,210.83,212.1,
GBPJPY,08/03/2026,211.11,211.03,211.19,212.95,212.01,209.48,211.03,
GBPJPY,07/31/2026,212.3,212.17,212.43,216.3,214.76,212.17,212.17,
GBPJPY,07/30/2026,214.825,214.78,214.87,218.67,218.42,212.26,214.78,
GBPJPY,07/29/2026,218.485,218.46,218.51,218.54,217.78,217.1,218.46,
GBPJPY,07/28/2026,217.745,217.64,217.85,217.98,217.56,217.36,217.64,
GBPJPY,07/27/2026,217.605,217.57,217.64,218.51,218.2,217.4,217.57,
GBPJPY,07/24/2026,218.285,218.23,218.34,218.47,218.07,217.88,218.23,
GBPJPY,07/23/2026,218.185,218.06,218.31,218.61,218.12,217.89,218.06,
GBPJPY,07/22/2026,218.22,218.15,218.29,218.41,218.16,217.75,218.15,
GBPJPY,07/21/2026,218.255,218.16,218.35,218.72,218.21,217.45,218.16,
GBPJPY,07/20/2026,218.26,218.19,218.33,218.83,218.43,217.97,218.19,
GBPJPY,07/17/2026,218.465,218.37,218.56,218.93,218.75,217.93,218.37,
GBPJPY,07/16/2026,218.87,218.8,218.94,219.54,219.54,218.59,218.8,
GBPJPY,07/15/2026,219.605,219.57,219.64,219.6,217.19,216.78,219.57,
GBPJPY,07/14/2026,217.275,217.23,217.32,217.37,216.62,216.6,217.23,
GBPJPY,07/13/2026,216.835,216.61,217.06,217.29,216.58,216.24,216.61,
GBPJPY,07/10/2026,216.69,216.52,216.86,217.79,217.63,216.39,216.52,
GBPJPY,07/09/2026,217.735,217.66,217.81,218,217.57,217.28,217.66,
GBPJPY,07/08/2026,217.685,217.61,217.76,217.82,216.42,216.32,217.61,
GBPJPY,07/07/2026,216.495,216.41,216.58,217.2,217,216.25,216.41,
GBPJPY,07/06/2026,217.045,217,217.09,217.15,215.41,215.07,217,
GBPJPY,07/03/2026,215.425,215.26,215.59,215.52,214.99,214.67,215.26,
GBPJPY,07/02/2026,215.025,214.95,215.1,216.06,215.76,214.57,214.95,
GBPJPY,07/01/2026,215.84,215.76,215.92,215.93,215.52,215.04,215.76,
GBPJPY,06/30/2026,215.6,215.55,215.65,215.76,214.62,214.16,215.55,
GBPJPY,06/29/2026,214.695,214.66,214.73,214.76,213.45,213.21,214.66,
EURCHF,09/22/2026,0.9393,0.939,0.9396,0.9418,0.9414,0.9381,0.939,
EURCHF,09/21/2026,0.9415,0.9412,0.9418,0.9454,0.9438,0.941,0.9412,
EURCHF,09/18/2026,0.9442,0.9439,0.9445,0.9476,0.946,0.9434,0.9439,
EURCHF,09/17/2026,0.9463,0.946,0.9466,0.948,0.9465,0.9452,0.946,
EURCHF,09/16/2026,0.9468,0.9465,0.9471,0.9474,0.9447,0.9435,0.9465,
EURCHF,09/15/2026,0.945,0.9447,0.9453,0.9464,0.9438,0.942,0.9447,
EURCHF,09/14/2026,0.944,0.9438,0.9442,0.9474,0.9465,0.9422,0.9438,
EURCHF,09/11/2026,0.94695,0.9467,0.9472,0.9473,0.9438,0.9432,0.9467,
EURCHF,09/10/2026,0.9438,0.9435,0.9441,0.9446,0.9422,0.9407,0.9435,
EURCHF,09/09/2026,0.9425,0.9422,0.9428,0.9427,0.9408,0.9395,0.9422,
EURCHF,09/08/2026,0.9409,0.9406,0.9412,0.9427,0.9407,0.9396,0.9406,
EURCHF,09/07/2026,0.9409,0.9408,0.941,0.9418,0.9403,0.9396,0.9408,
EURCHF,09/04/2026,0.9407,0.9404,0.941,0.9417,0.9389,0.9384,0.9404,
EURCHF,09/03/2026,0.93885,0.9387,0.939,0.9423,0.942,0.9371,0.9387,
EURCHF,09/02/2026,0.9421,0.9418,0.9424,0.9436,0.9407,0.9403,0.9418,
EURCHF,09/01/2026,0.9409,0.9406,0.9412,0.9418,0.9387,0.9384,0.9406,
EURCHF,08/31/2026,0.9391,0.9388,0.9394,0.9393,0.9372,0.9365,0.9388,
EURCHF,08/28/2026,0.9376,0.9374,0.9378,0.9381,0.937,0.9352,0.9374,
EURCHF,08/27/2026,0.9371,0.937,0.9372,0.9393,0.9383,0.9357,0.937,
EURCHF,08/26/2026,0.9384,0.9383,0.9385,0.9389,0.9353,0.9351,0.9383,
EURCHF,08/25/2026,0.9356,0.9353,0.9359,0.9376,0.9357,0.9351,0.9353,
EURCHF,08/24/2026,0.936,0.9357,0.9363,0.9366,0.9355,0.9343,0.9357,
EURCHF,08/21/2026,0.9356,0.9355,0.9357,0.9363,0.9346,0.934,0.9355,
EURCHF,08/20/2026,0.9348,0.9347,0.9349,0.935,0.9309,0.9306,0.9347,
EURCHF,08/19/2026,0.93115,0.931,0.9313,0.9408,0.9401,0.9305,0.931,
EURCHF,08/18/2026,0.9404,0.9403,0.9405,0.9411,0.9386,0.9382,0.9403,
EURCHF,08/17/2026,0.9389,0.9388,0.939,0.9409,0.9405,0.9371,0.9388,
EURCHF,08/14/2026,0.94085,0.9407,0.941,0.9412,0.9383,0.9379,0.9407,
EURCHF,08/13/2026,0.9386,0.9383,0.9389,0.9392,0.9372,0.9361,0.9383,
EURCHF,08/12/2026,0.9377,0.9374,0.938,0.9379,0.9356,0.9354,0.9374,
EURCHF,08/11/2026,0.9359,0.9356,0.9362,0.9368,0.935,0.9346,0.9356,
EURCHF,08/10/2026,0.93535,0.9352,0.9355,0.9354,0.9335,0.9328,0.9352,
EURCHF,08/07/2026,0.93395,0.9338,0.9341,0.9365,0.9357,0.9327,0.9338,
EURCHF,08/06/2026,0.93615,0.9357,0.9366,0.9372,0.9323,0.9313,0.9357,
EURCHF,08/05/2026,0.9325,0.9323,0.9327,0.9346,0.9329,0.9315,0.9323,
EURCHF,08/04/2026,0.9328,0.9327,0.9329,0.9335,0.9322,0.9309,0.9327,
EURCHF,08/03/2026,0.9325,0.9322,0.9328,0.9334,0.9311,0.9301,0.9322,
EURCHF,07/31/2026,0.9317,0.9315,0.9319,0.9327,0.9277,0.9277,0.9315,
EURCHF,07/30/2026,0.92805,0.9279,0.9282,0.935,0.9328,0.9269,0.9279,
EURCHF,07/29/2026,0.93295,0.9328,0.9331,0.9345,0.9329,0.9313,0.9328,
EURCHF,07/28/2026,0.93295,0.9327,0.9332,0.9331,0.931,0.9307,0.9327,
EURCHF,07/27/2026,0.9314,0.9311,0.9317,0.9315,0.9304,0.9277,0.9311,
EURCHF,07/24/2026,0.9302,0.93,0.9304,0.9307,0.9292,0.9289,0.93,
EURCHF,07/23/2026,0.92925,0.9291,0.9294,0.9316,0.9295,0.9279,0.9291,
EURCHF,07/22/2026,0.9294,0.9293,0.9295,0.9298,0.9261,0.9259,0.9293,
EURCHF,07/21/2026,0.92625,0.9261,0.9264,0.9271,0.9248,0.9243,0.9261,
EURCHF,07/20/2026,0.9248,0.9245,0.9251,0.9251,0.9232,0.9225,0.9245,
EURCHF,07/17/2026,0.92355,0.9232,0.9239,0.9254,0.9252,0.9222,0.9232,
EURCHF,07/16/2026,0.9253,0.9252,0.9254,0.9257,0.9231,0.9224,0.9252,
EURCHF,07/15/2026,0.92325,0.9229,0.9236,0.9259,0.9239,0.9219,0.9229,
EURCHF,07/14/2026,0.9241,0.9238,0.9244,0.9278,0.9273,0.9233,0.9238,
EURCHF,07/13/2026,0.9273,0.927,0.9276,0.9275,0.9224,0.922,0.927,
EURCHF,07/10/2026,0.92285,0.9227,0.923,0.9232,0.922,0.92,0.9227,
EURCHF,07/09/2026,0.9224,0.9221,0.9227,0.9232,0.9226,0.9214,0.9221,
EURCHF,07/08/2026,0.923,0.9229,0.9231,0.9237,0.922,0.9209,0.9229,
EURCHF,07/07/2026,0.9225,0.9222,0.9228,0.9229,0.9209,0.9205,0.9222,
EURCHF,07/06/2026,0.9213,0.9212,0.9214,0.9216,0.9183,0.9181,0.9212,
EURCHF,07/03/2026,0.91885,0.9187,0.919,0.9197,0.9186,0.9177,0.9187,
EURCHF,07/02/2026,0.91865,0.9185,0.9188,0.9212,0.921,0.9175,0.9185,
EURCHF,07/01/2026,0.9212,0.921,0.9214,0.9236,0.9229,0.9199,0.921,
EURCHF,06/30/2026,0.92325,0.9231,0.9234,0.9234,0.9224,0.9214,0.9231,
EURCHF,06/29/2026,0.92255,0.9225,0.9226,0.9235,0.922,0.9215,0.9225,
AUDJPY,09/22/2026,112.445,112.37,112.52,,,,112.37,
AUDJPY,09/21/2026,112.445,112.37,112.52,,,,112.37,
AUDJPY,09/18/2026,112.445,112.37,112.52,112.44,110.81,110.75,112.37,
AUDJPY,09/17/2026,110.8,110.73,110.87,110.88,110.67,110.45,110.73,
AUDJPY,09/16/2026,110.61,110.55,110.67,110.75,110.53,110.4,110.55,
AUDJPY,09/15/2026,110.45,110.39,110.51,110.46,110.06,110.02,110.39,
AUDJPY,09/14/2026,110.185,110.12,110.25,110.19,109.96,109.62,110.12,
AUDJPY,09/11/2026,110.455,110.39,110.52,110.71,110.46,110.34,110.39,
AUDJPY,09/10/2026,110.8,110.74,110.86,110.88,110.6,110.58,110.74,
AUDJPY,09/09/2026,111,110.94,111.06,111.05,110.88,110.61,110.94,
AUDJPY,09/08/2026,111.145,111.08,111.21,111.22,111.2,110.23,111.08,
AUDJPY,09/07/2026,111.505,111.44,111.57,112.54,112.48,111.23,111.44,
AUDJPY,09/04/2026,112.62,112.56,112.68,112.73,112.36,111.8,112.56,
AUDJPY,09/03/2026,112.515,112.45,112.58,113.84,113.76,112.1,112.45,
AUDJPY,09/02/2026,113.945,113.88,114.01,114.61,114.46,113.81,113.88,
AUDJPY,09/01/2026,114.25,114.19,114.31,114.61,114.45,114.19,114.19,
AUDJPY,08/31/2026,114.33,114.27,114.39,114.66,114.59,114.15,114.27,
AUDJPY,08/28/2026,114.79,114.73,114.85,114.83,114.6,114.56,114.73,
AUDJPY,08/27/2026,114.44,114.38,114.5,114.47,114.29,114.14,114.38,
AUDJPY,08/26/2026,114.21,114.15,114.27,114.25,114.01,113.9,114.15,
AUDJPY,08/25/2026,113.925,113.86,113.99,113.99,113.69,113.66,113.86,
AUDJPY,08/24/2026,114,113.94,114.06,114,113.93,113.73,113.94,
AUDJPY,08/21/2026,113.55,113.49,113.61,113.63,113.05,113.01,113.49,
AUDJPY,08/20/2026,112.895,112.83,112.96,112.9,112.67,112.47,112.83,
AUDJPY,08/19/2026,112.65,112.59,112.71,112.99,112.97,112.45,112.59,
AUDJPY,08/18/2026,113.43,113.37,113.49,113.41,113.21,113.18,113.37,
AUDJPY,08/17/2026,113.32,113.26,113.38,113.26,112.75,112.69,113.26,
AUDJPY,08/14/2026,112.59,112.53,112.65,112.63,112.57,112.41,112.53,
AUDJPY,08/13/2026,112.36,112.29,112.43,112.54,112.5,112.16,112.29,
AUDJPY,08/12/2026,112.495,112.43,112.56,112.52,112.45,112.37,112.43,
AUDJPY,08/11/2026,112.17,112.11,112.23,,,,112.11,
AUDJPY,08/10/2026,112.17,112.11,112.23,112.13,111.51,111.44,112.11,
AUDJPY,08/07/2026,111.455,111.39,111.52,111.45,111.35,111.13,111.39,
AUDJPY,08/06/2026,111.19,111.13,111.25,111.29,111.22,111.02,111.13,
AUDJPY,08/05/2026,111.165,111.1,111.23,111.17,111.11,110.8,111.1,
AUDJPY,08/04/2026,110.815,110.75,110.88,110.78,110.06,110.04,110.75,
AUDJPY,08/03/2026,110.025,109.96,110.09,111.13,111.01,109.33,109.96,
AUDJPY,07/31/2026,111.745,111.67,111.82,112.93,112.61,111.62,111.67,
AUDJPY,07/30/2026,113.89,113.83,113.95,113.87,113.61,113.54,113.83,
AUDJPY,07/29/2026,113.57,113.51,113.63,114.28,114.18,113.38,113.51,
AUDJPY,07/28/2026,114.255,114.19,114.32,114.51,114.34,113.97,114.19,
AUDJPY,07/27/2026,114.52,114.46,114.58,114.61,114.38,114.35,114.46,
AUDJPY,07/24/2026,114.425,114.36,114.49,114.39,114.1,114.08,114.36,
AUDJPY,07/23/2026,114.36,114.3,114.42,114.42,113.93,113.92,114.3,
AUDJPY,07/22/2026,114.05,113.99,114.11,114.34,114.15,113.89,113.99,
AUDJPY,07/21/2026,114.25,114.19,114.31,114.2,113.61,113.61,114.19,
AUDJPY,07/20/2026,113.24,113.18,113.3,,,,113.18,
AUDJPY,07/17/2026,113.24,113.18,113.3,113.65,113.52,113.15,113.18,
AUDJPY,07/16/2026,113.49,113.42,113.56,113.58,113.51,113.22,113.42,
AUDJPY,07/15/2026,113.425,113.36,113.49,113.39,113.05,113.05,113.36,
AUDJPY,07/14/2026,112.67,112.61,112.73,112.66,112.3,112.24,112.61,
AUDJPY,07/13/2026,112.52,112.46,112.58,112.51,112.33,112.19,112.46,
AUDJPY,07/10/2026,112.25,112.19,112.31,112.68,112.64,112.13,112.19,
AUDJPY,07/09/2026,112.625,112.56,112.69,112.71,112.61,112.51,112.56,
AUDJPY,07/08/2026,112.345,112.28,112.41,112.7,112.28,112.23,112.28,
AUDJPY,07/07/2026,112.4,112.34,112.46,112.75,112.68,112.16,112.34,
AUDJPY,07/06/2026,112.465,112.4,112.53,112.51,111.92,111.87,112.4,
AUDJPY,07/03/2026,111.78,111.72,111.84,111.83,111.53,111.46,111.72,
AUDJPY,07/02/2026,111.27,111.21,111.33,112.11,111.98,111.13,111.21,
AUDJPY,07/01/2026,112.1,112.04,112.16,112.34,112.32,111.93,112.04,
AUDJPY,06/30/2026,111.7,111.64,111.76,111.68,111.46,111.25,111.64,
AUDJPY,06/29/2026,111.55,111.49,111.61,111.66,111.49,111.27,111.49,
CNHJPY,09/22/2026,23.4985,23.497,23.5,23.546,23.501,23.412,23.497,
CNHJPY,09/21/2026,23.4305,23.427,23.434,,,,23.427,
CNHJPY,09/18/2026,23.4305,23.427,23.434,23.592,23.448,23.391,23.427,
CNHJPY,09/17/2026,23.119,23.117,23.121,,,,23.117,
CNHJPY,09/16/2026,23.119,23.117,23.121,23.151,23.078,23.078,23.117,
CNHJPY,09/15/2026,23.1085,23.107,23.11,23.121,22.993,22.985,23.107,
CNHJPY,09/14/2026,23.0025,23,23.005,23.087,22.904,22.899,23,
CNHJPY,09/11/2026,22.8865,22.883,22.89,23.025,22.978,22.854,22.883,
CNHJPY,09/10/2026,22.9985,22.995,23.002,23.039,22.892,22.861,22.995,
CNHJPY,09/09/2026,22.8965,22.895,22.898,22.945,22.944,22.812,22.895,
CNHJPY,09/08/2026,22.961,22.959,22.963,23.016,22.989,22.789,22.959,
CNHJPY,09/07/2026,23.005,23,23.01,23.276,23.257,22.975,23,
CNHJPY,09/04/2026,23.3265,23.325,23.328,23.333,23.186,23.117,23.325,
CNHJPY,09/03/2026,23.193,23.192,23.194,23.638,23.638,23.121,23.192,
CNHJPY,09/02/2026,23.785,23.77,23.8,23.77,23.77,23.77,23.77,
CNHJPY,09/01/2026,23.785,23.77,23.8,23.77,23.77,23.77,23.77,
CNHJPY,08/31/2026,23.7855,23.781,23.79,,,,23.781,
CNHJPY,08/28/2026,23.7855,23.781,23.79,23.796,23.705,23.705,23.781,
CNHJPY,08/27/2026,23.723,23.721,23.725,23.732,23.68,23.675,23.721,
CNHJPY,08/26/2026,23.698,23.694,23.702,23.712,23.696,23.645,23.694,
CNHJPY,08/25/2026,23.7015,23.699,23.704,23.72,23.642,23.642,23.699,
CNHJPY,08/24/2026,23.6625,23.653,23.672,23.683,23.632,23.622,23.653,
CNHJPY,08/21/2026,23.6545,23.652,23.657,23.663,23.635,23.572,23.652,
CNHJPY,08/20/2026,23.651,23.649,23.653,23.663,23.474,23.473,23.649,
CNHJPY,08/19/2026,23.4965,23.495,23.498,23.66,23.646,23.48,23.495,
CNHJPY,08/18/2026,23.659,23.657,23.661,23.684,23.636,23.625,23.657,
CNHJPY,08/17/2026,23.6485,23.646,23.651,23.665,23.598,23.573,23.646,
CNHJPY,08/14/2026,23.3745,23.373,23.376,,,,23.373,
CNHJPY,08/13/2026,23.3745,23.373,23.376,,,,23.373,
CNHJPY,08/12/2026,23.3745,23.373,23.376,,,,23.373,
CNHJPY,08/11/2026,23.3745,23.373,23.376,,,,23.373,
CNHJPY,08/10/2026,23.3745,23.373,23.376,,,,23.373,
CNHJPY,08/07/2026,23.3745,23.373,23.376,,,,23.373,
CNHJPY,08/06/2026,23.3745,23.373,23.376,,,,23.373,
CNHJPY,08/05/2026,23.3745,23.373,23.376,,,,23.373,
CNHJPY,08/04/2026,23.3745,23.373,23.376,23.384,23.325,23.312,23.373,
CNHJPY,08/03/2026,23.7025,23.701,23.704,,,,23.701,
CNHJPY,07/31/2026,23.7025,23.701,23.704,23.841,23.62,23.542,23.701,
CNHJPY,07/30/2026,23.641,23.64,23.642,24.233,24.152,23.418,23.64,
CNHJPY,07/29/2026,24.1745,24.173,24.176,24.205,24.182,24.118,24.173,
CNHJPY,07/28/2026,24.2005,24.199,24.202,24.211,24.203,24.177,24.199,
CNHJPY,07/27/2026,24.1625,24.161,24.164,24.17,24.157,24.156,24.161,
CNHJPY,07/24/2026,24.0815,24.08,24.083,,,,24.08,
CNHJPY,07/23/2026,24.0815,24.08,24.083,24.082,24.07,24.064,24.08,
CNHJPY,07/22/2026,24.083,24.08,24.086,24.114,24.099,24.038,24.08,
CNHJPY,07/21/2026,24.1075,24.105,24.11,24.115,23.989,23.989,24.105,
CNHJPY,07/20/2026,24.0055,24.003,24.008,24.018,23.963,23.958,24.003,
CNHJPY,07/17/2026,23.9595,23.958,23.961,23.983,23.965,23.929,23.958,
CNHJPY,07/16/2026,23.9745,23.971,23.978,23.988,23.94,23.929,23.971,
CNHJPY,07/15/2026,23.963,23.961,23.965,23.975,23.933,23.926,23.961,
CNHJPY,07/14/2026,23.9535,23.951,23.956,23.952,23.924,23.862,23.951,
CNHJPY,07/13/2026,23.9415,23.939,23.944,23.945,23.881,23.86,23.939,
CNHJPY,07/10/2026,23.84,23.83,23.85,23.901,23.879,23.787,23.83,
CNHJPY,07/09/2026,23.8935,23.891,23.896,23.901,23.892,23.88,23.891,
CNHJPY,07/08/2026,23.855,23.854,23.856,23.866,23.809,23.809,23.854,
CNHJPY,07/07/2026,23.8245,23.822,23.827,23.827,23.807,23.792,23.822,
CNHJPY,07/06/2026,23.7815,23.766,23.797,,,,23.766,
CNHJPY,07/03/2026,23.7815,23.766,23.797,23.786,23.72,23.678,23.766,
CNHJPY,07/02/2026,23.735,23.733,23.737,23.944,23.912,23.675,23.733,
CNHJPY,07/01/2026,23.931,23.928,23.934,23.956,23.917,23.892,23.928,
CNHJPY,06/30/2026,23.9385,23.936,23.941,23.949,23.889,23.873,23.936,
CNHJPY,06/29/2026,23.7695,23.762,23.777,,,,23.762,
EURJPY,09/08/2026,178.995,178.98,179.01,179.47,179.34,177.85,178.98,
EURJPY,09/07/2026,179.39,179.38,179.4,181.46,181.22,179.21,179.38,
EURJPY,09/04/2026,181.455,181.42,181.49,181.95,181.15,180.22,181.42,
EURJPY,09/03/2026,181.15,181.1,181.2,184.17,183.88,180.52,181.1,
EURJPY,09/02/2026,183.925,183.92,183.93,185.75,185.63,183.6,183.92,
EURJPY,09/01/2026,185.68,185.67,185.69,185.72,185.56,185.38,185.67,
EURJPY,08/31/2026,185.58,185.57,185.59,185.62,185.39,184.92,185.57,
EURJPY,08/28/2026,185.41,185.37,185.45,185.98,185.71,185.36,185.37,
EURJPY,08/27/2026,185.74,185.72,185.76,185.81,185.57,185.46,185.72,
EURJPY,08/26/2026,185.64,185.62,185.66,185.91,185.86,185.34,185.62,
EURJPY,08/25/2026,185.865,185.83,185.9,185.95,185.54,185.47,185.83,
EURJPY,08/24/2026,185.565,185.54,185.59,185.79,185.58,185.43,185.54,
EURJPY,08/21/2026,185.655,185.59,185.72,186.01,185.7,185.43,185.59,
EURJPY,08/20/2026,185.745,185.72,185.77,185.83,184.58,184.55,185.72,
EURJPY,08/19/2026,184.71,184.68,184.74,184.94,184.74,183.87,184.68,
EURJPY,08/18/2026,184.75,184.73,184.77,184.9,184.63,184.51,184.73,
EURJPY,08/17/2026,184.655,184.63,184.68,184.76,184.28,184.1,184.63,
EURJPY,08/14/2026,184.335,184.3,184.37,184.46,183.81,183.56,184.3,
EURJPY,08/13/2026,183.89,183.87,183.91,183.94,183.69,183.47,183.87,
EURJPY,08/12/2026,183.77,183.73,183.81,183.96,183.79,183.14,183.73,
EURJPY,08/11/2026,183.85,183.83,183.87,183.92,183.85,183.56,183.83,
EURJPY,08/10/2026,183.895,183.86,183.93,183.94,182.35,182.27,183.86,
EURJPY,08/07/2026,182.4,182.36,182.44,182.69,182.58,181.34,182.36,
EURJPY,08/06/2026,182.605,182.56,182.65,182.63,182.21,182.07,182.56,
EURJPY,08/05/2026,182.255,182.24,182.27,182.29,181.85,181.52,182.24,
EURJPY,08/04/2026,181.89,181.86,181.92,181.98,180.86,180.84,181.86,
EURJPY,08/03/2026,180.91,180.86,180.96,182.23,181.73,179.36,180.86,
EURJPY,07/31/2026,182.065,182.05,182.08,185.16,183.86,181.9,182.05,
EURJPY,07/30/2026,183.905,183.86,183.95,187.44,187.19,182.11,183.86,
EURJPY,07/29/2026,187.405,187.38,187.43,187.47,186.52,186.18,187.38,
EURJPY,07/28/2026,186.59,186.56,186.62,186.68,186.08,186.03,186.56,
EURJPY,07/27/2026,186.155,186.13,186.18,186.73,186.26,186.11,186.13,
EURJPY,07/24/2026,186.29,186.27,186.31,186.6,186.35,186.19,186.27,
EURJPY,07/23/2026,186.42,186.39,186.45,186.66,186.04,186.01,186.39,
EURJPY,07/22/2026,186.19,186.17,186.21,186.21,185.96,185.75,186.17,
EURJPY,07/21/2026,185.99,185.98,186,186.12,185.44,185.38,185.98,
EURJPY,07/20/2026,185.5,185.46,185.54,185.87,185.77,185.34,185.46,
EURJPY,07/17/2026,185.78,185.74,185.82,185.96,185.81,185.48,185.74,
EURJPY,07/16/2026,185.815,185.79,185.84,186.03,185.86,185.7,185.79,
EURJPY,07/15/2026,185.925,185.9,185.95,186,185.23,185.2,185.9,
EURJPY,07/14/2026,185.3,185.29,185.31,185.48,184.85,184.75,185.29,
EURJPY,07/13/2026,184.905,184.88,184.93,185.46,184.53,184.42,184.88,
EURJPY,07/10/2026,184.595,184.57,184.62,185.67,185.58,184.44,184.57,
EURJPY,07/09/2026,185.605,185.58,185.63,185.81,185.57,185.52,185.58,
EURJPY,07/08/2026,185.63,185.61,185.65,185.71,184.97,184.86,185.61,
EURJPY,07/07/2026,184.995,184.98,185.01,185.53,185.44,184.82,184.98,
EURJPY,07/06/2026,185.45,185.44,185.46,185.53,184.48,184.45,185.44,
EURJPY,07/03/2026,184.55,184.53,184.57,184.6,184.14,183.91,184.53,
EURJPY,07/02/2026,184.195,184.17,184.22,185.08,184.94,183.76,184.17,
EURJPY,07/01/2026,184.97,184.95,184.99,185.74,185.62,184.84,184.95,
EURJPY,06/30/2026,185.69,185.66,185.72,185.86,184.95,184.67,185.66,
EURJPY,06/29/2026,184.975,184.97,184.98,185.1,184.08,184.06,184.97,
ARSCNY,09/23/2026,0.0044,0.0044,0.0044,0.0044,0.0044,0.0044,0.0044,
PHPCNY,09/23/2026,0.10698,0.10687,0.10709,0.10723,0.10711,0.10677,0.10687,
NGNCNY,09/23/2026,0.005065,0.00506,0.00507,0.00506,0.00506,0.00503,0.00506,
PENCNY,09/23/2026,1.99,1.99,1.99,1.99,1.98,1.98,1.99,
KZTCNY,09/23/2026,15.0985,15.0974,15.0996,15.0991,14.9658,14.9551,15.0974,
UGXCNY,09/23/2026,0.17195,0.1717,0.1722,0.1724,0.1716,0.1709,0.1717,
TZSCNY,09/23/2026,0.25325,0.2518,0.2547,0.2522,0.2519,0.2511,0.2518,
CLPCNY,09/23/2026,0.06975,0.0696,0.0699,0.0708,0.0707,0.0695,0.0696,
VNDCNY,09/23/2026,2.5802,2.5798,2.5806,2.5821,2.575,2.5742,2.5798,
RSDCNY,09/23/2026,0.6509,0.6506,0.6512,0.6529,0.6527,0.6482,0.6506,
UZSCNY,09/23/2026,0.56805,0.5678,0.5683,0.5681,0.5674,0.5664,0.5678,
GHSCNY,09/23/2026,0.58005,0.579,0.5811,0.5805,0.5778,0.5732,0.579,
GNFCNY,09/23/2026,0.7631,0.7626,0.7636,0.7626,0.7613,0.7536,0.7626,
KESCNY,09/23/2026,0.05185,0.0518,0.0519,0.0518,0.0517,0.0516,0.0518,
ZMWCNY,09/23/2026,0.34075,0.3364,0.3451,0.3448,0.3427,0.3364,0.3364,
DJFCNY,09/23/2026,0.3769,0.3759,0.3779,0.3759,0.3752,0.3752,0.3759,
MADCNY,09/23/2026,0.69915,0.6987,0.6996,0.7015,0.7015,0.6975,0.6987,
USDCNY,09/23/2026,6.71135,6.7111,6.7116,6.7112,6.7006,6.6989,6.7111,6.7468
USDRSD,09/23/2026,103.125,103.08,103.17,103.23,102.45,102.36,103.08,
USDUZS,09/23/2026,11814.05,11809.05,11819.05,11809.05,11797.19,11775.0,11809.05,
USDKZT,09/23/2026,444.505,444.49,444.52,447.68,447.35,444.29,444.49,
USDXOF,09/23/2026,574.25,570.75,577.75,573.17,569.0,566.0,570.75,
EURXOF,09/23/2026,665.002,659.786,670.218,659.983,659.735,658.48,659.786,
USDGNF,09/23/2026,8794.5,8789.0,8800.0,8790.0,8790.0,8750.0,8789.0,
EURGNF,09/23/2026,10009.46,10001.88,10017.04,10066.31,10061.91,9953.13,10001.88,
USDGHS,09/23/2026,11.57,11.55,11.59,11.6,11.55,11.45,11.55,
USDKES,09/23/2026,129.4,129.3,129.5,129.5,129.4,129.05,129.3,
USDUGX,09/23/2026,3903.48,3898.48,3908.48,3915.0,3894.76,3880.0,3898.48,
USDDJF,09/23/2026,178.075,177.6,178.55,177.6,177.6,177.4,177.6,
USDCAD,09/23/2026,1.41025,1.4099,1.4106,1.4109,1.4061,1.4055,1.4099,
USDEUR,09/23/2026,0.8786,0.8785,0.8787,0.8794,0.8734,0.8727,0.8785,
USDHKD,09/23/2026,7.84345,7.8432,7.8437,7.8441,7.8433,7.8422,7.8432,
EURHKD,09/23/2026,8.92705,8.9252,8.9289,8.9811,8.9781,8.9149,8.9252,
USDAUD,09/23/2026,1.42035,1.4198,1.4209,1.4233,1.4041,1.4039,1.4198,
USDVND,09/23/2026,26010.5,26007.0,26014.0,26020.0,26013.0,25969.0,26007.0,
USDARS,09/23/2026,1516.0,1515.5,1516.5,1516.5,1508.0,1508.0,1515.5,
USDZAR,09/23/2026,16.3603,16.3453,16.3753,16.4327,16.1663,16.1538,16.3453,
USDAOA,09/23/2026,919.7,913.0,926.4,913.0,913.0,913.0,913.0,
EURAOA,09/23/2026,1046.755,1038.99,1054.52,1045.57,1044.93,1037.81,1038.99,
USDCDF,09/23/2026,2310.25,2300.5,2320.0,2300.5,2300.5,2299.0,2300.5,
USDZWG,09/23/2026,26.6498,25.3173,27.9823,26.629,25.9836,25.3173,25.3173,
USDZMW,09/23/2026,19.699,19.451,19.947,19.6,19.5,19.4,19.451,
USDTRY,09/23/2026,48.785,48.72,48.85,48.8429,48.7794,48.589,48.72,
USDTZS,09/23/2026,2650.0,2635.0,2665.0,2635.0,2635.0,2600.0,2635.0,
EURAUD,09/23/2026,1.6171,1.6168,1.6174,1.6196,1.6089,1.6075,1.6168,
USDJPY,09/23/2026,158.305,158.29,158.32,158.39,157.35,157.31,158.29,
USDMAD,09/23/2026,9.599,9.5935,9.6045,9.6085,9.5414,9.5375,9.5935,
USDBRL,09/23/2026,5.17025,5.1698,5.1707,5.1756,5.1003,5.0953,5.1698,
USDIDR,09/23/2026,17800.0,17795.0,17805.0,17835.0,17835.0,17775.0,17795.0,
USDINR,09/23/2026,95.75,95.74,95.76,95.7525,95.565,95.565,95.74,
USDCLP,09/23/2026,962.375,960.85,963.9,963.43,949.89,949.89,960.85,
USDAED,09/23/2026,3.673,3.6729,3.6731,3.6734,3.6728,3.6723,3.6729,
USDSAR,09/23/2026,3.7551,3.755,3.7552,3.7565,3.7552,3.754,3.755,
USDPHP,09/23/2026,62.7345,62.672,62.797,62.752,62.425,62.421,62.672,
USDPEN,09/23/2026,3.3779,3.376,3.3798,3.3911,3.3768,3.3617,3.376,
USDMXN,09/23/2026,17.531,17.514,17.548,17.608,17.272,17.2692,17.514,
USDNGN,09/23/2026,1325.925,1325.05,1326.8,1328.25,1323.34,1322.17,1325.05,
USDMYR,09/23/2026,4.08,4.077,4.083,4.079,4.079,4.06,4.077,
USDSGD,09/23/2026,1.2801,1.2799,1.2803,1.2813,1.2748,1.2743,1.2799,
EURBRL,09/23/2026,5.88495,5.8838,5.8861,5.888,5.8383,5.824,5.8838,
EURTRY,09/23/2026,55.6159,55.3977,55.8341,55.9352,55.8467,55.3879,55.3977,
EURGBP,09/23/2026,0.85965,0.8593,0.86,0.8599,0.8579,0.8572,0.8593,
ZARCNH,09/23/2026,0.41025,0.4099,0.4106,0.4144,0.4139,0.4081,0.4099,
ZARHKD,09/23/2026,0.47945,0.4791,0.4798,0.4852,0.4846,0.4768,0.4791,
AUDNZD,09/23/2026,1.2408,1.24,1.2416,1.2451,1.2422,1.2396,1.24,
CZKCNY,09/23/2026,0.313,0.3128,0.3132,0.315,0.3149,0.312,0.3128,
JPYCNH,09/23/2026,0.0423975,0.042387,0.042408,0.042568,0.042555,0.042366,0.042387,
JPYCNY,09/23/2026,0.0423825,0.042378,0.042387,0.042579,0.042579,0.042361,0.042378,0.042754
GBPCNH,09/23/2026,8.88595,8.8851,8.8868,8.9377,8.9346,8.8768,8.8851,
CNHRUB,09/23/2026,12.59745,12.59408,12.60082,12.66064,12.5764,12.53615,12.59408,
CNHMYR,09/23/2026,0.6079,0.6074,0.6084,0.6091,0.6076,0.6062,0.6074,
USDKRW,09/23/2026,1366.03,1365.74,1366.32,1370.23,1354.1,1346.8,1365.74,
CNHKRW,09/23/2026,202.495,202.39,202.6,202.51,201.75,200.93,202.39,
CNHPHP,09/23/2026,9.3474,9.3379,9.3569,9.3471,9.3251,9.3088,9.3379,
USDTHB,09/23/2026,33.435,33.41,33.46,33.46,33.1,33.08,33.41,
CNHTHB,09/23/2026,4.9803,4.9798,4.9808,4.985,4.9423,4.9423,4.9798,
CNYTHB,09/23/2026,4.97815,4.9735,4.9828,4.9765,4.9413,4.9398,4.9735,4.9392
CNHINR,09/23/2026,14.266135,14.26252,14.26975,14.27675,14.26993,14.25057,14.26252,
CNHIDR,09/23/2026,2653.9,2653.82,2653.98,2666.15,2666.15,2645.75,2653.82,
AUDCNH,09/23/2026,4.72435,4.7237,4.725,4.7658,4.764,4.7172,4.7237,
AUDCNY,09/23/2026,4.72425,4.7228,4.7257,4.7693,4.7653,4.7143,4.7228,4.7795
NZDCNH,09/23/2026,3.8074,3.8066,3.8082,3.8382,3.8247,3.8002,3.8066,
NZDCNY,09/23/2026,3.80695,3.8062,3.8077,3.8399,3.8326,3.7976,3.8062,3.8453
NZDUSD,09/23/2026,0.56735,0.5673,0.5674,0.5731,0.572,0.5659,0.5673,
EURZAR,09/23/2026,18.6251,18.5974,18.6528,18.6986,18.5143,18.4827,18.5974,
ZARCNY,09/23/2026,0.4103,0.41,0.4106,0.4145,0.4139,0.408,0.41,0.415679
CNHKZT,09/23/2026,66.2284,66.2163,66.2405,66.8554,66.7816,66.1934,66.2163,
HKDCNY,09/23/2026,0.85566,0.8556,0.85572,0.85566,0.85412,0.85401,0.8556,0.86015
SGDCNY,09/23/2026,5.2428,5.2418,5.2438,5.2562,5.2534,5.2357,5.2418,5.2723
CHFCNY,09/23/2026,8.132,8.1297,8.1343,8.1673,8.1583,8.1219,8.1297,8.193
CADCNY,09/23/2026,4.75895,4.7576,4.7603,4.7657,4.7623,4.7556,4.7576,4.7756
MYRCNY,09/23/2026,1.64495,1.6437,1.6462,1.6477,1.6409,1.6409,1.6437,1.652428
RUBCNY,09/23/2026,0.0794,0.0794,0.0794,0.0797,0.0795,0.079,0.0794,0.07958
KRWCNY,09/23/2026,0.00491,0.00491,0.00491,0.00497,0.00495,0.0049,0.00491,0.004961
AEDCNY,09/23/2026,1.8272,1.8271,1.8273,1.8274,1.824,1.8238,1.8271,1.828889
SARCNY,09/23/2026,1.78725,1.7871,1.7874,1.7872,1.784,1.7838,1.7871,1.788781
TRYCNY,09/23/2026,0.13745,0.1374,0.1375,0.1376,0.1372,0.1365,0.1374,0.137655
MXNCNY,09/23/2026,0.3828,0.3824,0.3832,0.3873,0.3869,0.381,0.3824,0.38915
EURUSD,09/23/2026,1.13815,1.138,1.1383,1.1452,1.1445,1.1367,1.138,
USDRUB,09/23/2026,84.5503,84.5403,84.5603,84.92,84.72,84.1,84.5403,
USDCZK,09/23/2026,21.4445,21.431,21.458,21.489,21.253,21.232,21.431,
AUDUSD,09/23/2026,0.7039,0.7036,0.7042,0.7118,0.7117,0.7024,0.7036,
EURCNH,09/23/2026,7.64025,7.6398,7.6407,7.6679,7.6674,7.6321,7.6398,
EURCNY,09/23/2026,7.639,7.6379,7.6401,7.6732,7.6685,7.6288,7.6379,7.6935
GBPCNY,09/23/2026,8.8855,8.8827,8.8883,8.9429,8.9375,8.8717,8.8827,8.968
GBPUSD,09/23/2026,1.3241,1.3237,1.3245,1.3348,1.3339,1.322,1.3237,
USDCHF,09/23/2026,0.8253,0.8251,0.8255,0.826,0.8208,0.8199,0.8251,
USDCNH,09/23/2026,6.7117,6.7107,6.7127,6.7141,6.6986,6.6945,6.7107,
CNHCNY,09/23/2026,0.99995,0.9998,1.0001,1.0006,1.0001,0.9994,0.9998,
THBCNY,09/23/2026,0.20076,0.20063,0.20089,0.20234,0.20216,0.20033,0.20063,0.202462
INRCNY,09/23/2026,7.0092,7.0082,7.0102,7.0151,7.009,7.0029,7.0082,
IDRCNY,09/23/2026,0.037705,0.03769,0.03772,0.03773,0.03752,0.03751,0.03769,
BRLCNY,09/23/2026,1.29795,1.2978,1.2981,1.315,1.3133,1.2964,1.2978,
EURJPY,09/23/2026,180.245,180.23,180.26,180.42,180.2,180.0,180.23,180.3
XAUUSD,09/23/2026,4287.5125,4286.887,4288.138,4368.9,4356.62,4274.2,4286.887,
GBPJPY,09/23/2026,209.635,209.54,209.73,210.18,209.99,209.37,209.54,
EURCHF,09/23/2026,0.93935,0.9391,0.9396,0.9402,0.9393,0.9378,0.9391,
AUDJPY,09/23/2026,112.445,112.37,112.52,,,,112.37,
CNHJPY,09/23/2026,23.593,23.591,23.595,23.595,23.467,23.467,23.591,
ARSCNY,09/24/2026,0.0044,0.0044,0.0044,0.0044,0.0044,0.0044,0.0044,
PHPCNY,09/24/2026,0.10696,0.10685,0.10707,0.10705,0.10678,0.10672,0.10685,
NGNCNY,09/24/2026,0.00506,0.00506,0.00506,0.00507,0.00506,0.00504,0.00506,
PENCNY,09/24/2026,1.97,1.97,1.97,1.99,1.99,1.96,1.97,
KZTCNY,09/24/2026,15.1873,15.1811,15.1935,15.1952,15.1154,15.051,15.1811,
UGXCNY,09/24/2026,0.17105,0.1708,0.1713,0.1719,0.1717,0.1703,0.1708,
TZSCNY,09/24/2026,0.25385,0.2519,0.2558,0.2524,0.252,0.2513,0.2519,
CLPCNY,09/24/2026,0.0697,0.0697,0.0697,0.07,0.0697,0.0692,0.0697,
VNDCNY,09/24/2026,2.58275,2.5824,2.5831,2.5838,2.5792,2.5792,2.5824,
RSDCNY,09/24/2026,0.65075,0.6495,0.652,0.6514,0.6505,0.6477,0.6495,
UZSCNY,09/24/2026,0.56745,0.5672,0.5677,0.5685,0.5678,0.567,0.5672,
GHSCNY,09/24/2026,0.5775,0.5762,0.5788,0.5842,0.5785,0.5698,0.5762,
GNFCNY,09/24/2026,0.76335,0.7628,0.7639,0.7635,0.7626,0.755,0.7628,
KESCNY,09/24/2026,0.05185,0.0518,0.0519,0.0519,0.0519,0.0517,0.0518,
ZMWCNY,09/24/2026,0.3411,0.3365,0.3457,0.3451,0.3367,0.3365,0.3365,
DJFCNY,09/24/2026,0.377,0.376,0.378,0.3763,0.3759,0.3758,0.376,
MADCNY,09/24/2026,0.69815,0.6978,0.6985,0.6997,0.699,0.6971,0.6978,
USDCNY,09/24/2026,6.71325,6.7128,6.7137,6.7189,6.7165,6.7107,6.7128,6.7489
USDRSD,09/24/2026,103.16,102.97,103.35,103.37,103.06,102.81,102.97,
USDUZS,09/24/2026,11830.87,11825.87,11835.87,11825.87,11809.05,11797.2,11825.87,
USDKZT,09/24/2026,442.03,441.87,442.19,445.65,443.94,441.65,441.87,
USDXOF,09/24/2026,575.75,572.25,579.25,574.03,570.75,570.75,572.25,
EURXOF,09/24/2026,665.0045,659.432,670.577,,,,659.432,
USDGNF,09/24/2026,8794.5,8789.0,8800.0,8789.0,8789.0,8750.0,8789.0,
EURGNF,09/24/2026,10008.58,10001.0,10016.16,10018.58,10000.12,9947.0,10001.0,
USDGHS,09/24/2026,11.625,11.6,11.65,11.75,11.58,11.4,11.6,
USDKES,09/24/2026,129.45,129.35,129.55,129.55,129.4,129.3,129.35,
USDUGX,09/24/2026,3925.24,3920.24,3930.24,3930.0,3898.48,3895.0,3920.24,
USDDJF,09/24/2026,178.075,177.6,178.55,177.6,177.6,177.4,177.6,
USDCAD,09/24/2026,1.41365,1.4134,1.4139,1.4149,1.41,1.4086,1.4134,
USDEUR,09/24/2026,0.8787,0.8786,0.8788,0.8803,0.8787,0.8772,0.8786,
USDHKD,09/24/2026,7.8425,7.842,7.843,7.844,7.8432,7.8416,7.842,
EURHKD,09/24/2026,8.925,8.9237,8.9263,8.9402,8.9256,8.9061,8.9237,
USDAUD,09/24/2026,1.426,1.4255,1.4265,1.4271,1.4201,1.4184,1.4255,
USDVND,09/24/2026,25992.0,25990.0,25994.0,26014.0,26004.0,25979.0,25990.0,
USDARS,09/24/2026,1519.875,1519.5,1520.25,1519.5,1510.0,1510.0,1519.5,
USDZAR,09/24/2026,16.44455,16.4319,16.4572,16.4755,16.348,16.3303,16.4319,
USDAOA,09/24/2026,919.7,913.0,926.4,913.0,913.0,913.0,913.0,
EURAOA,09/24/2026,1046.665,1038.9,1054.43,1040.73,1038.81,1036.99,1038.9,
USDCDF,09/24/2026,2310.25,2300.5,2320.0,2300.5,2300.5,2298.9,2300.5,
USDZWG,09/24/2026,27.1674,25.8357,28.4991,26.6136,25.9836,25.7025,25.8357,
USDZMW,09/24/2026,19.682,19.418,19.946,19.56,19.45,19.4,19.418,
USDTRY,09/24/2026,48.84,48.72,48.96,48.8995,48.8104,48.5626,48.72,
USDTZS,09/24/2026,2645.0,2625.0,2665.0,2640.0,2640.0,2620.0,2625.0,
EURAUD,09/24/2026,1.6229,1.6226,1.6232,1.6231,1.6173,1.6157,1.6226,
USDJPY,09/24/2026,158.855,158.83,158.88,159.03,158.28,157.77,158.83,
USDMAD,09/24/2026,9.61585,9.6121,9.6196,9.6245,9.5965,9.5842,9.6121,
USDBRL,09/24/2026,5.19275,5.1924,5.1931,5.2019,5.1704,5.1628,5.1924,
USDIDR,09/24/2026,17890.0,17885.0,17895.0,17907.0,17835.0,17835.0,17885.0,
USDINR,09/24/2026,95.96,95.955,95.965,95.96,95.74,95.74,95.955,
USDCLP,09/24/2026,963.25,962.75,963.75,968.8,964.5,956.53,962.75,
USDAED,09/24/2026,3.673,3.6724,3.6736,3.6734,3.6729,3.6723,3.6724,
USDSAR,09/24/2026,3.7547,3.7546,3.7548,3.7565,3.755,3.7534,3.7546,
USDPHP,09/24/2026,62.764,62.701,62.827,62.786,62.725,62.61,62.701,
USDPEN,09/24/2026,3.4135,3.4125,3.4145,3.4171,3.3761,3.3756,3.4125,
USDMXN,09/24/2026,17.7246,17.7182,17.731,17.771,17.526,17.4853,17.7182,
USDNGN,09/24/2026,1326.63,1325.88,1327.38,1328.2,1323.55,1322.83,1325.88,
USDMYR,09/24/2026,4.087,4.084,4.09,4.091,4.08,4.071,4.084,
USDSGD,09/24/2026,1.2794,1.2789,1.2799,1.2811,1.2799,1.2783,1.2789,
EURBRL,09/24/2026,5.9096,5.9084,5.9108,5.9146,5.8832,5.8713,5.9084,
EURTRY,09/24/2026,55.6255,55.624,55.627,55.8092,55.5569,55.26,55.624,
EURGBP,09/24/2026,0.8609,0.8607,0.8611,0.8609,0.8594,0.8589,0.8607,
ZARCNH,09/24/2026,0.4084,0.408,0.4088,0.4108,0.41,0.4073,0.408,
ZARHKD,09/24/2026,0.4769,0.4765,0.4773,0.48,0.479,0.4756,0.4765,
AUDNZD,09/24/2026,1.2383,1.2375,1.2391,1.2407,1.24,1.2359,1.2375,
CZKCNY,09/24/2026,0.31305,0.3129,0.3132,0.3134,0.3127,0.3121,0.3129,
JPYCNH,09/24/2026,0.042278,0.042265,0.042291,0.042573,0.042392,0.042226,0.042265,
JPYCNY,09/24/2026,0.042259,0.042246,0.042272,0.042562,0.042386,0.042201,0.042246,0.04259
GBPCNH,09/24/2026,8.878,8.877,8.879,8.8973,8.8867,8.8701,8.877,
CNHRUB,09/24/2026,12.656155,12.6536,12.65871,12.71125,12.59408,12.57816,12.6536,
CNHMYR,09/24/2026,0.60855,0.608,0.6091,0.6094,0.6074,0.606,0.608,
USDKRW,09/24/2026,1366.72,1366.15,1367.29,1375.2,1365.95,1363.87,1366.15,
CNHKRW,09/24/2026,202.495,202.39,202.6,,,,202.39,
CNHPHP,09/24/2026,9.34565,9.3359,9.3554,9.3484,9.3366,9.3293,9.3359,
USDTHB,09/24/2026,33.5,33.48,33.52,33.52,33.41,33.34,33.48,
CNHTHB,09/24/2026,4.9874,4.9869,4.9879,4.9895,4.9805,4.9679,4.9869,
CNYTHB,09/24/2026,4.99035,4.9857,4.995,4.9874,4.9768,4.9633,4.9857,4.9728
CNHINR,09/24/2026,14.288055,14.28518,14.29093,14.29348,14.26443,14.24448,14.28518,
CNHIDR,09/24/2026,2643.445,2642.68,2644.21,2669.5,2645.8,2642.68,2642.68,
AUDCNH,09/24/2026,4.70915,4.7083,4.71,4.7286,4.7216,4.7063,4.7083,
AUDCNY,09/24/2026,4.70755,4.7052,4.7099,4.7276,4.7215,4.7012,4.7052,4.7387
NZDCNH,09/24/2026,3.803,3.8017,3.8043,3.8185,3.802,3.795,3.8017,
NZDCNY,09/24/2026,3.8016,3.799,3.8042,3.819,3.8069,3.7904,3.799,3.8219
NZDUSD,09/24/2026,0.5662,0.5659,0.5665,0.5686,0.5675,0.5648,0.5659,
EURZAR,09/24/2026,18.7113,18.6879,18.7347,18.7337,18.6005,18.5832,18.6879,
ZARCNY,09/24/2026,0.40825,0.4079,0.4086,0.4107,0.4098,0.4071,0.4079,0.411709
CNHKZT,09/24/2026,65.81645,65.7843,65.8486,66.3806,66.2252,65.776,65.7843,
HKDCNY,09/24/2026,0.85601,0.8559,0.85612,0.85676,0.85559,0.85548,0.8559,0.86054
SGDCNY,09/24/2026,5.2472,5.2448,5.2496,5.2489,5.2418,5.2365,5.2448,5.2598
CHFCNY,09/24/2026,8.10975,8.1063,8.1132,8.1549,8.1278,8.0883,8.1063,8.1662
CADCNY,09/24/2026,4.74885,4.7477,4.75,4.763,4.758,4.7434,4.7477,4.7735
MYRCNY,09/24/2026,1.6426,1.6413,1.6439,1.6464,1.6409,1.6377,1.6413,1.648614
RUBCNY,09/24/2026,0.079,0.079,0.079,0.0795,0.0794,0.0786,0.079,0.079199
KRWCNY,09/24/2026,0.00491,0.00491,0.00491,0.00492,0.00491,0.00487,0.00491,0.004924
AEDCNY,09/24/2026,1.82775,1.8273,1.8282,1.8294,1.8271,1.8267,1.8273,1.833113
SARCNY,09/24/2026,1.78795,1.7878,1.7881,1.7892,1.7871,1.7865,1.7878,1.793014
TRYCNY,09/24/2026,0.13745,0.1371,0.1378,0.1376,0.1374,0.1367,0.1371,0.137913
MXNCNY,09/24/2026,0.37875,0.3786,0.3789,0.3837,0.3827,0.3777,0.3786,0.384231
EURUSD,09/24/2026,1.13805,1.1379,1.1382,1.1399,1.1378,1.1358,1.1379,
USDRUB,09/24/2026,85.0,84.9955,85.0045,85.3675,84.5403,84.5403,84.9955,
USDCZK,09/24/2026,21.4455,21.437,21.454,21.484,21.425,21.397,21.437,
AUDUSD,09/24/2026,0.70125,0.701,0.7015,0.7045,0.7039,0.7004,0.701,
EURCNH,09/24/2026,7.64325,7.6415,7.645,7.6515,7.6357,7.6258,7.6415,
EURCNY,09/24/2026,7.63985,7.6377,7.642,7.6502,7.6365,7.6219,7.6377,7.6631
GBPCNY,09/24/2026,8.87475,8.8714,8.8781,8.8968,8.8847,8.8606,8.8714,8.9153
GBPUSD,09/24/2026,1.3219,1.3215,1.3223,1.3256,1.3237,1.3201,1.3215,
USDCHF,09/24/2026,0.8278,0.8275,0.8281,0.8296,0.8253,0.8226,0.8275,
USDCNH,09/24/2026,6.7159,6.7157,6.7161,6.7201,6.7114,6.709,6.7157,
CNHCNY,09/24/2026,0.9996,0.9994,0.9998,1.0002,0.9999,0.9988,0.9994,
THBCNY,09/24/2026,0.200425,0.20032,0.20053,0.2012,0.20057,0.20013,0.20032,0.201094
INRCNY,09/24/2026,6.9959,6.9951,6.9967,7.0164,7.0139,6.9932,6.9951,
IDRCNY,09/24/2026,0.037525,0.03751,0.03754,0.03774,0.03772,0.03746,0.03751,
BRLCNY,09/24/2026,1.2928,1.2926,1.293,1.3009,1.2979,1.2904,1.2926,
EURJPY,09/24/2026,180.79,180.74,180.84,180.78,180.15,179.5,180.74,
XAUUSD,09/24/2026,4278.5175,4277.9828,4279.0522,4303.7967,4286.98,4244.09,4277.9828,
GBPJPY,09/24/2026,209.99,209.97,210.01,210.13,209.46,208.74,209.97,
EURCHF,09/24/2026,0.9421,0.9418,0.9424,0.9433,0.9391,0.9371,0.9418,
AUDJPY,09/24/2026,111.45,111.39,111.51,111.45,110.96,110.96,111.39,
CNHJPY,09/24/2026,23.654,23.65,23.658,23.673,23.568,23.489,23.65,
